<?xml version='1.0' encoding='UTF-8'?>
<gpx version="1.1" creator="https://www.komoot.de" xmlns="http://www.topografix.com/GPX/1/1" xmlns:xsi="http://www.w3.org/2001/XMLSchema-instance" xsi:schemaLocation="http://www.topografix.com/GPX/1/1 http://www.topografix.com/GPX/1/1/gpx.xsd">
  <metadata>
    <name>From Třebíč to Znojmo</name>
    <author>
      <link href="https://www.komoot.de">
        <text>komoot</text>
        <type>text/html</type>
      </link>
    </author>
  </metadata>
  <trk>
    <name>From Třebíč to Znojmo</name>
    <trkseg>
      <trkpt lat="49.216880" lon="15.877049">
        <ele>465.085188</ele>
        <time>2026-05-01T09:26:01.019Z</time>
      </trkpt>
      <trkpt lat="49.216954" lon="15.876945">
        <ele>465.085188</ele>
        <time>2026-05-01T09:27:08.646Z</time>
      </trkpt>
      <trkpt lat="49.216863" lon="15.876989">
        <ele>465.085188</ele>
        <time>2026-05-01T09:27:28.661Z</time>
      </trkpt>
      <trkpt lat="49.216767" lon="15.876957">
        <ele>465.085188</ele>
        <time>2026-05-01T09:27:35.661Z</time>
      </trkpt>
      <trkpt lat="49.216675" lon="15.876925">
        <ele>465.085188</ele>
        <time>2026-05-01T09:27:43.661Z</time>
      </trkpt>
      <trkpt lat="49.216759" lon="15.876873">
        <ele>465.085188</ele>
        <time>2026-05-01T09:31:30.683Z</time>
      </trkpt>
      <trkpt lat="49.216731" lon="15.876644">
        <ele>465.085188</ele>
        <time>2026-05-01T09:34:15.686Z</time>
      </trkpt>
      <trkpt lat="49.216816" lon="15.876377">
        <ele>465.085188</ele>
        <time>2026-05-01T09:34:22.732Z</time>
      </trkpt>
      <trkpt lat="49.216874" lon="15.876270">
        <ele>465.072135</ele>
        <time>2026-05-01T09:34:25.677Z</time>
      </trkpt>
      <trkpt lat="49.216936" lon="15.876145">
        <ele>464.992395</ele>
        <time>2026-05-01T09:34:29.670Z</time>
      </trkpt>
      <trkpt lat="49.217006" lon="15.876016">
        <ele>464.907193</ele>
        <time>2026-05-01T09:34:33.664Z</time>
      </trkpt>
      <trkpt lat="49.217021" lon="15.875877">
        <ele>464.835617</ele>
        <time>2026-05-01T09:34:39.681Z</time>
      </trkpt>
      <trkpt lat="49.216892" lon="15.875850">
        <ele>464.734350</ele>
        <time>2026-05-01T09:34:48.704Z</time>
      </trkpt>
      <trkpt lat="49.216795" lon="15.875968">
        <ele>464.637986</ele>
        <time>2026-05-01T09:34:51.689Z</time>
      </trkpt>
      <trkpt lat="49.216728" lon="15.876063">
        <ele>464.566957</ele>
        <time>2026-05-01T09:34:54.680Z</time>
      </trkpt>
      <trkpt lat="49.216651" lon="15.876147">
        <ele>464.493418</ele>
        <time>2026-05-01T09:34:58.680Z</time>
      </trkpt>
      <trkpt lat="49.216561" lon="15.876257">
        <ele>464.403846</ele>
        <time>2026-05-01T09:35:02.663Z</time>
      </trkpt>
      <trkpt lat="49.216486" lon="15.876349">
        <ele>464.329096</ele>
        <time>2026-05-01T09:35:06.682Z</time>
      </trkpt>
      <trkpt lat="49.216404" lon="15.876427">
        <ele>464.254009</ele>
        <time>2026-05-01T09:35:10.678Z</time>
      </trkpt>
      <trkpt lat="49.216307" lon="15.876505">
        <ele>464.168790</ele>
        <time>2026-05-01T09:35:14.664Z</time>
      </trkpt>
      <trkpt lat="49.216221" lon="15.876571">
        <ele>464.093966</ele>
        <time>2026-05-01T09:35:17.665Z</time>
      </trkpt>
      <trkpt lat="49.216126" lon="15.876638">
        <ele>464.012613</ele>
        <time>2026-05-01T09:35:20.678Z</time>
      </trkpt>
      <trkpt lat="49.216026" lon="15.876677">
        <ele>463.932350</ele>
        <time>2026-05-01T09:35:24.664Z</time>
      </trkpt>
      <trkpt lat="49.215913" lon="15.876690">
        <ele>463.844213</ele>
        <time>2026-05-01T09:35:28.658Z</time>
      </trkpt>
      <trkpt lat="49.215826" lon="15.876724">
        <ele>463.774376</ele>
        <time>2026-05-01T09:35:32.688Z</time>
      </trkpt>
      <trkpt lat="49.215693" lon="15.876710">
        <ele>463.706141</ele>
        <time>2026-05-01T09:36:40.662Z</time>
      </trkpt>
      <trkpt lat="49.215623" lon="15.876587">
        <ele>463.812285</ele>
        <time>2026-05-01T09:36:44.666Z</time>
      </trkpt>
      <trkpt lat="49.215561" lon="15.876420">
        <ele>463.937268</ele>
        <time>2026-05-01T09:36:48.665Z</time>
      </trkpt>
      <trkpt lat="49.215515" lon="15.876276">
        <ele>464.041566</ele>
        <time>2026-05-01T09:36:50.671Z</time>
      </trkpt>
      <trkpt lat="49.215481" lon="15.876146">
        <ele>464.132679</ele>
        <time>2026-05-01T09:36:52.660Z</time>
      </trkpt>
      <trkpt lat="49.215440" lon="15.876022">
        <ele>464.223107</ele>
        <time>2026-05-01T09:36:54.676Z</time>
      </trkpt>
      <trkpt lat="49.215381" lon="15.875857">
        <ele>464.345498</ele>
        <time>2026-05-01T09:36:57.676Z</time>
      </trkpt>
      <trkpt lat="49.215315" lon="15.875711">
        <ele>464.461024</ele>
        <time>2026-05-01T09:37:00.682Z</time>
      </trkpt>
      <trkpt lat="49.215249" lon="15.875580">
        <ele>464.568667</ele>
        <time>2026-05-01T09:37:03.691Z</time>
      </trkpt>
      <trkpt lat="49.215188" lon="15.875444">
        <ele>464.676009</ele>
        <time>2026-05-01T09:37:06.663Z</time>
      </trkpt>
      <trkpt lat="49.215127" lon="15.875327">
        <ele>464.773412</ele>
        <time>2026-05-01T09:37:09.651Z</time>
      </trkpt>
      <trkpt lat="49.215082" lon="15.875192">
        <ele>464.872027</ele>
        <time>2026-05-01T09:37:12.656Z</time>
      </trkpt>
      <trkpt lat="49.215040" lon="15.875054">
        <ele>464.971085</ele>
        <time>2026-05-01T09:37:16.667Z</time>
      </trkpt>
      <trkpt lat="49.215000" lon="15.874880">
        <ele>465.091107</ele>
        <time>2026-05-01T09:37:20.655Z</time>
      </trkpt>
      <trkpt lat="49.214964" lon="15.874735">
        <ele>465.192038</ele>
        <time>2026-05-01T09:37:26.664Z</time>
      </trkpt>
      <trkpt lat="49.214927" lon="15.874590">
        <ele>465.293327</ele>
        <time>2026-05-01T09:37:31.671Z</time>
      </trkpt>
      <trkpt lat="49.214887" lon="15.874443">
        <ele>465.396941</ele>
        <time>2026-05-01T09:37:36.702Z</time>
      </trkpt>
      <trkpt lat="49.214847" lon="15.874289">
        <ele>465.566127</ele>
        <time>2026-05-01T09:37:41.693Z</time>
      </trkpt>
      <trkpt lat="49.214830" lon="15.874123">
        <ele>465.924355</ele>
        <time>2026-05-01T09:37:45.685Z</time>
      </trkpt>
      <trkpt lat="49.214817" lon="15.873954">
        <ele>466.287146</ele>
        <time>2026-05-01T09:37:49.717Z</time>
      </trkpt>
      <trkpt lat="49.214800" lon="15.873796">
        <ele>466.628535</ele>
        <time>2026-05-01T09:37:53.697Z</time>
      </trkpt>
      <trkpt lat="49.214766" lon="15.873641">
        <ele>466.977123</ele>
        <time>2026-05-01T09:37:57.675Z</time>
      </trkpt>
      <trkpt lat="49.214727" lon="15.873468">
        <ele>467.367299</ele>
        <time>2026-05-01T09:38:01.675Z</time>
      </trkpt>
      <trkpt lat="49.214697" lon="15.873325">
        <ele>467.687507</ele>
        <time>2026-05-01T09:38:04.685Z</time>
      </trkpt>
      <trkpt lat="49.214669" lon="15.873174">
        <ele>468.022154</ele>
        <time>2026-05-01T09:38:07.702Z</time>
      </trkpt>
      <trkpt lat="49.214645" lon="15.873022">
        <ele>468.355545</ele>
        <time>2026-05-01T09:38:09.697Z</time>
      </trkpt>
      <trkpt lat="49.214620" lon="15.872835">
        <ele>468.762488</ele>
        <time>2026-05-01T09:38:12.694Z</time>
      </trkpt>
      <trkpt lat="49.214601" lon="15.872685">
        <ele>469.088240</ele>
        <time>2026-05-01T09:38:14.695Z</time>
      </trkpt>
      <trkpt lat="49.214580" lon="15.872547">
        <ele>469.390330</ele>
        <time>2026-05-01T09:38:17.696Z</time>
      </trkpt>
      <trkpt lat="49.214535" lon="15.872405">
        <ele>469.726815</ele>
        <time>2026-05-01T09:38:21.684Z</time>
      </trkpt>
      <trkpt lat="49.214487" lon="15.872274">
        <ele>470.047040</ele>
        <time>2026-05-01T09:38:25.724Z</time>
      </trkpt>
      <trkpt lat="49.214439" lon="15.872125">
        <ele>470.401234</ele>
        <time>2026-05-01T09:38:29.659Z</time>
      </trkpt>
      <trkpt lat="49.214387" lon="15.871942">
        <ele>470.826701</ele>
        <time>2026-05-01T09:38:33.689Z</time>
      </trkpt>
      <trkpt lat="49.214323" lon="15.871843">
        <ele>471.123651</ele>
        <time>2026-05-01T09:38:37.679Z</time>
      </trkpt>
      <trkpt lat="49.214244" lon="15.871741">
        <ele>471.439922</ele>
        <time>2026-05-01T09:38:42.659Z</time>
      </trkpt>
      <trkpt lat="49.214167" lon="15.871658">
        <ele>471.689990</ele>
        <time>2026-05-01T09:38:46.670Z</time>
      </trkpt>
      <trkpt lat="49.214087" lon="15.871591">
        <ele>471.932135</ele>
        <time>2026-05-01T09:38:50.663Z</time>
      </trkpt>
      <trkpt lat="49.213992" lon="15.871612">
        <ele>472.187015</ele>
        <time>2026-05-01T09:38:56.699Z</time>
      </trkpt>
      <trkpt lat="49.213827" lon="15.871672">
        <ele>472.637348</ele>
        <time>2026-05-01T09:39:04.676Z</time>
      </trkpt>
      <trkpt lat="49.213727" lon="15.871656">
        <ele>472.904334</ele>
        <time>2026-05-01T09:39:07.698Z</time>
      </trkpt>
      <trkpt lat="49.213642" lon="15.871594">
        <ele>473.154356</ele>
        <time>2026-05-01T09:39:10.685Z</time>
      </trkpt>
      <trkpt lat="49.213554" lon="15.871524">
        <ele>473.417695</ele>
        <time>2026-05-01T09:39:14.685Z</time>
      </trkpt>
      <trkpt lat="49.213458" lon="15.871459">
        <ele>473.696436</ele>
        <time>2026-05-01T09:39:19.698Z</time>
      </trkpt>
      <trkpt lat="49.213362" lon="15.871414">
        <ele>473.963037</ele>
        <time>2026-05-01T09:39:21.697Z</time>
      </trkpt>
      <trkpt lat="49.213243" lon="15.871344">
        <ele>474.301557</ele>
        <time>2026-05-01T09:39:24.665Z</time>
      </trkpt>
      <trkpt lat="49.213107" lon="15.871307">
        <ele>474.668350</ele>
        <time>2026-05-01T09:39:27.685Z</time>
      </trkpt>
      <trkpt lat="49.212989" lon="15.871283">
        <ele>474.984441</ele>
        <time>2026-05-01T09:39:30.684Z</time>
      </trkpt>
      <trkpt lat="49.212875" lon="15.871324">
        <ele>475.295399</ele>
        <time>2026-05-01T09:39:35.679Z</time>
      </trkpt>
      <trkpt lat="49.212780" lon="15.871383">
        <ele>475.567633</ele>
        <time>2026-05-01T09:39:40.663Z</time>
      </trkpt>
      <trkpt lat="49.212675" lon="15.871459">
        <ele>475.876046</ele>
        <time>2026-05-01T09:39:45.674Z</time>
      </trkpt>
      <trkpt lat="49.212565" lon="15.871369">
        <ele>476.147868</ele>
        <time>2026-05-01T09:39:49.688Z</time>
      </trkpt>
      <trkpt lat="49.212464" lon="15.871293">
        <ele>476.232877</ele>
        <time>2026-05-01T09:39:55.659Z</time>
      </trkpt>
      <trkpt lat="49.212379" lon="15.871212">
        <ele>476.308506</ele>
        <time>2026-05-01T09:40:00.660Z</time>
      </trkpt>
      <trkpt lat="49.212297" lon="15.871138">
        <ele>476.380406</ele>
        <time>2026-05-01T09:40:04.666Z</time>
      </trkpt>
      <trkpt lat="49.212201" lon="15.871072">
        <ele>476.459897</ele>
        <time>2026-05-01T09:40:08.670Z</time>
      </trkpt>
      <trkpt lat="49.212123" lon="15.870992">
        <ele>476.530816</ele>
        <time>2026-05-01T09:40:12.678Z</time>
      </trkpt>
      <trkpt lat="49.212057" lon="15.870865">
        <ele>476.610893</ele>
        <time>2026-05-01T09:40:18.664Z</time>
      </trkpt>
      <trkpt lat="49.211975" lon="15.870755">
        <ele>476.693249</ele>
        <time>2026-05-01T09:40:20.673Z</time>
      </trkpt>
      <trkpt lat="49.211884" lon="15.870684">
        <ele>476.770399</ele>
        <time>2026-05-01T09:40:24.670Z</time>
      </trkpt>
      <trkpt lat="49.211756" lon="15.870646">
        <ele>476.868885</ele>
        <time>2026-05-01T09:40:27.667Z</time>
      </trkpt>
      <trkpt lat="49.211672" lon="15.870576">
        <ele>476.941127</ele>
        <time>2026-05-01T09:40:30.625Z</time>
      </trkpt>
      <trkpt lat="49.211604" lon="15.870420">
        <ele>477.033667</ele>
        <time>2026-05-01T09:40:36.689Z</time>
      </trkpt>
      <trkpt lat="49.211527" lon="15.870348">
        <ele>477.101821</ele>
        <time>2026-05-01T09:40:41.676Z</time>
      </trkpt>
      <trkpt lat="49.211423" lon="15.870260">
        <ele>477.191580</ele>
        <time>2026-05-01T09:40:44.750Z</time>
      </trkpt>
      <trkpt lat="49.211576" lon="15.870160">
        <ele>477.317242</ele>
        <time>2026-05-01T09:43:42.681Z</time>
      </trkpt>
      <trkpt lat="49.211491" lon="15.870233">
        <ele>477.390861</ele>
        <time>2026-05-01T09:44:06.638Z</time>
      </trkpt>
      <trkpt lat="49.211347" lon="15.870251">
        <ele>477.436229</ele>
        <time>2026-05-01T09:46:41.671Z</time>
      </trkpt>
      <trkpt lat="49.211273" lon="15.870159">
        <ele>477.240188</ele>
        <time>2026-05-01T09:46:46.657Z</time>
      </trkpt>
      <trkpt lat="49.211169" lon="15.870111">
        <ele>477.016810</ele>
        <time>2026-05-01T09:46:49.665Z</time>
      </trkpt>
      <trkpt lat="49.211065" lon="15.870122">
        <ele>476.802433</ele>
        <time>2026-05-01T09:46:52.658Z</time>
      </trkpt>
      <trkpt lat="49.210965" lon="15.870152">
        <ele>476.592879</ele>
        <time>2026-05-01T09:46:55.667Z</time>
      </trkpt>
      <trkpt lat="49.210857" lon="15.870204">
        <ele>476.360059</ele>
        <time>2026-05-01T09:46:58.708Z</time>
      </trkpt>
      <trkpt lat="49.210761" lon="15.870290">
        <ele>476.131321</ele>
        <time>2026-05-01T09:47:01.689Z</time>
      </trkpt>
      <trkpt lat="49.210687" lon="15.870394">
        <ele>475.924736</ele>
        <time>2026-05-01T09:47:04.689Z</time>
      </trkpt>
      <trkpt lat="49.210618" lon="15.870524">
        <ele>475.699715</ele>
        <time>2026-05-01T09:47:07.682Z</time>
      </trkpt>
      <trkpt lat="49.210544" lon="15.870626">
        <ele>475.494937</ele>
        <time>2026-05-01T09:47:11.686Z</time>
      </trkpt>
      <trkpt lat="49.210454" lon="15.870657">
        <ele>475.305232</ele>
        <time>2026-05-01T09:47:14.686Z</time>
      </trkpt>
      <trkpt lat="49.210341" lon="15.870640">
        <ele>475.071737</ele>
        <time>2026-05-01T09:47:17.703Z</time>
      </trkpt>
      <trkpt lat="49.210235" lon="15.870602">
        <ele>474.847859</ele>
        <time>2026-05-01T09:47:20.682Z</time>
      </trkpt>
      <trkpt lat="49.210113" lon="15.870531">
        <ele>474.579456</ele>
        <time>2026-05-01T09:47:23.708Z</time>
      </trkpt>
      <trkpt lat="49.210013" lon="15.870439">
        <ele>474.339530</ele>
        <time>2026-05-01T09:47:26.690Z</time>
      </trkpt>
      <trkpt lat="49.209915" lon="15.870341">
        <ele>474.098807</ele>
        <time>2026-05-01T09:47:29.679Z</time>
      </trkpt>
      <trkpt lat="49.209821" lon="15.870215">
        <ele>473.841865</ele>
        <time>2026-05-01T09:47:32.708Z</time>
      </trkpt>
      <trkpt lat="49.209745" lon="15.870138">
        <ele>473.982946</ele>
        <time>2026-05-01T09:47:34.683Z</time>
      </trkpt>
      <trkpt lat="49.209677" lon="15.870037">
        <ele>474.281761</ele>
        <time>2026-05-01T09:47:36.732Z</time>
      </trkpt>
      <trkpt lat="49.209612" lon="15.869920">
        <ele>474.598192</ele>
        <time>2026-05-01T09:47:39.693Z</time>
      </trkpt>
      <trkpt lat="49.209522" lon="15.869813">
        <ele>474.957581</ele>
        <time>2026-05-01T09:47:42.682Z</time>
      </trkpt>
      <trkpt lat="49.209419" lon="15.869698">
        <ele>475.359642</ele>
        <time>2026-05-01T09:47:45.690Z</time>
      </trkpt>
      <trkpt lat="49.209326" lon="15.869608">
        <ele>475.706636</ele>
        <time>2026-05-01T09:47:48.696Z</time>
      </trkpt>
      <trkpt lat="49.209252" lon="15.869526">
        <ele>475.994744</ele>
        <time>2026-05-01T09:47:51.683Z</time>
      </trkpt>
      <trkpt lat="49.209179" lon="15.869425">
        <ele>476.305072</ele>
        <time>2026-05-01T09:47:54.679Z</time>
      </trkpt>
      <trkpt lat="49.209093" lon="15.869301">
        <ele>476.677670</ele>
        <time>2026-05-01T09:47:57.683Z</time>
      </trkpt>
      <trkpt lat="49.209007" lon="15.869187">
        <ele>477.036454</ele>
        <time>2026-05-01T09:48:00.721Z</time>
      </trkpt>
      <trkpt lat="49.208937" lon="15.869097">
        <ele>477.324757</ele>
        <time>2026-05-01T09:48:02.693Z</time>
      </trkpt>
      <trkpt lat="49.208816" lon="15.869007">
        <ele>477.749022</ele>
        <time>2026-05-01T09:48:05.690Z</time>
      </trkpt>
      <trkpt lat="49.208707" lon="15.868925">
        <ele>478.132050</ele>
        <time>2026-05-01T09:48:08.688Z</time>
      </trkpt>
      <trkpt lat="49.208616" lon="15.868846">
        <ele>478.461981</ele>
        <time>2026-05-01T09:48:11.677Z</time>
      </trkpt>
      <trkpt lat="49.208525" lon="15.868786">
        <ele>478.774460</ele>
        <time>2026-05-01T09:48:14.694Z</time>
      </trkpt>
      <trkpt lat="49.208419" lon="15.868739">
        <ele>479.122496</ele>
        <time>2026-05-01T09:48:17.676Z</time>
      </trkpt>
      <trkpt lat="49.208291" lon="15.868726">
        <ele>479.445546</ele>
        <time>2026-05-01T09:48:20.694Z</time>
      </trkpt>
      <trkpt lat="49.208161" lon="15.868728">
        <ele>479.381957</ele>
        <time>2026-05-01T09:48:23.716Z</time>
      </trkpt>
      <trkpt lat="49.208043" lon="15.868760">
        <ele>479.323343</ele>
        <time>2026-05-01T09:48:26.696Z</time>
      </trkpt>
      <trkpt lat="49.207942" lon="15.868833">
        <ele>479.268712</ele>
        <time>2026-05-01T09:48:29.681Z</time>
      </trkpt>
      <trkpt lat="49.207863" lon="15.868907">
        <ele>479.223410</ele>
        <time>2026-05-01T09:48:32.678Z</time>
      </trkpt>
      <trkpt lat="49.207768" lon="15.868996">
        <ele>479.168932</ele>
        <time>2026-05-01T09:48:36.676Z</time>
      </trkpt>
      <trkpt lat="49.207676" lon="15.869092">
        <ele>479.114471</ele>
        <time>2026-05-01T09:48:40.692Z</time>
      </trkpt>
      <trkpt lat="49.207592" lon="15.869167">
        <ele>479.066906</ele>
        <time>2026-05-01T09:48:44.696Z</time>
      </trkpt>
      <trkpt lat="49.207488" lon="15.869267">
        <ele>479.006834</ele>
        <time>2026-05-01T09:48:49.681Z</time>
      </trkpt>
      <trkpt lat="49.207404" lon="15.869322">
        <ele>478.962147</ele>
        <time>2026-05-01T09:48:52.676Z</time>
      </trkpt>
      <trkpt lat="49.207287" lon="15.869356">
        <ele>478.903898</ele>
        <time>2026-05-01T09:48:56.706Z</time>
      </trkpt>
      <trkpt lat="49.207181" lon="15.869352">
        <ele>478.852036</ele>
        <time>2026-05-01T09:48:59.697Z</time>
      </trkpt>
      <trkpt lat="49.207083" lon="15.869294">
        <ele>478.800644</ele>
        <time>2026-05-01T09:49:03.702Z</time>
      </trkpt>
      <trkpt lat="49.206977" lon="15.869231">
        <ele>478.745026</ele>
        <time>2026-05-01T09:49:07.706Z</time>
      </trkpt>
      <trkpt lat="49.206874" lon="15.869179">
        <ele>478.691978</ele>
        <time>2026-05-01T09:49:10.688Z</time>
      </trkpt>
      <trkpt lat="49.206763" lon="15.869125">
        <ele>478.635010</ele>
        <time>2026-05-01T09:49:13.687Z</time>
      </trkpt>
      <trkpt lat="49.206676" lon="15.869088">
        <ele>478.590844</ele>
        <time>2026-05-01T09:49:15.691Z</time>
      </trkpt>
      <trkpt lat="49.206586" lon="15.869049">
        <ele>478.562417</ele>
        <time>2026-05-01T09:49:17.669Z</time>
      </trkpt>
      <trkpt lat="49.206493" lon="15.869002">
        <ele>478.540732</ele>
        <time>2026-05-01T09:49:19.679Z</time>
      </trkpt>
      <trkpt lat="49.206393" lon="15.868945">
        <ele>478.517104</ele>
        <time>2026-05-01T09:49:22.673Z</time>
      </trkpt>
      <trkpt lat="49.206300" lon="15.868920">
        <ele>478.496197</ele>
        <time>2026-05-01T09:49:26.678Z</time>
      </trkpt>
      <trkpt lat="49.206198" lon="15.868938">
        <ele>478.473463</ele>
        <time>2026-05-01T09:49:30.669Z</time>
      </trkpt>
      <trkpt lat="49.206106" lon="15.868951">
        <ele>478.453006</ele>
        <time>2026-05-01T09:49:34.687Z</time>
      </trkpt>
      <trkpt lat="49.205997" lon="15.868931">
        <ele>478.428699</ele>
        <time>2026-05-01T09:49:39.671Z</time>
      </trkpt>
      <trkpt lat="49.205895" lon="15.868906">
        <ele>478.405827</ele>
        <time>2026-05-01T09:49:44.659Z</time>
      </trkpt>
      <trkpt lat="49.205803" lon="15.868887">
        <ele>478.385272</ele>
        <time>2026-05-01T09:49:48.669Z</time>
      </trkpt>
      <trkpt lat="49.205691" lon="15.868871">
        <ele>478.360366</ele>
        <time>2026-05-01T09:49:53.666Z</time>
      </trkpt>
      <trkpt lat="49.205601" lon="15.868844">
        <ele>478.340059</ele>
        <time>2026-05-01T09:49:57.659Z</time>
      </trkpt>
      <trkpt lat="49.205497" lon="15.868842">
        <ele>478.317030</ele>
        <time>2026-05-01T09:50:02.697Z</time>
      </trkpt>
      <trkpt lat="49.205398" lon="15.868836">
        <ele>478.295092</ele>
        <time>2026-05-01T09:50:07.683Z</time>
      </trkpt>
      <trkpt lat="49.205297" lon="15.868828">
        <ele>478.272699</ele>
        <time>2026-05-01T09:50:12.675Z</time>
      </trkpt>
      <trkpt lat="49.205207" lon="15.868832">
        <ele>478.252763</ele>
        <time>2026-05-01T09:50:17.670Z</time>
      </trkpt>
      <trkpt lat="49.205107" lon="15.868866">
        <ele>478.230082</ele>
        <time>2026-05-01T09:50:21.685Z</time>
      </trkpt>
      <trkpt lat="49.205015" lon="15.868880">
        <ele>478.209611</ele>
        <time>2026-05-01T09:50:25.674Z</time>
      </trkpt>
      <trkpt lat="49.204911" lon="15.868884">
        <ele>478.186577</ele>
        <time>2026-05-01T09:50:29.686Z</time>
      </trkpt>
      <trkpt lat="49.204810" lon="15.868900">
        <ele>478.454549</ele>
        <time>2026-05-01T09:50:33.687Z</time>
      </trkpt>
      <trkpt lat="49.204702" lon="15.868910">
        <ele>478.913777</ele>
        <time>2026-05-01T09:50:38.658Z</time>
      </trkpt>
      <trkpt lat="49.204589" lon="15.868921">
        <ele>479.394358</ele>
        <time>2026-05-01T09:50:43.669Z</time>
      </trkpt>
      <trkpt lat="49.204481" lon="15.868966">
        <ele>479.869431</ele>
        <time>2026-05-01T09:50:48.671Z</time>
      </trkpt>
      <trkpt lat="49.204385" lon="15.868978">
        <ele>480.278245</ele>
        <time>2026-05-01T09:50:53.660Z</time>
      </trkpt>
      <trkpt lat="49.204294" lon="15.868997">
        <ele>480.668059</ele>
        <time>2026-05-01T09:50:58.682Z</time>
      </trkpt>
      <trkpt lat="49.204203" lon="15.868997">
        <ele>481.054295</ele>
        <time>2026-05-01T09:51:03.680Z</time>
      </trkpt>
      <trkpt lat="49.204103" lon="15.868989">
        <ele>481.479310</ele>
        <time>2026-05-01T09:51:07.657Z</time>
      </trkpt>
      <trkpt lat="49.203995" lon="15.868947">
        <ele>481.952266</ele>
        <time>2026-05-01T09:51:12.684Z</time>
      </trkpt>
      <trkpt lat="49.203913" lon="15.868872">
        <ele>482.357713</ele>
        <time>2026-05-01T09:51:16.679Z</time>
      </trkpt>
      <trkpt lat="49.203846" lon="15.868775">
        <ele>482.749153</ele>
        <time>2026-05-01T09:51:20.683Z</time>
      </trkpt>
      <trkpt lat="49.203824" lon="15.868628">
        <ele>483.167361</ele>
        <time>2026-05-01T09:51:25.660Z</time>
      </trkpt>
      <trkpt lat="49.203814" lon="15.868484">
        <ele>483.568941</ele>
        <time>2026-05-01T09:51:31.701Z</time>
      </trkpt>
      <trkpt lat="49.203791" lon="15.868334">
        <ele>483.996213</ele>
        <time>2026-05-01T09:51:37.696Z</time>
      </trkpt>
      <trkpt lat="49.203781" lon="15.868190">
        <ele>484.397794</ele>
        <time>2026-05-01T09:51:42.698Z</time>
      </trkpt>
      <trkpt lat="49.203757" lon="15.868051">
        <ele>484.796492</ele>
        <time>2026-05-01T09:51:48.689Z</time>
      </trkpt>
      <trkpt lat="49.203711" lon="15.867921">
        <ele>485.206474</ele>
        <time>2026-05-01T09:51:54.695Z</time>
      </trkpt>
      <trkpt lat="49.203657" lon="15.867787">
        <ele>485.643072</ele>
        <time>2026-05-01T09:52:01.658Z</time>
      </trkpt>
      <trkpt lat="49.203603" lon="15.867663">
        <ele>486.352971</ele>
        <time>2026-05-01T09:52:06.702Z</time>
      </trkpt>
      <trkpt lat="49.203535" lon="15.867532">
        <ele>487.381616</ele>
        <time>2026-05-01T09:52:13.686Z</time>
      </trkpt>
      <trkpt lat="49.203473" lon="15.867421">
        <ele>488.279444</ele>
        <time>2026-05-01T09:52:18.678Z</time>
      </trkpt>
      <trkpt lat="49.203428" lon="15.867282">
        <ele>489.233190</ele>
        <time>2026-05-01T09:52:24.691Z</time>
      </trkpt>
      <trkpt lat="49.203341" lon="15.867162">
        <ele>490.335239</ele>
        <time>2026-05-01T09:52:30.670Z</time>
      </trkpt>
      <trkpt lat="49.203272" lon="15.867050">
        <ele>491.281666</ele>
        <time>2026-05-01T09:52:38.683Z</time>
      </trkpt>
      <trkpt lat="49.203228" lon="15.866918">
        <ele>492.192737</ele>
        <time>2026-05-01T09:52:44.681Z</time>
      </trkpt>
      <trkpt lat="49.203167" lon="15.866794">
        <ele>493.147037</ele>
        <time>2026-05-01T09:52:49.683Z</time>
      </trkpt>
      <trkpt lat="49.203086" lon="15.866659">
        <ele>494.273914</ele>
        <time>2026-05-01T09:52:53.683Z</time>
      </trkpt>
      <trkpt lat="49.203020" lon="15.866532">
        <ele>495.271602</ele>
        <time>2026-05-01T09:52:57.682Z</time>
      </trkpt>
      <trkpt lat="49.202927" lon="15.866425">
        <ele>496.366409</ele>
        <time>2026-05-01T09:53:02.689Z</time>
      </trkpt>
      <trkpt lat="49.202851" lon="15.866341">
        <ele>497.248540</ele>
        <time>2026-05-01T09:53:07.686Z</time>
      </trkpt>
      <trkpt lat="49.202767" lon="15.866253">
        <ele>498.206403</ele>
        <time>2026-05-01T09:53:12.666Z</time>
      </trkpt>
      <trkpt lat="49.202691" lon="15.866172">
        <ele>499.077865</ele>
        <time>2026-05-01T09:53:17.697Z</time>
      </trkpt>
      <trkpt lat="49.202627" lon="15.866073">
        <ele>499.934116</ele>
        <time>2026-05-01T09:53:21.701Z</time>
      </trkpt>
      <trkpt lat="49.202539" lon="15.865987">
        <ele>500.916596</ele>
        <time>2026-05-01T09:53:27.689Z</time>
      </trkpt>
      <trkpt lat="49.202469" lon="15.865868">
        <ele>501.901061</ele>
        <time>2026-05-01T09:53:33.710Z</time>
      </trkpt>
      <trkpt lat="49.202399" lon="15.865756">
        <ele>502.785105</ele>
        <time>2026-05-01T09:53:39.690Z</time>
      </trkpt>
      <trkpt lat="49.202318" lon="15.865683">
        <ele>503.146642</ele>
        <time>2026-05-01T09:53:44.666Z</time>
      </trkpt>
      <trkpt lat="49.202237" lon="15.865606">
        <ele>503.513382</ele>
        <time>2026-05-01T09:53:48.685Z</time>
      </trkpt>
      <trkpt lat="49.202147" lon="15.865540">
        <ele>503.897219</ele>
        <time>2026-05-01T09:53:53.698Z</time>
      </trkpt>
      <trkpt lat="49.202056" lon="15.865494">
        <ele>504.265813</ele>
        <time>2026-05-01T09:53:58.664Z</time>
      </trkpt>
      <trkpt lat="49.201961" lon="15.865457">
        <ele>504.642840</ele>
        <time>2026-05-01T09:54:03.660Z</time>
      </trkpt>
      <trkpt lat="49.201862" lon="15.865438">
        <ele>505.026589</ele>
        <time>2026-05-01T09:54:08.675Z</time>
      </trkpt>
      <trkpt lat="49.201765" lon="15.865443">
        <ele>505.399875</ele>
        <time>2026-05-01T09:54:14.671Z</time>
      </trkpt>
      <trkpt lat="49.201671" lon="15.865449">
        <ele>505.761725</ele>
        <time>2026-05-01T09:54:18.658Z</time>
      </trkpt>
      <trkpt lat="49.201575" lon="15.865462">
        <ele>506.132396</ele>
        <time>2026-05-01T09:54:22.677Z</time>
      </trkpt>
      <trkpt lat="49.201469" lon="15.865493">
        <ele>506.547462</ele>
        <time>2026-05-01T09:54:29.655Z</time>
      </trkpt>
      <trkpt lat="49.201371" lon="15.865533">
        <ele>506.937557</ele>
        <time>2026-05-01T09:54:34.694Z</time>
      </trkpt>
      <trkpt lat="49.201288" lon="15.865590">
        <ele>507.287451</ele>
        <time>2026-05-01T09:54:39.682Z</time>
      </trkpt>
      <trkpt lat="49.201198" lon="15.865633">
        <ele>507.650078</ele>
        <time>2026-05-01T09:54:46.665Z</time>
      </trkpt>
      <trkpt lat="49.201114" lon="15.865690">
        <ele>508.003485</ele>
        <time>2026-05-01T09:54:52.665Z</time>
      </trkpt>
      <trkpt lat="49.201036" lon="15.865769">
        <ele>508.363227</ele>
        <time>2026-05-01T09:54:57.687Z</time>
      </trkpt>
      <trkpt lat="49.200963" lon="15.865850">
        <ele>508.710023</ele>
        <time>2026-05-01T09:55:01.695Z</time>
      </trkpt>
      <trkpt lat="49.200879" lon="15.865945">
        <ele>509.111739</ele>
        <time>2026-05-01T09:55:06.682Z</time>
      </trkpt>
      <trkpt lat="49.200808" lon="15.866066">
        <ele>509.520441</ele>
        <time>2026-05-01T09:55:10.710Z</time>
      </trkpt>
      <trkpt lat="49.200727" lon="15.866174">
        <ele>509.625531</ele>
        <time>2026-05-01T09:55:14.681Z</time>
      </trkpt>
      <trkpt lat="49.200657" lon="15.866302">
        <ele>509.580653</ele>
        <time>2026-05-01T09:55:18.678Z</time>
      </trkpt>
      <trkpt lat="49.200584" lon="15.866414">
        <ele>509.538121</ele>
        <time>2026-05-01T09:55:23.676Z</time>
      </trkpt>
      <trkpt lat="49.200525" lon="15.866565">
        <ele>509.490817</ele>
        <time>2026-05-01T09:55:28.669Z</time>
      </trkpt>
      <trkpt lat="49.200490" lon="15.866693">
        <ele>509.453511</ele>
        <time>2026-05-01T09:55:32.678Z</time>
      </trkpt>
      <trkpt lat="49.200438" lon="15.866822">
        <ele>509.412759</ele>
        <time>2026-05-01T09:55:35.681Z</time>
      </trkpt>
      <trkpt lat="49.200380" lon="15.866960">
        <ele>509.368643</ele>
        <time>2026-05-01T09:55:38.663Z</time>
      </trkpt>
      <trkpt lat="49.200351" lon="15.867096">
        <ele>509.330179</ele>
        <time>2026-05-01T09:55:43.676Z</time>
      </trkpt>
      <trkpt lat="49.200310" lon="15.867243">
        <ele>509.287206</ele>
        <time>2026-05-01T09:55:48.688Z</time>
      </trkpt>
      <trkpt lat="49.200254" lon="15.867371">
        <ele>509.245790</ele>
        <time>2026-05-01T09:55:51.686Z</time>
      </trkpt>
      <trkpt lat="49.200206" lon="15.867488">
        <ele>509.208646</ele>
        <time>2026-05-01T09:55:54.677Z</time>
      </trkpt>
      <trkpt lat="49.200162" lon="15.867631">
        <ele>509.166149</ele>
        <time>2026-05-01T09:55:58.695Z</time>
      </trkpt>
      <trkpt lat="49.200137" lon="15.867765">
        <ele>509.128681</ele>
        <time>2026-05-01T09:56:02.693Z</time>
      </trkpt>
      <trkpt lat="49.200083" lon="15.867924">
        <ele>509.080502</ele>
        <time>2026-05-01T09:56:07.688Z</time>
      </trkpt>
      <trkpt lat="49.200058" lon="15.868065">
        <ele>509.041221</ele>
        <time>2026-05-01T09:56:12.680Z</time>
      </trkpt>
      <trkpt lat="49.200019" lon="15.868190">
        <ele>509.003978</ele>
        <time>2026-05-01T09:56:16.675Z</time>
      </trkpt>
      <trkpt lat="49.199970" lon="15.868308">
        <ele>508.966387</ele>
        <time>2026-05-01T09:56:20.683Z</time>
      </trkpt>
      <trkpt lat="49.199927" lon="15.868440">
        <ele>508.926731</ele>
        <time>2026-05-01T09:56:24.682Z</time>
      </trkpt>
      <trkpt lat="49.199896" lon="15.868577">
        <ele>509.442562</ele>
        <time>2026-05-01T09:56:28.696Z</time>
      </trkpt>
      <trkpt lat="49.199867" lon="15.868730">
        <ele>510.265134</ele>
        <time>2026-05-01T09:56:33.686Z</time>
      </trkpt>
      <trkpt lat="49.199822" lon="15.868879">
        <ele>511.112691</ele>
        <time>2026-05-01T09:56:41.671Z</time>
      </trkpt>
      <trkpt lat="49.199785" lon="15.869012">
        <ele>511.859079</ele>
        <time>2026-05-01T09:56:46.708Z</time>
      </trkpt>
      <trkpt lat="49.199717" lon="15.869114">
        <ele>512.611491</ele>
        <time>2026-05-01T09:56:51.683Z</time>
      </trkpt>
      <trkpt lat="49.199635" lon="15.869214">
        <ele>513.440035</ele>
        <time>2026-05-01T09:56:55.699Z</time>
      </trkpt>
      <trkpt lat="49.199541" lon="15.869290">
        <ele>514.280124</ele>
        <time>2026-05-01T09:57:00.704Z</time>
      </trkpt>
      <trkpt lat="49.199468" lon="15.869389">
        <ele>515.050885</ele>
        <time>2026-05-01T09:57:04.693Z</time>
      </trkpt>
      <trkpt lat="49.199377" lon="15.869471">
        <ele>515.885373</ele>
        <time>2026-05-01T09:57:10.692Z</time>
      </trkpt>
      <trkpt lat="49.199297" lon="15.869557">
        <ele>516.657921</ele>
        <time>2026-05-01T09:57:15.707Z</time>
      </trkpt>
      <trkpt lat="49.199218" lon="15.869667">
        <ele>517.501912</ele>
        <time>2026-05-01T09:57:19.696Z</time>
      </trkpt>
      <trkpt lat="49.199158" lon="15.869796">
        <ele>518.319516</ele>
        <time>2026-05-01T09:57:24.702Z</time>
      </trkpt>
      <trkpt lat="49.199098" lon="15.869911">
        <ele>519.079386</ele>
        <time>2026-05-01T09:57:29.681Z</time>
      </trkpt>
      <trkpt lat="49.199010" lon="15.870034">
        <ele>520.021157</ele>
        <time>2026-05-01T09:57:33.697Z</time>
      </trkpt>
      <trkpt lat="49.198911" lon="15.870146">
        <ele>520.994020</ele>
        <time>2026-05-01T09:57:36.692Z</time>
      </trkpt>
      <trkpt lat="49.198798" lon="15.870267">
        <ele>522.083840</ele>
        <time>2026-05-01T09:57:39.701Z</time>
      </trkpt>
      <trkpt lat="49.198695" lon="15.870384">
        <ele>523.097470</ele>
        <time>2026-05-01T09:57:42.692Z</time>
      </trkpt>
      <trkpt lat="49.198618" lon="15.870513">
        <ele>523.723983</ele>
        <time>2026-05-01T09:57:46.687Z</time>
      </trkpt>
      <trkpt lat="49.198538" lon="15.870633">
        <ele>524.329122</ele>
        <time>2026-05-01T09:57:49.681Z</time>
      </trkpt>
      <trkpt lat="49.198480" lon="15.870755">
        <ele>524.861690</ele>
        <time>2026-05-01T09:57:52.682Z</time>
      </trkpt>
      <trkpt lat="49.198425" lon="15.870875">
        <ele>525.379093</ele>
        <time>2026-05-01T09:57:55.681Z</time>
      </trkpt>
      <trkpt lat="49.198377" lon="15.870994">
        <ele>525.872739</ele>
        <time>2026-05-01T09:57:58.653Z</time>
      </trkpt>
      <trkpt lat="49.198309" lon="15.871096">
        <ele>526.387109</ele>
        <time>2026-05-01T09:58:00.667Z</time>
      </trkpt>
      <trkpt lat="49.198213" lon="15.871169">
        <ele>526.966199</ele>
        <time>2026-05-01T09:58:02.657Z</time>
      </trkpt>
      <trkpt lat="49.198128" lon="15.871299">
        <ele>527.615371</ele>
        <time>2026-05-01T09:58:05.669Z</time>
      </trkpt>
      <trkpt lat="49.198059" lon="15.871448">
        <ele>528.260020</ele>
        <time>2026-05-01T09:58:08.667Z</time>
      </trkpt>
      <trkpt lat="49.197995" lon="15.871580">
        <ele>528.840230</ele>
        <time>2026-05-01T09:58:11.664Z</time>
      </trkpt>
      <trkpt lat="49.197936" lon="15.871709">
        <ele>529.396053</ele>
        <time>2026-05-01T09:58:14.688Z</time>
      </trkpt>
      <trkpt lat="49.197875" lon="15.871856">
        <ele>530.010747</ele>
        <time>2026-05-01T09:58:18.675Z</time>
      </trkpt>
      <trkpt lat="49.197815" lon="15.871991">
        <ele>530.587073</ele>
        <time>2026-05-01T09:58:22.698Z</time>
      </trkpt>
      <trkpt lat="49.197755" lon="15.872124">
        <ele>531.157576</ele>
        <time>2026-05-01T09:58:26.679Z</time>
      </trkpt>
      <trkpt lat="49.197718" lon="15.872251">
        <ele>531.648421</ele>
        <time>2026-05-01T09:58:29.704Z</time>
      </trkpt>
      <trkpt lat="49.197712" lon="15.872390">
        <ele>532.140157</ele>
        <time>2026-05-01T09:58:32.692Z</time>
      </trkpt>
      <trkpt lat="49.197709" lon="15.872535">
        <ele>532.652260</ele>
        <time>2026-05-01T09:58:35.678Z</time>
      </trkpt>
      <trkpt lat="49.197705" lon="15.872691">
        <ele>533.018273</ele>
        <time>2026-05-01T09:58:38.706Z</time>
      </trkpt>
      <trkpt lat="49.197707" lon="15.872855">
        <ele>533.298475</ele>
        <time>2026-05-01T09:58:41.693Z</time>
      </trkpt>
      <trkpt lat="49.197704" lon="15.873022">
        <ele>533.583861</ele>
        <time>2026-05-01T09:58:44.686Z</time>
      </trkpt>
      <trkpt lat="49.197704" lon="15.873202">
        <ele>533.891346</ele>
        <time>2026-05-01T09:58:47.670Z</time>
      </trkpt>
      <trkpt lat="49.197705" lon="15.873393">
        <ele>534.217632</ele>
        <time>2026-05-01T09:58:50.675Z</time>
      </trkpt>
      <trkpt lat="49.197702" lon="15.873587">
        <ele>534.549126</ele>
        <time>2026-05-01T09:58:53.687Z</time>
      </trkpt>
      <trkpt lat="49.197702" lon="15.873790">
        <ele>534.895901</ele>
        <time>2026-05-01T09:58:56.677Z</time>
      </trkpt>
      <trkpt lat="49.197697" lon="15.873972">
        <ele>535.207078</ele>
        <time>2026-05-01T09:58:59.681Z</time>
      </trkpt>
      <trkpt lat="49.197694" lon="15.874160">
        <ele>535.528325</ele>
        <time>2026-05-01T09:59:02.684Z</time>
      </trkpt>
      <trkpt lat="49.197691" lon="15.874358">
        <ele>535.866650</ele>
        <time>2026-05-01T09:59:05.695Z</time>
      </trkpt>
      <trkpt lat="49.197689" lon="15.874561">
        <ele>536.213464</ele>
        <time>2026-05-01T09:59:08.687Z</time>
      </trkpt>
      <trkpt lat="49.197685" lon="15.874764">
        <ele>536.560397</ele>
        <time>2026-05-01T09:59:11.689Z</time>
      </trkpt>
      <trkpt lat="49.197685" lon="15.874910">
        <ele>536.809802</ele>
        <time>2026-05-01T09:59:13.782Z</time>
      </trkpt>
      <trkpt lat="49.197684" lon="15.875058">
        <ele>537.062637</ele>
        <time>2026-05-01T09:59:15.676Z</time>
      </trkpt>
      <trkpt lat="49.197681" lon="15.875202">
        <ele>537.308750</ele>
        <time>2026-05-01T09:59:17.666Z</time>
      </trkpt>
      <trkpt lat="49.197677" lon="15.875352">
        <ele>537.550138</ele>
        <time>2026-05-01T09:59:19.679Z</time>
      </trkpt>
      <trkpt lat="49.197674" lon="15.875495">
        <ele>537.595253</ele>
        <time>2026-05-01T09:59:21.677Z</time>
      </trkpt>
      <trkpt lat="49.197671" lon="15.875644">
        <ele>537.642258</ele>
        <time>2026-05-01T09:59:23.677Z</time>
      </trkpt>
      <trkpt lat="49.197669" lon="15.875790">
        <ele>537.688306</ele>
        <time>2026-05-01T09:59:25.692Z</time>
      </trkpt>
      <trkpt lat="49.197664" lon="15.875989">
        <ele>537.751102</ele>
        <time>2026-05-01T09:59:28.669Z</time>
      </trkpt>
      <trkpt lat="49.197664" lon="15.876191">
        <ele>537.814798</ele>
        <time>2026-05-01T09:59:31.682Z</time>
      </trkpt>
      <trkpt lat="49.197654" lon="15.876367">
        <ele>537.870505</ele>
        <time>2026-05-01T09:59:34.677Z</time>
      </trkpt>
      <trkpt lat="49.197654" lon="15.876532">
        <ele>537.922534</ele>
        <time>2026-05-01T09:59:37.678Z</time>
      </trkpt>
      <trkpt lat="49.197659" lon="15.876689">
        <ele>537.972099</ele>
        <time>2026-05-01T09:59:40.667Z</time>
      </trkpt>
      <trkpt lat="49.197656" lon="15.876843">
        <ele>538.020680</ele>
        <time>2026-05-01T09:59:43.709Z</time>
      </trkpt>
      <trkpt lat="49.197651" lon="15.877008">
        <ele>538.072765</ele>
        <time>2026-05-01T09:59:46.675Z</time>
      </trkpt>
      <trkpt lat="49.197649" lon="15.877190">
        <ele>538.130163</ele>
        <time>2026-05-01T09:59:49.700Z</time>
      </trkpt>
      <trkpt lat="49.197650" lon="15.877380">
        <ele>538.190076</ele>
        <time>2026-05-01T09:59:52.687Z</time>
      </trkpt>
      <trkpt lat="49.197654" lon="15.877570">
        <ele>538.250019</ele>
        <time>2026-05-01T09:59:55.681Z</time>
      </trkpt>
      <trkpt lat="49.197656" lon="15.877756">
        <ele>538.308678</ele>
        <time>2026-05-01T09:59:58.627Z</time>
      </trkpt>
      <trkpt lat="49.197659" lon="15.877952">
        <ele>538.370499</ele>
        <time>2026-05-01T10:00:01.687Z</time>
      </trkpt>
      <trkpt lat="49.197667" lon="15.878148">
        <ele>538.516413</ele>
        <time>2026-05-01T10:00:04.642Z</time>
      </trkpt>
      <trkpt lat="49.197654" lon="15.878337">
        <ele>538.859864</ele>
        <time>2026-05-01T10:00:07.651Z</time>
      </trkpt>
      <trkpt lat="49.197558" lon="15.878389">
        <ele>539.141507</ele>
        <time>2026-05-01T10:00:10.658Z</time>
      </trkpt>
      <trkpt lat="49.197455" lon="15.878392">
        <ele>539.426420</ele>
        <time>2026-05-01T10:00:13.656Z</time>
      </trkpt>
      <trkpt lat="49.197356" lon="15.878363">
        <ele>539.705189</ele>
        <time>2026-05-01T10:00:16.658Z</time>
      </trkpt>
      <trkpt lat="49.197247" lon="15.878359">
        <ele>540.006731</ele>
        <time>2026-05-01T10:00:20.668Z</time>
      </trkpt>
      <trkpt lat="49.197157" lon="15.878361">
        <ele>540.255665</ele>
        <time>2026-05-01T10:00:23.666Z</time>
      </trkpt>
      <trkpt lat="49.197063" lon="15.878357">
        <ele>540.515736</ele>
        <time>2026-05-01T10:00:26.662Z</time>
      </trkpt>
      <trkpt lat="49.196955" lon="15.878356">
        <ele>540.814431</ele>
        <time>2026-05-01T10:00:30.648Z</time>
      </trkpt>
      <trkpt lat="49.196849" lon="15.878343">
        <ele>541.108530</ele>
        <time>2026-05-01T10:00:34.715Z</time>
      </trkpt>
      <trkpt lat="49.196744" lon="15.878345">
        <ele>541.398945</ele>
        <time>2026-05-01T10:00:38.700Z</time>
      </trkpt>
      <trkpt lat="49.196628" lon="15.878348">
        <ele>541.719805</ele>
        <time>2026-05-01T10:00:42.680Z</time>
      </trkpt>
      <trkpt lat="49.196519" lon="15.878336">
        <ele>542.022040</ele>
        <time>2026-05-01T10:00:46.680Z</time>
      </trkpt>
      <trkpt lat="49.196411" lon="15.878341">
        <ele>542.320866</ele>
        <time>2026-05-01T10:00:50.677Z</time>
      </trkpt>
      <trkpt lat="49.196312" lon="15.878336">
        <ele>542.594814</ele>
        <time>2026-05-01T10:00:54.676Z</time>
      </trkpt>
      <trkpt lat="49.196218" lon="15.878338">
        <ele>542.854809</ele>
        <time>2026-05-01T10:00:58.669Z</time>
      </trkpt>
      <trkpt lat="49.196123" lon="15.878342">
        <ele>543.117645</ele>
        <time>2026-05-01T10:01:02.680Z</time>
      </trkpt>
      <trkpt lat="49.196017" lon="15.878348">
        <ele>543.434784</ele>
        <time>2026-05-01T10:01:07.711Z</time>
      </trkpt>
      <trkpt lat="49.195920" lon="15.878357">
        <ele>543.995043</ele>
        <time>2026-05-01T10:01:13.717Z</time>
      </trkpt>
      <trkpt lat="49.195817" lon="15.878362">
        <ele>544.589165</ele>
        <time>2026-05-01T10:01:19.668Z</time>
      </trkpt>
      <trkpt lat="49.195727" lon="15.878367">
        <ele>545.108381</ele>
        <time>2026-05-01T10:01:24.676Z</time>
      </trkpt>
      <trkpt lat="49.195631" lon="15.878375">
        <ele>545.662667</ele>
        <time>2026-05-01T10:01:29.686Z</time>
      </trkpt>
      <trkpt lat="49.195533" lon="15.878368">
        <ele>546.228279</ele>
        <time>2026-05-01T10:01:33.692Z</time>
      </trkpt>
      <trkpt lat="49.195433" lon="15.878358">
        <ele>546.806036</ele>
        <time>2026-05-01T10:01:37.697Z</time>
      </trkpt>
      <trkpt lat="49.195319" lon="15.878356">
        <ele>547.463320</ele>
        <time>2026-05-01T10:01:41.686Z</time>
      </trkpt>
      <trkpt lat="49.195229" lon="15.878357">
        <ele>547.982208</ele>
        <time>2026-05-01T10:01:44.694Z</time>
      </trkpt>
      <trkpt lat="49.195113" lon="15.878357">
        <ele>548.650980</ele>
        <time>2026-05-01T10:01:48.697Z</time>
      </trkpt>
      <trkpt lat="49.194999" lon="15.878356">
        <ele>549.308232</ele>
        <time>2026-05-01T10:01:52.689Z</time>
      </trkpt>
      <trkpt lat="49.194890" lon="15.878364">
        <ele>549.937369</ele>
        <time>2026-05-01T10:01:56.687Z</time>
      </trkpt>
      <trkpt lat="49.194787" lon="15.878377">
        <ele>550.533208</ele>
        <time>2026-05-01T10:02:00.667Z</time>
      </trkpt>
      <trkpt lat="49.194687" lon="15.878386">
        <ele>551.110732</ele>
        <time>2026-05-01T10:02:04.711Z</time>
      </trkpt>
      <trkpt lat="49.194584" lon="15.878380">
        <ele>551.704985</ele>
        <time>2026-05-01T10:02:08.676Z</time>
      </trkpt>
      <trkpt lat="49.194482" lon="15.878380">
        <ele>552.293043</ele>
        <time>2026-05-01T10:02:12.688Z</time>
      </trkpt>
      <trkpt lat="49.194383" lon="15.878367">
        <ele>552.865902</ele>
        <time>2026-05-01T10:02:16.709Z</time>
      </trkpt>
      <trkpt lat="49.194283" lon="15.878361">
        <ele>553.442872</ele>
        <time>2026-05-01T10:02:20.681Z</time>
      </trkpt>
      <trkpt lat="49.194038" lon="15.878369">
        <ele>554.551100</ele>
        <time>2026-05-01T10:03:20.679Z</time>
      </trkpt>
      <trkpt lat="49.193938" lon="15.878366">
        <ele>554.967623</ele>
        <time>2026-05-01T10:03:24.657Z</time>
      </trkpt>
      <trkpt lat="49.193848" lon="15.878373">
        <ele>555.342906</ele>
        <time>2026-05-01T10:03:27.697Z</time>
      </trkpt>
      <trkpt lat="49.193744" lon="15.878381">
        <ele>555.776555</ele>
        <time>2026-05-01T10:03:30.694Z</time>
      </trkpt>
      <trkpt lat="49.193624" lon="15.878389">
        <ele>556.276761</ele>
        <time>2026-05-01T10:03:33.670Z</time>
      </trkpt>
      <trkpt lat="49.193511" lon="15.878390">
        <ele>556.747350</ele>
        <time>2026-05-01T10:03:36.671Z</time>
      </trkpt>
      <trkpt lat="49.193397" lon="15.878395">
        <ele>557.222291</ele>
        <time>2026-05-01T10:03:39.670Z</time>
      </trkpt>
      <trkpt lat="49.193275" lon="15.878406">
        <ele>557.731234</ele>
        <time>2026-05-01T10:03:42.672Z</time>
      </trkpt>
      <trkpt lat="49.193153" lon="15.878394">
        <ele>558.240343</ele>
        <time>2026-05-01T10:03:45.660Z</time>
      </trkpt>
      <trkpt lat="49.193022" lon="15.878375">
        <ele>558.788330</ele>
        <time>2026-05-01T10:03:48.670Z</time>
      </trkpt>
      <trkpt lat="49.192897" lon="15.878365">
        <ele>559.309595</ele>
        <time>2026-05-01T10:03:51.652Z</time>
      </trkpt>
      <trkpt lat="49.192770" lon="15.878372">
        <ele>559.838822</ele>
        <time>2026-05-01T10:03:54.666Z</time>
      </trkpt>
      <trkpt lat="49.192652" lon="15.878372">
        <ele>560.330225</ele>
        <time>2026-05-01T10:03:57.667Z</time>
      </trkpt>
      <trkpt lat="49.192537" lon="15.878375">
        <ele>560.809205</ele>
        <time>2026-05-01T10:04:00.665Z</time>
      </trkpt>
      <trkpt lat="49.192426" lon="15.878375">
        <ele>561.254660</ele>
        <time>2026-05-01T10:04:03.686Z</time>
      </trkpt>
      <trkpt lat="49.192316" lon="15.878376">
        <ele>561.368869</ele>
        <time>2026-05-01T10:04:06.671Z</time>
      </trkpt>
      <trkpt lat="49.192208" lon="15.878381">
        <ele>561.481051</ele>
        <time>2026-05-01T10:04:09.670Z</time>
      </trkpt>
      <trkpt lat="49.192102" lon="15.878385">
        <ele>561.591138</ele>
        <time>2026-05-01T10:04:12.666Z</time>
      </trkpt>
      <trkpt lat="49.191989" lon="15.878384">
        <ele>561.708462</ele>
        <time>2026-05-01T10:04:15.688Z</time>
      </trkpt>
      <trkpt lat="49.191881" lon="15.878383">
        <ele>561.820594</ele>
        <time>2026-05-01T10:04:18.704Z</time>
      </trkpt>
      <trkpt lat="49.191767" lon="15.878389">
        <ele>561.939024</ele>
        <time>2026-05-01T10:04:21.673Z</time>
      </trkpt>
      <trkpt lat="49.191650" lon="15.878389">
        <ele>562.060499</ele>
        <time>2026-05-01T10:04:24.669Z</time>
      </trkpt>
      <trkpt lat="49.191532" lon="15.878387">
        <ele>562.183020</ele>
        <time>2026-05-01T10:04:27.681Z</time>
      </trkpt>
      <trkpt lat="49.191396" lon="15.878388">
        <ele>562.324223</ele>
        <time>2026-05-01T10:04:30.678Z</time>
      </trkpt>
      <trkpt lat="49.191295" lon="15.878388">
        <ele>562.429086</ele>
        <time>2026-05-01T10:04:32.669Z</time>
      </trkpt>
      <trkpt lat="49.191191" lon="15.878389">
        <ele>562.537065</ele>
        <time>2026-05-01T10:04:34.727Z</time>
      </trkpt>
      <trkpt lat="49.191088" lon="15.878389">
        <ele>562.644005</ele>
        <time>2026-05-01T10:04:36.675Z</time>
      </trkpt>
      <trkpt lat="49.190980" lon="15.878388">
        <ele>562.756137</ele>
        <time>2026-05-01T10:04:38.697Z</time>
      </trkpt>
      <trkpt lat="49.190878" lon="15.878394">
        <ele>562.862116</ele>
        <time>2026-05-01T10:04:40.706Z</time>
      </trkpt>
      <trkpt lat="49.190779" lon="15.878399">
        <ele>562.964959</ele>
        <time>2026-05-01T10:04:42.682Z</time>
      </trkpt>
      <trkpt lat="49.190682" lon="15.878401">
        <ele>563.065678</ele>
        <time>2026-05-01T10:04:44.675Z</time>
      </trkpt>
      <trkpt lat="49.190586" lon="15.878405">
        <ele>563.148082</ele>
        <time>2026-05-01T10:04:46.686Z</time>
      </trkpt>
      <trkpt lat="49.190453" lon="15.878407">
        <ele>563.237280</ele>
        <time>2026-05-01T10:04:49.687Z</time>
      </trkpt>
      <trkpt lat="49.190363" lon="15.878409">
        <ele>563.297644</ele>
        <time>2026-05-01T10:04:51.671Z</time>
      </trkpt>
      <trkpt lat="49.190272" lon="15.878410">
        <ele>563.358673</ele>
        <time>2026-05-01T10:04:53.687Z</time>
      </trkpt>
      <trkpt lat="49.190137" lon="15.878409">
        <ele>563.449209</ele>
        <time>2026-05-01T10:04:56.701Z</time>
      </trkpt>
      <trkpt lat="49.190006" lon="15.878413">
        <ele>563.537079</ele>
        <time>2026-05-01T10:04:59.707Z</time>
      </trkpt>
      <trkpt lat="49.189882" lon="15.878415">
        <ele>563.620242</ele>
        <time>2026-05-01T10:05:02.689Z</time>
      </trkpt>
      <trkpt lat="49.189750" lon="15.878417">
        <ele>563.708770</ele>
        <time>2026-05-01T10:05:05.675Z</time>
      </trkpt>
      <trkpt lat="49.189621" lon="15.878420">
        <ele>563.795291</ele>
        <time>2026-05-01T10:05:08.691Z</time>
      </trkpt>
      <trkpt lat="49.189495" lon="15.878419">
        <ele>563.879792</ele>
        <time>2026-05-01T10:05:11.694Z</time>
      </trkpt>
      <trkpt lat="49.189369" lon="15.878415">
        <ele>563.964310</ele>
        <time>2026-05-01T10:05:14.685Z</time>
      </trkpt>
      <trkpt lat="49.189248" lon="15.878415">
        <ele>564.045456</ele>
        <time>2026-05-01T10:05:17.711Z</time>
      </trkpt>
      <trkpt lat="49.189127" lon="15.878410">
        <ele>564.126632</ele>
        <time>2026-05-01T10:05:20.683Z</time>
      </trkpt>
      <trkpt lat="49.189006" lon="15.878408">
        <ele>564.207783</ele>
        <time>2026-05-01T10:05:23.685Z</time>
      </trkpt>
      <trkpt lat="49.188888" lon="15.878409">
        <ele>564.286919</ele>
        <time>2026-05-01T10:05:26.696Z</time>
      </trkpt>
      <trkpt lat="49.188782" lon="15.878414">
        <ele>564.375794</ele>
        <time>2026-05-01T10:05:29.658Z</time>
      </trkpt>
      <trkpt lat="49.188665" lon="15.878415">
        <ele>564.493724</ele>
        <time>2026-05-01T10:05:32.715Z</time>
      </trkpt>
      <trkpt lat="49.188544" lon="15.878417">
        <ele>564.615692</ele>
        <time>2026-05-01T10:05:35.681Z</time>
      </trkpt>
      <trkpt lat="49.188416" lon="15.878418">
        <ele>564.744709</ele>
        <time>2026-05-01T10:05:38.675Z</time>
      </trkpt>
      <trkpt lat="49.188296" lon="15.878422">
        <ele>564.865690</ele>
        <time>2026-05-01T10:05:41.664Z</time>
      </trkpt>
      <trkpt lat="49.188168" lon="15.878425">
        <ele>564.994721</ele>
        <time>2026-05-01T10:05:44.669Z</time>
      </trkpt>
      <trkpt lat="49.188040" lon="15.878431">
        <ele>565.123798</ele>
        <time>2026-05-01T10:05:47.687Z</time>
      </trkpt>
      <trkpt lat="49.187905" lon="15.878437">
        <ele>565.259926</ele>
        <time>2026-05-01T10:05:50.700Z</time>
      </trkpt>
      <trkpt lat="49.187815" lon="15.878440">
        <ele>565.350662</ele>
        <time>2026-05-01T10:05:52.681Z</time>
      </trkpt>
      <trkpt lat="49.187682" lon="15.878444">
        <ele>565.484744</ele>
        <time>2026-05-01T10:05:55.686Z</time>
      </trkpt>
      <trkpt lat="49.187552" lon="15.878436">
        <ele>565.615881</ele>
        <time>2026-05-01T10:05:58.678Z</time>
      </trkpt>
      <trkpt lat="49.187422" lon="15.878439">
        <ele>565.746928</ele>
        <time>2026-05-01T10:06:01.689Z</time>
      </trkpt>
      <trkpt lat="49.187290" lon="15.878434">
        <ele>565.880016</ele>
        <time>2026-05-01T10:06:04.685Z</time>
      </trkpt>
      <trkpt lat="49.187165" lon="15.878431">
        <ele>566.006024</ele>
        <time>2026-05-01T10:06:07.683Z</time>
      </trkpt>
      <trkpt lat="49.187040" lon="15.878428">
        <ele>566.132032</ele>
        <time>2026-05-01T10:06:10.685Z</time>
      </trkpt>
      <trkpt lat="49.186919" lon="15.878425">
        <ele>566.072377</ele>
        <time>2026-05-01T10:06:13.675Z</time>
      </trkpt>
      <trkpt lat="49.186798" lon="15.878427">
        <ele>566.007160</ele>
        <time>2026-05-01T10:06:16.690Z</time>
      </trkpt>
      <trkpt lat="49.186677" lon="15.878431">
        <ele>565.941931</ele>
        <time>2026-05-01T10:06:19.685Z</time>
      </trkpt>
      <trkpt lat="49.186550" lon="15.878434">
        <ele>565.873475</ele>
        <time>2026-05-01T10:06:22.674Z</time>
      </trkpt>
      <trkpt lat="49.186453" lon="15.878435">
        <ele>565.821195</ele>
        <time>2026-05-01T10:06:24.702Z</time>
      </trkpt>
      <trkpt lat="49.186347" lon="15.878434">
        <ele>565.764065</ele>
        <time>2026-05-01T10:06:26.674Z</time>
      </trkpt>
      <trkpt lat="49.186226" lon="15.878437">
        <ele>565.698843</ele>
        <time>2026-05-01T10:06:28.692Z</time>
      </trkpt>
      <trkpt lat="49.186093" lon="15.878436">
        <ele>565.627161</ele>
        <time>2026-05-01T10:06:30.681Z</time>
      </trkpt>
      <trkpt lat="49.185950" lon="15.878441">
        <ele>565.550070</ele>
        <time>2026-05-01T10:06:32.659Z</time>
      </trkpt>
      <trkpt lat="49.185802" lon="15.878443">
        <ele>565.470301</ele>
        <time>2026-05-01T10:06:34.666Z</time>
      </trkpt>
      <trkpt lat="49.185645" lon="15.878447">
        <ele>565.385673</ele>
        <time>2026-05-01T10:06:36.664Z</time>
      </trkpt>
      <trkpt lat="49.185486" lon="15.878445">
        <ele>565.299976</ele>
        <time>2026-05-01T10:06:38.684Z</time>
      </trkpt>
      <trkpt lat="49.185325" lon="15.878449">
        <ele>565.213193</ele>
        <time>2026-05-01T10:06:40.666Z</time>
      </trkpt>
      <trkpt lat="49.185155" lon="15.878452">
        <ele>565.001324</ele>
        <time>2026-05-01T10:06:42.670Z</time>
      </trkpt>
      <trkpt lat="49.184976" lon="15.878450">
        <ele>564.645364</ele>
        <time>2026-05-01T10:06:44.658Z</time>
      </trkpt>
      <trkpt lat="49.184884" lon="15.878447">
        <ele>564.462377</ele>
        <time>2026-05-01T10:06:45.653Z</time>
      </trkpt>
      <trkpt lat="49.184793" lon="15.878449">
        <ele>564.281400</ele>
        <time>2026-05-01T10:06:46.650Z</time>
      </trkpt>
      <trkpt lat="49.184701" lon="15.878448">
        <ele>564.098449</ele>
        <time>2026-05-01T10:06:47.670Z</time>
      </trkpt>
      <trkpt lat="49.184607" lon="15.878443">
        <ele>563.911413</ele>
        <time>2026-05-01T10:06:48.683Z</time>
      </trkpt>
      <trkpt lat="49.184513" lon="15.878439">
        <ele>563.724417</ele>
        <time>2026-05-01T10:06:49.683Z</time>
      </trkpt>
      <trkpt lat="49.184419" lon="15.878437">
        <ele>563.537476</ele>
        <time>2026-05-01T10:06:50.687Z</time>
      </trkpt>
      <trkpt lat="49.184324" lon="15.878439">
        <ele>563.348546</ele>
        <time>2026-05-01T10:06:51.694Z</time>
      </trkpt>
      <trkpt lat="49.184228" lon="15.878439">
        <ele>563.157646</ele>
        <time>2026-05-01T10:06:52.697Z</time>
      </trkpt>
      <trkpt lat="49.184132" lon="15.878441">
        <ele>562.966727</ele>
        <time>2026-05-01T10:06:53.686Z</time>
      </trkpt>
      <trkpt lat="49.184035" lon="15.878443">
        <ele>562.773821</ele>
        <time>2026-05-01T10:06:54.680Z</time>
      </trkpt>
      <trkpt lat="49.183938" lon="15.878444">
        <ele>562.580928</ele>
        <time>2026-05-01T10:06:55.684Z</time>
      </trkpt>
      <trkpt lat="49.183838" lon="15.878445">
        <ele>562.382069</ele>
        <time>2026-05-01T10:06:56.696Z</time>
      </trkpt>
      <trkpt lat="49.183740" lon="15.878448">
        <ele>562.187152</ele>
        <time>2026-05-01T10:06:57.669Z</time>
      </trkpt>
      <trkpt lat="49.183644" lon="15.878455">
        <ele>561.996035</ele>
        <time>2026-05-01T10:06:58.703Z</time>
      </trkpt>
      <trkpt lat="49.183549" lon="15.878458">
        <ele>561.807083</ele>
        <time>2026-05-01T10:06:59.722Z</time>
      </trkpt>
      <trkpt lat="49.183455" lon="15.878456">
        <ele>561.620141</ele>
        <time>2026-05-01T10:07:00.705Z</time>
      </trkpt>
      <trkpt lat="49.183363" lon="15.878460">
        <ele>561.453469</ele>
        <time>2026-05-01T10:07:01.682Z</time>
      </trkpt>
      <trkpt lat="49.183273" lon="15.878468">
        <ele>561.293419</ele>
        <time>2026-05-01T10:07:02.677Z</time>
      </trkpt>
      <trkpt lat="49.183097" lon="15.878472">
        <ele>560.980926</ele>
        <time>2026-05-01T10:07:04.687Z</time>
      </trkpt>
      <trkpt lat="49.182929" lon="15.878478">
        <ele>560.682589</ele>
        <time>2026-05-01T10:07:06.675Z</time>
      </trkpt>
      <trkpt lat="49.182765" lon="15.878476">
        <ele>560.391426</ele>
        <time>2026-05-01T10:07:08.707Z</time>
      </trkpt>
      <trkpt lat="49.182606" lon="15.878476">
        <ele>560.109148</ele>
        <time>2026-05-01T10:07:10.691Z</time>
      </trkpt>
      <trkpt lat="49.182452" lon="15.878477">
        <ele>559.835745</ele>
        <time>2026-05-01T10:07:12.691Z</time>
      </trkpt>
      <trkpt lat="49.182303" lon="15.878480">
        <ele>559.571197</ele>
        <time>2026-05-01T10:07:14.689Z</time>
      </trkpt>
      <trkpt lat="49.182157" lon="15.878483">
        <ele>559.311976</ele>
        <time>2026-05-01T10:07:16.692Z</time>
      </trkpt>
      <trkpt lat="49.182015" lon="15.878484">
        <ele>559.059876</ele>
        <time>2026-05-01T10:07:18.643Z</time>
      </trkpt>
      <trkpt lat="49.181878" lon="15.878495">
        <ele>558.816321</ele>
        <time>2026-05-01T10:07:20.666Z</time>
      </trkpt>
      <trkpt lat="49.181749" lon="15.878497">
        <ele>558.587291</ele>
        <time>2026-05-01T10:07:22.659Z</time>
      </trkpt>
      <trkpt lat="49.181626" lon="15.878500">
        <ele>558.375086</ele>
        <time>2026-05-01T10:07:24.654Z</time>
      </trkpt>
      <trkpt lat="49.181511" lon="15.878499">
        <ele>558.216866</ele>
        <time>2026-05-01T10:07:26.628Z</time>
      </trkpt>
      <trkpt lat="49.181402" lon="15.878492">
        <ele>558.066772</ele>
        <time>2026-05-01T10:07:28.733Z</time>
      </trkpt>
      <trkpt lat="49.181299" lon="15.878492">
        <ele>557.925064</ele>
        <time>2026-05-01T10:07:30.628Z</time>
      </trkpt>
      <trkpt lat="49.181202" lon="15.878501">
        <ele>557.791366</ele>
        <time>2026-05-01T10:07:32.655Z</time>
      </trkpt>
      <trkpt lat="49.181106" lon="15.878497">
        <ele>557.659240</ele>
        <time>2026-05-01T10:07:34.659Z</time>
      </trkpt>
      <trkpt lat="49.181010" lon="15.878488">
        <ele>557.526915</ele>
        <time>2026-05-01T10:07:36.637Z</time>
      </trkpt>
      <trkpt lat="49.180914" lon="15.878486">
        <ele>557.394826</ele>
        <time>2026-05-01T10:07:38.656Z</time>
      </trkpt>
      <trkpt lat="49.180821" lon="15.878468">
        <ele>557.265857</ele>
        <time>2026-05-01T10:07:40.655Z</time>
      </trkpt>
      <trkpt lat="49.180733" lon="15.878429">
        <ele>557.139808</ele>
        <time>2026-05-01T10:07:42.666Z</time>
      </trkpt>
      <trkpt lat="49.180616" lon="15.878343">
        <ele>556.961222</ele>
        <time>2026-05-01T10:07:45.670Z</time>
      </trkpt>
      <trkpt lat="49.180500" lon="15.878265">
        <ele>556.786893</ele>
        <time>2026-05-01T10:07:48.623Z</time>
      </trkpt>
      <trkpt lat="49.180418" lon="15.878206">
        <ele>556.662222</ele>
        <time>2026-05-01T10:07:50.677Z</time>
      </trkpt>
      <trkpt lat="49.180328" lon="15.878134">
        <ele>556.522491</ele>
        <time>2026-05-01T10:07:52.662Z</time>
      </trkpt>
      <trkpt lat="49.180228" lon="15.878059">
        <ele>556.369267</ele>
        <time>2026-05-01T10:07:54.650Z</time>
      </trkpt>
      <trkpt lat="49.180115" lon="15.877982">
        <ele>556.199076</ele>
        <time>2026-05-01T10:07:56.657Z</time>
      </trkpt>
      <trkpt lat="49.179995" lon="15.877902">
        <ele>556.018983</ele>
        <time>2026-05-01T10:07:58.664Z</time>
      </trkpt>
      <trkpt lat="49.179870" lon="15.877815">
        <ele>555.795589</ele>
        <time>2026-05-01T10:08:00.679Z</time>
      </trkpt>
      <trkpt lat="49.179742" lon="15.877718">
        <ele>555.525276</ele>
        <time>2026-05-01T10:08:02.664Z</time>
      </trkpt>
      <trkpt lat="49.179610" lon="15.877621">
        <ele>555.248161</ele>
        <time>2026-05-01T10:08:04.675Z</time>
      </trkpt>
      <trkpt lat="49.179471" lon="15.877532">
        <ele>554.963012</ele>
        <time>2026-05-01T10:08:06.672Z</time>
      </trkpt>
      <trkpt lat="49.179334" lon="15.877440">
        <ele>554.679880</ele>
        <time>2026-05-01T10:08:08.674Z</time>
      </trkpt>
      <trkpt lat="49.179203" lon="15.877349">
        <ele>554.407620</ele>
        <time>2026-05-01T10:08:10.675Z</time>
      </trkpt>
      <trkpt lat="49.179087" lon="15.877250">
        <ele>554.156256</ele>
        <time>2026-05-01T10:08:12.668Z</time>
      </trkpt>
      <trkpt lat="49.178982" lon="15.877137">
        <ele>553.913315</ele>
        <time>2026-05-01T10:08:14.664Z</time>
      </trkpt>
      <trkpt lat="49.178878" lon="15.877040">
        <ele>553.682815</ele>
        <time>2026-05-01T10:08:16.677Z</time>
      </trkpt>
      <trkpt lat="49.178787" lon="15.876941">
        <ele>553.471504</ele>
        <time>2026-05-01T10:08:18.698Z</time>
      </trkpt>
      <trkpt lat="49.178703" lon="15.876846">
        <ele>553.273822</ele>
        <time>2026-05-01T10:08:20.660Z</time>
      </trkpt>
      <trkpt lat="49.178624" lon="15.876758">
        <ele>553.088891</ele>
        <time>2026-05-01T10:08:22.657Z</time>
      </trkpt>
      <trkpt lat="49.178550" lon="15.876666">
        <ele>552.908442</ele>
        <time>2026-05-01T10:08:24.687Z</time>
      </trkpt>
      <trkpt lat="49.178474" lon="15.876578">
        <ele>552.728069</ele>
        <time>2026-05-01T10:08:26.683Z</time>
      </trkpt>
      <trkpt lat="49.178399" lon="15.876491">
        <ele>552.549952</ele>
        <time>2026-05-01T10:08:28.677Z</time>
      </trkpt>
      <trkpt lat="49.178297" lon="15.876367">
        <ele>552.354893</ele>
        <time>2026-05-01T10:08:31.682Z</time>
      </trkpt>
      <trkpt lat="49.178209" lon="15.876260">
        <ele>552.193174</ele>
        <time>2026-05-01T10:08:34.719Z</time>
      </trkpt>
      <trkpt lat="49.178124" lon="15.876175">
        <ele>552.047082</ele>
        <time>2026-05-01T10:08:37.681Z</time>
      </trkpt>
      <trkpt lat="49.178038" lon="15.876098">
        <ele>551.903726</ele>
        <time>2026-05-01T10:08:40.786Z</time>
      </trkpt>
      <trkpt lat="49.177940" lon="15.876054">
        <ele>551.756795</ele>
        <time>2026-05-01T10:08:43.668Z</time>
      </trkpt>
      <trkpt lat="49.177832" lon="15.876038">
        <ele>551.600697</ele>
        <time>2026-05-01T10:08:46.666Z</time>
      </trkpt>
      <trkpt lat="49.177719" lon="15.876036">
        <ele>551.438122</ele>
        <time>2026-05-01T10:08:49.656Z</time>
      </trkpt>
      <trkpt lat="49.177594" lon="15.876030">
        <ele>551.258206</ele>
        <time>2026-05-01T10:08:52.672Z</time>
      </trkpt>
      <trkpt lat="49.177500" lon="15.876031">
        <ele>551.122973</ele>
        <time>2026-05-01T10:08:54.656Z</time>
      </trkpt>
      <trkpt lat="49.177401" lon="15.876042">
        <ele>550.980175</ele>
        <time>2026-05-01T10:08:56.672Z</time>
      </trkpt>
      <trkpt lat="49.177299" lon="15.876044">
        <ele>550.833423</ele>
        <time>2026-05-01T10:08:58.684Z</time>
      </trkpt>
      <trkpt lat="49.177197" lon="15.876049">
        <ele>550.686609</ele>
        <time>2026-05-01T10:09:00.681Z</time>
      </trkpt>
      <trkpt lat="49.177099" lon="15.876071">
        <ele>550.544114</ele>
        <time>2026-05-01T10:09:02.662Z</time>
      </trkpt>
      <trkpt lat="49.177002" lon="15.876119">
        <ele>550.397448</ele>
        <time>2026-05-01T10:09:04.669Z</time>
      </trkpt>
      <trkpt lat="49.176913" lon="15.876207">
        <ele>550.244992</ele>
        <time>2026-05-01T10:09:06.664Z</time>
      </trkpt>
      <trkpt lat="49.176820" lon="15.876265">
        <ele>550.100509</ele>
        <time>2026-05-01T10:09:08.657Z</time>
      </trkpt>
      <trkpt lat="49.176721" lon="15.876302">
        <ele>549.953896</ele>
        <time>2026-05-01T10:09:10.667Z</time>
      </trkpt>
      <trkpt lat="49.176627" lon="15.876337">
        <ele>549.865772</ele>
        <time>2026-05-01T10:09:12.679Z</time>
      </trkpt>
      <trkpt lat="49.176533" lon="15.876368">
        <ele>549.788391</ele>
        <time>2026-05-01T10:09:14.674Z</time>
      </trkpt>
      <trkpt lat="49.176444" lon="15.876403">
        <ele>549.714443</ele>
        <time>2026-05-01T10:09:16.653Z</time>
      </trkpt>
      <trkpt lat="49.176331" lon="15.876434">
        <ele>549.622059</ele>
        <time>2026-05-01T10:09:19.692Z</time>
      </trkpt>
      <trkpt lat="49.176220" lon="15.876457">
        <ele>549.531920</ele>
        <time>2026-05-01T10:09:22.663Z</time>
      </trkpt>
      <trkpt lat="49.176112" lon="15.876460">
        <ele>549.444997</ele>
        <time>2026-05-01T10:09:25.650Z</time>
      </trkpt>
      <trkpt lat="49.176001" lon="15.876416">
        <ele>549.352723</ele>
        <time>2026-05-01T10:09:28.657Z</time>
      </trkpt>
      <trkpt lat="49.175894" lon="15.876324">
        <ele>549.253949</ele>
        <time>2026-05-01T10:09:31.679Z</time>
      </trkpt>
      <trkpt lat="49.175780" lon="15.876275">
        <ele>549.158658</ele>
        <time>2026-05-01T10:09:34.667Z</time>
      </trkpt>
      <trkpt lat="49.175655" lon="15.876264">
        <ele>549.057903</ele>
        <time>2026-05-01T10:09:37.664Z</time>
      </trkpt>
      <trkpt lat="49.175565" lon="15.876265">
        <ele>548.985477</ele>
        <time>2026-05-01T10:09:39.664Z</time>
      </trkpt>
      <trkpt lat="49.175473" lon="15.876262">
        <ele>548.911426</ele>
        <time>2026-05-01T10:09:41.703Z</time>
      </trkpt>
      <trkpt lat="49.175340" lon="15.876259">
        <ele>548.804387</ele>
        <time>2026-05-01T10:09:44.685Z</time>
      </trkpt>
      <trkpt lat="49.175209" lon="15.876284">
        <ele>548.698153</ele>
        <time>2026-05-01T10:09:47.707Z</time>
      </trkpt>
      <trkpt lat="49.175086" lon="15.876301">
        <ele>548.598769</ele>
        <time>2026-05-01T10:09:50.684Z</time>
      </trkpt>
      <trkpt lat="49.174970" lon="15.876303">
        <ele>548.505417</ele>
        <time>2026-05-01T10:09:53.702Z</time>
      </trkpt>
      <trkpt lat="49.174874" lon="15.876306">
        <ele>548.436707</ele>
        <time>2026-05-01T10:09:56.686Z</time>
      </trkpt>
      <trkpt lat="49.174783" lon="15.876306">
        <ele>548.374866</ele>
        <time>2026-05-01T10:09:59.702Z</time>
      </trkpt>
      <trkpt lat="49.174670" lon="15.876309">
        <ele>548.298063</ele>
        <time>2026-05-01T10:10:03.684Z</time>
      </trkpt>
      <trkpt lat="49.174552" lon="15.876293">
        <ele>548.217558</ele>
        <time>2026-05-01T10:10:07.712Z</time>
      </trkpt>
      <trkpt lat="49.174442" lon="15.876293">
        <ele>548.142805</ele>
        <time>2026-05-01T10:10:11.676Z</time>
      </trkpt>
      <trkpt lat="49.174326" lon="15.876301">
        <ele>548.063894</ele>
        <time>2026-05-01T10:10:15.694Z</time>
      </trkpt>
      <trkpt lat="49.174206" lon="15.876293">
        <ele>547.982268</ele>
        <time>2026-05-01T10:10:19.676Z</time>
      </trkpt>
      <trkpt lat="49.174097" lon="15.876287">
        <ele>547.908146</ele>
        <time>2026-05-01T10:10:22.735Z</time>
      </trkpt>
      <trkpt lat="49.174006" lon="15.876274">
        <ele>547.846036</ele>
        <time>2026-05-01T10:10:24.667Z</time>
      </trkpt>
      <trkpt lat="49.173897" lon="15.876257">
        <ele>547.771578</ele>
        <time>2026-05-01T10:10:26.663Z</time>
      </trkpt>
      <trkpt lat="49.173778" lon="15.876241">
        <ele>547.690397</ele>
        <time>2026-05-01T10:10:28.659Z</time>
      </trkpt>
      <trkpt lat="49.173660" lon="15.876285">
        <ele>547.607859</ele>
        <time>2026-05-01T10:10:30.660Z</time>
      </trkpt>
      <trkpt lat="49.173554" lon="15.876414">
        <ele>547.515806</ele>
        <time>2026-05-01T10:10:32.651Z</time>
      </trkpt>
      <trkpt lat="49.173463" lon="15.876579">
        <ele>547.419898</ele>
        <time>2026-05-01T10:10:34.667Z</time>
      </trkpt>
      <trkpt lat="49.173377" lon="15.876735">
        <ele>547.329237</ele>
        <time>2026-05-01T10:10:36.669Z</time>
      </trkpt>
      <trkpt lat="49.173297" lon="15.876898">
        <ele>547.260252</ele>
        <time>2026-05-01T10:10:38.686Z</time>
      </trkpt>
      <trkpt lat="49.173209" lon="15.877047">
        <ele>547.257735</ele>
        <time>2026-05-01T10:10:40.673Z</time>
      </trkpt>
      <trkpt lat="49.173130" lon="15.877191">
        <ele>547.255380</ele>
        <time>2026-05-01T10:10:42.682Z</time>
      </trkpt>
      <trkpt lat="49.173053" lon="15.877329">
        <ele>547.253106</ele>
        <time>2026-05-01T10:10:44.684Z</time>
      </trkpt>
      <trkpt lat="49.172976" lon="15.877452">
        <ele>547.250973</ele>
        <time>2026-05-01T10:10:46.717Z</time>
      </trkpt>
      <trkpt lat="49.172905" lon="15.877570">
        <ele>547.248963</ele>
        <time>2026-05-01T10:10:48.686Z</time>
      </trkpt>
      <trkpt lat="49.172844" lon="15.877682">
        <ele>547.247136</ele>
        <time>2026-05-01T10:10:50.703Z</time>
      </trkpt>
      <trkpt lat="49.172780" lon="15.877785">
        <ele>547.245356</ele>
        <time>2026-05-01T10:10:52.668Z</time>
      </trkpt>
      <trkpt lat="49.172715" lon="15.877889">
        <ele>547.243553</ele>
        <time>2026-05-01T10:10:54.701Z</time>
      </trkpt>
      <trkpt lat="49.172649" lon="15.877988">
        <ele>547.241781</ele>
        <time>2026-05-01T10:10:56.674Z</time>
      </trkpt>
      <trkpt lat="49.172585" lon="15.878084">
        <ele>547.240063</ele>
        <time>2026-05-01T10:10:58.687Z</time>
      </trkpt>
      <trkpt lat="49.172484" lon="15.878221">
        <ele>547.237476</ele>
        <time>2026-05-01T10:11:01.687Z</time>
      </trkpt>
      <trkpt lat="49.172388" lon="15.878354">
        <ele>547.234993</ele>
        <time>2026-05-01T10:11:04.672Z</time>
      </trkpt>
      <trkpt lat="49.172289" lon="15.878464">
        <ele>547.232648</ele>
        <time>2026-05-01T10:11:07.728Z</time>
      </trkpt>
      <trkpt lat="49.172189" lon="15.878548">
        <ele>547.230461</ele>
        <time>2026-05-01T10:11:10.681Z</time>
      </trkpt>
      <trkpt lat="49.172084" lon="15.878614">
        <ele>547.228285</ele>
        <time>2026-05-01T10:11:13.686Z</time>
      </trkpt>
      <trkpt lat="49.171977" lon="15.878663">
        <ele>547.237130</ele>
        <time>2026-05-01T10:11:16.689Z</time>
      </trkpt>
      <trkpt lat="49.171865" lon="15.878687">
        <ele>547.326883</ele>
        <time>2026-05-01T10:11:19.667Z</time>
      </trkpt>
      <trkpt lat="49.171754" lon="15.878708">
        <ele>547.415645</ele>
        <time>2026-05-01T10:11:22.671Z</time>
      </trkpt>
      <trkpt lat="49.171641" lon="15.878723">
        <ele>547.505661</ele>
        <time>2026-05-01T10:11:25.682Z</time>
      </trkpt>
      <trkpt lat="49.171526" lon="15.878741">
        <ele>547.597403</ele>
        <time>2026-05-01T10:11:28.693Z</time>
      </trkpt>
      <trkpt lat="49.171407" lon="15.878761">
        <ele>547.692411</ele>
        <time>2026-05-01T10:11:31.695Z</time>
      </trkpt>
      <trkpt lat="49.171285" lon="15.878765">
        <ele>547.789255</ele>
        <time>2026-05-01T10:11:34.674Z</time>
      </trkpt>
      <trkpt lat="49.171166" lon="15.878748">
        <ele>547.884106</ele>
        <time>2026-05-01T10:11:37.670Z</time>
      </trkpt>
      <trkpt lat="49.171053" lon="15.878727">
        <ele>547.974444</ele>
        <time>2026-05-01T10:11:40.681Z</time>
      </trkpt>
      <trkpt lat="49.170945" lon="15.878691">
        <ele>548.062166</ele>
        <time>2026-05-01T10:11:43.701Z</time>
      </trkpt>
      <trkpt lat="49.170839" lon="15.878653">
        <ele>548.148569</ele>
        <time>2026-05-01T10:11:46.686Z</time>
      </trkpt>
      <trkpt lat="49.170734" lon="15.878630">
        <ele>548.232749</ele>
        <time>2026-05-01T10:11:49.689Z</time>
      </trkpt>
      <trkpt lat="49.170638" lon="15.878604">
        <ele>548.310121</ele>
        <time>2026-05-01T10:11:52.677Z</time>
      </trkpt>
      <trkpt lat="49.170546" lon="15.878582">
        <ele>548.384020</ele>
        <time>2026-05-01T10:11:55.675Z</time>
      </trkpt>
      <trkpt lat="49.170431" lon="15.878597">
        <ele>548.475617</ele>
        <time>2026-05-01T10:11:59.694Z</time>
      </trkpt>
      <trkpt lat="49.170345" lon="15.878643">
        <ele>548.547921</ele>
        <time>2026-05-01T10:12:03.676Z</time>
      </trkpt>
      <trkpt lat="49.170271" lon="15.878744">
        <ele>548.626632</ele>
        <time>2026-05-01T10:12:09.683Z</time>
      </trkpt>
      <trkpt lat="49.170202" lon="15.878865">
        <ele>548.877762</ele>
        <time>2026-05-01T10:12:15.696Z</time>
      </trkpt>
      <trkpt lat="49.170142" lon="15.878990">
        <ele>549.198888</ele>
        <time>2026-05-01T10:12:21.701Z</time>
      </trkpt>
      <trkpt lat="49.170085" lon="15.879107">
        <ele>549.501044</ele>
        <time>2026-05-01T10:12:27.690Z</time>
      </trkpt>
      <trkpt lat="49.170025" lon="15.879219">
        <ele>549.800892</ele>
        <time>2026-05-01T10:12:33.669Z</time>
      </trkpt>
      <trkpt lat="49.169971" lon="15.879333">
        <ele>550.092416</ele>
        <time>2026-05-01T10:12:38.686Z</time>
      </trkpt>
      <trkpt lat="49.169912" lon="15.879440">
        <ele>550.382278</ele>
        <time>2026-05-01T10:12:43.710Z</time>
      </trkpt>
      <trkpt lat="49.169856" lon="15.879552">
        <ele>550.674262</ele>
        <time>2026-05-01T10:12:48.684Z</time>
      </trkpt>
      <trkpt lat="49.169783" lon="15.879667">
        <ele>551.006189</ele>
        <time>2026-05-01T10:12:53.678Z</time>
      </trkpt>
      <trkpt lat="49.169700" lon="15.879774">
        <ele>551.350005</ele>
        <time>2026-05-01T10:12:58.691Z</time>
      </trkpt>
      <trkpt lat="49.169640" lon="15.879886">
        <ele>551.649855</ele>
        <time>2026-05-01T10:13:02.699Z</time>
      </trkpt>
      <trkpt lat="49.169579" lon="15.879987">
        <ele>551.934594</ele>
        <time>2026-05-01T10:13:06.705Z</time>
      </trkpt>
      <trkpt lat="49.169525" lon="15.880113">
        <ele>552.246584</ele>
        <time>2026-05-01T10:13:11.700Z</time>
      </trkpt>
      <trkpt lat="49.169456" lon="15.880240">
        <ele>552.588537</ele>
        <time>2026-05-01T10:13:16.663Z</time>
      </trkpt>
      <trkpt lat="49.169390" lon="15.880353">
        <ele>552.902320</ele>
        <time>2026-05-01T10:13:21.687Z</time>
      </trkpt>
      <trkpt lat="49.169341" lon="15.880500">
        <ele>553.244019</ele>
        <time>2026-05-01T10:13:26.685Z</time>
      </trkpt>
      <trkpt lat="49.169279" lon="15.880627">
        <ele>553.572246</ele>
        <time>2026-05-01T10:13:31.667Z</time>
      </trkpt>
      <trkpt lat="49.169206" lon="15.880735">
        <ele>553.893933</ele>
        <time>2026-05-01T10:13:36.685Z</time>
      </trkpt>
      <trkpt lat="49.169129" lon="15.880819">
        <ele>554.193499</ele>
        <time>2026-05-01T10:13:41.686Z</time>
      </trkpt>
      <trkpt lat="49.169057" lon="15.880937">
        <ele>554.538164</ele>
        <time>2026-05-01T10:13:47.679Z</time>
      </trkpt>
      <trkpt lat="49.168987" lon="15.881039">
        <ele>554.862416</ele>
        <time>2026-05-01T10:13:54.683Z</time>
      </trkpt>
      <trkpt lat="49.168911" lon="15.881130">
        <ele>555.186121</ele>
        <time>2026-05-01T10:14:00.705Z</time>
      </trkpt>
      <trkpt lat="49.168826" lon="15.881223">
        <ele>555.536624</ele>
        <time>2026-05-01T10:14:06.694Z</time>
      </trkpt>
      <trkpt lat="49.168751" lon="15.881299">
        <ele>555.838355</ele>
        <time>2026-05-01T10:14:11.677Z</time>
      </trkpt>
      <trkpt lat="49.168677" lon="15.881421">
        <ele>556.203266</ele>
        <time>2026-05-01T10:14:17.696Z</time>
      </trkpt>
      <trkpt lat="49.168609" lon="15.881519">
        <ele>556.516618</ele>
        <time>2026-05-01T10:14:21.681Z</time>
      </trkpt>
      <trkpt lat="49.168542" lon="15.881630">
        <ele>556.847881</ele>
        <time>2026-05-01T10:14:25.722Z</time>
      </trkpt>
      <trkpt lat="49.168471" lon="15.881732">
        <ele>557.174572</ele>
        <time>2026-05-01T10:14:29.696Z</time>
      </trkpt>
      <trkpt lat="49.168389" lon="15.881836">
        <ele>557.531836</ele>
        <time>2026-05-01T10:14:33.687Z</time>
      </trkpt>
      <trkpt lat="49.168304" lon="15.881936">
        <ele>557.891488</ele>
        <time>2026-05-01T10:14:37.696Z</time>
      </trkpt>
      <trkpt lat="49.168217" lon="15.882026">
        <ele>558.243741</ele>
        <time>2026-05-01T10:14:41.681Z</time>
      </trkpt>
      <trkpt lat="49.168124" lon="15.882126">
        <ele>558.625011</ele>
        <time>2026-05-01T10:14:45.697Z</time>
      </trkpt>
      <trkpt lat="49.168032" lon="15.882234">
        <ele>559.013967</ele>
        <time>2026-05-01T10:14:49.684Z</time>
      </trkpt>
      <trkpt lat="49.167949" lon="15.882355">
        <ele>559.398528</ele>
        <time>2026-05-01T10:14:53.675Z</time>
      </trkpt>
      <trkpt lat="49.167863" lon="15.882465">
        <ele>559.774522</ele>
        <time>2026-05-01T10:14:57.670Z</time>
      </trkpt>
      <trkpt lat="49.167780" lon="15.882569">
        <ele>560.134376</ele>
        <time>2026-05-01T10:15:01.688Z</time>
      </trkpt>
      <trkpt lat="49.167699" lon="15.882668">
        <ele>560.489410</ele>
        <time>2026-05-01T10:15:05.675Z</time>
      </trkpt>
      <trkpt lat="49.167621" lon="15.882766">
        <ele>560.852847</ele>
        <time>2026-05-01T10:15:09.665Z</time>
      </trkpt>
      <trkpt lat="49.167544" lon="15.882856">
        <ele>561.201764</ele>
        <time>2026-05-01T10:15:13.669Z</time>
      </trkpt>
      <trkpt lat="49.167472" lon="15.882957">
        <ele>561.553515</ele>
        <time>2026-05-01T10:15:17.692Z</time>
      </trkpt>
      <trkpt lat="49.167401" lon="15.883052">
        <ele>561.893160</ele>
        <time>2026-05-01T10:15:21.685Z</time>
      </trkpt>
      <trkpt lat="49.167323" lon="15.883139">
        <ele>562.240737</ele>
        <time>2026-05-01T10:15:25.694Z</time>
      </trkpt>
      <trkpt lat="49.167249" lon="15.883231">
        <ele>562.584086</ele>
        <time>2026-05-01T10:15:29.678Z</time>
      </trkpt>
      <trkpt lat="49.167171" lon="15.883345">
        <ele>562.972525</ele>
        <time>2026-05-01T10:15:34.702Z</time>
      </trkpt>
      <trkpt lat="49.167093" lon="15.883420">
        <ele>563.304243</ele>
        <time>2026-05-01T10:15:38.726Z</time>
      </trkpt>
      <trkpt lat="49.167018" lon="15.883508">
        <ele>563.644581</ele>
        <time>2026-05-01T10:15:42.708Z</time>
      </trkpt>
      <trkpt lat="49.166946" lon="15.883608">
        <ele>563.994747</ele>
        <time>2026-05-01T10:15:46.702Z</time>
      </trkpt>
      <trkpt lat="49.166855" lon="15.883725">
        <ele>564.422772</ele>
        <time>2026-05-01T10:15:50.670Z</time>
      </trkpt>
      <trkpt lat="49.166769" lon="15.883830">
        <ele>564.818967</ele>
        <time>2026-05-01T10:15:54.687Z</time>
      </trkpt>
      <trkpt lat="49.166694" lon="15.883929">
        <ele>565.175661</ele>
        <time>2026-05-01T10:15:58.689Z</time>
      </trkpt>
      <trkpt lat="49.166620" lon="15.884039">
        <ele>565.547198</ele>
        <time>2026-05-01T10:16:03.701Z</time>
      </trkpt>
      <trkpt lat="49.166540" lon="15.884147">
        <ele>565.931388</ele>
        <time>2026-05-01T10:16:08.680Z</time>
      </trkpt>
      <trkpt lat="49.166468" lon="15.884238">
        <ele>566.267677</ele>
        <time>2026-05-01T10:16:13.669Z</time>
      </trkpt>
      <trkpt lat="49.166392" lon="15.884351">
        <ele>566.649302</ele>
        <time>2026-05-01T10:16:18.677Z</time>
      </trkpt>
      <trkpt lat="49.166324" lon="15.884441">
        <ele>567.081835</ele>
        <time>2026-05-01T10:16:22.692Z</time>
      </trkpt>
      <trkpt lat="49.166237" lon="15.884551">
        <ele>567.874716</ele>
        <time>2026-05-01T10:16:27.681Z</time>
      </trkpt>
      <trkpt lat="49.166162" lon="15.884640">
        <ele>568.541500</ele>
        <time>2026-05-01T10:16:31.676Z</time>
      </trkpt>
      <trkpt lat="49.166079" lon="15.884726">
        <ele>569.245695</ele>
        <time>2026-05-01T10:16:35.676Z</time>
      </trkpt>
      <trkpt lat="49.165994" lon="15.884823">
        <ele>569.990630</ele>
        <time>2026-05-01T10:16:40.640Z</time>
      </trkpt>
      <trkpt lat="49.165918" lon="15.884935">
        <ele>570.731959</ele>
        <time>2026-05-01T10:16:45.671Z</time>
      </trkpt>
      <trkpt lat="49.165822" lon="15.885008">
        <ele>571.485017</ele>
        <time>2026-05-01T10:16:50.668Z</time>
      </trkpt>
      <trkpt lat="49.165722" lon="15.885050">
        <ele>572.213425</ele>
        <time>2026-05-01T10:16:54.679Z</time>
      </trkpt>
      <trkpt lat="49.165632" lon="15.885048">
        <ele>572.845652</ele>
        <time>2026-05-01T10:16:57.669Z</time>
      </trkpt>
      <trkpt lat="49.165524" lon="15.885060">
        <ele>573.606245</ele>
        <time>2026-05-01T10:17:00.661Z</time>
      </trkpt>
      <trkpt lat="49.165418" lon="15.885068">
        <ele>574.351697</ele>
        <time>2026-05-01T10:17:03.666Z</time>
      </trkpt>
      <trkpt lat="49.165307" lon="15.885075">
        <ele>575.132025</ele>
        <time>2026-05-01T10:17:06.687Z</time>
      </trkpt>
      <trkpt lat="49.165199" lon="15.885086">
        <ele>575.892299</ele>
        <time>2026-05-01T10:17:09.709Z</time>
      </trkpt>
      <trkpt lat="49.165082" lon="15.885098">
        <ele>576.715954</ele>
        <time>2026-05-01T10:17:12.686Z</time>
      </trkpt>
      <trkpt lat="49.164971" lon="15.885108">
        <ele>577.496971</ele>
        <time>2026-05-01T10:17:15.693Z</time>
      </trkpt>
      <trkpt lat="49.164866" lon="15.885106">
        <ele>578.234550</ele>
        <time>2026-05-01T10:17:18.709Z</time>
      </trkpt>
      <trkpt lat="49.164746" lon="15.885110">
        <ele>579.077632</ele>
        <time>2026-05-01T10:17:21.679Z</time>
      </trkpt>
      <trkpt lat="49.164621" lon="15.885123">
        <ele>579.638860</ele>
        <time>2026-05-01T10:17:24.707Z</time>
      </trkpt>
      <trkpt lat="49.164500" lon="15.885134">
        <ele>579.906882</ele>
        <time>2026-05-01T10:17:27.687Z</time>
      </trkpt>
      <trkpt lat="49.164372" lon="15.885146">
        <ele>580.190440</ele>
        <time>2026-05-01T10:17:30.673Z</time>
      </trkpt>
      <trkpt lat="49.164282" lon="15.885152">
        <ele>580.389633</ele>
        <time>2026-05-01T10:17:32.686Z</time>
      </trkpt>
      <trkpt lat="49.164191" lon="15.885156">
        <ele>580.590931</ele>
        <time>2026-05-01T10:17:34.651Z</time>
      </trkpt>
      <trkpt lat="49.164095" lon="15.885160">
        <ele>580.803280</ele>
        <time>2026-05-01T10:17:36.664Z</time>
      </trkpt>
      <trkpt lat="49.163999" lon="15.885163">
        <ele>581.015595</ele>
        <time>2026-05-01T10:17:38.658Z</time>
      </trkpt>
      <trkpt lat="49.163892" lon="15.885170">
        <ele>581.252404</ele>
        <time>2026-05-01T10:17:40.658Z</time>
      </trkpt>
      <trkpt lat="49.163776" lon="15.885181">
        <ele>581.509390</ele>
        <time>2026-05-01T10:17:42.663Z</time>
      </trkpt>
      <trkpt lat="49.163646" lon="15.885195">
        <ele>581.797552</ele>
        <time>2026-05-01T10:17:44.668Z</time>
      </trkpt>
      <trkpt lat="49.163506" lon="15.885205">
        <ele>582.107450</ele>
        <time>2026-05-01T10:17:46.667Z</time>
      </trkpt>
      <trkpt lat="49.163354" lon="15.885214">
        <ele>582.443797</ele>
        <time>2026-05-01T10:17:48.667Z</time>
      </trkpt>
      <trkpt lat="49.163191" lon="15.885219">
        <ele>582.804287</ele>
        <time>2026-05-01T10:17:50.657Z</time>
      </trkpt>
      <trkpt lat="49.163016" lon="15.885229">
        <ele>583.191509</ele>
        <time>2026-05-01T10:17:52.656Z</time>
      </trkpt>
      <trkpt lat="49.162925" lon="15.885233">
        <ele>583.392807</ele>
        <time>2026-05-01T10:17:53.655Z</time>
      </trkpt>
      <trkpt lat="49.162833" lon="15.885233">
        <ele>583.409340</ele>
        <time>2026-05-01T10:17:54.656Z</time>
      </trkpt>
      <trkpt lat="49.162739" lon="15.885233">
        <ele>583.310755</ele>
        <time>2026-05-01T10:17:55.665Z</time>
      </trkpt>
      <trkpt lat="49.162643" lon="15.885234">
        <ele>583.210070</ele>
        <time>2026-05-01T10:17:56.675Z</time>
      </trkpt>
      <trkpt lat="49.162546" lon="15.885241">
        <ele>583.108225</ele>
        <time>2026-05-01T10:17:57.666Z</time>
      </trkpt>
      <trkpt lat="49.162447" lon="15.885248">
        <ele>583.004286</ele>
        <time>2026-05-01T10:17:58.673Z</time>
      </trkpt>
      <trkpt lat="49.162347" lon="15.885254">
        <ele>582.899327</ele>
        <time>2026-05-01T10:17:59.671Z</time>
      </trkpt>
      <trkpt lat="49.162247" lon="15.885260">
        <ele>582.794369</ele>
        <time>2026-05-01T10:18:00.712Z</time>
      </trkpt>
      <trkpt lat="49.162145" lon="15.885265">
        <ele>582.687339</ele>
        <time>2026-05-01T10:18:01.683Z</time>
      </trkpt>
      <trkpt lat="49.162042" lon="15.885267">
        <ele>582.579306</ele>
        <time>2026-05-01T10:18:02.674Z</time>
      </trkpt>
      <trkpt lat="49.161939" lon="15.885264">
        <ele>582.471263</ele>
        <time>2026-05-01T10:18:03.698Z</time>
      </trkpt>
      <trkpt lat="49.161836" lon="15.885261">
        <ele>582.363219</ele>
        <time>2026-05-01T10:18:04.676Z</time>
      </trkpt>
      <trkpt lat="49.161732" lon="15.885251">
        <ele>582.253931</ele>
        <time>2026-05-01T10:18:05.695Z</time>
      </trkpt>
      <trkpt lat="49.161627" lon="15.885243">
        <ele>582.143673</ele>
        <time>2026-05-01T10:18:06.686Z</time>
      </trkpt>
      <trkpt lat="49.161522" lon="15.885230">
        <ele>582.033191</ele>
        <time>2026-05-01T10:18:07.671Z</time>
      </trkpt>
      <trkpt lat="49.161416" lon="15.885213">
        <ele>581.921411</ele>
        <time>2026-05-01T10:18:08.696Z</time>
      </trkpt>
      <trkpt lat="49.161310" lon="15.885189">
        <ele>581.809029</ele>
        <time>2026-05-01T10:18:09.707Z</time>
      </trkpt>
      <trkpt lat="49.161204" lon="15.885158">
        <ele>581.695844</ele>
        <time>2026-05-01T10:18:10.686Z</time>
      </trkpt>
      <trkpt lat="49.161098" lon="15.885123">
        <ele>581.581474</ele>
        <time>2026-05-01T10:18:11.678Z</time>
      </trkpt>
      <trkpt lat="49.160992" lon="15.885087">
        <ele>581.393500</ele>
        <time>2026-05-01T10:18:12.685Z</time>
      </trkpt>
      <trkpt lat="49.160887" lon="15.885045">
        <ele>581.205613</ele>
        <time>2026-05-01T10:18:13.673Z</time>
      </trkpt>
      <trkpt lat="49.160782" lon="15.885003">
        <ele>581.017726</ele>
        <time>2026-05-01T10:18:14.677Z</time>
      </trkpt>
      <trkpt lat="49.160680" lon="15.884954">
        <ele>580.832640</ele>
        <time>2026-05-01T10:18:15.713Z</time>
      </trkpt>
      <trkpt lat="49.160581" lon="15.884903">
        <ele>580.651791</ele>
        <time>2026-05-01T10:18:16.681Z</time>
      </trkpt>
      <trkpt lat="49.160484" lon="15.884854">
        <ele>580.474944</ele>
        <time>2026-05-01T10:18:17.677Z</time>
      </trkpt>
      <trkpt lat="49.160389" lon="15.884800">
        <ele>580.299490</ele>
        <time>2026-05-01T10:18:18.697Z</time>
      </trkpt>
      <trkpt lat="49.160297" lon="15.884748">
        <ele>580.129692</ele>
        <time>2026-05-01T10:18:19.695Z</time>
      </trkpt>
      <trkpt lat="49.160204" lon="15.884700">
        <ele>579.959771</ele>
        <time>2026-05-01T10:18:20.687Z</time>
      </trkpt>
      <trkpt lat="49.160113" lon="15.884651">
        <ele>579.792755</ele>
        <time>2026-05-01T10:18:21.672Z</time>
      </trkpt>
      <trkpt lat="49.160023" lon="15.884601">
        <ele>579.626987</ele>
        <time>2026-05-01T10:18:22.691Z</time>
      </trkpt>
      <trkpt lat="49.159933" lon="15.884551">
        <ele>579.461219</ele>
        <time>2026-05-01T10:18:23.684Z</time>
      </trkpt>
      <trkpt lat="49.159843" lon="15.884501">
        <ele>579.295451</ele>
        <time>2026-05-01T10:18:24.678Z</time>
      </trkpt>
      <trkpt lat="49.159754" lon="15.884452">
        <ele>579.131696</ele>
        <time>2026-05-01T10:18:25.712Z</time>
      </trkpt>
      <trkpt lat="49.159665" lon="15.884404">
        <ele>578.968321</ele>
        <time>2026-05-01T10:18:26.669Z</time>
      </trkpt>
      <trkpt lat="49.159577" lon="15.884356">
        <ele>578.806578</ele>
        <time>2026-05-01T10:18:27.675Z</time>
      </trkpt>
      <trkpt lat="49.159490" lon="15.884302">
        <ele>578.644033</ele>
        <time>2026-05-01T10:18:28.697Z</time>
      </trkpt>
      <trkpt lat="49.159403" lon="15.884248">
        <ele>578.481488</ele>
        <time>2026-05-01T10:18:29.692Z</time>
      </trkpt>
      <trkpt lat="49.159316" lon="15.884194">
        <ele>578.282037</ele>
        <time>2026-05-01T10:18:30.686Z</time>
      </trkpt>
      <trkpt lat="49.159229" lon="15.884142">
        <ele>578.080653</ele>
        <time>2026-05-01T10:18:31.685Z</time>
      </trkpt>
      <trkpt lat="49.159142" lon="15.884092">
        <ele>577.880279</ele>
        <time>2026-05-01T10:18:32.672Z</time>
      </trkpt>
      <trkpt lat="49.159054" lon="15.884044">
        <ele>577.678849</ele>
        <time>2026-05-01T10:18:33.687Z</time>
      </trkpt>
      <trkpt lat="49.158967" lon="15.883994">
        <ele>577.478475</ele>
        <time>2026-05-01T10:18:34.689Z</time>
      </trkpt>
      <trkpt lat="49.158880" lon="15.883945">
        <ele>577.278592</ele>
        <time>2026-05-01T10:18:35.692Z</time>
      </trkpt>
      <trkpt lat="49.158793" lon="15.883897">
        <ele>577.079192</ele>
        <time>2026-05-01T10:18:36.664Z</time>
      </trkpt>
      <trkpt lat="49.158706" lon="15.883849">
        <ele>576.879792</ele>
        <time>2026-05-01T10:18:37.685Z</time>
      </trkpt>
      <trkpt lat="49.158619" lon="15.883801">
        <ele>576.680391</ele>
        <time>2026-05-01T10:18:38.686Z</time>
      </trkpt>
      <trkpt lat="49.158533" lon="15.883753">
        <ele>576.483018</ele>
        <time>2026-05-01T10:18:39.677Z</time>
      </trkpt>
      <trkpt lat="49.158447" lon="15.883704">
        <ele>576.285156</ele>
        <time>2026-05-01T10:18:40.716Z</time>
      </trkpt>
      <trkpt lat="49.158362" lon="15.883656">
        <ele>576.089806</ele>
        <time>2026-05-01T10:18:41.677Z</time>
      </trkpt>
      <trkpt lat="49.158277" lon="15.883608">
        <ele>575.894457</ele>
        <time>2026-05-01T10:18:42.685Z</time>
      </trkpt>
      <trkpt lat="49.158192" lon="15.883564">
        <ele>575.700988</ele>
        <time>2026-05-01T10:18:43.704Z</time>
      </trkpt>
      <trkpt lat="49.158024" lon="15.883472">
        <ele>575.316268</ele>
        <time>2026-05-01T10:18:45.719Z</time>
      </trkpt>
      <trkpt lat="49.157855" lon="15.883386">
        <ele>574.932272</ele>
        <time>2026-05-01T10:18:47.663Z</time>
      </trkpt>
      <trkpt lat="49.157687" lon="15.883302">
        <ele>574.561199</ele>
        <time>2026-05-01T10:18:49.715Z</time>
      </trkpt>
      <trkpt lat="49.157522" lon="15.883213">
        <ele>574.277226</ele>
        <time>2026-05-01T10:18:51.695Z</time>
      </trkpt>
      <trkpt lat="49.157360" lon="15.883122">
        <ele>573.997115</ele>
        <time>2026-05-01T10:18:53.709Z</time>
      </trkpt>
      <trkpt lat="49.157197" lon="15.883039">
        <ele>573.718278</ele>
        <time>2026-05-01T10:18:55.681Z</time>
      </trkpt>
      <trkpt lat="49.157043" lon="15.882949">
        <ele>573.450697</ele>
        <time>2026-05-01T10:18:57.737Z</time>
      </trkpt>
      <trkpt lat="49.156895" lon="15.882862">
        <ele>573.193350</ele>
        <time>2026-05-01T10:18:59.703Z</time>
      </trkpt>
      <trkpt lat="49.156749" lon="15.882783">
        <ele>572.941988</ele>
        <time>2026-05-01T10:19:01.685Z</time>
      </trkpt>
      <trkpt lat="49.156612" lon="15.882707">
        <ele>572.705452</ele>
        <time>2026-05-01T10:19:03.739Z</time>
      </trkpt>
      <trkpt lat="49.156479" lon="15.882627">
        <ele>572.473487</ele>
        <time>2026-05-01T10:19:05.676Z</time>
      </trkpt>
      <trkpt lat="49.156349" lon="15.882560">
        <ele>572.250830</ele>
        <time>2026-05-01T10:19:07.695Z</time>
      </trkpt>
      <trkpt lat="49.156221" lon="15.882491">
        <ele>572.030550</ele>
        <time>2026-05-01T10:19:09.666Z</time>
      </trkpt>
      <trkpt lat="49.156094" lon="15.882425">
        <ele>571.812846</ele>
        <time>2026-05-01T10:19:11.685Z</time>
      </trkpt>
      <trkpt lat="49.155966" lon="15.882362">
        <ele>571.542849</ele>
        <time>2026-05-01T10:19:13.659Z</time>
      </trkpt>
      <trkpt lat="49.155837" lon="15.882301">
        <ele>571.177886</ele>
        <time>2026-05-01T10:19:15.685Z</time>
      </trkpt>
      <trkpt lat="49.155707" lon="15.882247">
        <ele>570.813778</ele>
        <time>2026-05-01T10:19:17.696Z</time>
      </trkpt>
      <trkpt lat="49.155576" lon="15.882200">
        <ele>570.450086</ele>
        <time>2026-05-01T10:19:19.698Z</time>
      </trkpt>
      <trkpt lat="49.155440" lon="15.882153">
        <ele>570.073224</ele>
        <time>2026-05-01T10:19:21.675Z</time>
      </trkpt>
      <trkpt lat="49.155299" lon="15.882114">
        <ele>569.685934</ele>
        <time>2026-05-01T10:19:23.695Z</time>
      </trkpt>
      <trkpt lat="49.155151" lon="15.882085">
        <ele>569.282638</ele>
        <time>2026-05-01T10:19:25.674Z</time>
      </trkpt>
      <trkpt lat="49.154994" lon="15.882066">
        <ele>568.856961</ele>
        <time>2026-05-01T10:19:27.676Z</time>
      </trkpt>
      <trkpt lat="49.154829" lon="15.882057">
        <ele>568.410704</ele>
        <time>2026-05-01T10:19:29.674Z</time>
      </trkpt>
      <trkpt lat="49.154661" lon="15.882054">
        <ele>567.956592</ele>
        <time>2026-05-01T10:19:31.706Z</time>
      </trkpt>
      <trkpt lat="49.154493" lon="15.882053">
        <ele>567.502506</ele>
        <time>2026-05-01T10:19:33.683Z</time>
      </trkpt>
      <trkpt lat="49.154330" lon="15.882056">
        <ele>567.061907</ele>
        <time>2026-05-01T10:19:35.690Z</time>
      </trkpt>
      <trkpt lat="49.154170" lon="15.882061">
        <ele>566.637519</ele>
        <time>2026-05-01T10:19:37.692Z</time>
      </trkpt>
      <trkpt lat="49.154011" lon="15.882066">
        <ele>566.226998</ele>
        <time>2026-05-01T10:19:39.675Z</time>
      </trkpt>
      <trkpt lat="49.153852" lon="15.882076">
        <ele>565.816216</ele>
        <time>2026-05-01T10:19:41.695Z</time>
      </trkpt>
      <trkpt lat="49.153690" lon="15.882083">
        <ele>565.397870</ele>
        <time>2026-05-01T10:19:43.679Z</time>
      </trkpt>
      <trkpt lat="49.153526" lon="15.882087">
        <ele>564.974474</ele>
        <time>2026-05-01T10:19:45.666Z</time>
      </trkpt>
      <trkpt lat="49.153359" lon="15.882092">
        <ele>564.543306</ele>
        <time>2026-05-01T10:19:47.686Z</time>
      </trkpt>
      <trkpt lat="49.153187" lon="15.882095">
        <ele>564.099284</ele>
        <time>2026-05-01T10:19:49.691Z</time>
      </trkpt>
      <trkpt lat="49.153010" lon="15.882093">
        <ele>563.642373</ele>
        <time>2026-05-01T10:19:51.675Z</time>
      </trkpt>
      <trkpt lat="49.152919" lon="15.882094">
        <ele>563.407464</ele>
        <time>2026-05-01T10:19:52.691Z</time>
      </trkpt>
      <trkpt lat="49.152828" lon="15.882098">
        <ele>563.172464</ele>
        <time>2026-05-01T10:19:53.684Z</time>
      </trkpt>
      <trkpt lat="49.152736" lon="15.882095">
        <ele>562.934925</ele>
        <time>2026-05-01T10:19:54.696Z</time>
      </trkpt>
      <trkpt lat="49.152642" lon="15.882095">
        <ele>562.692278</ele>
        <time>2026-05-01T10:19:55.660Z</time>
      </trkpt>
      <trkpt lat="49.152548" lon="15.882095">
        <ele>562.449631</ele>
        <time>2026-05-01T10:19:56.682Z</time>
      </trkpt>
      <trkpt lat="49.152452" lon="15.882095">
        <ele>562.201821</ele>
        <time>2026-05-01T10:19:57.697Z</time>
      </trkpt>
      <trkpt lat="49.152356" lon="15.882101">
        <ele>561.992476</ele>
        <time>2026-05-01T10:19:58.675Z</time>
      </trkpt>
      <trkpt lat="49.152258" lon="15.882105">
        <ele>561.785110</ele>
        <time>2026-05-01T10:19:59.718Z</time>
      </trkpt>
      <trkpt lat="49.152160" lon="15.882111">
        <ele>561.577652</ele>
        <time>2026-05-01T10:20:00.683Z</time>
      </trkpt>
      <trkpt lat="49.152061" lon="15.882114">
        <ele>561.368203</ele>
        <time>2026-05-01T10:20:01.676Z</time>
      </trkpt>
      <trkpt lat="49.151962" lon="15.882117">
        <ele>561.158755</ele>
        <time>2026-05-01T10:20:02.692Z</time>
      </trkpt>
      <trkpt lat="49.151861" lon="15.882119">
        <ele>560.945100</ele>
        <time>2026-05-01T10:20:03.685Z</time>
      </trkpt>
      <trkpt lat="49.151761" lon="15.882122">
        <ele>560.733537</ele>
        <time>2026-05-01T10:20:04.704Z</time>
      </trkpt>
      <trkpt lat="49.151660" lon="15.882128">
        <ele>560.519738</ele>
        <time>2026-05-01T10:20:05.685Z</time>
      </trkpt>
      <trkpt lat="49.151558" lon="15.882129">
        <ele>560.303980</ele>
        <time>2026-05-01T10:20:06.667Z</time>
      </trkpt>
      <trkpt lat="49.151457" lon="15.882133">
        <ele>560.090271</ele>
        <time>2026-05-01T10:20:07.686Z</time>
      </trkpt>
      <trkpt lat="49.151357" lon="15.882140">
        <ele>559.878527</ele>
        <time>2026-05-01T10:20:08.674Z</time>
      </trkpt>
      <trkpt lat="49.151256" lon="15.882148">
        <ele>559.664603</ele>
        <time>2026-05-01T10:20:09.684Z</time>
      </trkpt>
      <trkpt lat="49.151157" lon="15.882162">
        <ele>559.454302</ele>
        <time>2026-05-01T10:20:10.683Z</time>
      </trkpt>
      <trkpt lat="49.151056" lon="15.882172">
        <ele>559.240217</ele>
        <time>2026-05-01T10:20:11.708Z</time>
      </trkpt>
      <trkpt lat="49.150959" lon="15.882180">
        <ele>559.034742</ele>
        <time>2026-05-01T10:20:12.688Z</time>
      </trkpt>
      <trkpt lat="49.150861" lon="15.882189">
        <ele>558.827076</ele>
        <time>2026-05-01T10:20:13.657Z</time>
      </trkpt>
      <trkpt lat="49.150763" lon="15.882198">
        <ele>558.619411</ele>
        <time>2026-05-01T10:20:14.668Z</time>
      </trkpt>
      <trkpt lat="49.150666" lon="15.882205">
        <ele>558.414006</ele>
        <time>2026-05-01T10:20:15.665Z</time>
      </trkpt>
      <trkpt lat="49.150572" lon="15.882213">
        <ele>558.228611</ele>
        <time>2026-05-01T10:20:16.663Z</time>
      </trkpt>
      <trkpt lat="49.150478" lon="15.882218">
        <ele>558.048067</ele>
        <time>2026-05-01T10:20:17.645Z</time>
      </trkpt>
      <trkpt lat="49.150383" lon="15.882225">
        <ele>557.865500</ele>
        <time>2026-05-01T10:20:18.677Z</time>
      </trkpt>
      <trkpt lat="49.150287" lon="15.882234">
        <ele>557.680879</ele>
        <time>2026-05-01T10:20:19.670Z</time>
      </trkpt>
      <trkpt lat="49.150190" lon="15.882243">
        <ele>557.494342</ele>
        <time>2026-05-01T10:20:20.655Z</time>
      </trkpt>
      <trkpt lat="49.150095" lon="15.882251">
        <ele>557.311711</ele>
        <time>2026-05-01T10:20:21.663Z</time>
      </trkpt>
      <trkpt lat="49.150000" lon="15.882258">
        <ele>557.129144</ele>
        <time>2026-05-01T10:20:22.675Z</time>
      </trkpt>
      <trkpt lat="49.149906" lon="15.882265">
        <ele>556.948494</ele>
        <time>2026-05-01T10:20:23.673Z</time>
      </trkpt>
      <trkpt lat="49.149812" lon="15.882271">
        <ele>556.767902</ele>
        <time>2026-05-01T10:20:24.638Z</time>
      </trkpt>
      <trkpt lat="49.149721" lon="15.882278">
        <ele>556.593004</ele>
        <time>2026-05-01T10:20:25.657Z</time>
      </trkpt>
      <trkpt lat="49.149545" lon="15.882283">
        <ele>556.255108</ele>
        <time>2026-05-01T10:20:27.665Z</time>
      </trkpt>
      <trkpt lat="49.149375" lon="15.882287">
        <ele>555.928750</ele>
        <time>2026-05-01T10:20:29.681Z</time>
      </trkpt>
      <trkpt lat="49.149214" lon="15.882301">
        <ele>555.619207</ele>
        <time>2026-05-01T10:20:31.677Z</time>
      </trkpt>
      <trkpt lat="49.149059" lon="15.882315">
        <ele>555.321161</ele>
        <time>2026-05-01T10:20:33.672Z</time>
      </trkpt>
      <trkpt lat="49.148908" lon="15.882323">
        <ele>555.031138</ele>
        <time>2026-05-01T10:20:35.683Z</time>
      </trkpt>
      <trkpt lat="49.148761" lon="15.882335">
        <ele>554.678562</ele>
        <time>2026-05-01T10:20:37.675Z</time>
      </trkpt>
      <trkpt lat="49.148614" lon="15.882350">
        <ele>554.273798</ele>
        <time>2026-05-01T10:20:39.680Z</time>
      </trkpt>
      <trkpt lat="49.148467" lon="15.882361">
        <ele>553.869449</ele>
        <time>2026-05-01T10:20:41.677Z</time>
      </trkpt>
      <trkpt lat="49.148322" lon="15.882373">
        <ele>553.470494</ele>
        <time>2026-05-01T10:20:43.735Z</time>
      </trkpt>
      <trkpt lat="49.148177" lon="15.882388">
        <ele>553.071213</ele>
        <time>2026-05-01T10:20:45.685Z</time>
      </trkpt>
      <trkpt lat="49.148033" lon="15.882400">
        <ele>552.675002</ele>
        <time>2026-05-01T10:20:47.704Z</time>
      </trkpt>
      <trkpt lat="49.147889" lon="15.882410">
        <ele>552.278970</ele>
        <time>2026-05-01T10:20:49.682Z</time>
      </trkpt>
      <trkpt lat="49.147747" lon="15.882420">
        <ele>551.888428</ele>
        <time>2026-05-01T10:20:51.687Z</time>
      </trkpt>
      <trkpt lat="49.147612" lon="15.882436">
        <ele>551.516418</ele>
        <time>2026-05-01T10:20:53.702Z</time>
      </trkpt>
      <trkpt lat="49.147477" lon="15.882430">
        <ele>551.145364</ele>
        <time>2026-05-01T10:20:55.687Z</time>
      </trkpt>
      <trkpt lat="49.147345" lon="15.882429">
        <ele>550.782705</ele>
        <time>2026-05-01T10:20:57.691Z</time>
      </trkpt>
      <trkpt lat="49.147217" lon="15.882460">
        <ele>550.426654</ele>
        <time>2026-05-01T10:20:59.669Z</time>
      </trkpt>
      <trkpt lat="49.147088" lon="15.882480">
        <ele>550.070423</ele>
        <time>2026-05-01T10:21:01.686Z</time>
      </trkpt>
      <trkpt lat="49.146962" lon="15.882493">
        <ele>549.759963</ele>
        <time>2026-05-01T10:21:03.681Z</time>
      </trkpt>
      <trkpt lat="49.146836" lon="15.882508">
        <ele>549.464291</ele>
        <time>2026-05-01T10:21:05.702Z</time>
      </trkpt>
      <trkpt lat="49.146711" lon="15.882518">
        <ele>549.171451</ele>
        <time>2026-05-01T10:21:07.674Z</time>
      </trkpt>
      <trkpt lat="49.146588" lon="15.882532">
        <ele>548.882894</ele>
        <time>2026-05-01T10:21:09.679Z</time>
      </trkpt>
      <trkpt lat="49.146465" lon="15.882545">
        <ele>548.594446</ele>
        <time>2026-05-01T10:21:11.675Z</time>
      </trkpt>
      <trkpt lat="49.146343" lon="15.882557">
        <ele>548.308435</ele>
        <time>2026-05-01T10:21:13.715Z</time>
      </trkpt>
      <trkpt lat="49.146221" lon="15.882571">
        <ele>548.022211</ele>
        <time>2026-05-01T10:21:15.677Z</time>
      </trkpt>
      <trkpt lat="49.146100" lon="15.882578">
        <ele>547.738926</ele>
        <time>2026-05-01T10:21:17.691Z</time>
      </trkpt>
      <trkpt lat="49.145977" lon="15.882581">
        <ele>547.451129</ele>
        <time>2026-05-01T10:21:19.701Z</time>
      </trkpt>
      <trkpt lat="49.145857" lon="15.882580">
        <ele>547.170383</ele>
        <time>2026-05-01T10:21:21.704Z</time>
      </trkpt>
      <trkpt lat="49.145736" lon="15.882589">
        <ele>546.886966</ele>
        <time>2026-05-01T10:21:23.680Z</time>
      </trkpt>
      <trkpt lat="49.145615" lon="15.882604">
        <ele>546.602955</ele>
        <time>2026-05-01T10:21:25.701Z</time>
      </trkpt>
      <trkpt lat="49.145494" lon="15.882625">
        <ele>546.318055</ele>
        <time>2026-05-01T10:21:27.693Z</time>
      </trkpt>
      <trkpt lat="49.145376" lon="15.882643">
        <ele>546.040621</ele>
        <time>2026-05-01T10:21:29.692Z</time>
      </trkpt>
      <trkpt lat="49.145261" lon="15.882659">
        <ele>545.770464</ele>
        <time>2026-05-01T10:21:31.698Z</time>
      </trkpt>
      <trkpt lat="49.145148" lon="15.882666">
        <ele>545.499319</ele>
        <time>2026-05-01T10:21:33.677Z</time>
      </trkpt>
      <trkpt lat="49.145038" lon="15.882672">
        <ele>545.235193</ele>
        <time>2026-05-01T10:21:35.699Z</time>
      </trkpt>
      <trkpt lat="49.144929" lon="15.882680">
        <ele>544.973333</ele>
        <time>2026-05-01T10:21:37.666Z</time>
      </trkpt>
      <trkpt lat="49.144822" lon="15.882688">
        <ele>544.716267</ele>
        <time>2026-05-01T10:21:39.677Z</time>
      </trkpt>
      <trkpt lat="49.144714" lon="15.882697">
        <ele>544.456723</ele>
        <time>2026-05-01T10:21:41.665Z</time>
      </trkpt>
      <trkpt lat="49.144608" lon="15.882706">
        <ele>544.201972</ele>
        <time>2026-05-01T10:21:43.699Z</time>
      </trkpt>
      <trkpt lat="49.144501" lon="15.882712">
        <ele>543.945040</ele>
        <time>2026-05-01T10:21:45.666Z</time>
      </trkpt>
      <trkpt lat="49.144395" lon="15.882716">
        <ele>543.690603</ele>
        <time>2026-05-01T10:21:47.665Z</time>
      </trkpt>
      <trkpt lat="49.144290" lon="15.882725">
        <ele>543.438247</ele>
        <time>2026-05-01T10:21:49.666Z</time>
      </trkpt>
      <trkpt lat="49.144187" lon="15.882729">
        <ele>543.191007</ele>
        <time>2026-05-01T10:21:51.697Z</time>
      </trkpt>
      <trkpt lat="49.144084" lon="15.882739">
        <ele>542.943348</ele>
        <time>2026-05-01T10:21:53.667Z</time>
      </trkpt>
      <trkpt lat="49.143980" lon="15.882747">
        <ele>542.693472</ele>
        <time>2026-05-01T10:21:55.695Z</time>
      </trkpt>
      <trkpt lat="49.143878" lon="15.882747">
        <ele>542.448711</ele>
        <time>2026-05-01T10:21:57.686Z</time>
      </trkpt>
      <trkpt lat="49.143777" lon="15.882759">
        <ele>542.205618</ele>
        <time>2026-05-01T10:21:59.697Z</time>
      </trkpt>
      <trkpt lat="49.143673" lon="15.882764">
        <ele>541.955935</ele>
        <time>2026-05-01T10:22:01.696Z</time>
      </trkpt>
      <trkpt lat="49.143567" lon="15.882765">
        <ele>541.701570</ele>
        <time>2026-05-01T10:22:03.667Z</time>
      </trkpt>
      <trkpt lat="49.143460" lon="15.882773">
        <ele>541.444542</ele>
        <time>2026-05-01T10:22:05.724Z</time>
      </trkpt>
      <trkpt lat="49.143355" lon="15.882781">
        <ele>541.204328</ele>
        <time>2026-05-01T10:22:07.679Z</time>
      </trkpt>
      <trkpt lat="49.143249" lon="15.882785">
        <ele>540.962053</ele>
        <time>2026-05-01T10:22:09.676Z</time>
      </trkpt>
      <trkpt lat="49.143145" lon="15.882800">
        <ele>540.723366</ele>
        <time>2026-05-01T10:22:11.673Z</time>
      </trkpt>
      <trkpt lat="49.143042" lon="15.882808">
        <ele>540.487715</ele>
        <time>2026-05-01T10:22:13.686Z</time>
      </trkpt>
      <trkpt lat="49.142940" lon="15.882817">
        <ele>540.254266</ele>
        <time>2026-05-01T10:22:15.677Z</time>
      </trkpt>
      <trkpt lat="49.142839" lon="15.882824">
        <ele>540.023252</ele>
        <time>2026-05-01T10:22:17.692Z</time>
      </trkpt>
      <trkpt lat="49.142739" lon="15.882827">
        <ele>539.794716</ele>
        <time>2026-05-01T10:22:19.739Z</time>
      </trkpt>
      <trkpt lat="49.142641" lon="15.882832">
        <ele>539.570669</ele>
        <time>2026-05-01T10:22:21.665Z</time>
      </trkpt>
      <trkpt lat="49.142544" lon="15.882841">
        <ele>539.348624</ele>
        <time>2026-05-01T10:22:23.653Z</time>
      </trkpt>
      <trkpt lat="49.142415" lon="15.882815">
        <ele>539.051318</ele>
        <time>2026-05-01T10:22:26.659Z</time>
      </trkpt>
      <trkpt lat="49.142308" lon="15.882819">
        <ele>538.806759</ele>
        <time>2026-05-01T10:22:29.680Z</time>
      </trkpt>
      <trkpt lat="49.142240" lon="15.882957">
        <ele>538.548513</ele>
        <time>2026-05-01T10:22:33.648Z</time>
      </trkpt>
      <trkpt lat="49.142216" lon="15.883162">
        <ele>538.237219</ele>
        <time>2026-05-01T10:22:36.654Z</time>
      </trkpt>
      <trkpt lat="49.142191" lon="15.883323">
        <ele>537.989877</ele>
        <time>2026-05-01T10:22:38.670Z</time>
      </trkpt>
      <trkpt lat="49.142170" lon="15.883493">
        <ele>537.731277</ele>
        <time>2026-05-01T10:22:40.672Z</time>
      </trkpt>
      <trkpt lat="49.142141" lon="15.883672">
        <ele>537.455633</ele>
        <time>2026-05-01T10:22:42.664Z</time>
      </trkpt>
      <trkpt lat="49.142106" lon="15.883850">
        <ele>537.116218</ele>
        <time>2026-05-01T10:22:44.661Z</time>
      </trkpt>
      <trkpt lat="49.142066" lon="15.884031">
        <ele>536.719142</ele>
        <time>2026-05-01T10:22:46.697Z</time>
      </trkpt>
      <trkpt lat="49.142021" lon="15.884211">
        <ele>536.318643</ele>
        <time>2026-05-01T10:22:48.682Z</time>
      </trkpt>
      <trkpt lat="49.141966" lon="15.884384">
        <ele>535.918869</ele>
        <time>2026-05-01T10:22:50.688Z</time>
      </trkpt>
      <trkpt lat="49.141910" lon="15.884555">
        <ele>535.521417</ele>
        <time>2026-05-01T10:22:52.685Z</time>
      </trkpt>
      <trkpt lat="49.141858" lon="15.884727">
        <ele>535.127603</ele>
        <time>2026-05-01T10:22:54.723Z</time>
      </trkpt>
      <trkpt lat="49.141800" lon="15.884894">
        <ele>534.734627</ele>
        <time>2026-05-01T10:22:56.704Z</time>
      </trkpt>
      <trkpt lat="49.141743" lon="15.885058">
        <ele>534.348648</ele>
        <time>2026-05-01T10:22:58.673Z</time>
      </trkpt>
      <trkpt lat="49.141678" lon="15.885213">
        <ele>533.965987</ele>
        <time>2026-05-01T10:23:00.680Z</time>
      </trkpt>
      <trkpt lat="49.141614" lon="15.885366">
        <ele>533.588539</ele>
        <time>2026-05-01T10:23:02.684Z</time>
      </trkpt>
      <trkpt lat="49.141552" lon="15.885519">
        <ele>533.214476</ele>
        <time>2026-05-01T10:23:04.683Z</time>
      </trkpt>
      <trkpt lat="49.141489" lon="15.885673">
        <ele>532.836969</ele>
        <time>2026-05-01T10:23:06.684Z</time>
      </trkpt>
      <trkpt lat="49.141428" lon="15.885831">
        <ele>532.455656</ele>
        <time>2026-05-01T10:23:08.704Z</time>
      </trkpt>
      <trkpt lat="49.141363" lon="15.885987">
        <ele>532.071242</ele>
        <time>2026-05-01T10:23:10.671Z</time>
      </trkpt>
      <trkpt lat="49.141298" lon="15.886142">
        <ele>531.688579</ele>
        <time>2026-05-01T10:23:12.683Z</time>
      </trkpt>
      <trkpt lat="49.141229" lon="15.886291">
        <ele>531.424533</ele>
        <time>2026-05-01T10:23:14.687Z</time>
      </trkpt>
      <trkpt lat="49.141166" lon="15.886444">
        <ele>531.187753</ele>
        <time>2026-05-01T10:23:16.683Z</time>
      </trkpt>
      <trkpt lat="49.141107" lon="15.886605">
        <ele>530.946055</ele>
        <time>2026-05-01T10:23:18.695Z</time>
      </trkpt>
      <trkpt lat="49.141054" lon="15.886775">
        <ele>530.699408</ele>
        <time>2026-05-01T10:23:20.676Z</time>
      </trkpt>
      <trkpt lat="49.141000" lon="15.886947">
        <ele>530.449534</ele>
        <time>2026-05-01T10:23:22.678Z</time>
      </trkpt>
      <trkpt lat="49.140942" lon="15.887119">
        <ele>530.196092</ele>
        <time>2026-05-01T10:23:24.709Z</time>
      </trkpt>
      <trkpt lat="49.140880" lon="15.887296">
        <ele>529.933128</ele>
        <time>2026-05-01T10:23:26.687Z</time>
      </trkpt>
      <trkpt lat="49.140815" lon="15.887475">
        <ele>529.664988</ele>
        <time>2026-05-01T10:23:28.657Z</time>
      </trkpt>
      <trkpt lat="49.140751" lon="15.887661">
        <ele>529.389734</ele>
        <time>2026-05-01T10:23:30.692Z</time>
      </trkpt>
      <trkpt lat="49.140691" lon="15.887853">
        <ele>529.111044</ele>
        <time>2026-05-01T10:23:32.675Z</time>
      </trkpt>
      <trkpt lat="49.140618" lon="15.888037">
        <ele>528.829197</ele>
        <time>2026-05-01T10:23:34.698Z</time>
      </trkpt>
      <trkpt lat="49.140541" lon="15.888219">
        <ele>528.545317</ele>
        <time>2026-05-01T10:23:36.679Z</time>
      </trkpt>
      <trkpt lat="49.140463" lon="15.888399">
        <ele>528.262533</ele>
        <time>2026-05-01T10:23:38.685Z</time>
      </trkpt>
      <trkpt lat="49.140384" lon="15.888575">
        <ele>528.008518</ele>
        <time>2026-05-01T10:23:40.684Z</time>
      </trkpt>
      <trkpt lat="49.140302" lon="15.888741">
        <ele>527.923329</ele>
        <time>2026-05-01T10:23:42.699Z</time>
      </trkpt>
      <trkpt lat="49.140221" lon="15.888904">
        <ele>527.839497</ele>
        <time>2026-05-01T10:23:44.677Z</time>
      </trkpt>
      <trkpt lat="49.140145" lon="15.889064">
        <ele>527.758518</ele>
        <time>2026-05-01T10:23:46.704Z</time>
      </trkpt>
      <trkpt lat="49.140070" lon="15.889221">
        <ele>527.678901</ele>
        <time>2026-05-01T10:23:48.674Z</time>
      </trkpt>
      <trkpt lat="49.139999" lon="15.889378">
        <ele>527.600734</ele>
        <time>2026-05-01T10:23:50.701Z</time>
      </trkpt>
      <trkpt lat="49.139928" lon="15.889532">
        <ele>527.523575</ele>
        <time>2026-05-01T10:23:52.692Z</time>
      </trkpt>
      <trkpt lat="49.139853" lon="15.889686">
        <ele>527.444946</ele>
        <time>2026-05-01T10:23:54.677Z</time>
      </trkpt>
      <trkpt lat="49.139778" lon="15.889844">
        <ele>527.364998</ele>
        <time>2026-05-01T10:23:56.723Z</time>
      </trkpt>
      <trkpt lat="49.139701" lon="15.890003">
        <ele>527.283978</ele>
        <time>2026-05-01T10:23:58.696Z</time>
      </trkpt>
      <trkpt lat="49.139623" lon="15.890163">
        <ele>527.202257</ele>
        <time>2026-05-01T10:24:00.668Z</time>
      </trkpt>
      <trkpt lat="49.139548" lon="15.890324">
        <ele>527.121310</ele>
        <time>2026-05-01T10:24:02.684Z</time>
      </trkpt>
      <trkpt lat="49.139474" lon="15.890485">
        <ele>527.040725</ele>
        <time>2026-05-01T10:24:04.692Z</time>
      </trkpt>
      <trkpt lat="49.139399" lon="15.890644">
        <ele>526.960444</ele>
        <time>2026-05-01T10:24:06.690Z</time>
      </trkpt>
      <trkpt lat="49.139325" lon="15.890802">
        <ele>526.869880</ele>
        <time>2026-05-01T10:24:08.672Z</time>
      </trkpt>
      <trkpt lat="49.139257" lon="15.890962">
        <ele>526.727151</ele>
        <time>2026-05-01T10:24:10.696Z</time>
      </trkpt>
      <trkpt lat="49.139187" lon="15.891116">
        <ele>526.586873</ele>
        <time>2026-05-01T10:24:12.681Z</time>
      </trkpt>
      <trkpt lat="49.139121" lon="15.891267">
        <ele>526.451024</ele>
        <time>2026-05-01T10:24:14.672Z</time>
      </trkpt>
      <trkpt lat="49.139060" lon="15.891417">
        <ele>526.318902</ele>
        <time>2026-05-01T10:24:16.702Z</time>
      </trkpt>
      <trkpt lat="49.138999" lon="15.891556">
        <ele>526.193693</ele>
        <time>2026-05-01T10:24:18.691Z</time>
      </trkpt>
      <trkpt lat="49.138936" lon="15.891691">
        <ele>526.069644</ele>
        <time>2026-05-01T10:24:20.691Z</time>
      </trkpt>
      <trkpt lat="49.138877" lon="15.891813">
        <ele>525.956151</ele>
        <time>2026-05-01T10:24:22.675Z</time>
      </trkpt>
      <trkpt lat="49.138822" lon="15.891930">
        <ele>525.848376</ele>
        <time>2026-05-01T10:24:24.678Z</time>
      </trkpt>
      <trkpt lat="49.138767" lon="15.892046">
        <ele>525.741206</ele>
        <time>2026-05-01T10:24:26.704Z</time>
      </trkpt>
      <trkpt lat="49.138690" lon="15.892208">
        <ele>525.591412</ele>
        <time>2026-05-01T10:24:29.690Z</time>
      </trkpt>
      <trkpt lat="49.138620" lon="15.892365">
        <ele>525.449283</ele>
        <time>2026-05-01T10:24:32.689Z</time>
      </trkpt>
      <trkpt lat="49.138554" lon="15.892513">
        <ele>525.315294</ele>
        <time>2026-05-01T10:24:35.689Z</time>
      </trkpt>
      <trkpt lat="49.138493" lon="15.892657">
        <ele>525.186961</ele>
        <time>2026-05-01T10:24:38.698Z</time>
      </trkpt>
      <trkpt lat="49.138435" lon="15.892799">
        <ele>525.061731</ele>
        <time>2026-05-01T10:24:41.699Z</time>
      </trkpt>
      <trkpt lat="49.138376" lon="15.892926">
        <ele>524.945209</ele>
        <time>2026-05-01T10:24:44.693Z</time>
      </trkpt>
      <trkpt lat="49.138325" lon="15.893060">
        <ele>524.837893</ele>
        <time>2026-05-01T10:24:47.695Z</time>
      </trkpt>
      <trkpt lat="49.138281" lon="15.893196">
        <ele>524.843287</ele>
        <time>2026-05-01T10:24:50.691Z</time>
      </trkpt>
      <trkpt lat="49.138240" lon="15.893330">
        <ele>524.848546</ele>
        <time>2026-05-01T10:24:53.698Z</time>
      </trkpt>
      <trkpt lat="49.138186" lon="15.893489">
        <ele>524.854915</ele>
        <time>2026-05-01T10:24:57.669Z</time>
      </trkpt>
      <trkpt lat="49.138133" lon="15.893619">
        <ele>524.860360</ele>
        <time>2026-05-01T10:25:01.695Z</time>
      </trkpt>
      <trkpt lat="49.138078" lon="15.893742">
        <ele>524.865657</ele>
        <time>2026-05-01T10:25:05.702Z</time>
      </trkpt>
      <trkpt lat="49.138033" lon="15.893864">
        <ele>524.870636</ele>
        <time>2026-05-01T10:25:09.695Z</time>
      </trkpt>
      <trkpt lat="49.137978" lon="15.893979">
        <ele>524.875700</ele>
        <time>2026-05-01T10:25:13.682Z</time>
      </trkpt>
      <trkpt lat="49.137921" lon="15.894108">
        <ele>524.881234</ele>
        <time>2026-05-01T10:25:17.676Z</time>
      </trkpt>
      <trkpt lat="49.137871" lon="15.894240">
        <ele>524.886656</ele>
        <time>2026-05-01T10:25:21.679Z</time>
      </trkpt>
      <trkpt lat="49.137823" lon="15.894362">
        <ele>524.891717</ele>
        <time>2026-05-01T10:25:25.688Z</time>
      </trkpt>
      <trkpt lat="49.137767" lon="15.894515">
        <ele>524.897950</ele>
        <time>2026-05-01T10:25:30.682Z</time>
      </trkpt>
      <trkpt lat="49.137723" lon="15.894642">
        <ele>524.903059</ele>
        <time>2026-05-01T10:25:34.672Z</time>
      </trkpt>
      <trkpt lat="49.137683" lon="15.894775">
        <ele>524.908263</ele>
        <time>2026-05-01T10:25:38.682Z</time>
      </trkpt>
      <trkpt lat="49.137646" lon="15.894909">
        <ele>524.913434</ele>
        <time>2026-05-01T10:25:42.693Z</time>
      </trkpt>
      <trkpt lat="49.137614" lon="15.895047">
        <ele>524.918639</ele>
        <time>2026-05-01T10:25:46.661Z</time>
      </trkpt>
      <trkpt lat="49.137574" lon="15.895193">
        <ele>524.924266</ele>
        <time>2026-05-01T10:25:50.696Z</time>
      </trkpt>
      <trkpt lat="49.137535" lon="15.895345">
        <ele>524.930070</ele>
        <time>2026-05-01T10:25:54.686Z</time>
      </trkpt>
      <trkpt lat="49.137493" lon="15.895505">
        <ele>524.965447</ele>
        <time>2026-05-01T10:25:58.682Z</time>
      </trkpt>
      <trkpt lat="49.137447" lon="15.895665">
        <ele>525.160499</ele>
        <time>2026-05-01T10:26:02.677Z</time>
      </trkpt>
      <trkpt lat="49.137396" lon="15.895816">
        <ele>525.350157</ele>
        <time>2026-05-01T10:26:06.695Z</time>
      </trkpt>
      <trkpt lat="49.137342" lon="15.895952">
        <ele>525.527709</ele>
        <time>2026-05-01T10:26:10.675Z</time>
      </trkpt>
      <trkpt lat="49.137291" lon="15.896081">
        <ele>525.695926</ele>
        <time>2026-05-01T10:26:14.674Z</time>
      </trkpt>
      <trkpt lat="49.137239" lon="15.896202">
        <ele>525.857499</ele>
        <time>2026-05-01T10:26:18.688Z</time>
      </trkpt>
      <trkpt lat="49.137188" lon="15.896323">
        <ele>526.018142</ele>
        <time>2026-05-01T10:26:22.672Z</time>
      </trkpt>
      <trkpt lat="49.137135" lon="15.896445">
        <ele>526.181587</ele>
        <time>2026-05-01T10:26:26.701Z</time>
      </trkpt>
      <trkpt lat="49.137078" lon="15.896561">
        <ele>526.343500</ele>
        <time>2026-05-01T10:26:30.678Z</time>
      </trkpt>
      <trkpt lat="49.137023" lon="15.896678">
        <ele>526.504292</ele>
        <time>2026-05-01T10:26:34.666Z</time>
      </trkpt>
      <trkpt lat="49.136970" lon="15.896802">
        <ele>526.669602</ele>
        <time>2026-05-01T10:26:38.677Z</time>
      </trkpt>
      <trkpt lat="49.136906" lon="15.896928">
        <ele>526.847633</ele>
        <time>2026-05-01T10:26:42.692Z</time>
      </trkpt>
      <trkpt lat="49.136844" lon="15.897056">
        <ele>527.025382</ele>
        <time>2026-05-01T10:26:46.686Z</time>
      </trkpt>
      <trkpt lat="49.136775" lon="15.897176">
        <ele>527.203685</ele>
        <time>2026-05-01T10:26:50.691Z</time>
      </trkpt>
      <trkpt lat="49.136702" lon="15.897295">
        <ele>527.385748</ele>
        <time>2026-05-01T10:26:54.678Z</time>
      </trkpt>
      <trkpt lat="49.136633" lon="15.897412">
        <ele>527.561550</ele>
        <time>2026-05-01T10:26:58.675Z</time>
      </trkpt>
      <trkpt lat="49.136560" lon="15.897535">
        <ele>527.746896</ele>
        <time>2026-05-01T10:27:02.691Z</time>
      </trkpt>
      <trkpt lat="49.136489" lon="15.897659">
        <ele>527.930805</ele>
        <time>2026-05-01T10:27:06.702Z</time>
      </trkpt>
      <trkpt lat="49.136418" lon="15.897783">
        <ele>528.123437</ele>
        <time>2026-05-01T10:27:10.702Z</time>
      </trkpt>
      <trkpt lat="49.136341" lon="15.897915">
        <ele>528.336297</ele>
        <time>2026-05-01T10:27:14.704Z</time>
      </trkpt>
      <trkpt lat="49.136277" lon="15.898020">
        <ele>528.509025</ele>
        <time>2026-05-01T10:27:17.684Z</time>
      </trkpt>
      <trkpt lat="49.136211" lon="15.898130">
        <ele>528.688670</ele>
        <time>2026-05-01T10:27:20.699Z</time>
      </trkpt>
      <trkpt lat="49.136138" lon="15.898252">
        <ele>528.887665</ele>
        <time>2026-05-01T10:27:23.670Z</time>
      </trkpt>
      <trkpt lat="49.136064" lon="15.898379">
        <ele>529.092360</ele>
        <time>2026-05-01T10:27:26.683Z</time>
      </trkpt>
      <trkpt lat="49.135993" lon="15.898499">
        <ele>529.287098</ele>
        <time>2026-05-01T10:27:29.683Z</time>
      </trkpt>
      <trkpt lat="49.135925" lon="15.898617">
        <ele>529.476365</ele>
        <time>2026-05-01T10:27:32.671Z</time>
      </trkpt>
      <trkpt lat="49.135855" lon="15.898732">
        <ele>529.665425</ele>
        <time>2026-05-01T10:27:35.683Z</time>
      </trkpt>
      <trkpt lat="49.135787" lon="15.898849">
        <ele>529.853792</ele>
        <time>2026-05-01T10:27:38.673Z</time>
      </trkpt>
      <trkpt lat="49.135728" lon="15.898966">
        <ele>530.031593</ele>
        <time>2026-05-01T10:27:41.677Z</time>
      </trkpt>
      <trkpt lat="49.135664" lon="15.899070">
        <ele>530.203444</ele>
        <time>2026-05-01T10:27:44.691Z</time>
      </trkpt>
      <trkpt lat="49.135601" lon="15.899175">
        <ele>530.374924</ele>
        <time>2026-05-01T10:27:47.737Z</time>
      </trkpt>
      <trkpt lat="49.135541" lon="15.899282">
        <ele>530.544545</ele>
        <time>2026-05-01T10:27:50.708Z</time>
      </trkpt>
      <trkpt lat="49.135472" lon="15.899401">
        <ele>530.735933</ele>
        <time>2026-05-01T10:27:53.695Z</time>
      </trkpt>
      <trkpt lat="49.135386" lon="15.899537">
        <ele>530.963591</ele>
        <time>2026-05-01T10:27:56.680Z</time>
      </trkpt>
      <trkpt lat="49.135324" lon="15.899639">
        <ele>531.131171</ele>
        <time>2026-05-01T10:27:58.704Z</time>
      </trkpt>
      <trkpt lat="49.135262" lon="15.899739">
        <ele>531.296996</ele>
        <time>2026-05-01T10:28:00.688Z</time>
      </trkpt>
      <trkpt lat="49.135174" lon="15.899891">
        <ele>531.504622</ele>
        <time>2026-05-01T10:28:03.688Z</time>
      </trkpt>
      <trkpt lat="49.135086" lon="15.900043">
        <ele>531.709772</ele>
        <time>2026-05-01T10:28:06.694Z</time>
      </trkpt>
      <trkpt lat="49.135003" lon="15.900200">
        <ele>531.913793</ele>
        <time>2026-05-01T10:28:09.692Z</time>
      </trkpt>
      <trkpt lat="49.134913" lon="15.900349">
        <ele>532.118766</ele>
        <time>2026-05-01T10:28:12.683Z</time>
      </trkpt>
      <trkpt lat="49.134827" lon="15.900501">
        <ele>532.321882</ele>
        <time>2026-05-01T10:28:15.683Z</time>
      </trkpt>
      <trkpt lat="49.134744" lon="15.900636">
        <ele>532.509129</ele>
        <time>2026-05-01T10:28:18.702Z</time>
      </trkpt>
      <trkpt lat="49.134677" lon="15.900751">
        <ele>532.664774</ele>
        <time>2026-05-01T10:28:21.678Z</time>
      </trkpt>
      <trkpt lat="49.134607" lon="15.900870">
        <ele>532.826523</ele>
        <time>2026-05-01T10:28:24.753Z</time>
      </trkpt>
      <trkpt lat="49.134534" lon="15.900984">
        <ele>532.987756</ele>
        <time>2026-05-01T10:28:27.667Z</time>
      </trkpt>
      <trkpt lat="49.134466" lon="15.901121">
        <ele>533.161571</ele>
        <time>2026-05-01T10:28:30.627Z</time>
      </trkpt>
      <trkpt lat="49.134397" lon="15.901251">
        <ele>533.330774</ele>
        <time>2026-05-01T10:28:33.634Z</time>
      </trkpt>
      <trkpt lat="49.134336" lon="15.901363">
        <ele>533.478072</ele>
        <time>2026-05-01T10:28:36.641Z</time>
      </trkpt>
      <trkpt lat="49.134257" lon="15.901474">
        <ele>533.643853</ele>
        <time>2026-05-01T10:28:39.667Z</time>
      </trkpt>
      <trkpt lat="49.134191" lon="15.901606">
        <ele>533.811776</ele>
        <time>2026-05-01T10:28:44.662Z</time>
      </trkpt>
      <trkpt lat="49.134120" lon="15.901744">
        <ele>533.989226</ele>
        <time>2026-05-01T10:28:49.705Z</time>
      </trkpt>
      <trkpt lat="49.134043" lon="15.901859">
        <ele>534.158292</ele>
        <time>2026-05-01T10:28:54.673Z</time>
      </trkpt>
      <trkpt lat="49.133978" lon="15.901964">
        <ele>534.310631</ele>
        <time>2026-05-01T10:28:59.652Z</time>
      </trkpt>
      <trkpt lat="49.133909" lon="15.902086">
        <ele>534.480584</ele>
        <time>2026-05-01T10:29:04.653Z</time>
      </trkpt>
      <trkpt lat="49.133840" lon="15.902199">
        <ele>534.643479</ele>
        <time>2026-05-01T10:29:07.655Z</time>
      </trkpt>
      <trkpt lat="49.133760" lon="15.902339">
        <ele>534.839372</ele>
        <time>2026-05-01T10:29:10.664Z</time>
      </trkpt>
      <trkpt lat="49.133671" lon="15.902493">
        <ele>535.055919</ele>
        <time>2026-05-01T10:29:13.657Z</time>
      </trkpt>
      <trkpt lat="49.133604" lon="15.902603">
        <ele>535.214305</ele>
        <time>2026-05-01T10:29:15.656Z</time>
      </trkpt>
      <trkpt lat="49.133538" lon="15.902717">
        <ele>535.374730</ele>
        <time>2026-05-01T10:29:17.680Z</time>
      </trkpt>
      <trkpt lat="49.133473" lon="15.902825">
        <ele>535.529381</ele>
        <time>2026-05-01T10:29:19.664Z</time>
      </trkpt>
      <trkpt lat="49.133408" lon="15.902932">
        <ele>535.683259</ele>
        <time>2026-05-01T10:29:21.683Z</time>
      </trkpt>
      <trkpt lat="49.133344" lon="15.903042">
        <ele>535.838393</ele>
        <time>2026-05-01T10:29:23.661Z</time>
      </trkpt>
      <trkpt lat="49.133280" lon="15.903150">
        <ele>535.991959</ele>
        <time>2026-05-01T10:29:25.660Z</time>
      </trkpt>
      <trkpt lat="49.133219" lon="15.903256">
        <ele>536.140734</ele>
        <time>2026-05-01T10:29:27.659Z</time>
      </trkpt>
      <trkpt lat="49.133159" lon="15.903363">
        <ele>536.289250</ele>
        <time>2026-05-01T10:29:29.686Z</time>
      </trkpt>
      <trkpt lat="49.133099" lon="15.903468">
        <ele>536.436171</ele>
        <time>2026-05-01T10:29:31.685Z</time>
      </trkpt>
      <trkpt lat="49.133039" lon="15.903571">
        <ele>536.581512</ele>
        <time>2026-05-01T10:29:33.653Z</time>
      </trkpt>
      <trkpt lat="49.132979" lon="15.903676">
        <ele>536.728433</ele>
        <time>2026-05-01T10:29:35.662Z</time>
      </trkpt>
      <trkpt lat="49.132917" lon="15.903781">
        <ele>536.877494</ele>
        <time>2026-05-01T10:29:37.674Z</time>
      </trkpt>
      <trkpt lat="49.132854" lon="15.903887">
        <ele>536.966218</ele>
        <time>2026-05-01T10:29:39.674Z</time>
      </trkpt>
      <trkpt lat="49.132791" lon="15.903991">
        <ele>536.884219</ele>
        <time>2026-05-01T10:29:41.770Z</time>
      </trkpt>
      <trkpt lat="49.132721" lon="15.904101">
        <ele>536.795440</ele>
        <time>2026-05-01T10:29:43.670Z</time>
      </trkpt>
      <trkpt lat="49.132646" lon="15.904209">
        <ele>536.704320</ele>
        <time>2026-05-01T10:29:45.679Z</time>
      </trkpt>
      <trkpt lat="49.132561" lon="15.904316">
        <ele>536.606946</ele>
        <time>2026-05-01T10:29:47.686Z</time>
      </trkpt>
      <trkpt lat="49.132467" lon="15.904408">
        <ele>536.508244</ele>
        <time>2026-05-01T10:29:49.662Z</time>
      </trkpt>
      <trkpt lat="49.132367" lon="15.904506">
        <ele>536.403201</ele>
        <time>2026-05-01T10:29:51.654Z</time>
      </trkpt>
      <trkpt lat="49.132239" lon="15.904600">
        <ele>536.277628</ele>
        <time>2026-05-01T10:29:53.653Z</time>
      </trkpt>
      <trkpt lat="49.132109" lon="15.904673">
        <ele>536.155162</ele>
        <time>2026-05-01T10:29:55.685Z</time>
      </trkpt>
      <trkpt lat="49.131968" lon="15.904728">
        <ele>536.026486</ele>
        <time>2026-05-01T10:29:57.693Z</time>
      </trkpt>
      <trkpt lat="49.131811" lon="15.904748">
        <ele>535.887177</ele>
        <time>2026-05-01T10:29:59.686Z</time>
      </trkpt>
      <trkpt lat="49.131651" lon="15.904741">
        <ele>535.745639</ele>
        <time>2026-05-01T10:30:01.699Z</time>
      </trkpt>
      <trkpt lat="49.131489" lon="15.904703">
        <ele>535.600713</ele>
        <time>2026-05-01T10:30:03.684Z</time>
      </trkpt>
      <trkpt lat="49.131332" lon="15.904633">
        <ele>535.456098</ele>
        <time>2026-05-01T10:30:05.695Z</time>
      </trkpt>
      <trkpt lat="49.131178" lon="15.904545">
        <ele>535.158817</ele>
        <time>2026-05-01T10:30:07.678Z</time>
      </trkpt>
      <trkpt lat="49.131023" lon="15.904444">
        <ele>534.749958</ele>
        <time>2026-05-01T10:30:09.693Z</time>
      </trkpt>
      <trkpt lat="49.130865" lon="15.904343">
        <ele>534.334393</ele>
        <time>2026-05-01T10:30:11.692Z</time>
      </trkpt>
      <trkpt lat="49.130704" lon="15.904249">
        <ele>533.916197</ele>
        <time>2026-05-01T10:30:13.683Z</time>
      </trkpt>
      <trkpt lat="49.130543" lon="15.904151">
        <ele>533.495693</ele>
        <time>2026-05-01T10:30:15.686Z</time>
      </trkpt>
      <trkpt lat="49.130383" lon="15.904057">
        <ele>533.079762</ele>
        <time>2026-05-01T10:30:17.668Z</time>
      </trkpt>
      <trkpt lat="49.130225" lon="15.903962">
        <ele>532.667779</ele>
        <time>2026-05-01T10:30:19.682Z</time>
      </trkpt>
      <trkpt lat="49.130069" lon="15.903864">
        <ele>532.258520</ele>
        <time>2026-05-01T10:30:21.708Z</time>
      </trkpt>
      <trkpt lat="49.129916" lon="15.903761">
        <ele>531.852850</ele>
        <time>2026-05-01T10:30:23.677Z</time>
      </trkpt>
      <trkpt lat="49.129764" lon="15.903661">
        <ele>531.451306</ele>
        <time>2026-05-01T10:30:25.678Z</time>
      </trkpt>
      <trkpt lat="49.129613" lon="15.903564">
        <ele>531.053859</ele>
        <time>2026-05-01T10:30:27.694Z</time>
      </trkpt>
      <trkpt lat="49.129466" lon="15.903473">
        <ele>530.692687</ele>
        <time>2026-05-01T10:30:29.692Z</time>
      </trkpt>
      <trkpt lat="49.129325" lon="15.903385">
        <ele>530.347125</ele>
        <time>2026-05-01T10:30:31.678Z</time>
      </trkpt>
      <trkpt lat="49.129191" lon="15.903302">
        <ele>530.019072</ele>
        <time>2026-05-01T10:30:33.714Z</time>
      </trkpt>
      <trkpt lat="49.129059" lon="15.903237">
        <ele>529.704417</ele>
        <time>2026-05-01T10:30:35.666Z</time>
      </trkpt>
      <trkpt lat="49.128929" lon="15.903199">
        <ele>529.404115</ele>
        <time>2026-05-01T10:30:37.678Z</time>
      </trkpt>
      <trkpt lat="49.128801" lon="15.903180">
        <ele>529.112332</ele>
        <time>2026-05-01T10:30:39.675Z</time>
      </trkpt>
      <trkpt lat="49.128673" lon="15.903178">
        <ele>528.821900</ele>
        <time>2026-05-01T10:30:41.678Z</time>
      </trkpt>
      <trkpt lat="49.128546" lon="15.903183">
        <ele>528.533657</ele>
        <time>2026-05-01T10:30:43.687Z</time>
      </trkpt>
      <trkpt lat="49.128422" lon="15.903188">
        <ele>528.252218</ele>
        <time>2026-05-01T10:30:45.727Z</time>
      </trkpt>
      <trkpt lat="49.128304" lon="15.903202">
        <ele>527.983685</ele>
        <time>2026-05-01T10:30:47.669Z</time>
      </trkpt>
      <trkpt lat="49.128192" lon="15.903207">
        <ele>527.729462</ele>
        <time>2026-05-01T10:30:49.686Z</time>
      </trkpt>
      <trkpt lat="49.128087" lon="15.903219">
        <ele>527.490564</ele>
        <time>2026-05-01T10:30:51.667Z</time>
      </trkpt>
      <trkpt lat="49.127985" lon="15.903225">
        <ele>527.258967</ele>
        <time>2026-05-01T10:30:53.669Z</time>
      </trkpt>
      <trkpt lat="49.127890" lon="15.903222">
        <ele>527.043377</ele>
        <time>2026-05-01T10:30:55.682Z</time>
      </trkpt>
      <trkpt lat="49.127799" lon="15.903227">
        <ele>526.877053</ele>
        <time>2026-05-01T10:30:57.681Z</time>
      </trkpt>
      <trkpt lat="49.127708" lon="15.903234">
        <ele>526.742219</ele>
        <time>2026-05-01T10:30:59.680Z</time>
      </trkpt>
      <trkpt lat="49.127614" lon="15.903237">
        <ele>526.603086</ele>
        <time>2026-05-01T10:31:01.672Z</time>
      </trkpt>
      <trkpt lat="49.127522" lon="15.903240">
        <ele>526.466912</ele>
        <time>2026-05-01T10:31:03.675Z</time>
      </trkpt>
      <trkpt lat="49.127399" lon="15.903248">
        <ele>526.284729</ele>
        <time>2026-05-01T10:31:06.680Z</time>
      </trkpt>
      <trkpt lat="49.127293" lon="15.903257">
        <ele>526.127627</ele>
        <time>2026-05-01T10:31:09.696Z</time>
      </trkpt>
      <trkpt lat="49.127199" lon="15.903267">
        <ele>525.988187</ele>
        <time>2026-05-01T10:31:12.672Z</time>
      </trkpt>
      <trkpt lat="49.127101" lon="15.903285">
        <ele>525.842121</ele>
        <time>2026-05-01T10:31:15.681Z</time>
      </trkpt>
      <trkpt lat="49.126988" lon="15.903269">
        <ele>525.674185</ele>
        <time>2026-05-01T10:31:18.700Z</time>
      </trkpt>
      <trkpt lat="49.126861" lon="15.903268">
        <ele>525.486246</ele>
        <time>2026-05-01T10:31:21.666Z</time>
      </trkpt>
      <trkpt lat="49.126732" lon="15.903252">
        <ele>525.294722</ele>
        <time>2026-05-01T10:31:24.689Z</time>
      </trkpt>
      <trkpt lat="49.126611" lon="15.903232">
        <ele>525.114619</ele>
        <time>2026-05-01T10:31:27.676Z</time>
      </trkpt>
      <trkpt lat="49.126495" lon="15.903207">
        <ele>524.941261</ele>
        <time>2026-05-01T10:31:30.672Z</time>
      </trkpt>
      <trkpt lat="49.126387" lon="15.903158">
        <ele>524.774546</ele>
        <time>2026-05-01T10:31:33.675Z</time>
      </trkpt>
      <trkpt lat="49.126288" lon="15.903102">
        <ele>524.618329</ele>
        <time>2026-05-01T10:31:36.697Z</time>
      </trkpt>
      <trkpt lat="49.126198" lon="15.903057">
        <ele>524.478197</ele>
        <time>2026-05-01T10:31:39.682Z</time>
      </trkpt>
      <trkpt lat="49.126112" lon="15.903013">
        <ele>524.343989</ele>
        <time>2026-05-01T10:31:42.667Z</time>
      </trkpt>
      <trkpt lat="49.126000" lon="15.902975">
        <ele>524.324367</ele>
        <time>2026-05-01T10:31:46.693Z</time>
      </trkpt>
      <trkpt lat="49.125903" lon="15.902954">
        <ele>524.365909</ele>
        <time>2026-05-01T10:31:50.718Z</time>
      </trkpt>
      <trkpt lat="49.125805" lon="15.902934">
        <ele>524.407833</ele>
        <time>2026-05-01T10:31:54.679Z</time>
      </trkpt>
      <trkpt lat="49.125708" lon="15.902916">
        <ele>524.449266</ele>
        <time>2026-05-01T10:31:58.694Z</time>
      </trkpt>
      <trkpt lat="49.125598" lon="15.902889">
        <ele>524.496507</ele>
        <time>2026-05-01T10:32:03.687Z</time>
      </trkpt>
      <trkpt lat="49.125506" lon="15.902878">
        <ele>524.535636</ele>
        <time>2026-05-01T10:32:07.696Z</time>
      </trkpt>
      <trkpt lat="49.125413" lon="15.902854">
        <ele>524.575629</ele>
        <time>2026-05-01T10:32:11.691Z</time>
      </trkpt>
      <trkpt lat="49.125319" lon="15.902837">
        <ele>524.615766</ele>
        <time>2026-05-01T10:32:15.677Z</time>
      </trkpt>
      <trkpt lat="49.125215" lon="15.902798">
        <ele>524.661174</ele>
        <time>2026-05-01T10:32:19.692Z</time>
      </trkpt>
      <trkpt lat="49.125094" lon="15.902768">
        <ele>524.713152</ele>
        <time>2026-05-01T10:32:23.696Z</time>
      </trkpt>
      <trkpt lat="49.124984" lon="15.902736">
        <ele>524.760633</ele>
        <time>2026-05-01T10:32:26.687Z</time>
      </trkpt>
      <trkpt lat="49.124858" lon="15.902697">
        <ele>524.815146</ele>
        <time>2026-05-01T10:32:29.691Z</time>
      </trkpt>
      <trkpt lat="49.124766" lon="15.902670">
        <ele>524.854869</ele>
        <time>2026-05-01T10:32:31.674Z</time>
      </trkpt>
      <trkpt lat="49.124667" lon="15.902637">
        <ele>524.897835</ele>
        <time>2026-05-01T10:32:33.687Z</time>
      </trkpt>
      <trkpt lat="49.124563" lon="15.902610">
        <ele>524.942566</ele>
        <time>2026-05-01T10:32:35.672Z</time>
      </trkpt>
      <trkpt lat="49.124452" lon="15.902591">
        <ele>524.989928</ele>
        <time>2026-05-01T10:32:37.674Z</time>
      </trkpt>
      <trkpt lat="49.124339" lon="15.902563">
        <ele>525.038469</ele>
        <time>2026-05-01T10:32:39.682Z</time>
      </trkpt>
      <trkpt lat="49.124224" lon="15.902535">
        <ele>524.974191</ele>
        <time>2026-05-01T10:32:41.659Z</time>
      </trkpt>
      <trkpt lat="49.124106" lon="15.902503">
        <ele>524.856355</ele>
        <time>2026-05-01T10:32:43.687Z</time>
      </trkpt>
      <trkpt lat="49.123983" lon="15.902479">
        <ele>524.734435</ele>
        <time>2026-05-01T10:32:45.668Z</time>
      </trkpt>
      <trkpt lat="49.123860" lon="15.902457">
        <ele>524.612670</ele>
        <time>2026-05-01T10:32:47.770Z</time>
      </trkpt>
      <trkpt lat="49.123735" lon="15.902436">
        <ele>524.489024</ele>
        <time>2026-05-01T10:32:49.645Z</time>
      </trkpt>
      <trkpt lat="49.123610" lon="15.902423">
        <ele>524.365835</ele>
        <time>2026-05-01T10:32:51.653Z</time>
      </trkpt>
      <trkpt lat="49.123484" lon="15.902402">
        <ele>524.241211</ele>
        <time>2026-05-01T10:32:53.682Z</time>
      </trkpt>
      <trkpt lat="49.123355" lon="15.902384">
        <ele>524.113845</ele>
        <time>2026-05-01T10:32:55.676Z</time>
      </trkpt>
      <trkpt lat="49.123220" lon="15.902361">
        <ele>523.980285</ele>
        <time>2026-05-01T10:32:57.665Z</time>
      </trkpt>
      <trkpt lat="49.123080" lon="15.902343">
        <ele>523.842145</ele>
        <time>2026-05-01T10:32:59.669Z</time>
      </trkpt>
      <trkpt lat="49.122934" lon="15.902318">
        <ele>523.697693</ele>
        <time>2026-05-01T10:33:01.670Z</time>
      </trkpt>
      <trkpt lat="49.122785" lon="15.902284">
        <ele>523.549565</ele>
        <time>2026-05-01T10:33:03.686Z</time>
      </trkpt>
      <trkpt lat="49.122634" lon="15.902241">
        <ele>523.398540</ele>
        <time>2026-05-01T10:33:05.694Z</time>
      </trkpt>
      <trkpt lat="49.122481" lon="15.902205">
        <ele>523.217765</ele>
        <time>2026-05-01T10:33:07.676Z</time>
      </trkpt>
      <trkpt lat="49.122330" lon="15.902170">
        <ele>522.956951</ele>
        <time>2026-05-01T10:33:09.676Z</time>
      </trkpt>
      <trkpt lat="49.122182" lon="15.902141">
        <ele>522.702140</ele>
        <time>2026-05-01T10:33:11.691Z</time>
      </trkpt>
      <trkpt lat="49.122036" lon="15.902124">
        <ele>522.452092</ele>
        <time>2026-05-01T10:33:13.673Z</time>
      </trkpt>
      <trkpt lat="49.121893" lon="15.902104">
        <ele>522.206868</ele>
        <time>2026-05-01T10:33:15.697Z</time>
      </trkpt>
      <trkpt lat="49.121753" lon="15.902091">
        <ele>521.967348</ele>
        <time>2026-05-01T10:33:17.684Z</time>
      </trkpt>
      <trkpt lat="49.121616" lon="15.902090">
        <ele>521.733389</ele>
        <time>2026-05-01T10:33:19.696Z</time>
      </trkpt>
      <trkpt lat="49.121481" lon="15.902108">
        <ele>521.501972</ele>
        <time>2026-05-01T10:33:21.665Z</time>
      </trkpt>
      <trkpt lat="49.121344" lon="15.902112">
        <ele>521.267973</ele>
        <time>2026-05-01T10:33:23.699Z</time>
      </trkpt>
      <trkpt lat="49.121204" lon="15.902108">
        <ele>521.028852</ele>
        <time>2026-05-01T10:33:25.696Z</time>
      </trkpt>
      <trkpt lat="49.121065" lon="15.902086">
        <ele>520.790210</ele>
        <time>2026-05-01T10:33:27.684Z</time>
      </trkpt>
      <trkpt lat="49.120927" lon="15.902058">
        <ele>520.552477</ele>
        <time>2026-05-01T10:33:29.707Z</time>
      </trkpt>
      <trkpt lat="49.120793" lon="15.902027">
        <ele>520.321036</ele>
        <time>2026-05-01T10:33:31.671Z</time>
      </trkpt>
      <trkpt lat="49.120661" lon="15.901981">
        <ele>520.127869</ele>
        <time>2026-05-01T10:33:33.699Z</time>
      </trkpt>
      <trkpt lat="49.120533" lon="15.901933">
        <ele>519.972004</ele>
        <time>2026-05-01T10:33:35.681Z</time>
      </trkpt>
      <trkpt lat="49.120403" lon="15.901884">
        <ele>519.813656</ele>
        <time>2026-05-01T10:33:37.689Z</time>
      </trkpt>
      <trkpt lat="49.120272" lon="15.901837">
        <ele>519.654521</ele>
        <time>2026-05-01T10:33:39.698Z</time>
      </trkpt>
      <trkpt lat="49.120142" lon="15.901788">
        <ele>519.496174</ele>
        <time>2026-05-01T10:33:41.676Z</time>
      </trkpt>
      <trkpt lat="49.120013" lon="15.901735">
        <ele>519.338199</ele>
        <time>2026-05-01T10:33:43.680Z</time>
      </trkpt>
      <trkpt lat="49.119885" lon="15.901676">
        <ele>519.180087</ele>
        <time>2026-05-01T10:33:45.692Z</time>
      </trkpt>
      <trkpt lat="49.119760" lon="15.901609">
        <ele>519.023430</ele>
        <time>2026-05-01T10:33:47.683Z</time>
      </trkpt>
      <trkpt lat="49.119638" lon="15.901538">
        <ele>518.869041</ele>
        <time>2026-05-01T10:33:49.710Z</time>
      </trkpt>
      <trkpt lat="49.119516" lon="15.901471">
        <ele>518.715726</ele>
        <time>2026-05-01T10:33:51.690Z</time>
      </trkpt>
      <trkpt lat="49.119397" lon="15.901399">
        <ele>518.564364</ele>
        <time>2026-05-01T10:33:53.689Z</time>
      </trkpt>
      <trkpt lat="49.119277" lon="15.901330">
        <ele>518.412735</ele>
        <time>2026-05-01T10:33:55.685Z</time>
      </trkpt>
      <trkpt lat="49.119158" lon="15.901257">
        <ele>518.261086</ele>
        <time>2026-05-01T10:33:57.696Z</time>
      </trkpt>
      <trkpt lat="49.119040" lon="15.901179">
        <ele>518.109039</ele>
        <time>2026-05-01T10:33:59.695Z</time>
      </trkpt>
      <trkpt lat="49.118919" lon="15.901108">
        <ele>517.957418</ele>
        <time>2026-05-01T10:34:01.673Z</time>
      </trkpt>
      <trkpt lat="49.118801" lon="15.901036">
        <ele>517.809067</ele>
        <time>2026-05-01T10:34:03.676Z</time>
      </trkpt>
      <trkpt lat="49.118683" lon="15.900963">
        <ele>517.660431</ele>
        <time>2026-05-01T10:34:05.694Z</time>
      </trkpt>
      <trkpt lat="49.118570" lon="15.900883">
        <ele>517.515023</ele>
        <time>2026-05-01T10:34:07.697Z</time>
      </trkpt>
      <trkpt lat="49.118456" lon="15.900805">
        <ele>517.369185</ele>
        <time>2026-05-01T10:34:09.691Z</time>
      </trkpt>
      <trkpt lat="49.118345" lon="15.900721">
        <ele>517.224562</ele>
        <time>2026-05-01T10:34:11.680Z</time>
      </trkpt>
      <trkpt lat="49.118236" lon="15.900638">
        <ele>517.082369</ele>
        <time>2026-05-01T10:34:13.690Z</time>
      </trkpt>
      <trkpt lat="49.118128" lon="15.900555">
        <ele>516.941221</ele>
        <time>2026-05-01T10:34:15.683Z</time>
      </trkpt>
      <trkpt lat="49.118019" lon="15.900471">
        <ele>516.798686</ele>
        <time>2026-05-01T10:34:17.668Z</time>
      </trkpt>
      <trkpt lat="49.117910" lon="15.900386">
        <ele>516.655805</ele>
        <time>2026-05-01T10:34:19.697Z</time>
      </trkpt>
      <trkpt lat="49.117799" lon="15.900302">
        <ele>516.511181</ele>
        <time>2026-05-01T10:34:21.675Z</time>
      </trkpt>
      <trkpt lat="49.117689" lon="15.900219">
        <ele>516.367942</ele>
        <time>2026-05-01T10:34:23.684Z</time>
      </trkpt>
      <trkpt lat="49.117577" lon="15.900137">
        <ele>516.222938</ele>
        <time>2026-05-01T10:34:25.684Z</time>
      </trkpt>
      <trkpt lat="49.117466" lon="15.900058">
        <ele>516.079969</ele>
        <time>2026-05-01T10:34:27.699Z</time>
      </trkpt>
      <trkpt lat="49.117356" lon="15.899979">
        <ele>515.938373</ele>
        <time>2026-05-01T10:34:29.694Z</time>
      </trkpt>
      <trkpt lat="49.117245" lon="15.899901">
        <ele>515.796657</ele>
        <time>2026-05-01T10:34:31.680Z</time>
      </trkpt>
      <trkpt lat="49.117132" lon="15.899829">
        <ele>515.654644</ele>
        <time>2026-05-01T10:34:33.668Z</time>
      </trkpt>
      <trkpt lat="49.117018" lon="15.899758">
        <ele>515.511849</ele>
        <time>2026-05-01T10:34:35.693Z</time>
      </trkpt>
      <trkpt lat="49.116901" lon="15.899692">
        <ele>515.367183</ele>
        <time>2026-05-01T10:34:37.677Z</time>
      </trkpt>
      <trkpt lat="49.116785" lon="15.899629">
        <ele>515.224384</ele>
        <time>2026-05-01T10:34:39.676Z</time>
      </trkpt>
      <trkpt lat="49.116667" lon="15.899565">
        <ele>515.079145</ele>
        <time>2026-05-01T10:34:41.681Z</time>
      </trkpt>
      <trkpt lat="49.116548" lon="15.899502">
        <ele>514.933062</ele>
        <time>2026-05-01T10:34:43.695Z</time>
      </trkpt>
      <trkpt lat="49.116427" lon="15.899433">
        <ele>514.783254</ele>
        <time>2026-05-01T10:34:45.673Z</time>
      </trkpt>
      <trkpt lat="49.116305" lon="15.899353">
        <ele>514.629260</ele>
        <time>2026-05-01T10:34:47.686Z</time>
      </trkpt>
      <trkpt lat="49.116180" lon="15.899277">
        <ele>514.473211</ele>
        <time>2026-05-01T10:34:49.722Z</time>
      </trkpt>
      <trkpt lat="49.116052" lon="15.899205">
        <ele>514.314998</ele>
        <time>2026-05-01T10:34:51.681Z</time>
      </trkpt>
      <trkpt lat="49.115922" lon="15.899137">
        <ele>514.155615</ele>
        <time>2026-05-01T10:34:53.677Z</time>
      </trkpt>
      <trkpt lat="49.115792" lon="15.899067">
        <ele>513.995734</ele>
        <time>2026-05-01T10:34:55.697Z</time>
      </trkpt>
      <trkpt lat="49.115662" lon="15.898996">
        <ele>513.844018</ele>
        <time>2026-05-01T10:34:57.702Z</time>
      </trkpt>
      <trkpt lat="49.115532" lon="15.898934">
        <ele>513.706654</ele>
        <time>2026-05-01T10:34:59.680Z</time>
      </trkpt>
      <trkpt lat="49.115398" lon="15.898886">
        <ele>513.567829</ele>
        <time>2026-05-01T10:35:01.690Z</time>
      </trkpt>
      <trkpt lat="49.115262" lon="15.898844">
        <ele>513.427878</ele>
        <time>2026-05-01T10:35:03.695Z</time>
      </trkpt>
      <trkpt lat="49.115123" lon="15.898823">
        <ele>513.286992</ele>
        <time>2026-05-01T10:35:05.681Z</time>
      </trkpt>
      <trkpt lat="49.114984" lon="15.898815">
        <ele>513.146690</ele>
        <time>2026-05-01T10:35:07.703Z</time>
      </trkpt>
      <trkpt lat="49.114844" lon="15.898801">
        <ele>513.005176</ele>
        <time>2026-05-01T10:35:09.677Z</time>
      </trkpt>
      <trkpt lat="49.114704" lon="15.898798">
        <ele>512.863951</ele>
        <time>2026-05-01T10:35:11.685Z</time>
      </trkpt>
      <trkpt lat="49.114566" lon="15.898790">
        <ele>512.724657</ele>
        <time>2026-05-01T10:35:13.690Z</time>
      </trkpt>
      <trkpt lat="49.114428" lon="15.898778">
        <ele>512.585238</ele>
        <time>2026-05-01T10:35:15.689Z</time>
      </trkpt>
      <trkpt lat="49.114289" lon="15.898765">
        <ele>512.444773</ele>
        <time>2026-05-01T10:35:17.682Z</time>
      </trkpt>
      <trkpt lat="49.114147" lon="15.898759">
        <ele>512.301490</ele>
        <time>2026-05-01T10:35:19.681Z</time>
      </trkpt>
      <trkpt lat="49.114005" lon="15.898742">
        <ele>512.157822</ele>
        <time>2026-05-01T10:35:21.688Z</time>
      </trkpt>
      <trkpt lat="49.113864" lon="15.898726">
        <ele>512.012257</ele>
        <time>2026-05-01T10:35:23.673Z</time>
      </trkpt>
      <trkpt lat="49.113722" lon="15.898713">
        <ele>511.862781</ele>
        <time>2026-05-01T10:35:25.708Z</time>
      </trkpt>
      <trkpt lat="49.113580" lon="15.898699">
        <ele>511.713262</ele>
        <time>2026-05-01T10:35:27.689Z</time>
      </trkpt>
      <trkpt lat="49.113439" lon="15.898693">
        <ele>511.565047</ele>
        <time>2026-05-01T10:35:29.698Z</time>
      </trkpt>
      <trkpt lat="49.113299" lon="15.898682">
        <ele>511.417746</ele>
        <time>2026-05-01T10:35:31.676Z</time>
      </trkpt>
      <trkpt lat="49.113160" lon="15.898675">
        <ele>511.271611</ele>
        <time>2026-05-01T10:35:33.672Z</time>
      </trkpt>
      <trkpt lat="49.113022" lon="15.898666">
        <ele>511.126473</ele>
        <time>2026-05-01T10:35:35.682Z</time>
      </trkpt>
      <trkpt lat="49.112885" lon="15.898653">
        <ele>510.982242</ele>
        <time>2026-05-01T10:35:37.672Z</time>
      </trkpt>
      <trkpt lat="49.112750" lon="15.898639">
        <ele>510.840062</ele>
        <time>2026-05-01T10:35:39.684Z</time>
      </trkpt>
      <trkpt lat="49.112615" lon="15.898615">
        <ele>510.697252</ele>
        <time>2026-05-01T10:35:41.684Z</time>
      </trkpt>
      <trkpt lat="49.112482" lon="15.898574">
        <ele>510.554684</ele>
        <time>2026-05-01T10:35:43.697Z</time>
      </trkpt>
      <trkpt lat="49.112352" lon="15.898518">
        <ele>510.412758</ele>
        <time>2026-05-01T10:35:45.707Z</time>
      </trkpt>
      <trkpt lat="49.112224" lon="15.898447">
        <ele>510.269669</ele>
        <time>2026-05-01T10:35:47.684Z</time>
      </trkpt>
      <trkpt lat="49.112095" lon="15.898376">
        <ele>510.105904</ele>
        <time>2026-05-01T10:35:49.664Z</time>
      </trkpt>
      <trkpt lat="49.111964" lon="15.898313">
        <ele>509.921246</ele>
        <time>2026-05-01T10:35:51.690Z</time>
      </trkpt>
      <trkpt lat="49.111831" lon="15.898260">
        <ele>509.736436</ele>
        <time>2026-05-01T10:35:53.685Z</time>
      </trkpt>
      <trkpt lat="49.111702" lon="15.898187">
        <ele>509.551471</ele>
        <time>2026-05-01T10:35:55.687Z</time>
      </trkpt>
      <trkpt lat="49.111572" lon="15.898123">
        <ele>509.367827</ele>
        <time>2026-05-01T10:35:57.696Z</time>
      </trkpt>
      <trkpt lat="49.111439" lon="15.898061">
        <ele>509.180860</ele>
        <time>2026-05-01T10:35:59.682Z</time>
      </trkpt>
      <trkpt lat="49.111308" lon="15.897998">
        <ele>508.996202</ele>
        <time>2026-05-01T10:36:01.686Z</time>
      </trkpt>
      <trkpt lat="49.111180" lon="15.897941">
        <ele>508.816935</ele>
        <time>2026-05-01T10:36:03.697Z</time>
      </trkpt>
      <trkpt lat="49.111057" lon="15.897882">
        <ele>508.643594</ele>
        <time>2026-05-01T10:36:05.681Z</time>
      </trkpt>
      <trkpt lat="49.110934" lon="15.897834">
        <ele>508.472903</ele>
        <time>2026-05-01T10:36:07.697Z</time>
      </trkpt>
      <trkpt lat="49.110821" lon="15.897772">
        <ele>508.311465</ele>
        <time>2026-05-01T10:36:09.681Z</time>
      </trkpt>
      <trkpt lat="49.110710" lon="15.897714">
        <ele>508.153731</ele>
        <time>2026-05-01T10:36:11.686Z</time>
      </trkpt>
      <trkpt lat="49.110602" lon="15.897674">
        <ele>508.004312</ele>
        <time>2026-05-01T10:36:13.704Z</time>
      </trkpt>
      <trkpt lat="49.110500" lon="15.897630">
        <ele>507.861804</ele>
        <time>2026-05-01T10:36:15.694Z</time>
      </trkpt>
      <trkpt lat="49.110397" lon="15.897586">
        <ele>507.717428</ele>
        <time>2026-05-01T10:36:17.683Z</time>
      </trkpt>
      <trkpt lat="49.110296" lon="15.897547">
        <ele>507.576010</ele>
        <time>2026-05-01T10:36:19.681Z</time>
      </trkpt>
      <trkpt lat="49.110201" lon="15.897500">
        <ele>507.440454</ele>
        <time>2026-05-01T10:36:21.692Z</time>
      </trkpt>
      <trkpt lat="49.110110" lon="15.897459">
        <ele>507.311662</ele>
        <time>2026-05-01T10:36:23.701Z</time>
      </trkpt>
      <trkpt lat="49.109986" lon="15.897398">
        <ele>507.134821</ele>
        <time>2026-05-01T10:36:26.690Z</time>
      </trkpt>
      <trkpt lat="49.109879" lon="15.897343">
        <ele>506.981568</ele>
        <time>2026-05-01T10:36:29.697Z</time>
      </trkpt>
      <trkpt lat="49.109785" lon="15.897302">
        <ele>506.848865</ele>
        <time>2026-05-01T10:36:32.669Z</time>
      </trkpt>
      <trkpt lat="49.109696" lon="15.897265">
        <ele>506.723654</ele>
        <time>2026-05-01T10:36:35.680Z</time>
      </trkpt>
      <trkpt lat="49.109608" lon="15.897215">
        <ele>506.596200</ele>
        <time>2026-05-01T10:36:38.676Z</time>
      </trkpt>
      <trkpt lat="49.109517" lon="15.897176">
        <ele>506.467899</ele>
        <time>2026-05-01T10:36:41.672Z</time>
      </trkpt>
      <trkpt lat="49.109423" lon="15.897134">
        <ele>506.334949</ele>
        <time>2026-05-01T10:36:44.676Z</time>
      </trkpt>
      <trkpt lat="49.109328" lon="15.897097">
        <ele>506.201862</ele>
        <time>2026-05-01T10:36:47.696Z</time>
      </trkpt>
      <trkpt lat="49.109230" lon="15.897058">
        <ele>506.064388</ele>
        <time>2026-05-01T10:36:50.685Z</time>
      </trkpt>
      <trkpt lat="49.109129" lon="15.897032">
        <ele>505.925349</ele>
        <time>2026-05-01T10:36:53.707Z</time>
      </trkpt>
      <trkpt lat="49.109024" lon="15.897006">
        <ele>505.780952</ele>
        <time>2026-05-01T10:36:56.689Z</time>
      </trkpt>
      <trkpt lat="49.108907" lon="15.896977">
        <ele>505.620049</ele>
        <time>2026-05-01T10:36:59.682Z</time>
      </trkpt>
      <trkpt lat="49.108777" lon="15.896949">
        <ele>505.441830</ele>
        <time>2026-05-01T10:37:02.696Z</time>
      </trkpt>
      <trkpt lat="49.108679" lon="15.896932">
        <ele>505.322476</ele>
        <time>2026-05-01T10:37:04.703Z</time>
      </trkpt>
      <trkpt lat="49.108575" lon="15.896909">
        <ele>505.253737</ele>
        <time>2026-05-01T10:37:06.701Z</time>
      </trkpt>
      <trkpt lat="49.108467" lon="15.896882">
        <ele>505.182151</ele>
        <time>2026-05-01T10:37:08.688Z</time>
      </trkpt>
      <trkpt lat="49.108361" lon="15.896858">
        <ele>505.112056</ele>
        <time>2026-05-01T10:37:10.712Z</time>
      </trkpt>
      <trkpt lat="49.108256" lon="15.896831">
        <ele>505.042407</ele>
        <time>2026-05-01T10:37:12.682Z</time>
      </trkpt>
      <trkpt lat="49.108152" lon="15.896816">
        <ele>504.974075</ele>
        <time>2026-05-01T10:37:14.674Z</time>
      </trkpt>
      <trkpt lat="49.108047" lon="15.896794">
        <ele>504.904748</ele>
        <time>2026-05-01T10:37:16.714Z</time>
      </trkpt>
      <trkpt lat="49.107942" lon="15.896772">
        <ele>504.835422</ele>
        <time>2026-05-01T10:37:18.680Z</time>
      </trkpt>
      <trkpt lat="49.107835" lon="15.896749">
        <ele>504.764741</ele>
        <time>2026-05-01T10:37:20.686Z</time>
      </trkpt>
      <trkpt lat="49.107729" lon="15.896723">
        <ele>504.694515</ele>
        <time>2026-05-01T10:37:22.694Z</time>
      </trkpt>
      <trkpt lat="49.107626" lon="15.896699">
        <ele>504.626361</ele>
        <time>2026-05-01T10:37:24.675Z</time>
      </trkpt>
      <trkpt lat="49.107524" lon="15.896681">
        <ele>504.559196</ele>
        <time>2026-05-01T10:37:26.679Z</time>
      </trkpt>
      <trkpt lat="49.107425" lon="15.896663">
        <ele>504.493980</ele>
        <time>2026-05-01T10:37:28.674Z</time>
      </trkpt>
      <trkpt lat="49.107330" lon="15.896645">
        <ele>504.431362</ele>
        <time>2026-05-01T10:37:30.711Z</time>
      </trkpt>
      <trkpt lat="49.107238" lon="15.896613">
        <ele>504.369642</ele>
        <time>2026-05-01T10:37:32.702Z</time>
      </trkpt>
      <trkpt lat="49.107148" lon="15.896589">
        <ele>504.309880</ele>
        <time>2026-05-01T10:37:34.691Z</time>
      </trkpt>
      <trkpt lat="49.107054" lon="15.896563">
        <ele>504.247392</ele>
        <time>2026-05-01T10:37:36.707Z</time>
      </trkpt>
      <trkpt lat="49.106956" lon="15.896528">
        <ele>504.181559</ele>
        <time>2026-05-01T10:37:38.690Z</time>
      </trkpt>
      <trkpt lat="49.106858" lon="15.896473">
        <ele>504.069575</ele>
        <time>2026-05-01T10:37:40.687Z</time>
      </trkpt>
      <trkpt lat="49.106758" lon="15.896408">
        <ele>503.931239</ele>
        <time>2026-05-01T10:37:42.694Z</time>
      </trkpt>
      <trkpt lat="49.106653" lon="15.896336">
        <ele>503.784734</ele>
        <time>2026-05-01T10:37:44.702Z</time>
      </trkpt>
      <trkpt lat="49.106545" lon="15.896248">
        <ele>503.628925</ele>
        <time>2026-05-01T10:37:46.757Z</time>
      </trkpt>
      <trkpt lat="49.106428" lon="15.896156">
        <ele>503.461420</ele>
        <time>2026-05-01T10:37:48.667Z</time>
      </trkpt>
      <trkpt lat="49.106304" lon="15.896068">
        <ele>503.287377</ele>
        <time>2026-05-01T10:37:50.673Z</time>
      </trkpt>
      <trkpt lat="49.106176" lon="15.895967">
        <ele>503.103990</ele>
        <time>2026-05-01T10:37:52.656Z</time>
      </trkpt>
      <trkpt lat="49.106046" lon="15.895853">
        <ele>502.913182</ele>
        <time>2026-05-01T10:37:54.677Z</time>
      </trkpt>
      <trkpt lat="49.105909" lon="15.895743">
        <ele>502.716170</ele>
        <time>2026-05-01T10:37:56.684Z</time>
      </trkpt>
      <trkpt lat="49.105770" lon="15.895635">
        <ele>502.517661</ele>
        <time>2026-05-01T10:37:58.650Z</time>
      </trkpt>
      <trkpt lat="49.105629" lon="15.895523">
        <ele>502.315365</ele>
        <time>2026-05-01T10:38:00.666Z</time>
      </trkpt>
      <trkpt lat="49.105483" lon="15.895416">
        <ele>502.109236</ele>
        <time>2026-05-01T10:38:02.671Z</time>
      </trkpt>
      <trkpt lat="49.105340" lon="15.895301">
        <ele>501.903524</ele>
        <time>2026-05-01T10:38:04.665Z</time>
      </trkpt>
      <trkpt lat="49.105201" lon="15.895183">
        <ele>501.694826</ele>
        <time>2026-05-01T10:38:06.666Z</time>
      </trkpt>
      <trkpt lat="49.105066" lon="15.895071">
        <ele>501.492004</ele>
        <time>2026-05-01T10:38:08.680Z</time>
      </trkpt>
      <trkpt lat="49.104927" lon="15.894970">
        <ele>501.288788</ele>
        <time>2026-05-01T10:38:10.689Z</time>
      </trkpt>
      <trkpt lat="49.104784" lon="15.894898">
        <ele>501.090005</ele>
        <time>2026-05-01T10:38:12.672Z</time>
      </trkpt>
      <trkpt lat="49.104646" lon="15.894859">
        <ele>500.904722</ele>
        <time>2026-05-01T10:38:14.674Z</time>
      </trkpt>
      <trkpt lat="49.104514" lon="15.894854">
        <ele>500.730400</ele>
        <time>2026-05-01T10:38:16.681Z</time>
      </trkpt>
      <trkpt lat="49.104396" lon="15.894859">
        <ele>500.574554</ele>
        <time>2026-05-01T10:38:18.701Z</time>
      </trkpt>
      <trkpt lat="49.104285" lon="15.894866">
        <ele>500.427885</ele>
        <time>2026-05-01T10:38:20.677Z</time>
      </trkpt>
      <trkpt lat="49.104175" lon="15.894881">
        <ele>500.282083</ele>
        <time>2026-05-01T10:38:22.672Z</time>
      </trkpt>
      <trkpt lat="49.104060" lon="15.894895">
        <ele>500.129777</ele>
        <time>2026-05-01T10:38:24.686Z</time>
      </trkpt>
      <trkpt lat="49.103940" lon="15.894915">
        <ele>499.970410</ele>
        <time>2026-05-01T10:38:26.685Z</time>
      </trkpt>
      <trkpt lat="49.103819" lon="15.894932">
        <ele>499.809989</ele>
        <time>2026-05-01T10:38:28.676Z</time>
      </trkpt>
      <trkpt lat="49.103697" lon="15.894946">
        <ele>499.648468</ele>
        <time>2026-05-01T10:38:30.675Z</time>
      </trkpt>
      <trkpt lat="49.103572" lon="15.894952">
        <ele>499.484967</ele>
        <time>2026-05-01T10:38:32.683Z</time>
      </trkpt>
      <trkpt lat="49.103447" lon="15.894950">
        <ele>499.342078</ele>
        <time>2026-05-01T10:38:34.693Z</time>
      </trkpt>
      <trkpt lat="49.103323" lon="15.894948">
        <ele>499.200332</ele>
        <time>2026-05-01T10:38:36.677Z</time>
      </trkpt>
      <trkpt lat="49.103198" lon="15.894944">
        <ele>499.057419</ele>
        <time>2026-05-01T10:38:38.691Z</time>
      </trkpt>
      <trkpt lat="49.103073" lon="15.894936">
        <ele>498.914413</ele>
        <time>2026-05-01T10:38:40.685Z</time>
      </trkpt>
      <trkpt lat="49.102951" lon="15.894928">
        <ele>498.774832</ele>
        <time>2026-05-01T10:38:42.703Z</time>
      </trkpt>
      <trkpt lat="49.102830" lon="15.894924">
        <ele>498.636491</ele>
        <time>2026-05-01T10:38:44.674Z</time>
      </trkpt>
      <trkpt lat="49.102709" lon="15.894927">
        <ele>498.498163</ele>
        <time>2026-05-01T10:38:46.687Z</time>
      </trkpt>
      <trkpt lat="49.102589" lon="15.894919">
        <ele>498.360867</ele>
        <time>2026-05-01T10:38:48.677Z</time>
      </trkpt>
      <trkpt lat="49.102470" lon="15.894915">
        <ele>498.224811</ele>
        <time>2026-05-01T10:38:50.681Z</time>
      </trkpt>
      <trkpt lat="49.102352" lon="15.894907">
        <ele>498.089798</ele>
        <time>2026-05-01T10:38:52.671Z</time>
      </trkpt>
      <trkpt lat="49.102235" lon="15.894899">
        <ele>497.955927</ele>
        <time>2026-05-01T10:38:54.678Z</time>
      </trkpt>
      <trkpt lat="49.102118" lon="15.894896">
        <ele>497.822172</ele>
        <time>2026-05-01T10:38:56.690Z</time>
      </trkpt>
      <trkpt lat="49.102002" lon="15.894892">
        <ele>497.689544</ele>
        <time>2026-05-01T10:38:58.685Z</time>
      </trkpt>
      <trkpt lat="49.101891" lon="15.894887">
        <ele>497.562610</ele>
        <time>2026-05-01T10:39:00.688Z</time>
      </trkpt>
      <trkpt lat="49.101781" lon="15.894879">
        <ele>497.436926</ele>
        <time>2026-05-01T10:39:02.677Z</time>
      </trkpt>
      <trkpt lat="49.101673" lon="15.894871">
        <ele>497.322295</ele>
        <time>2026-05-01T10:39:04.677Z</time>
      </trkpt>
      <trkpt lat="49.101568" lon="15.894855">
        <ele>497.210426</ele>
        <time>2026-05-01T10:39:06.689Z</time>
      </trkpt>
      <trkpt lat="49.101467" lon="15.894836">
        <ele>497.102541</ele>
        <time>2026-05-01T10:39:08.695Z</time>
      </trkpt>
      <trkpt lat="49.101368" lon="15.894824">
        <ele>496.997256</ele>
        <time>2026-05-01T10:39:10.678Z</time>
      </trkpt>
      <trkpt lat="49.101269" lon="15.894809">
        <ele>496.891785</ele>
        <time>2026-05-01T10:39:12.686Z</time>
      </trkpt>
      <trkpt lat="49.101169" lon="15.894790">
        <ele>496.784953</ele>
        <time>2026-05-01T10:39:14.699Z</time>
      </trkpt>
      <trkpt lat="49.101070" lon="15.894770">
        <ele>496.679083</ele>
        <time>2026-05-01T10:39:16.690Z</time>
      </trkpt>
      <trkpt lat="49.100970" lon="15.894750">
        <ele>496.572163</ele>
        <time>2026-05-01T10:39:18.674Z</time>
      </trkpt>
      <trkpt lat="49.100869" lon="15.894730">
        <ele>496.464191</ele>
        <time>2026-05-01T10:39:20.703Z</time>
      </trkpt>
      <trkpt lat="49.100768" lon="15.894716">
        <ele>496.356675</ele>
        <time>2026-05-01T10:39:22.686Z</time>
      </trkpt>
      <trkpt lat="49.100667" lon="15.894704">
        <ele>496.249276</ele>
        <time>2026-05-01T10:39:24.683Z</time>
      </trkpt>
      <trkpt lat="49.100569" lon="15.894688">
        <ele>496.144789</ele>
        <time>2026-05-01T10:39:26.681Z</time>
      </trkpt>
      <trkpt lat="49.100472" lon="15.894665">
        <ele>496.040722</ele>
        <time>2026-05-01T10:39:28.676Z</time>
      </trkpt>
      <trkpt lat="49.100371" lon="15.894644">
        <ele>495.932659</ele>
        <time>2026-05-01T10:39:30.687Z</time>
      </trkpt>
      <trkpt lat="49.100267" lon="15.894620">
        <ele>495.821152</ele>
        <time>2026-05-01T10:39:32.694Z</time>
      </trkpt>
      <trkpt lat="49.100161" lon="15.894599">
        <ele>495.707834</ele>
        <time>2026-05-01T10:39:34.687Z</time>
      </trkpt>
      <trkpt lat="49.100052" lon="15.894580">
        <ele>495.591527</ele>
        <time>2026-05-01T10:39:36.701Z</time>
      </trkpt>
      <trkpt lat="49.099942" lon="15.894559">
        <ele>495.455506</ele>
        <time>2026-05-01T10:39:38.697Z</time>
      </trkpt>
      <trkpt lat="49.099832" lon="15.894539">
        <ele>495.300972</ele>
        <time>2026-05-01T10:39:40.684Z</time>
      </trkpt>
      <trkpt lat="49.099721" lon="15.894520">
        <ele>495.145157</ele>
        <time>2026-05-01T10:39:42.691Z</time>
      </trkpt>
      <trkpt lat="49.099611" lon="15.894491">
        <ele>494.989437</ele>
        <time>2026-05-01T10:39:44.680Z</time>
      </trkpt>
      <trkpt lat="49.099502" lon="15.894471">
        <ele>494.836288</ele>
        <time>2026-05-01T10:39:46.694Z</time>
      </trkpt>
      <trkpt lat="49.099394" lon="15.894450">
        <ele>494.684412</ele>
        <time>2026-05-01T10:39:48.701Z</time>
      </trkpt>
      <trkpt lat="49.099283" lon="15.894436">
        <ele>494.529039</ele>
        <time>2026-05-01T10:39:50.674Z</time>
      </trkpt>
      <trkpt lat="49.099171" lon="15.894425">
        <ele>494.372476</ele>
        <time>2026-05-01T10:39:52.694Z</time>
      </trkpt>
      <trkpt lat="49.099055" lon="15.894422">
        <ele>494.210632</ele>
        <time>2026-05-01T10:39:54.679Z</time>
      </trkpt>
      <trkpt lat="49.098940" lon="15.894418">
        <ele>494.050165</ele>
        <time>2026-05-01T10:39:56.688Z</time>
      </trkpt>
      <trkpt lat="49.098825" lon="15.894414">
        <ele>493.889697</ele>
        <time>2026-05-01T10:39:58.688Z</time>
      </trkpt>
      <trkpt lat="49.098712" lon="15.894417">
        <ele>493.732038</ele>
        <time>2026-05-01T10:40:00.698Z</time>
      </trkpt>
      <trkpt lat="49.098600" lon="15.894416">
        <ele>493.575795</ele>
        <time>2026-05-01T10:40:02.689Z</time>
      </trkpt>
      <trkpt lat="49.098489" lon="15.894419">
        <ele>493.420925</ele>
        <time>2026-05-01T10:40:04.673Z</time>
      </trkpt>
      <trkpt lat="49.098379" lon="15.894417">
        <ele>493.267463</ele>
        <time>2026-05-01T10:40:06.688Z</time>
      </trkpt>
      <trkpt lat="49.098269" lon="15.894412">
        <ele>493.113945</ele>
        <time>2026-05-01T10:40:08.681Z</time>
      </trkpt>
      <trkpt lat="49.098159" lon="15.894406">
        <ele>492.950169</ele>
        <time>2026-05-01T10:40:10.675Z</time>
      </trkpt>
      <trkpt lat="49.098052" lon="15.894404">
        <ele>492.776679</ele>
        <time>2026-05-01T10:40:12.686Z</time>
      </trkpt>
      <trkpt lat="49.097948" lon="15.894412">
        <ele>492.607852</ele>
        <time>2026-05-01T10:40:14.689Z</time>
      </trkpt>
      <trkpt lat="49.097848" lon="15.894434">
        <ele>492.444050</ele>
        <time>2026-05-01T10:40:16.687Z</time>
      </trkpt>
      <trkpt lat="49.097749" lon="15.894451">
        <ele>492.282531</ele>
        <time>2026-05-01T10:40:18.666Z</time>
      </trkpt>
      <trkpt lat="49.097644" lon="15.894471">
        <ele>492.110978</ele>
        <time>2026-05-01T10:40:20.681Z</time>
      </trkpt>
      <trkpt lat="49.097532" lon="15.894504">
        <ele>491.926045</ele>
        <time>2026-05-01T10:40:22.668Z</time>
      </trkpt>
      <trkpt lat="49.097417" lon="15.894552">
        <ele>491.732760</ele>
        <time>2026-05-01T10:40:24.673Z</time>
      </trkpt>
      <trkpt lat="49.097297" lon="15.894602">
        <ele>491.531095</ele>
        <time>2026-05-01T10:40:26.663Z</time>
      </trkpt>
      <trkpt lat="49.097168" lon="15.894617">
        <ele>491.321344</ele>
        <time>2026-05-01T10:40:28.677Z</time>
      </trkpt>
      <trkpt lat="49.097029" lon="15.894587">
        <ele>491.093747</ele>
        <time>2026-05-01T10:40:30.662Z</time>
      </trkpt>
      <trkpt lat="49.096890" lon="15.894555">
        <ele>490.865842</ele>
        <time>2026-05-01T10:40:32.661Z</time>
      </trkpt>
      <trkpt lat="49.096747" lon="15.894556">
        <ele>490.633996</ele>
        <time>2026-05-01T10:40:34.655Z</time>
      </trkpt>
      <trkpt lat="49.096608" lon="15.894557">
        <ele>490.408635</ele>
        <time>2026-05-01T10:40:36.665Z</time>
      </trkpt>
      <trkpt lat="49.096474" lon="15.894562">
        <ele>490.191318</ele>
        <time>2026-05-01T10:40:38.685Z</time>
      </trkpt>
      <trkpt lat="49.096348" lon="15.894556">
        <ele>489.881696</ele>
        <time>2026-05-01T10:40:40.675Z</time>
      </trkpt>
      <trkpt lat="49.096239" lon="15.894552">
        <ele>489.550403</ele>
        <time>2026-05-01T10:40:42.675Z</time>
      </trkpt>
      <trkpt lat="49.096128" lon="15.894581">
        <ele>489.208230</ele>
        <time>2026-05-01T10:40:45.801Z</time>
      </trkpt>
      <trkpt lat="49.096020" lon="15.894625">
        <ele>488.868595</ele>
        <time>2026-05-01T10:40:48.673Z</time>
      </trkpt>
      <trkpt lat="49.095894" lon="15.894672">
        <ele>488.474489</ele>
        <time>2026-05-01T10:40:51.679Z</time>
      </trkpt>
      <trkpt lat="49.095804" lon="15.894705">
        <ele>488.193253</ele>
        <time>2026-05-01T10:40:53.665Z</time>
      </trkpt>
      <trkpt lat="49.095715" lon="15.894738">
        <ele>487.914969</ele>
        <time>2026-05-01T10:40:55.666Z</time>
      </trkpt>
      <trkpt lat="49.095596" lon="15.894817">
        <ele>487.520702</ele>
        <time>2026-05-01T10:40:58.669Z</time>
      </trkpt>
      <trkpt lat="49.095489" lon="15.894872">
        <ele>487.177661</ele>
        <time>2026-05-01T10:41:01.685Z</time>
      </trkpt>
      <trkpt lat="49.095395" lon="15.894913">
        <ele>486.880621</ele>
        <time>2026-05-01T10:41:04.666Z</time>
      </trkpt>
      <trkpt lat="49.095505" lon="15.894889">
        <ele>486.542991</ele>
        <time>2026-05-01T10:41:14.671Z</time>
      </trkpt>
      <trkpt lat="49.095585" lon="15.894824">
        <ele>486.267650</ele>
        <time>2026-05-01T10:41:16.660Z</time>
      </trkpt>
      <trkpt lat="49.095684" lon="15.894788">
        <ele>485.958428</ele>
        <time>2026-05-01T10:41:18.666Z</time>
      </trkpt>
      <trkpt lat="49.095779" lon="15.894734">
        <ele>485.650424</ele>
        <time>2026-05-01T10:41:20.668Z</time>
      </trkpt>
      <trkpt lat="49.095872" lon="15.894691">
        <ele>485.355177</ele>
        <time>2026-05-01T10:41:22.658Z</time>
      </trkpt>
      <trkpt lat="49.095964" lon="15.894681">
        <ele>485.074927</ele>
        <time>2026-05-01T10:41:24.658Z</time>
      </trkpt>
      <trkpt lat="49.096080" lon="15.894626">
        <ele>484.705865</ele>
        <time>2026-05-01T10:41:27.666Z</time>
      </trkpt>
      <trkpt lat="49.096141" lon="15.894513">
        <ele>484.460119</ele>
        <time>2026-05-01T10:41:30.686Z</time>
      </trkpt>
      <trkpt lat="49.096104" lon="15.894351">
        <ele>484.187180</ele>
        <time>2026-05-01T10:41:34.721Z</time>
      </trkpt>
      <trkpt lat="49.096047" lon="15.894233">
        <ele>483.953911</ele>
        <time>2026-05-01T10:41:40.673Z</time>
      </trkpt>
      <trkpt lat="49.095946" lon="15.894290">
        <ele>483.692314</ele>
        <time>2026-05-01T10:41:44.660Z</time>
      </trkpt>
      <trkpt lat="49.095854" lon="15.894355">
        <ele>483.446041</ele>
        <time>2026-05-01T10:41:46.653Z</time>
      </trkpt>
      <trkpt lat="49.095767" lon="15.894403">
        <ele>483.221305</ele>
        <time>2026-05-01T10:41:48.678Z</time>
      </trkpt>
      <trkpt lat="49.095675" lon="15.894430">
        <ele>482.993702</ele>
        <time>2026-05-01T10:41:50.677Z</time>
      </trkpt>
      <trkpt lat="49.095579" lon="15.894445">
        <ele>482.759253</ele>
        <time>2026-05-01T10:41:52.675Z</time>
      </trkpt>
      <trkpt lat="49.095453" lon="15.894431">
        <ele>482.452327</ele>
        <time>2026-05-01T10:41:55.660Z</time>
      </trkpt>
      <trkpt lat="49.095331" lon="15.894424">
        <ele>482.155720</ele>
        <time>2026-05-01T10:41:58.665Z</time>
      </trkpt>
      <trkpt lat="49.095222" lon="15.894415">
        <ele>481.890518</ele>
        <time>2026-05-01T10:42:01.649Z</time>
      </trkpt>
      <trkpt lat="49.095131" lon="15.894398">
        <ele>481.667786</ele>
        <time>2026-05-01T10:42:04.647Z</time>
      </trkpt>
      <trkpt lat="49.095040" lon="15.894387">
        <ele>481.446011</ele>
        <time>2026-05-01T10:42:07.676Z</time>
      </trkpt>
      <trkpt lat="49.094925" lon="15.894388">
        <ele>481.166615</ele>
        <time>2026-05-01T10:42:12.653Z</time>
      </trkpt>
      <trkpt lat="49.094827" lon="15.894388">
        <ele>480.928524</ele>
        <time>2026-05-01T10:42:15.665Z</time>
      </trkpt>
      <trkpt lat="49.094731" lon="15.894395">
        <ele>480.695027</ele>
        <time>2026-05-01T10:42:18.653Z</time>
      </trkpt>
      <trkpt lat="49.094625" lon="15.894422">
        <ele>480.433943</ele>
        <time>2026-05-01T10:42:21.678Z</time>
      </trkpt>
      <trkpt lat="49.094533" lon="15.894442">
        <ele>480.293315</ele>
        <time>2026-05-01T10:42:24.674Z</time>
      </trkpt>
      <trkpt lat="49.094432" lon="15.894484">
        <ele>480.376371</ele>
        <time>2026-05-01T10:42:27.690Z</time>
      </trkpt>
      <trkpt lat="49.094321" lon="15.894539">
        <ele>480.468964</ele>
        <time>2026-05-01T10:42:30.653Z</time>
      </trkpt>
      <trkpt lat="49.094238" lon="15.894592">
        <ele>480.540345</ele>
        <time>2026-05-01T10:42:33.663Z</time>
      </trkpt>
      <trkpt lat="49.094144" lon="15.894647">
        <ele>480.620216</ele>
        <time>2026-05-01T10:42:37.654Z</time>
      </trkpt>
      <trkpt lat="49.094053" lon="15.894600">
        <ele>480.696437</ele>
        <time>2026-05-01T10:42:42.660Z</time>
      </trkpt>
      <trkpt lat="49.094045" lon="15.894425">
        <ele>480.787582</ele>
        <time>2026-05-01T10:42:46.682Z</time>
      </trkpt>
      <trkpt lat="49.094065" lon="15.894251">
        <ele>480.879369</ele>
        <time>2026-05-01T10:42:49.672Z</time>
      </trkpt>
      <trkpt lat="49.094092" lon="15.894073">
        <ele>480.974300</ele>
        <time>2026-05-01T10:42:52.664Z</time>
      </trkpt>
      <trkpt lat="49.094115" lon="15.893917">
        <ele>481.057381</ele>
        <time>2026-05-01T10:42:55.707Z</time>
      </trkpt>
      <trkpt lat="49.094125" lon="15.893764">
        <ele>481.137269</ele>
        <time>2026-05-01T10:42:58.691Z</time>
      </trkpt>
      <trkpt lat="49.094135" lon="15.893586">
        <ele>481.230091</ele>
        <time>2026-05-01T10:43:02.683Z</time>
      </trkpt>
      <trkpt lat="49.094148" lon="15.893437">
        <ele>481.308190</ele>
        <time>2026-05-01T10:43:06.673Z</time>
      </trkpt>
      <trkpt lat="49.094212" lon="15.893232">
        <ele>481.426187</ele>
        <time>2026-05-01T10:43:54.692Z</time>
      </trkpt>
      <trkpt lat="49.094225" lon="15.893096">
        <ele>481.497596</ele>
        <time>2026-05-01T10:43:57.666Z</time>
      </trkpt>
      <trkpt lat="49.094249" lon="15.892963">
        <ele>481.569274</ele>
        <time>2026-05-01T10:44:00.678Z</time>
      </trkpt>
      <trkpt lat="49.094282" lon="15.892828">
        <ele>481.644142</ele>
        <time>2026-05-01T10:44:03.687Z</time>
      </trkpt>
      <trkpt lat="49.094315" lon="15.892670">
        <ele>481.722854</ele>
        <time>2026-05-01T10:44:07.669Z</time>
      </trkpt>
      <trkpt lat="49.094297" lon="15.892527">
        <ele>481.780217</ele>
        <time>2026-05-01T10:44:13.664Z</time>
      </trkpt>
      <trkpt lat="49.094199" lon="15.892454">
        <ele>481.845811</ele>
        <time>2026-05-01T10:44:17.682Z</time>
      </trkpt>
      <trkpt lat="49.094114" lon="15.892393">
        <ele>481.902310</ele>
        <time>2026-05-01T10:44:21.682Z</time>
      </trkpt>
      <trkpt lat="49.094056" lon="15.892267">
        <ele>481.962981</ele>
        <time>2026-05-01T10:44:26.683Z</time>
      </trkpt>
      <trkpt lat="49.093987" lon="15.892167">
        <ele>482.020207</ele>
        <time>2026-05-01T10:44:31.682Z</time>
      </trkpt>
      <trkpt lat="49.093888" lon="15.892175">
        <ele>482.079847</ele>
        <time>2026-05-01T10:44:38.660Z</time>
      </trkpt>
      <trkpt lat="49.093849" lon="15.892316">
        <ele>482.140142</ele>
        <time>2026-05-01T10:44:43.702Z</time>
      </trkpt>
      <trkpt lat="49.093883" lon="15.892460">
        <ele>482.200443</ele>
        <time>2026-05-01T10:44:51.667Z</time>
      </trkpt>
      <trkpt lat="49.093983" lon="15.892384">
        <ele>482.267639</ele>
        <time>2026-05-01T10:45:34.658Z</time>
      </trkpt>
      <trkpt lat="49.094090" lon="15.892354">
        <ele>482.333084</ele>
        <time>2026-05-01T10:45:38.662Z</time>
      </trkpt>
      <trkpt lat="49.094236" lon="15.892504">
        <ele>482.438941</ele>
        <time>2026-05-01T10:46:15.676Z</time>
      </trkpt>
      <trkpt lat="49.094207" lon="15.892661">
        <ele>482.503201</ele>
        <time>2026-05-01T10:46:20.659Z</time>
      </trkpt>
      <trkpt lat="49.094158" lon="15.892796">
        <ele>482.564004</ele>
        <time>2026-05-01T10:46:24.663Z</time>
      </trkpt>
      <trkpt lat="49.094115" lon="15.892924">
        <ele>482.620675</ele>
        <time>2026-05-01T10:46:27.676Z</time>
      </trkpt>
      <trkpt lat="49.093995" lon="15.893007">
        <ele>482.699923</ele>
        <time>2026-05-01T10:46:31.663Z</time>
      </trkpt>
      <trkpt lat="49.093903" lon="15.893033">
        <ele>482.756209</ele>
        <time>2026-05-01T10:46:33.659Z</time>
      </trkpt>
      <trkpt lat="49.093783" lon="15.893078">
        <ele>482.820851</ele>
        <time>2026-05-01T10:46:35.663Z</time>
      </trkpt>
      <trkpt lat="49.093691" lon="15.893105">
        <ele>482.866070</ele>
        <time>2026-05-01T10:46:37.676Z</time>
      </trkpt>
      <trkpt lat="49.093581" lon="15.893138">
        <ele>482.920179</ele>
        <time>2026-05-01T10:46:39.657Z</time>
      </trkpt>
      <trkpt lat="49.093439" lon="15.893144">
        <ele>482.988745</ele>
        <time>2026-05-01T10:46:42.663Z</time>
      </trkpt>
      <trkpt lat="49.093326" lon="15.893143">
        <ele>483.043288</ele>
        <time>2026-05-01T10:46:44.650Z</time>
      </trkpt>
      <trkpt lat="49.093209" lon="15.893146">
        <ele>483.099768</ele>
        <time>2026-05-01T10:46:46.662Z</time>
      </trkpt>
      <trkpt lat="49.093123" lon="15.893102">
        <ele>483.143546</ele>
        <time>2026-05-01T10:46:52.666Z</time>
      </trkpt>
      <trkpt lat="49.093114" lon="15.892964">
        <ele>483.187380</ele>
        <time>2026-05-01T10:46:57.653Z</time>
      </trkpt>
      <trkpt lat="49.093157" lon="15.892822">
        <ele>483.236828</ele>
        <time>2026-05-01T10:47:03.653Z</time>
      </trkpt>
      <trkpt lat="49.093193" lon="15.892685">
        <ele>483.283486</ele>
        <time>2026-05-01T10:47:11.690Z</time>
      </trkpt>
      <trkpt lat="49.093228" lon="15.892542">
        <ele>483.331738</ele>
        <time>2026-05-01T10:47:18.684Z</time>
      </trkpt>
      <trkpt lat="49.093233" lon="15.892403">
        <ele>483.375738</ele>
        <time>2026-05-01T10:47:27.661Z</time>
      </trkpt>
      <trkpt lat="49.093187" lon="15.892283">
        <ele>483.419687</ele>
        <time>2026-05-01T10:47:34.662Z</time>
      </trkpt>
      <trkpt lat="49.093091" lon="15.892245">
        <ele>483.467555</ele>
        <time>2026-05-01T10:47:43.683Z</time>
      </trkpt>
      <trkpt lat="49.093082" lon="15.892101">
        <ele>483.513276</ele>
        <time>2026-05-01T10:47:54.691Z</time>
      </trkpt>
      <trkpt lat="49.093044" lon="15.891960">
        <ele>483.561468</ele>
        <time>2026-05-01T10:48:03.675Z</time>
      </trkpt>
      <trkpt lat="49.092957" lon="15.891911">
        <ele>483.606226</ele>
        <time>2026-05-01T10:48:11.657Z</time>
      </trkpt>
      <trkpt lat="49.092859" lon="15.891889">
        <ele>483.670780</ele>
        <time>2026-05-01T10:48:19.667Z</time>
      </trkpt>
      <trkpt lat="49.092762" lon="15.891854">
        <ele>483.903323</ele>
        <time>2026-05-01T10:48:28.667Z</time>
      </trkpt>
      <trkpt lat="49.092669" lon="15.891840">
        <ele>484.121355</ele>
        <time>2026-05-01T10:52:11.699Z</time>
      </trkpt>
      <trkpt lat="49.092576" lon="15.891867">
        <ele>484.342221</ele>
        <time>2026-05-01T10:52:20.680Z</time>
      </trkpt>
      <trkpt lat="49.092550" lon="15.892006">
        <ele>484.563081</ele>
        <time>2026-05-01T10:52:28.684Z</time>
      </trkpt>
      <trkpt lat="49.092461" lon="15.892042">
        <ele>484.777889</ele>
        <time>2026-05-01T10:52:38.707Z</time>
      </trkpt>
      <trkpt lat="49.092365" lon="15.892015">
        <ele>485.005635</ele>
        <time>2026-05-01T10:52:47.685Z</time>
      </trkpt>
      <trkpt lat="49.092270" lon="15.891971">
        <ele>485.237251</ele>
        <time>2026-05-01T10:52:55.697Z</time>
      </trkpt>
      <trkpt lat="49.092180" lon="15.891929">
        <ele>485.456818</ele>
        <time>2026-05-01T10:53:03.681Z</time>
      </trkpt>
      <trkpt lat="49.092088" lon="15.891899">
        <ele>485.676303</ele>
        <time>2026-05-01T10:53:11.687Z</time>
      </trkpt>
      <trkpt lat="49.092000" lon="15.891864">
        <ele>485.888467</ele>
        <time>2026-05-01T10:53:18.677Z</time>
      </trkpt>
      <trkpt lat="49.091951" lon="15.891986">
        <ele>486.107129</ele>
        <time>2026-05-01T10:53:27.675Z</time>
      </trkpt>
      <trkpt lat="49.091923" lon="15.892117">
        <ele>486.317666</ele>
        <time>2026-05-01T10:53:34.676Z</time>
      </trkpt>
      <trkpt lat="49.091964" lon="15.891950">
        <ele>486.590157</ele>
        <time>2026-05-01T10:53:57.663Z</time>
      </trkpt>
      <trkpt lat="49.092053" lon="15.891867">
        <ele>486.833464</ele>
        <time>2026-05-01T10:54:01.706Z</time>
      </trkpt>
      <trkpt lat="49.092154" lon="15.891915">
        <ele>487.080256</ele>
        <time>2026-05-01T10:54:07.694Z</time>
      </trkpt>
      <trkpt lat="49.092252" lon="15.891946">
        <ele>487.313755</ele>
        <time>2026-05-01T10:54:13.662Z</time>
      </trkpt>
      <trkpt lat="49.092339" lon="15.891989">
        <ele>487.527103</ele>
        <time>2026-05-01T10:54:17.682Z</time>
      </trkpt>
      <trkpt lat="49.092439" lon="15.892021">
        <ele>487.765482</ele>
        <time>2026-05-01T10:54:23.683Z</time>
      </trkpt>
      <trkpt lat="49.092535" lon="15.892039">
        <ele>487.792681</ele>
        <time>2026-05-01T10:54:32.666Z</time>
      </trkpt>
      <trkpt lat="49.092555" lon="15.891902">
        <ele>487.713678</ele>
        <time>2026-05-01T10:54:39.666Z</time>
      </trkpt>
      <trkpt lat="49.092737" lon="15.891863">
        <ele>487.555713</ele>
        <time>2026-05-01T10:55:41.684Z</time>
      </trkpt>
      <trkpt lat="49.092879" lon="15.891961">
        <ele>487.421776</ele>
        <time>2026-05-01T10:56:09.665Z</time>
      </trkpt>
      <trkpt lat="49.092979" lon="15.891999">
        <ele>487.333203</ele>
        <time>2026-05-01T10:56:17.697Z</time>
      </trkpt>
      <trkpt lat="49.093036" lon="15.892121">
        <ele>487.248850</ele>
        <time>2026-05-01T10:56:26.674Z</time>
      </trkpt>
      <trkpt lat="49.093026" lon="15.892267">
        <ele>487.166227</ele>
        <time>2026-05-01T10:56:33.656Z</time>
      </trkpt>
      <trkpt lat="49.093118" lon="15.892351">
        <ele>487.074095</ele>
        <time>2026-05-01T10:56:40.662Z</time>
      </trkpt>
      <trkpt lat="49.093216" lon="15.892405">
        <ele>486.984547</ele>
        <time>2026-05-01T10:56:48.706Z</time>
      </trkpt>
      <trkpt lat="49.093166" lon="15.892528">
        <ele>486.903063</ele>
        <time>2026-05-01T10:57:01.682Z</time>
      </trkpt>
      <trkpt lat="49.093152" lon="15.892687">
        <ele>486.812766</ele>
        <time>2026-05-01T10:57:04.686Z</time>
      </trkpt>
      <trkpt lat="49.093129" lon="15.892860">
        <ele>486.713409</ele>
        <time>2026-05-01T10:57:08.662Z</time>
      </trkpt>
      <trkpt lat="49.093107" lon="15.893023">
        <ele>486.619737</ele>
        <time>2026-05-01T10:57:13.683Z</time>
      </trkpt>
      <trkpt lat="49.093096" lon="15.893171">
        <ele>486.535902</ele>
        <time>2026-05-01T10:57:19.675Z</time>
      </trkpt>
      <trkpt lat="49.092981" lon="15.893169">
        <ele>486.437051</ele>
        <time>2026-05-01T10:57:23.675Z</time>
      </trkpt>
      <trkpt lat="49.092869" lon="15.893181">
        <ele>486.340548</ele>
        <time>2026-05-01T10:57:26.678Z</time>
      </trkpt>
      <trkpt lat="49.092764" lon="15.893188">
        <ele>486.171549</ele>
        <time>2026-05-01T10:57:29.689Z</time>
      </trkpt>
      <trkpt lat="49.092649" lon="15.893176">
        <ele>485.916383</ele>
        <time>2026-05-01T10:57:33.650Z</time>
      </trkpt>
      <trkpt lat="49.092535" lon="15.893147">
        <ele>485.660547</ele>
        <time>2026-05-01T10:57:37.652Z</time>
      </trkpt>
      <trkpt lat="49.092444" lon="15.893136">
        <ele>485.458473</ele>
        <time>2026-05-01T10:57:40.671Z</time>
      </trkpt>
      <trkpt lat="49.092324" lon="15.893113">
        <ele>485.190748</ele>
        <time>2026-05-01T10:57:44.701Z</time>
      </trkpt>
      <trkpt lat="49.092226" lon="15.893074">
        <ele>484.966563</ele>
        <time>2026-05-01T10:57:47.704Z</time>
      </trkpt>
      <trkpt lat="49.092121" lon="15.893003">
        <ele>484.712360</ele>
        <time>2026-05-01T10:57:50.667Z</time>
      </trkpt>
      <trkpt lat="49.092019" lon="15.892900">
        <ele>484.441663</ele>
        <time>2026-05-01T10:57:53.669Z</time>
      </trkpt>
      <trkpt lat="49.091941" lon="15.892785">
        <ele>484.201654</ele>
        <time>2026-05-01T10:57:56.653Z</time>
      </trkpt>
      <trkpt lat="49.091885" lon="15.892677">
        <ele>484.001959</ele>
        <time>2026-05-01T10:57:59.667Z</time>
      </trkpt>
      <trkpt lat="49.091792" lon="15.892794">
        <ele>483.735221</ele>
        <time>2026-05-01T10:58:11.709Z</time>
      </trkpt>
      <trkpt lat="49.091696" lon="15.892872">
        <ele>483.494500</ele>
        <time>2026-05-01T10:58:15.657Z</time>
      </trkpt>
      <trkpt lat="49.091594" lon="15.892974">
        <ele>483.224600</ele>
        <time>2026-05-01T10:58:18.666Z</time>
      </trkpt>
      <trkpt lat="49.091509" lon="15.893077">
        <ele>482.984394</ele>
        <time>2026-05-01T10:58:20.642Z</time>
      </trkpt>
      <trkpt lat="49.091420" lon="15.893193">
        <ele>482.725372</ele>
        <time>2026-05-01T10:58:23.674Z</time>
      </trkpt>
      <trkpt lat="49.091343" lon="15.893282">
        <ele>482.511598</ele>
        <time>2026-05-01T10:58:27.668Z</time>
      </trkpt>
      <trkpt lat="49.091253" lon="15.893349">
        <ele>482.350775</ele>
        <time>2026-05-01T10:58:30.685Z</time>
      </trkpt>
      <trkpt lat="49.091159" lon="15.893405">
        <ele>482.602661</ele>
        <time>2026-05-01T10:58:33.671Z</time>
      </trkpt>
      <trkpt lat="49.091061" lon="15.893441">
        <ele>482.854285</ele>
        <time>2026-05-01T10:58:38.704Z</time>
      </trkpt>
      <trkpt lat="49.090957" lon="15.893416">
        <ele>483.117107</ele>
        <time>2026-05-01T10:58:42.719Z</time>
      </trkpt>
      <trkpt lat="49.090862" lon="15.893413">
        <ele>483.354314</ele>
        <time>2026-05-01T10:58:45.701Z</time>
      </trkpt>
      <trkpt lat="49.090765" lon="15.893410">
        <ele>483.596513</ele>
        <time>2026-05-01T10:58:50.652Z</time>
      </trkpt>
      <trkpt lat="49.090665" lon="15.893431">
        <ele>483.848501</ele>
        <time>2026-05-01T10:58:54.683Z</time>
      </trkpt>
      <trkpt lat="49.090566" lon="15.893479">
        <ele>484.107801</ele>
        <time>2026-05-01T10:58:59.667Z</time>
      </trkpt>
      <trkpt lat="49.090463" lon="15.893544">
        <ele>484.386021</ele>
        <time>2026-05-01T10:59:04.703Z</time>
      </trkpt>
      <trkpt lat="49.090361" lon="15.893576">
        <ele>484.645970</ele>
        <time>2026-05-01T10:59:08.680Z</time>
      </trkpt>
      <trkpt lat="49.090246" lon="15.893608">
        <ele>484.937782</ele>
        <time>2026-05-01T10:59:12.688Z</time>
      </trkpt>
      <trkpt lat="49.090167" lon="15.893687">
        <ele>485.173521</ele>
        <time>2026-05-01T10:59:17.717Z</time>
      </trkpt>
      <trkpt lat="49.090074" lon="15.893748">
        <ele>485.426197</ele>
        <time>2026-05-01T10:59:21.670Z</time>
      </trkpt>
      <trkpt lat="49.089977" lon="15.893813">
        <ele>485.690636</ele>
        <time>2026-05-01T10:59:25.654Z</time>
      </trkpt>
      <trkpt lat="49.089872" lon="15.893875">
        <ele>485.971671</ele>
        <time>2026-05-01T10:59:29.648Z</time>
      </trkpt>
      <trkpt lat="49.089785" lon="15.893931">
        <ele>486.207363</ele>
        <time>2026-05-01T10:59:32.694Z</time>
      </trkpt>
      <trkpt lat="49.089696" lon="15.893983">
        <ele>486.445250</ele>
        <time>2026-05-01T10:59:35.678Z</time>
      </trkpt>
      <trkpt lat="49.089610" lon="15.894032">
        <ele>486.674397</ele>
        <time>2026-05-01T10:59:38.695Z</time>
      </trkpt>
      <trkpt lat="49.089517" lon="15.894079">
        <ele>486.971517</ele>
        <time>2026-05-01T10:59:41.681Z</time>
      </trkpt>
      <trkpt lat="49.089426" lon="15.894115">
        <ele>487.318035</ele>
        <time>2026-05-01T10:59:44.663Z</time>
      </trkpt>
      <trkpt lat="49.089337" lon="15.894128">
        <ele>487.647605</ele>
        <time>2026-05-01T10:59:47.680Z</time>
      </trkpt>
      <trkpt lat="49.089225" lon="15.894131">
        <ele>488.060522</ele>
        <time>2026-05-01T10:59:51.692Z</time>
      </trkpt>
      <trkpt lat="49.089105" lon="15.894136">
        <ele>488.503031</ele>
        <time>2026-05-01T10:59:55.674Z</time>
      </trkpt>
      <trkpt lat="49.089014" lon="15.894153">
        <ele>488.840976</ele>
        <time>2026-05-01T10:59:58.675Z</time>
      </trkpt>
      <trkpt lat="49.088920" lon="15.894171">
        <ele>489.190193</ele>
        <time>2026-05-01T11:00:01.671Z</time>
      </trkpt>
      <trkpt lat="49.088790" lon="15.894183">
        <ele>489.670273</ele>
        <time>2026-05-01T11:00:05.671Z</time>
      </trkpt>
      <trkpt lat="49.088655" lon="15.894184">
        <ele>490.167916</ele>
        <time>2026-05-01T11:00:09.677Z</time>
      </trkpt>
      <trkpt lat="49.088563" lon="15.894190">
        <ele>490.507355</ele>
        <time>2026-05-01T11:00:13.680Z</time>
      </trkpt>
      <trkpt lat="49.088465" lon="15.894227">
        <ele>490.879481</ele>
        <time>2026-05-01T11:00:18.684Z</time>
      </trkpt>
      <trkpt lat="49.088357" lon="15.894221">
        <ele>491.277854</ele>
        <time>2026-05-01T11:00:23.661Z</time>
      </trkpt>
      <trkpt lat="49.088261" lon="15.894217">
        <ele>491.631861</ele>
        <time>2026-05-01T11:00:27.696Z</time>
      </trkpt>
      <trkpt lat="49.088162" lon="15.894194">
        <ele>492.000995</ele>
        <time>2026-05-01T11:00:32.697Z</time>
      </trkpt>
      <trkpt lat="49.088059" lon="15.894183">
        <ele>492.381600</ele>
        <time>2026-05-01T11:00:36.673Z</time>
      </trkpt>
      <trkpt lat="49.087969" lon="15.894157">
        <ele>492.719244</ele>
        <time>2026-05-01T11:00:42.691Z</time>
      </trkpt>
      <trkpt lat="49.087858" lon="15.894127">
        <ele>493.134772</ele>
        <time>2026-05-01T11:00:47.696Z</time>
      </trkpt>
      <trkpt lat="49.087763" lon="15.894112">
        <ele>493.458651</ele>
        <time>2026-05-01T11:00:51.677Z</time>
      </trkpt>
      <trkpt lat="49.087672" lon="15.894095">
        <ele>493.598333</ele>
        <time>2026-05-01T11:00:55.697Z</time>
      </trkpt>
      <trkpt lat="49.087569" lon="15.894062">
        <ele>493.758681</ele>
        <time>2026-05-01T11:01:01.663Z</time>
      </trkpt>
      <trkpt lat="49.087473" lon="15.894043">
        <ele>493.906171</ele>
        <time>2026-05-01T11:01:05.676Z</time>
      </trkpt>
      <trkpt lat="49.087365" lon="15.894034">
        <ele>494.070965</ele>
        <time>2026-05-01T11:01:10.683Z</time>
      </trkpt>
      <trkpt lat="49.087269" lon="15.893994">
        <ele>494.222579</ele>
        <time>2026-05-01T11:01:15.683Z</time>
      </trkpt>
      <trkpt lat="49.087177" lon="15.893978">
        <ele>494.363656</ele>
        <time>2026-05-01T11:01:20.669Z</time>
      </trkpt>
      <trkpt lat="49.087070" lon="15.893969">
        <ele>494.526929</ele>
        <time>2026-05-01T11:01:23.685Z</time>
      </trkpt>
      <trkpt lat="49.086966" lon="15.893943">
        <ele>494.687494</ele>
        <time>2026-05-01T11:01:27.685Z</time>
      </trkpt>
      <trkpt lat="49.086845" lon="15.893918">
        <ele>494.873530</ele>
        <time>2026-05-01T11:01:31.674Z</time>
      </trkpt>
      <trkpt lat="49.086733" lon="15.893899">
        <ele>495.045223</ele>
        <time>2026-05-01T11:01:34.689Z</time>
      </trkpt>
      <trkpt lat="49.086607" lon="15.893876">
        <ele>495.238564</ele>
        <time>2026-05-01T11:01:37.685Z</time>
      </trkpt>
      <trkpt lat="49.086468" lon="15.893857">
        <ele>495.451192</ele>
        <time>2026-05-01T11:01:40.679Z</time>
      </trkpt>
      <trkpt lat="49.086371" lon="15.893834">
        <ele>495.600753</ele>
        <time>2026-05-01T11:01:42.680Z</time>
      </trkpt>
      <trkpt lat="49.086274" lon="15.893831">
        <ele>495.748573</ele>
        <time>2026-05-01T11:01:44.673Z</time>
      </trkpt>
      <trkpt lat="49.086179" lon="15.893844">
        <ele>495.893895</ele>
        <time>2026-05-01T11:01:46.680Z</time>
      </trkpt>
      <trkpt lat="49.086085" lon="15.893875">
        <ele>496.040417</ele>
        <time>2026-05-01T11:01:48.675Z</time>
      </trkpt>
      <trkpt lat="49.085991" lon="15.893905">
        <ele>496.176803</ele>
        <time>2026-05-01T11:01:50.703Z</time>
      </trkpt>
      <trkpt lat="49.085892" lon="15.893948">
        <ele>496.126373</ele>
        <time>2026-05-01T11:01:52.684Z</time>
      </trkpt>
      <trkpt lat="49.085798" lon="15.893989">
        <ele>496.078475</ele>
        <time>2026-05-01T11:01:54.679Z</time>
      </trkpt>
      <trkpt lat="49.085709" lon="15.894022">
        <ele>496.033602</ele>
        <time>2026-05-01T11:01:56.674Z</time>
      </trkpt>
      <trkpt lat="49.085581" lon="15.894070">
        <ele>495.969023</ele>
        <time>2026-05-01T11:01:59.695Z</time>
      </trkpt>
      <trkpt lat="49.085464" lon="15.894111">
        <ele>495.910208</ele>
        <time>2026-05-01T11:02:02.669Z</time>
      </trkpt>
      <trkpt lat="49.085363" lon="15.894147">
        <ele>495.859392</ele>
        <time>2026-05-01T11:02:05.686Z</time>
      </trkpt>
      <trkpt lat="49.085262" lon="15.894180">
        <ele>495.808786</ele>
        <time>2026-05-01T11:02:08.667Z</time>
      </trkpt>
      <trkpt lat="49.085163" lon="15.894217">
        <ele>495.758848</ele>
        <time>2026-05-01T11:02:11.683Z</time>
      </trkpt>
      <trkpt lat="49.085066" lon="15.894250">
        <ele>495.710157</ele>
        <time>2026-05-01T11:02:14.675Z</time>
      </trkpt>
      <trkpt lat="49.084955" lon="15.894301">
        <ele>495.653363</ele>
        <time>2026-05-01T11:02:17.679Z</time>
      </trkpt>
      <trkpt lat="49.084841" lon="15.894353">
        <ele>495.595069</ele>
        <time>2026-05-01T11:02:20.676Z</time>
      </trkpt>
      <trkpt lat="49.084738" lon="15.894376">
        <ele>495.544066</ele>
        <time>2026-05-01T11:02:23.675Z</time>
      </trkpt>
      <trkpt lat="49.084622" lon="15.894403">
        <ele>495.486575</ele>
        <time>2026-05-01T11:02:26.662Z</time>
      </trkpt>
      <trkpt lat="49.084483" lon="15.894445">
        <ele>495.417150</ele>
        <time>2026-05-01T11:02:29.658Z</time>
      </trkpt>
      <trkpt lat="49.084385" lon="15.894491">
        <ele>495.366916</ele>
        <time>2026-05-01T11:02:31.676Z</time>
      </trkpt>
      <trkpt lat="49.084284" lon="15.894537">
        <ele>495.315276</ele>
        <time>2026-05-01T11:02:33.680Z</time>
      </trkpt>
      <trkpt lat="49.084193" lon="15.894571">
        <ele>495.225914</ele>
        <time>2026-05-01T11:02:35.660Z</time>
      </trkpt>
      <trkpt lat="49.084059" lon="15.894608">
        <ele>495.057762</ele>
        <time>2026-05-01T11:02:38.679Z</time>
      </trkpt>
      <trkpt lat="49.083966" lon="15.894627">
        <ele>494.941900</ele>
        <time>2026-05-01T11:02:40.697Z</time>
      </trkpt>
      <trkpt lat="49.083875" lon="15.894641">
        <ele>494.828961</ele>
        <time>2026-05-01T11:02:42.703Z</time>
      </trkpt>
      <trkpt lat="49.083751" lon="15.894666">
        <ele>494.674513</ele>
        <time>2026-05-01T11:02:45.678Z</time>
      </trkpt>
      <trkpt lat="49.083623" lon="15.894694">
        <ele>494.514840</ele>
        <time>2026-05-01T11:02:48.692Z</time>
      </trkpt>
      <trkpt lat="49.083490" lon="15.894724">
        <ele>494.348825</ele>
        <time>2026-05-01T11:02:51.685Z</time>
      </trkpt>
      <trkpt lat="49.083399" lon="15.894744">
        <ele>494.235297</ele>
        <time>2026-05-01T11:02:53.692Z</time>
      </trkpt>
      <trkpt lat="49.083268" lon="15.894764">
        <ele>494.072727</ele>
        <time>2026-05-01T11:02:56.676Z</time>
      </trkpt>
      <trkpt lat="49.083165" lon="15.894798">
        <ele>493.942601</ele>
        <time>2026-05-01T11:02:58.676Z</time>
      </trkpt>
      <trkpt lat="49.083075" lon="15.894802">
        <ele>493.831419</ele>
        <time>2026-05-01T11:03:00.684Z</time>
      </trkpt>
      <trkpt lat="49.082981" lon="15.894818">
        <ele>493.714626</ele>
        <time>2026-05-01T11:03:02.680Z</time>
      </trkpt>
      <trkpt lat="49.082857" lon="15.894837">
        <ele>493.560737</ele>
        <time>2026-05-01T11:03:05.679Z</time>
      </trkpt>
      <trkpt lat="49.082763" lon="15.894851">
        <ele>493.444112</ele>
        <time>2026-05-01T11:03:07.684Z</time>
      </trkpt>
      <trkpt lat="49.082667" lon="15.894864">
        <ele>493.325103</ele>
        <time>2026-05-01T11:03:09.687Z</time>
      </trkpt>
      <trkpt lat="49.082550" lon="15.894899">
        <ele>493.177880</ele>
        <time>2026-05-01T11:03:12.681Z</time>
      </trkpt>
      <trkpt lat="49.082435" lon="15.894919">
        <ele>493.060186</ele>
        <time>2026-05-01T11:03:15.696Z</time>
      </trkpt>
      <trkpt lat="49.082327" lon="15.894940">
        <ele>493.006538</ele>
        <time>2026-05-01T11:03:18.704Z</time>
      </trkpt>
      <trkpt lat="49.082222" lon="15.894959">
        <ele>492.954437</ele>
        <time>2026-05-01T11:03:21.678Z</time>
      </trkpt>
      <trkpt lat="49.082111" lon="15.894985">
        <ele>492.899101</ele>
        <time>2026-05-01T11:03:24.688Z</time>
      </trkpt>
      <trkpt lat="49.082002" lon="15.895003">
        <ele>492.845077</ele>
        <time>2026-05-01T11:03:27.682Z</time>
      </trkpt>
      <trkpt lat="49.081894" lon="15.895030">
        <ele>492.791151</ele>
        <time>2026-05-01T11:03:30.677Z</time>
      </trkpt>
      <trkpt lat="49.081784" lon="15.895049">
        <ele>492.736602</ele>
        <time>2026-05-01T11:03:33.675Z</time>
      </trkpt>
      <trkpt lat="49.081657" lon="15.895063">
        <ele>492.673859</ele>
        <time>2026-05-01T11:03:36.684Z</time>
      </trkpt>
      <trkpt lat="49.081561" lon="15.895086">
        <ele>492.625975</ele>
        <time>2026-05-01T11:03:39.681Z</time>
      </trkpt>
      <trkpt lat="49.081451" lon="15.895106">
        <ele>492.571389</ele>
        <time>2026-05-01T11:03:42.684Z</time>
      </trkpt>
      <trkpt lat="49.081342" lon="15.895138">
        <ele>492.516694</ele>
        <time>2026-05-01T11:03:45.703Z</time>
      </trkpt>
      <trkpt lat="49.081234" lon="15.895156">
        <ele>492.463160</ele>
        <time>2026-05-01T11:03:48.693Z</time>
      </trkpt>
      <trkpt lat="49.081121" lon="15.895178">
        <ele>492.407028</ele>
        <time>2026-05-01T11:03:51.688Z</time>
      </trkpt>
      <trkpt lat="49.081013" lon="15.895199">
        <ele>492.353380</ele>
        <time>2026-05-01T11:03:54.681Z</time>
      </trkpt>
      <trkpt lat="49.080900" lon="15.895228">
        <ele>492.296918</ele>
        <time>2026-05-01T11:03:57.682Z</time>
      </trkpt>
      <trkpt lat="49.080791" lon="15.895252">
        <ele>492.242651</ele>
        <time>2026-05-01T11:04:00.683Z</time>
      </trkpt>
      <trkpt lat="49.080695" lon="15.895273">
        <ele>492.194864</ele>
        <time>2026-05-01T11:04:03.674Z</time>
      </trkpt>
      <trkpt lat="49.080591" lon="15.895292">
        <ele>492.250926</ele>
        <time>2026-05-01T11:04:06.705Z</time>
      </trkpt>
      <trkpt lat="49.080484" lon="15.895306">
        <ele>492.318234</ele>
        <time>2026-05-01T11:04:09.682Z</time>
      </trkpt>
      <trkpt lat="49.080350" lon="15.895321">
        <ele>492.402443</ele>
        <time>2026-05-01T11:04:12.692Z</time>
      </trkpt>
      <trkpt lat="49.080217" lon="15.895323">
        <ele>492.485805</ele>
        <time>2026-05-01T11:04:15.695Z</time>
      </trkpt>
      <trkpt lat="49.080122" lon="15.895332">
        <ele>492.545460</ele>
        <time>2026-05-01T11:04:17.698Z</time>
      </trkpt>
      <trkpt lat="49.080031" lon="15.895336">
        <ele>492.602517</ele>
        <time>2026-05-01T11:04:19.673Z</time>
      </trkpt>
      <trkpt lat="49.079931" lon="15.895335">
        <ele>492.665193</ele>
        <time>2026-05-01T11:04:21.703Z</time>
      </trkpt>
      <trkpt lat="49.079838" lon="15.895337">
        <ele>492.723486</ele>
        <time>2026-05-01T11:04:23.676Z</time>
      </trkpt>
      <trkpt lat="49.079733" lon="15.895351">
        <ele>492.789545</ele>
        <time>2026-05-01T11:04:25.689Z</time>
      </trkpt>
      <trkpt lat="49.079636" lon="15.895356">
        <ele>492.850374</ele>
        <time>2026-05-01T11:04:27.685Z</time>
      </trkpt>
      <trkpt lat="49.079535" lon="15.895367">
        <ele>492.913836</ele>
        <time>2026-05-01T11:04:29.694Z</time>
      </trkpt>
      <trkpt lat="49.079435" lon="15.895351">
        <ele>492.976854</ele>
        <time>2026-05-01T11:04:31.682Z</time>
      </trkpt>
      <trkpt lat="49.079324" lon="15.895352">
        <ele>493.046424</ele>
        <time>2026-05-01T11:04:33.674Z</time>
      </trkpt>
      <trkpt lat="49.079213" lon="15.895343">
        <ele>493.116091</ele>
        <time>2026-05-01T11:04:35.674Z</time>
      </trkpt>
      <trkpt lat="49.079097" lon="15.895347">
        <ele>493.188812</ele>
        <time>2026-05-01T11:04:37.688Z</time>
      </trkpt>
      <trkpt lat="49.078978" lon="15.895339">
        <ele>493.263467</ele>
        <time>2026-05-01T11:04:39.691Z</time>
      </trkpt>
      <trkpt lat="49.078857" lon="15.895329">
        <ele>493.277020</ele>
        <time>2026-05-01T11:04:41.699Z</time>
      </trkpt>
      <trkpt lat="49.078736" lon="15.895324">
        <ele>493.132490</ele>
        <time>2026-05-01T11:04:43.677Z</time>
      </trkpt>
      <trkpt lat="49.078616" lon="15.895320">
        <ele>492.989173</ele>
        <time>2026-05-01T11:04:45.681Z</time>
      </trkpt>
      <trkpt lat="49.078491" lon="15.895320">
        <ele>492.839919</ele>
        <time>2026-05-01T11:04:47.678Z</time>
      </trkpt>
      <trkpt lat="49.078368" lon="15.895325">
        <ele>492.693002</ele>
        <time>2026-05-01T11:04:49.673Z</time>
      </trkpt>
      <trkpt lat="49.078241" lon="15.895340">
        <ele>492.540907</ele>
        <time>2026-05-01T11:04:51.681Z</time>
      </trkpt>
      <trkpt lat="49.078108" lon="15.895363">
        <ele>492.381086</ele>
        <time>2026-05-01T11:04:53.685Z</time>
      </trkpt>
      <trkpt lat="49.077969" lon="15.895392">
        <ele>492.213573</ele>
        <time>2026-05-01T11:04:55.685Z</time>
      </trkpt>
      <trkpt lat="49.077825" lon="15.895422">
        <ele>492.040040</ele>
        <time>2026-05-01T11:04:57.689Z</time>
      </trkpt>
      <trkpt lat="49.077676" lon="15.895451">
        <ele>491.860689</ele>
        <time>2026-05-01T11:04:59.709Z</time>
      </trkpt>
      <trkpt lat="49.077522" lon="15.895483">
        <ele>491.675114</ele>
        <time>2026-05-01T11:05:01.692Z</time>
      </trkpt>
      <trkpt lat="49.077364" lon="15.895517">
        <ele>491.484592</ele>
        <time>2026-05-01T11:05:03.685Z</time>
      </trkpt>
      <trkpt lat="49.077203" lon="15.895548">
        <ele>491.290831</ele>
        <time>2026-05-01T11:05:05.684Z</time>
      </trkpt>
      <trkpt lat="49.077042" lon="15.895585">
        <ele>491.165519</ele>
        <time>2026-05-01T11:05:07.686Z</time>
      </trkpt>
      <trkpt lat="49.076882" lon="15.895617">
        <ele>491.153030</ele>
        <time>2026-05-01T11:05:09.681Z</time>
      </trkpt>
      <trkpt lat="49.076728" lon="15.895652">
        <ele>491.140981</ele>
        <time>2026-05-01T11:05:11.695Z</time>
      </trkpt>
      <trkpt lat="49.076579" lon="15.895680">
        <ele>491.129362</ele>
        <time>2026-05-01T11:05:13.682Z</time>
      </trkpt>
      <trkpt lat="49.076435" lon="15.895705">
        <ele>491.118146</ele>
        <time>2026-05-01T11:05:15.689Z</time>
      </trkpt>
      <trkpt lat="49.076296" lon="15.895714">
        <ele>491.107379</ele>
        <time>2026-05-01T11:05:17.674Z</time>
      </trkpt>
      <trkpt lat="49.076160" lon="15.895704">
        <ele>491.096842</ele>
        <time>2026-05-01T11:05:19.676Z</time>
      </trkpt>
      <trkpt lat="49.076031" lon="15.895669">
        <ele>491.086702</ele>
        <time>2026-05-01T11:05:21.683Z</time>
      </trkpt>
      <trkpt lat="49.075907" lon="15.895623">
        <ele>491.076826</ele>
        <time>2026-05-01T11:05:23.679Z</time>
      </trkpt>
      <trkpt lat="49.075787" lon="15.895584">
        <ele>491.067331</ele>
        <time>2026-05-01T11:05:25.698Z</time>
      </trkpt>
      <trkpt lat="49.075670" lon="15.895554">
        <ele>491.058149</ele>
        <time>2026-05-01T11:05:27.687Z</time>
      </trkpt>
      <trkpt lat="49.075555" lon="15.895543">
        <ele>491.049232</ele>
        <time>2026-05-01T11:05:29.681Z</time>
      </trkpt>
      <trkpt lat="49.075446" lon="15.895547">
        <ele>491.040794</ele>
        <time>2026-05-01T11:05:31.688Z</time>
      </trkpt>
      <trkpt lat="49.075336" lon="15.895549">
        <ele>491.032280</ele>
        <time>2026-05-01T11:05:33.702Z</time>
      </trkpt>
      <trkpt lat="49.075225" lon="15.895556">
        <ele>491.067438</ele>
        <time>2026-05-01T11:05:35.693Z</time>
      </trkpt>
      <trkpt lat="49.075116" lon="15.895568">
        <ele>491.108816</ele>
        <time>2026-05-01T11:05:37.694Z</time>
      </trkpt>
      <trkpt lat="49.075009" lon="15.895577">
        <ele>491.149391</ele>
        <time>2026-05-01T11:05:39.683Z</time>
      </trkpt>
      <trkpt lat="49.074903" lon="15.895589">
        <ele>491.189637</ele>
        <time>2026-05-01T11:05:41.686Z</time>
      </trkpt>
      <trkpt lat="49.074799" lon="15.895597">
        <ele>491.229064</ele>
        <time>2026-05-01T11:05:43.672Z</time>
      </trkpt>
      <trkpt lat="49.074694" lon="15.895618">
        <ele>491.269160</ele>
        <time>2026-05-01T11:05:45.683Z</time>
      </trkpt>
      <trkpt lat="49.074588" lon="15.895614">
        <ele>491.309308</ele>
        <time>2026-05-01T11:05:47.704Z</time>
      </trkpt>
      <trkpt lat="49.074482" lon="15.895592">
        <ele>491.349812</ele>
        <time>2026-05-01T11:05:49.675Z</time>
      </trkpt>
      <trkpt lat="49.074381" lon="15.895568">
        <ele>491.388514</ele>
        <time>2026-05-01T11:05:51.690Z</time>
      </trkpt>
      <trkpt lat="49.074283" lon="15.895541">
        <ele>491.426220</ele>
        <time>2026-05-01T11:05:53.693Z</time>
      </trkpt>
      <trkpt lat="49.074181" lon="15.895515">
        <ele>491.465375</ele>
        <time>2026-05-01T11:05:55.712Z</time>
      </trkpt>
      <trkpt lat="49.074083" lon="15.895483">
        <ele>491.503320</ele>
        <time>2026-05-01T11:05:57.670Z</time>
      </trkpt>
      <trkpt lat="49.073988" lon="15.895451">
        <ele>491.540156</ele>
        <time>2026-05-01T11:05:59.717Z</time>
      </trkpt>
      <trkpt lat="49.073891" lon="15.895419">
        <ele>491.577731</ele>
        <time>2026-05-01T11:06:01.665Z</time>
      </trkpt>
      <trkpt lat="49.073795" lon="15.895406">
        <ele>491.614222</ele>
        <time>2026-05-01T11:06:03.713Z</time>
      </trkpt>
      <trkpt lat="49.073700" lon="15.895374">
        <ele>491.651058</ele>
        <time>2026-05-01T11:06:05.677Z</time>
      </trkpt>
      <trkpt lat="49.073600" lon="15.895361">
        <ele>491.689058</ele>
        <time>2026-05-01T11:06:07.706Z</time>
      </trkpt>
      <trkpt lat="49.073498" lon="15.895360">
        <ele>491.694266</ele>
        <time>2026-05-01T11:06:09.686Z</time>
      </trkpt>
      <trkpt lat="49.073387" lon="15.895377">
        <ele>491.645723</ele>
        <time>2026-05-01T11:06:11.713Z</time>
      </trkpt>
      <trkpt lat="49.073272" lon="15.895400">
        <ele>491.595253</ele>
        <time>2026-05-01T11:06:13.674Z</time>
      </trkpt>
      <trkpt lat="49.073155" lon="15.895427">
        <ele>491.543763</ele>
        <time>2026-05-01T11:06:15.688Z</time>
      </trkpt>
      <trkpt lat="49.073035" lon="15.895463">
        <ele>491.490547</ele>
        <time>2026-05-01T11:06:17.690Z</time>
      </trkpt>
      <trkpt lat="49.072913" lon="15.895504">
        <ele>491.436189</ele>
        <time>2026-05-01T11:06:19.683Z</time>
      </trkpt>
      <trkpt lat="49.072788" lon="15.895545">
        <ele>491.380554</ele>
        <time>2026-05-01T11:06:21.695Z</time>
      </trkpt>
      <trkpt lat="49.072659" lon="15.895591">
        <ele>491.322910</ele>
        <time>2026-05-01T11:06:23.675Z</time>
      </trkpt>
      <trkpt lat="49.072526" lon="15.895642">
        <ele>491.263238</ele>
        <time>2026-05-01T11:06:25.680Z</time>
      </trkpt>
      <trkpt lat="49.072386" lon="15.895702">
        <ele>491.199962</ele>
        <time>2026-05-01T11:06:27.690Z</time>
      </trkpt>
      <trkpt lat="49.072240" lon="15.895767">
        <ele>491.133784</ele>
        <time>2026-05-01T11:06:29.697Z</time>
      </trkpt>
      <trkpt lat="49.072087" lon="15.895850">
        <ele>491.063128</ele>
        <time>2026-05-01T11:06:31.687Z</time>
      </trkpt>
      <trkpt lat="49.071928" lon="15.895952">
        <ele>490.988079</ele>
        <time>2026-05-01T11:06:33.694Z</time>
      </trkpt>
      <trkpt lat="49.071846" lon="15.896013">
        <ele>490.948386</ele>
        <time>2026-05-01T11:06:34.685Z</time>
      </trkpt>
      <trkpt lat="49.071764" lon="15.896080">
        <ele>490.885205</ele>
        <time>2026-05-01T11:06:35.671Z</time>
      </trkpt>
      <trkpt lat="49.071679" lon="15.896150">
        <ele>490.798898</ele>
        <time>2026-05-01T11:06:36.694Z</time>
      </trkpt>
      <trkpt lat="49.071592" lon="15.896224">
        <ele>490.709897</ele>
        <time>2026-05-01T11:06:37.690Z</time>
      </trkpt>
      <trkpt lat="49.071500" lon="15.896293">
        <ele>490.618296</ele>
        <time>2026-05-01T11:06:38.694Z</time>
      </trkpt>
      <trkpt lat="49.071411" lon="15.896368">
        <ele>490.527449</ele>
        <time>2026-05-01T11:06:39.668Z</time>
      </trkpt>
      <trkpt lat="49.071327" lon="15.896446">
        <ele>490.439586</ele>
        <time>2026-05-01T11:06:40.696Z</time>
      </trkpt>
      <trkpt lat="49.071248" lon="15.896533">
        <ele>490.352535</ele>
        <time>2026-05-01T11:06:41.681Z</time>
      </trkpt>
      <trkpt lat="49.071167" lon="15.896602">
        <ele>490.269643</ele>
        <time>2026-05-01T11:06:42.694Z</time>
      </trkpt>
      <trkpt lat="49.071011" lon="15.896709">
        <ele>490.116810</ele>
        <time>2026-05-01T11:06:44.689Z</time>
      </trkpt>
      <trkpt lat="49.070849" lon="15.896748">
        <ele>489.970254</ele>
        <time>2026-05-01T11:06:46.686Z</time>
      </trkpt>
      <trkpt lat="49.070700" lon="15.896773">
        <ele>489.836302</ele>
        <time>2026-05-01T11:06:48.698Z</time>
      </trkpt>
      <trkpt lat="49.070558" lon="15.896745">
        <ele>489.708353</ele>
        <time>2026-05-01T11:06:50.682Z</time>
      </trkpt>
      <trkpt lat="49.070419" lon="15.896712">
        <ele>489.582646</ele>
        <time>2026-05-01T11:06:52.677Z</time>
      </trkpt>
      <trkpt lat="49.070296" lon="15.896711">
        <ele>489.472729</ele>
        <time>2026-05-01T11:06:54.680Z</time>
      </trkpt>
      <trkpt lat="49.070176" lon="15.896700">
        <ele>489.365301</ele>
        <time>2026-05-01T11:06:56.712Z</time>
      </trkpt>
      <trkpt lat="49.070062" lon="15.896681">
        <ele>489.313640</ele>
        <time>2026-05-01T11:06:58.678Z</time>
      </trkpt>
      <trkpt lat="49.069951" lon="15.896678">
        <ele>489.299400</ele>
        <time>2026-05-01T11:07:00.680Z</time>
      </trkpt>
      <trkpt lat="49.069841" lon="15.896676">
        <ele>489.285289</ele>
        <time>2026-05-01T11:07:02.667Z</time>
      </trkpt>
      <trkpt lat="49.069739" lon="15.896674">
        <ele>489.272205</ele>
        <time>2026-05-01T11:07:04.708Z</time>
      </trkpt>
      <trkpt lat="49.069619" lon="15.896682">
        <ele>489.256798</ele>
        <time>2026-05-01T11:07:07.682Z</time>
      </trkpt>
      <trkpt lat="49.069502" lon="15.896686">
        <ele>489.241787</ele>
        <time>2026-05-01T11:07:10.707Z</time>
      </trkpt>
      <trkpt lat="49.069408" lon="15.896698">
        <ele>489.229688</ele>
        <time>2026-05-01T11:07:12.691Z</time>
      </trkpt>
      <trkpt lat="49.069306" lon="15.896736">
        <ele>489.216220</ele>
        <time>2026-05-01T11:07:14.673Z</time>
      </trkpt>
      <trkpt lat="49.069196" lon="15.896768">
        <ele>489.201857</ele>
        <time>2026-05-01T11:07:16.680Z</time>
      </trkpt>
      <trkpt lat="49.069090" lon="15.896797">
        <ele>489.188044</ele>
        <time>2026-05-01T11:07:18.687Z</time>
      </trkpt>
      <trkpt lat="49.068978" lon="15.896833">
        <ele>489.173363</ele>
        <time>2026-05-01T11:07:20.672Z</time>
      </trkpt>
      <trkpt lat="49.068852" lon="15.896819">
        <ele>489.157158</ele>
        <time>2026-05-01T11:07:22.674Z</time>
      </trkpt>
      <trkpt lat="49.068715" lon="15.896823">
        <ele>489.139583</ele>
        <time>2026-05-01T11:07:24.688Z</time>
      </trkpt>
      <trkpt lat="49.068580" lon="15.896839">
        <ele>489.122214</ele>
        <time>2026-05-01T11:07:26.682Z</time>
      </trkpt>
      <trkpt lat="49.068450" lon="15.896804">
        <ele>489.105282</ele>
        <time>2026-05-01T11:07:28.683Z</time>
      </trkpt>
      <trkpt lat="49.068327" lon="15.896753">
        <ele>489.006496</ele>
        <time>2026-05-01T11:07:30.705Z</time>
      </trkpt>
      <trkpt lat="49.068208" lon="15.896654">
        <ele>488.419345</ele>
        <time>2026-05-01T11:07:32.682Z</time>
      </trkpt>
      <trkpt lat="49.068097" lon="15.896578">
        <ele>487.892291</ele>
        <time>2026-05-01T11:07:34.707Z</time>
      </trkpt>
      <trkpt lat="49.068000" lon="15.896498">
        <ele>487.414633</ele>
        <time>2026-05-01T11:07:36.674Z</time>
      </trkpt>
      <trkpt lat="49.067905" lon="15.896417">
        <ele>486.943201</ele>
        <time>2026-05-01T11:07:38.686Z</time>
      </trkpt>
      <trkpt lat="49.067825" lon="15.896328">
        <ele>486.514324</ele>
        <time>2026-05-01T11:07:40.670Z</time>
      </trkpt>
      <trkpt lat="49.067740" lon="15.896276">
        <ele>486.117599</ele>
        <time>2026-05-01T11:07:42.684Z</time>
      </trkpt>
      <trkpt lat="49.067633" lon="15.896196">
        <ele>485.601414</ele>
        <time>2026-05-01T11:07:45.696Z</time>
      </trkpt>
      <trkpt lat="49.067542" lon="15.896115">
        <ele>485.145033</ele>
        <time>2026-05-01T11:07:48.666Z</time>
      </trkpt>
      <trkpt lat="49.067454" lon="15.896045">
        <ele>484.715121</ele>
        <time>2026-05-01T11:07:51.699Z</time>
      </trkpt>
      <trkpt lat="49.067357" lon="15.895982">
        <ele>484.258423</ele>
        <time>2026-05-01T11:07:54.662Z</time>
      </trkpt>
      <trkpt lat="49.067249" lon="15.895927">
        <ele>483.765176</ele>
        <time>2026-05-01T11:07:57.675Z</time>
      </trkpt>
      <trkpt lat="49.067136" lon="15.895872">
        <ele>483.251336</ele>
        <time>2026-05-01T11:08:00.682Z</time>
      </trkpt>
      <trkpt lat="49.067022" lon="15.895808">
        <ele>482.725103</ele>
        <time>2026-05-01T11:08:03.778Z</time>
      </trkpt>
      <trkpt lat="49.066899" lon="15.895757">
        <ele>482.172915</ele>
        <time>2026-05-01T11:08:06.677Z</time>
      </trkpt>
      <trkpt lat="49.066785" lon="15.895707">
        <ele>481.659045</ele>
        <time>2026-05-01T11:08:09.687Z</time>
      </trkpt>
      <trkpt lat="49.066675" lon="15.895653">
        <ele>481.311547</ele>
        <time>2026-05-01T11:08:12.698Z</time>
      </trkpt>
      <trkpt lat="49.066557" lon="15.895608">
        <ele>481.357928</ele>
        <time>2026-05-01T11:08:15.716Z</time>
      </trkpt>
      <trkpt lat="49.066435" lon="15.895573">
        <ele>481.405267</ele>
        <time>2026-05-01T11:08:18.700Z</time>
      </trkpt>
      <trkpt lat="49.066308" lon="15.895522">
        <ele>481.455346</ele>
        <time>2026-05-01T11:08:21.661Z</time>
      </trkpt>
      <trkpt lat="49.066177" lon="15.895474">
        <ele>481.506721</ele>
        <time>2026-05-01T11:08:24.655Z</time>
      </trkpt>
      <trkpt lat="49.066087" lon="15.895447">
        <ele>481.541698</ele>
        <time>2026-05-01T11:08:26.683Z</time>
      </trkpt>
      <trkpt lat="49.065996" lon="15.895410">
        <ele>481.577611</ele>
        <time>2026-05-01T11:08:28.692Z</time>
      </trkpt>
      <trkpt lat="49.065870" lon="15.895401">
        <ele>481.625712</ele>
        <time>2026-05-01T11:08:31.685Z</time>
      </trkpt>
      <trkpt lat="49.065759" lon="15.895455">
        <ele>481.670140</ele>
        <time>2026-05-01T11:08:34.688Z</time>
      </trkpt>
      <trkpt lat="49.065659" lon="15.895524">
        <ele>481.711990</ele>
        <time>2026-05-01T11:08:37.688Z</time>
      </trkpt>
      <trkpt lat="49.065568" lon="15.895617">
        <ele>481.753753</ele>
        <time>2026-05-01T11:08:40.700Z</time>
      </trkpt>
      <trkpt lat="49.065488" lon="15.895698">
        <ele>481.790363</ele>
        <time>2026-05-01T11:08:43.670Z</time>
      </trkpt>
      <trkpt lat="49.065378" lon="15.895752">
        <ele>481.834427</ele>
        <time>2026-05-01T11:08:46.683Z</time>
      </trkpt>
      <trkpt lat="49.065252" lon="15.895811">
        <ele>481.884687</ele>
        <time>2026-05-01T11:08:49.682Z</time>
      </trkpt>
      <trkpt lat="49.065134" lon="15.895867">
        <ele>481.931810</ele>
        <time>2026-05-01T11:08:52.691Z</time>
      </trkpt>
      <trkpt lat="49.065030" lon="15.895924">
        <ele>481.973950</ele>
        <time>2026-05-01T11:08:55.715Z</time>
      </trkpt>
      <trkpt lat="49.064916" lon="15.895981">
        <ele>481.927291</ele>
        <time>2026-05-01T11:08:58.687Z</time>
      </trkpt>
      <trkpt lat="49.064792" lon="15.896055">
        <ele>481.842609</ele>
        <time>2026-05-01T11:09:01.675Z</time>
      </trkpt>
      <trkpt lat="49.064678" lon="15.896140">
        <ele>481.761912</ele>
        <time>2026-05-01T11:09:04.681Z</time>
      </trkpt>
      <trkpt lat="49.064558" lon="15.896225">
        <ele>481.677770</ele>
        <time>2026-05-01T11:09:07.684Z</time>
      </trkpt>
      <trkpt lat="49.064447" lon="15.896299">
        <ele>481.600729</ele>
        <time>2026-05-01T11:09:10.698Z</time>
      </trkpt>
      <trkpt lat="49.064318" lon="15.896369">
        <ele>481.513650</ele>
        <time>2026-05-01T11:09:13.724Z</time>
      </trkpt>
      <trkpt lat="49.064225" lon="15.896412">
        <ele>481.451845</ele>
        <time>2026-05-01T11:09:15.685Z</time>
      </trkpt>
      <trkpt lat="49.064125" lon="15.896441">
        <ele>481.387104</ele>
        <time>2026-05-01T11:09:17.694Z</time>
      </trkpt>
      <trkpt lat="49.064034" lon="15.896453">
        <ele>481.329010</ele>
        <time>2026-05-01T11:09:19.665Z</time>
      </trkpt>
      <trkpt lat="49.063907" lon="15.896466">
        <ele>481.248053</ele>
        <time>2026-05-01T11:09:22.651Z</time>
      </trkpt>
      <trkpt lat="49.063808" lon="15.896459">
        <ele>481.185019</ele>
        <time>2026-05-01T11:09:24.658Z</time>
      </trkpt>
      <trkpt lat="49.063691" lon="15.896422">
        <ele>481.109023</ele>
        <time>2026-05-01T11:09:26.676Z</time>
      </trkpt>
      <trkpt lat="49.063585" lon="15.896349">
        <ele>481.035058</ele>
        <time>2026-05-01T11:09:28.665Z</time>
      </trkpt>
      <trkpt lat="49.063495" lon="15.896251">
        <ele>480.964740</ele>
        <time>2026-05-01T11:09:30.672Z</time>
      </trkpt>
      <trkpt lat="49.063426" lon="15.896139">
        <ele>480.900673</ele>
        <time>2026-05-01T11:09:32.666Z</time>
      </trkpt>
      <trkpt lat="49.063374" lon="15.896015">
        <ele>480.841808</ele>
        <time>2026-05-01T11:09:34.652Z</time>
      </trkpt>
      <trkpt lat="49.063324" lon="15.895896">
        <ele>480.866506</ele>
        <time>2026-05-01T11:09:36.707Z</time>
      </trkpt>
      <trkpt lat="49.063274" lon="15.895714">
        <ele>480.900986</ele>
        <time>2026-05-01T11:09:39.692Z</time>
      </trkpt>
      <trkpt lat="49.063243" lon="15.895533">
        <ele>480.933671</ele>
        <time>2026-05-01T11:09:42.692Z</time>
      </trkpt>
      <trkpt lat="49.063209" lon="15.895349">
        <ele>480.967072</ele>
        <time>2026-05-01T11:09:45.691Z</time>
      </trkpt>
      <trkpt lat="49.063164" lon="15.895176">
        <ele>480.999592</ele>
        <time>2026-05-01T11:09:48.697Z</time>
      </trkpt>
      <trkpt lat="49.063108" lon="15.895010">
        <ele>481.032212</ele>
        <time>2026-05-01T11:09:51.692Z</time>
      </trkpt>
      <trkpt lat="49.063037" lon="15.894849">
        <ele>481.066118</ele>
        <time>2026-05-01T11:09:54.694Z</time>
      </trkpt>
      <trkpt lat="49.062973" lon="15.894746">
        <ele>481.090919</ele>
        <time>2026-05-01T11:09:56.675Z</time>
      </trkpt>
      <trkpt lat="49.062907" lon="15.894637">
        <ele>481.116849</ele>
        <time>2026-05-01T11:09:58.678Z</time>
      </trkpt>
      <trkpt lat="49.062825" lon="15.894549">
        <ele>481.143578</ele>
        <time>2026-05-01T11:10:00.676Z</time>
      </trkpt>
      <trkpt lat="49.062731" lon="15.894482">
        <ele>481.171241</ele>
        <time>2026-05-01T11:10:02.716Z</time>
      </trkpt>
      <trkpt lat="49.062635" lon="15.894419">
        <ele>481.199105</ele>
        <time>2026-05-01T11:10:04.715Z</time>
      </trkpt>
      <trkpt lat="49.062538" lon="15.894364">
        <ele>481.226697</ele>
        <time>2026-05-01T11:10:06.676Z</time>
      </trkpt>
      <trkpt lat="49.062442" lon="15.894307">
        <ele>481.254164</ele>
        <time>2026-05-01T11:10:08.703Z</time>
      </trkpt>
      <trkpt lat="49.062346" lon="15.894256">
        <ele>481.281268</ele>
        <time>2026-05-01T11:10:10.711Z</time>
      </trkpt>
      <trkpt lat="49.062256" lon="15.894197">
        <ele>481.307386</ele>
        <time>2026-05-01T11:10:12.684Z</time>
      </trkpt>
      <trkpt lat="49.062166" lon="15.894147">
        <ele>481.303236</ele>
        <time>2026-05-01T11:10:14.679Z</time>
      </trkpt>
      <trkpt lat="49.062078" lon="15.894090">
        <ele>481.266973</ele>
        <time>2026-05-01T11:10:16.682Z</time>
      </trkpt>
      <trkpt lat="49.061988" lon="15.894044">
        <ele>481.230969</ele>
        <time>2026-05-01T11:10:18.683Z</time>
      </trkpt>
      <trkpt lat="49.061860" lon="15.893966">
        <ele>481.178686</ele>
        <time>2026-05-01T11:10:21.678Z</time>
      </trkpt>
      <trkpt lat="49.061774" lon="15.893916">
        <ele>481.143776</ele>
        <time>2026-05-01T11:10:23.632Z</time>
      </trkpt>
      <trkpt lat="49.061648" lon="15.893847">
        <ele>481.092996</ele>
        <time>2026-05-01T11:10:26.663Z</time>
      </trkpt>
      <trkpt lat="49.061535" lon="15.893778">
        <ele>481.046827</ele>
        <time>2026-05-01T11:10:29.649Z</time>
      </trkpt>
      <trkpt lat="49.061432" lon="15.893702">
        <ele>481.003429</ele>
        <time>2026-05-01T11:10:32.659Z</time>
      </trkpt>
      <trkpt lat="49.061324" lon="15.893647">
        <ele>480.960240</ele>
        <time>2026-05-01T11:10:35.690Z</time>
      </trkpt>
      <trkpt lat="49.061220" lon="15.893587">
        <ele>480.918064</ele>
        <time>2026-05-01T11:10:38.666Z</time>
      </trkpt>
      <trkpt lat="49.061122" lon="15.893527">
        <ele>480.878009</ele>
        <time>2026-05-01T11:10:41.673Z</time>
      </trkpt>
      <trkpt lat="49.061025" lon="15.893472">
        <ele>480.838756</ele>
        <time>2026-05-01T11:10:44.676Z</time>
      </trkpt>
      <trkpt lat="49.060931" lon="15.893420">
        <ele>480.800828</ele>
        <time>2026-05-01T11:10:47.680Z</time>
      </trkpt>
      <trkpt lat="49.060835" lon="15.893367">
        <ele>480.762102</ele>
        <time>2026-05-01T11:10:50.679Z</time>
      </trkpt>
      <trkpt lat="49.060735" lon="15.893303">
        <ele>480.720968</ele>
        <time>2026-05-01T11:10:53.665Z</time>
      </trkpt>
      <trkpt lat="49.060627" lon="15.893240">
        <ele>480.677109</ele>
        <time>2026-05-01T11:10:56.654Z</time>
      </trkpt>
      <trkpt lat="49.060508" lon="15.893178">
        <ele>480.628555</ele>
        <time>2026-05-01T11:10:59.676Z</time>
      </trkpt>
      <trkpt lat="49.060424" lon="15.893129">
        <ele>480.591193</ele>
        <time>2026-05-01T11:11:01.671Z</time>
      </trkpt>
      <trkpt lat="49.060334" lon="15.893070">
        <ele>480.550497</ele>
        <time>2026-05-01T11:11:03.671Z</time>
      </trkpt>
      <trkpt lat="49.060232" lon="15.893028">
        <ele>480.506603</ele>
        <time>2026-05-01T11:11:05.665Z</time>
      </trkpt>
      <trkpt lat="49.060128" lon="15.892974">
        <ele>480.460962</ele>
        <time>2026-05-01T11:11:07.666Z</time>
      </trkpt>
      <trkpt lat="49.060019" lon="15.892915">
        <ele>480.412911</ele>
        <time>2026-05-01T11:11:09.673Z</time>
      </trkpt>
      <trkpt lat="49.059907" lon="15.892846">
        <ele>480.362730</ele>
        <time>2026-05-01T11:11:11.661Z</time>
      </trkpt>
      <trkpt lat="49.059797" lon="15.892759">
        <ele>480.311255</ele>
        <time>2026-05-01T11:11:13.662Z</time>
      </trkpt>
      <trkpt lat="49.059683" lon="15.892683">
        <ele>480.259570</ele>
        <time>2026-05-01T11:11:15.681Z</time>
      </trkpt>
      <trkpt lat="49.059573" lon="15.892602">
        <ele>480.208826</ele>
        <time>2026-05-01T11:11:17.671Z</time>
      </trkpt>
      <trkpt lat="49.059468" lon="15.892524">
        <ele>480.160308</ele>
        <time>2026-05-01T11:11:19.670Z</time>
      </trkpt>
      <trkpt lat="49.059363" lon="15.892454">
        <ele>480.112702</ele>
        <time>2026-05-01T11:11:21.663Z</time>
      </trkpt>
      <trkpt lat="49.059265" lon="15.892380">
        <ele>480.067275</ele>
        <time>2026-05-01T11:11:23.698Z</time>
      </trkpt>
      <trkpt lat="49.059167" lon="15.892314">
        <ele>480.022770</ele>
        <time>2026-05-01T11:11:25.702Z</time>
      </trkpt>
      <trkpt lat="49.059074" lon="15.892257">
        <ele>479.981131</ele>
        <time>2026-05-01T11:11:27.693Z</time>
      </trkpt>
      <trkpt lat="49.058984" lon="15.892210">
        <ele>479.941610</ele>
        <time>2026-05-01T11:11:29.673Z</time>
      </trkpt>
      <trkpt lat="49.058858" lon="15.892164">
        <ele>479.890667</ele>
        <time>2026-05-01T11:11:32.681Z</time>
      </trkpt>
      <trkpt lat="49.058739" lon="15.892120">
        <ele>479.884066</ele>
        <time>2026-05-01T11:11:35.692Z</time>
      </trkpt>
      <trkpt lat="49.058621" lon="15.892079">
        <ele>479.877542</ele>
        <time>2026-05-01T11:11:38.713Z</time>
      </trkpt>
      <trkpt lat="49.058510" lon="15.892047">
        <ele>479.871453</ele>
        <time>2026-05-01T11:11:41.696Z</time>
      </trkpt>
      <trkpt lat="49.058405" lon="15.892016">
        <ele>479.865687</ele>
        <time>2026-05-01T11:11:44.690Z</time>
      </trkpt>
      <trkpt lat="49.058308" lon="15.891981">
        <ele>479.860314</ele>
        <time>2026-05-01T11:11:47.691Z</time>
      </trkpt>
      <trkpt lat="49.058196" lon="15.891948">
        <ele>479.854164</ele>
        <time>2026-05-01T11:11:51.686Z</time>
      </trkpt>
      <trkpt lat="49.058095" lon="15.891916">
        <ele>479.848603</ele>
        <time>2026-05-01T11:11:55.689Z</time>
      </trkpt>
      <trkpt lat="49.057991" lon="15.891881">
        <ele>479.842862</ele>
        <time>2026-05-01T11:11:59.686Z</time>
      </trkpt>
      <trkpt lat="49.057903" lon="15.891851">
        <ele>479.838001</ele>
        <time>2026-05-01T11:12:02.696Z</time>
      </trkpt>
      <trkpt lat="49.057800" lon="15.891817">
        <ele>479.832320</ele>
        <time>2026-05-01T11:12:05.704Z</time>
      </trkpt>
      <trkpt lat="49.057682" lon="15.891778">
        <ele>479.825811</ele>
        <time>2026-05-01T11:12:08.650Z</time>
      </trkpt>
      <trkpt lat="49.057592" lon="15.891740">
        <ele>479.820777</ele>
        <time>2026-05-01T11:12:10.669Z</time>
      </trkpt>
      <trkpt lat="49.057489" lon="15.891719">
        <ele>479.815175</ele>
        <time>2026-05-01T11:12:12.665Z</time>
      </trkpt>
      <trkpt lat="49.057370" lon="15.891737">
        <ele>479.808729</ele>
        <time>2026-05-01T11:12:14.656Z</time>
      </trkpt>
      <trkpt lat="49.057245" lon="15.891836">
        <ele>479.801137</ele>
        <time>2026-05-01T11:12:16.697Z</time>
      </trkpt>
      <trkpt lat="49.057126" lon="15.891984">
        <ele>479.765455</ele>
        <time>2026-05-01T11:12:18.666Z</time>
      </trkpt>
      <trkpt lat="49.057002" lon="15.892137">
        <ele>479.571806</ele>
        <time>2026-05-01T11:12:20.667Z</time>
      </trkpt>
      <trkpt lat="49.056869" lon="15.892299">
        <ele>479.365151</ele>
        <time>2026-05-01T11:12:22.688Z</time>
      </trkpt>
      <trkpt lat="49.056735" lon="15.892461">
        <ele>479.157545</ele>
        <time>2026-05-01T11:12:24.668Z</time>
      </trkpt>
      <trkpt lat="49.056591" lon="15.892576">
        <ele>478.960174</ele>
        <time>2026-05-01T11:12:26.657Z</time>
      </trkpt>
      <trkpt lat="49.056434" lon="15.892502">
        <ele>478.760628</ele>
        <time>2026-05-01T11:12:28.667Z</time>
      </trkpt>
      <trkpt lat="49.056288" lon="15.892396">
        <ele>478.564284</ele>
        <time>2026-05-01T11:12:30.671Z</time>
      </trkpt>
      <trkpt lat="49.056144" lon="15.892271">
        <ele>478.363099</ele>
        <time>2026-05-01T11:12:32.657Z</time>
      </trkpt>
      <trkpt lat="49.056004" lon="15.892127">
        <ele>478.158070</ele>
        <time>2026-05-01T11:12:34.674Z</time>
      </trkpt>
      <trkpt lat="49.055882" lon="15.891974">
        <ele>477.966302</ele>
        <time>2026-05-01T11:12:36.667Z</time>
      </trkpt>
      <trkpt lat="49.055829" lon="15.891775">
        <ele>477.795356</ele>
        <time>2026-05-01T11:12:38.672Z</time>
      </trkpt>
      <trkpt lat="49.055864" lon="15.891577">
        <ele>477.632153</ele>
        <time>2026-05-01T11:12:40.685Z</time>
      </trkpt>
      <trkpt lat="49.055923" lon="15.891401">
        <ele>477.465031</ele>
        <time>2026-05-01T11:12:42.675Z</time>
      </trkpt>
      <trkpt lat="49.055980" lon="15.891229">
        <ele>477.300519</ele>
        <time>2026-05-01T11:12:44.681Z</time>
      </trkpt>
      <trkpt lat="49.056023" lon="15.891067">
        <ele>477.151334</ele>
        <time>2026-05-01T11:12:46.671Z</time>
      </trkpt>
      <trkpt lat="49.056055" lon="15.890924">
        <ele>477.022359</ele>
        <time>2026-05-01T11:12:48.684Z</time>
      </trkpt>
      <trkpt lat="49.056060" lon="15.890733">
        <ele>476.859204</ele>
        <time>2026-05-01T11:12:51.678Z</time>
      </trkpt>
      <trkpt lat="49.056032" lon="15.890559">
        <ele>476.706277</ele>
        <time>2026-05-01T11:12:54.688Z</time>
      </trkpt>
      <trkpt lat="49.055972" lon="15.890426">
        <ele>476.568458</ele>
        <time>2026-05-01T11:12:57.700Z</time>
      </trkpt>
      <trkpt lat="49.055912" lon="15.890298">
        <ele>476.434133</ele>
        <time>2026-05-01T11:13:00.690Z</time>
      </trkpt>
      <trkpt lat="49.055847" lon="15.890172">
        <ele>476.297262</ele>
        <time>2026-05-01T11:13:03.712Z</time>
      </trkpt>
      <trkpt lat="49.055805" lon="15.890020">
        <ele>476.156463</ele>
        <time>2026-05-01T11:13:06.686Z</time>
      </trkpt>
      <trkpt lat="49.055754" lon="15.889889">
        <ele>476.026407</ele>
        <time>2026-05-01T11:13:09.709Z</time>
      </trkpt>
      <trkpt lat="49.055693" lon="15.889758">
        <ele>475.889240</ele>
        <time>2026-05-01T11:13:13.707Z</time>
      </trkpt>
      <trkpt lat="49.055628" lon="15.889660">
        <ele>475.770226</ele>
        <time>2026-05-01T11:13:17.682Z</time>
      </trkpt>
      <trkpt lat="49.055559" lon="15.889542">
        <ele>475.635242</ele>
        <time>2026-05-01T11:13:23.696Z</time>
      </trkpt>
      <trkpt lat="49.055496" lon="15.889434">
        <ele>475.511829</ele>
        <time>2026-05-01T11:13:29.680Z</time>
      </trkpt>
      <trkpt lat="49.055451" lon="15.889290">
        <ele>475.375659</ele>
        <time>2026-05-01T11:13:35.704Z</time>
      </trkpt>
      <trkpt lat="49.055407" lon="15.889166">
        <ele>475.275175</ele>
        <time>2026-05-01T11:13:40.705Z</time>
      </trkpt>
      <trkpt lat="49.055317" lon="15.889079">
        <ele>475.367852</ele>
        <time>2026-05-01T11:13:46.666Z</time>
      </trkpt>
      <trkpt lat="49.055244" lon="15.888982">
        <ele>475.452055</ele>
        <time>2026-05-01T11:13:51.670Z</time>
      </trkpt>
      <trkpt lat="49.055193" lon="15.888831">
        <ele>475.548895</ele>
        <time>2026-05-01T11:13:56.686Z</time>
      </trkpt>
      <trkpt lat="49.055151" lon="15.888698">
        <ele>475.633057</ele>
        <time>2026-05-01T11:14:00.679Z</time>
      </trkpt>
      <trkpt lat="49.055125" lon="15.888560">
        <ele>475.714913</ele>
        <time>2026-05-01T11:14:04.697Z</time>
      </trkpt>
      <trkpt lat="49.055132" lon="15.888396">
        <ele>475.808602</ele>
        <time>2026-05-01T11:14:08.712Z</time>
      </trkpt>
      <trkpt lat="49.055122" lon="15.888231">
        <ele>475.903064</ele>
        <time>2026-05-01T11:14:12.688Z</time>
      </trkpt>
      <trkpt lat="49.055107" lon="15.888061">
        <ele>476.000850</ele>
        <time>2026-05-01T11:14:16.697Z</time>
      </trkpt>
      <trkpt lat="49.055098" lon="15.887888">
        <ele>476.099781</ele>
        <time>2026-05-01T11:14:20.707Z</time>
      </trkpt>
      <trkpt lat="49.055106" lon="15.887709">
        <ele>476.202060</ele>
        <time>2026-05-01T11:14:24.686Z</time>
      </trkpt>
      <trkpt lat="49.055107" lon="15.887571">
        <ele>476.280734</ele>
        <time>2026-05-01T11:14:27.685Z</time>
      </trkpt>
      <trkpt lat="49.055114" lon="15.887427">
        <ele>476.363049</ele>
        <time>2026-05-01T11:14:30.688Z</time>
      </trkpt>
      <trkpt lat="49.055112" lon="15.887277">
        <ele>476.448577</ele>
        <time>2026-05-01T11:14:33.680Z</time>
      </trkpt>
      <trkpt lat="49.055113" lon="15.887125">
        <ele>476.535231</ele>
        <time>2026-05-01T11:14:36.707Z</time>
      </trkpt>
      <trkpt lat="49.055111" lon="15.886973">
        <ele>476.621898</ele>
        <time>2026-05-01T11:14:39.729Z</time>
      </trkpt>
      <trkpt lat="49.055117" lon="15.886825">
        <ele>476.706429</ele>
        <time>2026-05-01T11:14:42.686Z</time>
      </trkpt>
      <trkpt lat="49.055118" lon="15.886671">
        <ele>476.794224</ele>
        <time>2026-05-01T11:14:45.713Z</time>
      </trkpt>
      <trkpt lat="49.055109" lon="15.886517">
        <ele>476.918885</ele>
        <time>2026-05-01T11:14:48.710Z</time>
      </trkpt>
      <trkpt lat="49.055095" lon="15.886365">
        <ele>477.069634</ele>
        <time>2026-05-01T11:14:51.691Z</time>
      </trkpt>
      <trkpt lat="49.055084" lon="15.886210">
        <ele>477.222752</ele>
        <time>2026-05-01T11:14:54.704Z</time>
      </trkpt>
      <trkpt lat="49.055055" lon="15.886050">
        <ele>477.385790</ele>
        <time>2026-05-01T11:14:57.676Z</time>
      </trkpt>
      <trkpt lat="49.055026" lon="15.885875">
        <ele>477.563071</ele>
        <time>2026-05-01T11:15:00.696Z</time>
      </trkpt>
      <trkpt lat="49.054972" lon="15.885707">
        <ele>477.746845</ele>
        <time>2026-05-01T11:15:03.702Z</time>
      </trkpt>
      <trkpt lat="49.054914" lon="15.885541">
        <ele>477.931601</ele>
        <time>2026-05-01T11:15:06.718Z</time>
      </trkpt>
      <trkpt lat="49.054857" lon="15.885368">
        <ele>478.121773</ele>
        <time>2026-05-01T11:15:09.697Z</time>
      </trkpt>
      <trkpt lat="49.054794" lon="15.885191">
        <ele>478.319594</ele>
        <time>2026-05-01T11:15:12.678Z</time>
      </trkpt>
      <trkpt lat="49.054709" lon="15.885030">
        <ele>478.522645</ele>
        <time>2026-05-01T11:15:15.681Z</time>
      </trkpt>
      <trkpt lat="49.054611" lon="15.884890">
        <ele>478.723831</ele>
        <time>2026-05-01T11:15:18.677Z</time>
      </trkpt>
      <trkpt lat="49.054506" lon="15.884761">
        <ele>478.925854</ele>
        <time>2026-05-01T11:15:21.692Z</time>
      </trkpt>
      <trkpt lat="49.054401" lon="15.884635">
        <ele>479.126042</ele>
        <time>2026-05-01T11:15:24.699Z</time>
      </trkpt>
      <trkpt lat="49.054289" lon="15.884521">
        <ele>479.327807</ele>
        <time>2026-05-01T11:15:27.717Z</time>
      </trkpt>
      <trkpt lat="49.054211" lon="15.884449">
        <ele>479.464426</ele>
        <time>2026-05-01T11:15:29.684Z</time>
      </trkpt>
      <trkpt lat="49.054089" lon="15.884369">
        <ele>479.542193</ele>
        <time>2026-05-01T11:15:32.692Z</time>
      </trkpt>
      <trkpt lat="49.053999" lon="15.884327">
        <ele>479.557553</ele>
        <time>2026-05-01T11:15:34.705Z</time>
      </trkpt>
      <trkpt lat="49.053875" lon="15.884253">
        <ele>479.579283</ele>
        <time>2026-05-01T11:15:37.692Z</time>
      </trkpt>
      <trkpt lat="49.053796" lon="15.884180">
        <ele>479.594356</ele>
        <time>2026-05-01T11:15:39.662Z</time>
      </trkpt>
      <trkpt lat="49.053706" lon="15.884129">
        <ele>479.610024</ele>
        <time>2026-05-01T11:15:41.653Z</time>
      </trkpt>
      <trkpt lat="49.053616" lon="15.884076">
        <ele>479.625769</ele>
        <time>2026-05-01T11:15:43.645Z</time>
      </trkpt>
      <trkpt lat="49.053527" lon="15.884028">
        <ele>479.641174</ele>
        <time>2026-05-01T11:15:45.666Z</time>
      </trkpt>
      <trkpt lat="49.053436" lon="15.883981">
        <ele>479.656854</ele>
        <time>2026-05-01T11:15:47.676Z</time>
      </trkpt>
      <trkpt lat="49.053347" lon="15.883919">
        <ele>479.672821</ele>
        <time>2026-05-01T11:15:49.664Z</time>
      </trkpt>
      <trkpt lat="49.053247" lon="15.883880">
        <ele>479.689666</ele>
        <time>2026-05-01T11:15:51.675Z</time>
      </trkpt>
      <trkpt lat="49.053143" lon="15.883830">
        <ele>479.707462</ele>
        <time>2026-05-01T11:15:53.704Z</time>
      </trkpt>
      <trkpt lat="49.053035" lon="15.883773">
        <ele>479.726112</ele>
        <time>2026-05-01T11:15:55.697Z</time>
      </trkpt>
      <trkpt lat="49.052920" lon="15.883710">
        <ele>479.746054</ele>
        <time>2026-05-01T11:15:57.694Z</time>
      </trkpt>
      <trkpt lat="49.052798" lon="15.883643">
        <ele>479.767215</ele>
        <time>2026-05-01T11:15:59.695Z</time>
      </trkpt>
      <trkpt lat="49.052671" lon="15.883574">
        <ele>479.789217</ele>
        <time>2026-05-01T11:16:01.679Z</time>
      </trkpt>
      <trkpt lat="49.052533" lon="15.883502">
        <ele>479.813019</ele>
        <time>2026-05-01T11:16:03.705Z</time>
      </trkpt>
      <trkpt lat="49.052392" lon="15.883428">
        <ele>479.754547</ele>
        <time>2026-05-01T11:16:05.695Z</time>
      </trkpt>
      <trkpt lat="49.052251" lon="15.883348">
        <ele>479.655370</ele>
        <time>2026-05-01T11:16:07.681Z</time>
      </trkpt>
      <trkpt lat="49.052110" lon="15.883265">
        <ele>479.555734</ele>
        <time>2026-05-01T11:16:09.731Z</time>
      </trkpt>
      <trkpt lat="49.051974" lon="15.883186">
        <ele>479.459795</ele>
        <time>2026-05-01T11:16:11.684Z</time>
      </trkpt>
      <trkpt lat="49.051837" lon="15.883121">
        <ele>479.365208</ele>
        <time>2026-05-01T11:16:13.691Z</time>
      </trkpt>
      <trkpt lat="49.051703" lon="15.883051">
        <ele>479.271831</ele>
        <time>2026-05-01T11:16:15.677Z</time>
      </trkpt>
      <trkpt lat="49.051574" lon="15.882982">
        <ele>479.181710</ele>
        <time>2026-05-01T11:16:17.678Z</time>
      </trkpt>
      <trkpt lat="49.051447" lon="15.882913">
        <ele>479.092832</ele>
        <time>2026-05-01T11:16:19.675Z</time>
      </trkpt>
      <trkpt lat="49.051322" lon="15.882844">
        <ele>479.005195</ele>
        <time>2026-05-01T11:16:21.677Z</time>
      </trkpt>
      <trkpt lat="49.051202" lon="15.882785">
        <ele>478.922076</ele>
        <time>2026-05-01T11:16:23.700Z</time>
      </trkpt>
      <trkpt lat="49.051087" lon="15.882725">
        <ele>478.841949</ele>
        <time>2026-05-01T11:16:25.701Z</time>
      </trkpt>
      <trkpt lat="49.050978" lon="15.882666">
        <ele>478.765700</ele>
        <time>2026-05-01T11:16:27.682Z</time>
      </trkpt>
      <trkpt lat="49.050873" lon="15.882613">
        <ele>478.692786</ele>
        <time>2026-05-01T11:16:29.694Z</time>
      </trkpt>
      <trkpt lat="49.050773" lon="15.882557">
        <ele>478.636833</ele>
        <time>2026-05-01T11:16:31.692Z</time>
      </trkpt>
      <trkpt lat="49.050675" lon="15.882501">
        <ele>478.646264</ele>
        <time>2026-05-01T11:16:33.693Z</time>
      </trkpt>
      <trkpt lat="49.050578" lon="15.882449">
        <ele>478.655529</ele>
        <time>2026-05-01T11:16:35.714Z</time>
      </trkpt>
      <trkpt lat="49.050483" lon="15.882397">
        <ele>478.664625</ele>
        <time>2026-05-01T11:16:37.690Z</time>
      </trkpt>
      <trkpt lat="49.050394" lon="15.882351">
        <ele>478.673093</ele>
        <time>2026-05-01T11:16:39.693Z</time>
      </trkpt>
      <trkpt lat="49.050306" lon="15.882307">
        <ele>478.681438</ele>
        <time>2026-05-01T11:16:41.706Z</time>
      </trkpt>
      <trkpt lat="49.050183" lon="15.882236">
        <ele>478.693290</ele>
        <time>2026-05-01T11:16:44.701Z</time>
      </trkpt>
      <trkpt lat="49.050063" lon="15.882169">
        <ele>478.704805</ele>
        <time>2026-05-01T11:16:47.675Z</time>
      </trkpt>
      <trkpt lat="49.049950" lon="15.882101">
        <ele>478.715752</ele>
        <time>2026-05-01T11:16:50.691Z</time>
      </trkpt>
      <trkpt lat="49.049845" lon="15.882049">
        <ele>478.725700</ele>
        <time>2026-05-01T11:16:53.680Z</time>
      </trkpt>
      <trkpt lat="49.049750" lon="15.882003">
        <ele>478.734683</ele>
        <time>2026-05-01T11:16:56.714Z</time>
      </trkpt>
      <trkpt lat="49.049663" lon="15.881964">
        <ele>478.742854</ele>
        <time>2026-05-01T11:16:59.703Z</time>
      </trkpt>
      <trkpt lat="49.049551" lon="15.881928">
        <ele>478.753169</ele>
        <time>2026-05-01T11:17:03.677Z</time>
      </trkpt>
      <trkpt lat="49.049448" lon="15.881898">
        <ele>478.762619</ele>
        <time>2026-05-01T11:17:07.683Z</time>
      </trkpt>
      <trkpt lat="49.049352" lon="15.881863">
        <ele>478.771514</ele>
        <time>2026-05-01T11:17:11.681Z</time>
      </trkpt>
      <trkpt lat="49.049257" lon="15.881840">
        <ele>478.780182</ele>
        <time>2026-05-01T11:17:15.695Z</time>
      </trkpt>
      <trkpt lat="49.049160" lon="15.881827">
        <ele>478.788957</ele>
        <time>2026-05-01T11:17:19.682Z</time>
      </trkpt>
      <trkpt lat="49.049060" lon="15.881814">
        <ele>478.798935</ele>
        <time>2026-05-01T11:17:23.675Z</time>
      </trkpt>
      <trkpt lat="49.048957" lon="15.881800">
        <ele>478.819205</ele>
        <time>2026-05-01T11:17:27.693Z</time>
      </trkpt>
      <trkpt lat="49.048842" lon="15.881782">
        <ele>478.841865</ele>
        <time>2026-05-01T11:17:31.685Z</time>
      </trkpt>
      <trkpt lat="49.048739" lon="15.881767">
        <ele>478.862146</ele>
        <time>2026-05-01T11:17:34.684Z</time>
      </trkpt>
      <trkpt lat="49.048625" lon="15.881755">
        <ele>478.884546</ele>
        <time>2026-05-01T11:17:37.700Z</time>
      </trkpt>
      <trkpt lat="49.048501" lon="15.881739">
        <ele>478.908938</ele>
        <time>2026-05-01T11:17:40.716Z</time>
      </trkpt>
      <trkpt lat="49.048367" lon="15.881718">
        <ele>478.935343</ele>
        <time>2026-05-01T11:17:43.687Z</time>
      </trkpt>
      <trkpt lat="49.048275" lon="15.881705">
        <ele>478.953454</ele>
        <time>2026-05-01T11:17:45.682Z</time>
      </trkpt>
      <trkpt lat="49.048184" lon="15.881689">
        <ele>478.971409</ele>
        <time>2026-05-01T11:17:47.675Z</time>
      </trkpt>
      <trkpt lat="49.048093" lon="15.881665">
        <ele>478.989511</ele>
        <time>2026-05-01T11:17:49.686Z</time>
      </trkpt>
      <trkpt lat="49.048002" lon="15.881629">
        <ele>479.007939</ele>
        <time>2026-05-01T11:17:51.704Z</time>
      </trkpt>
      <trkpt lat="49.047912" lon="15.881587">
        <ele>479.026387</ele>
        <time>2026-05-01T11:17:53.682Z</time>
      </trkpt>
      <trkpt lat="49.047826" lon="15.881540">
        <ele>479.044293</ele>
        <time>2026-05-01T11:17:55.685Z</time>
      </trkpt>
      <trkpt lat="49.047703" lon="15.881456">
        <ele>479.070708</ele>
        <time>2026-05-01T11:17:58.688Z</time>
      </trkpt>
      <trkpt lat="49.047618" lon="15.881402">
        <ele>479.088757</ele>
        <time>2026-05-01T11:18:00.704Z</time>
      </trkpt>
      <trkpt lat="49.047496" lon="15.881315">
        <ele>479.115154</ele>
        <time>2026-05-01T11:18:03.673Z</time>
      </trkpt>
      <trkpt lat="49.047376" lon="15.881226">
        <ele>479.141308</ele>
        <time>2026-05-01T11:18:06.682Z</time>
      </trkpt>
      <trkpt lat="49.047294" lon="15.881165">
        <ele>479.157339</ele>
        <time>2026-05-01T11:18:08.696Z</time>
      </trkpt>
      <trkpt lat="49.047212" lon="15.881094">
        <ele>479.172188</ele>
        <time>2026-05-01T11:18:10.708Z</time>
      </trkpt>
      <trkpt lat="49.047128" lon="15.881024">
        <ele>479.187262</ele>
        <time>2026-05-01T11:18:12.693Z</time>
      </trkpt>
      <trkpt lat="49.047043" lon="15.880957">
        <ele>479.202329</ele>
        <time>2026-05-01T11:18:14.672Z</time>
      </trkpt>
      <trkpt lat="49.046958" lon="15.880888">
        <ele>479.217493</ele>
        <time>2026-05-01T11:18:16.689Z</time>
      </trkpt>
      <trkpt lat="49.046875" lon="15.880822">
        <ele>479.232233</ele>
        <time>2026-05-01T11:18:18.701Z</time>
      </trkpt>
      <trkpt lat="49.046793" lon="15.880758">
        <ele>479.246739</ele>
        <time>2026-05-01T11:18:20.676Z</time>
      </trkpt>
      <trkpt lat="49.046681" lon="15.880649">
        <ele>479.267661</ele>
        <time>2026-05-01T11:18:23.697Z</time>
      </trkpt>
      <trkpt lat="49.046573" lon="15.880544">
        <ele>479.287830</ele>
        <time>2026-05-01T11:18:26.693Z</time>
      </trkpt>
      <trkpt lat="49.046464" lon="15.880462">
        <ele>479.306970</ele>
        <time>2026-05-01T11:18:29.718Z</time>
      </trkpt>
      <trkpt lat="49.046352" lon="15.880401">
        <ele>479.325699</ele>
        <time>2026-05-01T11:18:32.714Z</time>
      </trkpt>
      <trkpt lat="49.046247" lon="15.880317">
        <ele>479.344371</ele>
        <time>2026-05-01T11:18:35.696Z</time>
      </trkpt>
      <trkpt lat="49.046139" lon="15.880230">
        <ele>479.363605</ele>
        <time>2026-05-01T11:18:38.686Z</time>
      </trkpt>
      <trkpt lat="49.046025" lon="15.880141">
        <ele>479.383773</ele>
        <time>2026-05-01T11:18:41.684Z</time>
      </trkpt>
      <trkpt lat="49.045905" lon="15.880050">
        <ele>479.404878</ele>
        <time>2026-05-01T11:18:44.686Z</time>
      </trkpt>
      <trkpt lat="49.045825" lon="15.879982">
        <ele>479.419300</ele>
        <time>2026-05-01T11:18:46.691Z</time>
      </trkpt>
      <trkpt lat="49.045745" lon="15.879917">
        <ele>479.431717</ele>
        <time>2026-05-01T11:18:48.709Z</time>
      </trkpt>
      <trkpt lat="49.045665" lon="15.879849">
        <ele>479.395974</ele>
        <time>2026-05-01T11:18:50.681Z</time>
      </trkpt>
      <trkpt lat="49.045581" lon="15.879776">
        <ele>479.358243</ele>
        <time>2026-05-01T11:18:52.707Z</time>
      </trkpt>
      <trkpt lat="49.045495" lon="15.879713">
        <ele>479.321009</ele>
        <time>2026-05-01T11:18:54.653Z</time>
      </trkpt>
      <trkpt lat="49.045412" lon="15.879646">
        <ele>479.284360</ele>
        <time>2026-05-01T11:18:56.659Z</time>
      </trkpt>
      <trkpt lat="49.045324" lon="15.879582">
        <ele>479.246311</ele>
        <time>2026-05-01T11:18:58.662Z</time>
      </trkpt>
      <trkpt lat="49.045238" lon="15.879506">
        <ele>479.207521</ele>
        <time>2026-05-01T11:19:00.677Z</time>
      </trkpt>
      <trkpt lat="49.045151" lon="15.879428">
        <ele>479.168136</ele>
        <time>2026-05-01T11:19:02.652Z</time>
      </trkpt>
      <trkpt lat="49.045052" lon="15.879373">
        <ele>479.127015</ele>
        <time>2026-05-01T11:19:04.683Z</time>
      </trkpt>
      <trkpt lat="49.044956" lon="15.879308">
        <ele>479.086023</ele>
        <time>2026-05-01T11:19:06.675Z</time>
      </trkpt>
      <trkpt lat="49.044866" lon="15.879233">
        <ele>479.045997</ele>
        <time>2026-05-01T11:19:08.690Z</time>
      </trkpt>
      <trkpt lat="49.044773" lon="15.879165">
        <ele>479.005747</ele>
        <time>2026-05-01T11:19:10.669Z</time>
      </trkpt>
      <trkpt lat="49.044678" lon="15.879101">
        <ele>478.965215</ele>
        <time>2026-05-01T11:19:12.666Z</time>
      </trkpt>
      <trkpt lat="49.044575" lon="15.879057">
        <ele>478.923468</ele>
        <time>2026-05-01T11:19:14.685Z</time>
      </trkpt>
      <trkpt lat="49.044464" lon="15.879069">
        <ele>478.880037</ele>
        <time>2026-05-01T11:19:16.659Z</time>
      </trkpt>
      <trkpt lat="49.044366" lon="15.879168">
        <ele>478.834163</ele>
        <time>2026-05-01T11:19:18.694Z</time>
      </trkpt>
      <trkpt lat="49.044277" lon="15.879290">
        <ele>478.787464</ele>
        <time>2026-05-01T11:19:20.662Z</time>
      </trkpt>
      <trkpt lat="49.044195" lon="15.879422">
        <ele>478.740938</ele>
        <time>2026-05-01T11:19:22.667Z</time>
      </trkpt>
      <trkpt lat="49.044108" lon="15.879558">
        <ele>478.715016</ele>
        <time>2026-05-01T11:19:24.679Z</time>
      </trkpt>
      <trkpt lat="49.044016" lon="15.879683">
        <ele>478.695117</ele>
        <time>2026-05-01T11:19:26.662Z</time>
      </trkpt>
      <trkpt lat="49.043926" lon="15.879807">
        <ele>478.675529</ele>
        <time>2026-05-01T11:19:28.662Z</time>
      </trkpt>
      <trkpt lat="49.043837" lon="15.879933">
        <ele>478.655917</ele>
        <time>2026-05-01T11:19:30.682Z</time>
      </trkpt>
      <trkpt lat="49.043749" lon="15.880058">
        <ele>478.636495</ele>
        <time>2026-05-01T11:19:32.695Z</time>
      </trkpt>
      <trkpt lat="49.043664" lon="15.880180">
        <ele>478.617645</ele>
        <time>2026-05-01T11:19:34.685Z</time>
      </trkpt>
      <trkpt lat="49.043582" lon="15.880300">
        <ele>478.599291</ele>
        <time>2026-05-01T11:19:36.701Z</time>
      </trkpt>
      <trkpt lat="49.043499" lon="15.880417">
        <ele>478.581037</ele>
        <time>2026-05-01T11:19:38.678Z</time>
      </trkpt>
      <trkpt lat="49.043418" lon="15.880532">
        <ele>478.563165</ele>
        <time>2026-05-01T11:19:40.687Z</time>
      </trkpt>
      <trkpt lat="49.043338" lon="15.880638">
        <ele>478.546050</ele>
        <time>2026-05-01T11:19:42.713Z</time>
      </trkpt>
      <trkpt lat="49.043260" lon="15.880740">
        <ele>478.529455</ele>
        <time>2026-05-01T11:19:44.676Z</time>
      </trkpt>
      <trkpt lat="49.043185" lon="15.880847">
        <ele>478.512869</ele>
        <time>2026-05-01T11:19:46.689Z</time>
      </trkpt>
      <trkpt lat="49.043110" lon="15.880948">
        <ele>478.496710</ele>
        <time>2026-05-01T11:19:48.672Z</time>
      </trkpt>
      <trkpt lat="49.043041" lon="15.881063">
        <ele>478.480204</ele>
        <time>2026-05-01T11:19:50.704Z</time>
      </trkpt>
      <trkpt lat="49.042966" lon="15.881166">
        <ele>478.463904</ele>
        <time>2026-05-01T11:19:52.691Z</time>
      </trkpt>
      <trkpt lat="49.042896" lon="15.881283">
        <ele>478.447132</ele>
        <time>2026-05-01T11:19:54.702Z</time>
      </trkpt>
      <trkpt lat="49.042824" lon="15.881394">
        <ele>478.408135</ele>
        <time>2026-05-01T11:19:56.707Z</time>
      </trkpt>
      <trkpt lat="49.042753" lon="15.881498">
        <ele>478.356221</ele>
        <time>2026-05-01T11:19:58.707Z</time>
      </trkpt>
      <trkpt lat="49.042679" lon="15.881598">
        <ele>478.304082</ele>
        <time>2026-05-01T11:20:00.696Z</time>
      </trkpt>
      <trkpt lat="49.042605" lon="15.881696">
        <ele>478.252399</ele>
        <time>2026-05-01T11:20:02.696Z</time>
      </trkpt>
      <trkpt lat="49.042534" lon="15.881794">
        <ele>478.201899</ele>
        <time>2026-05-01T11:20:04.717Z</time>
      </trkpt>
      <trkpt lat="49.042463" lon="15.881888">
        <ele>478.152317</ele>
        <time>2026-05-01T11:20:06.688Z</time>
      </trkpt>
      <trkpt lat="49.042396" lon="15.881982">
        <ele>478.104308</ele>
        <time>2026-05-01T11:20:08.683Z</time>
      </trkpt>
      <trkpt lat="49.042326" lon="15.882082">
        <ele>478.053729</ele>
        <time>2026-05-01T11:20:10.712Z</time>
      </trkpt>
      <trkpt lat="49.042254" lon="15.882175">
        <ele>478.003971</ele>
        <time>2026-05-01T11:20:12.683Z</time>
      </trkpt>
      <trkpt lat="49.042172" lon="15.882252">
        <ele>477.953186</ele>
        <time>2026-05-01T11:20:14.678Z</time>
      </trkpt>
      <trkpt lat="49.042078" lon="15.882323">
        <ele>477.897865</ele>
        <time>2026-05-01T11:20:16.655Z</time>
      </trkpt>
      <trkpt lat="49.041969" lon="15.882381">
        <ele>477.836979</ele>
        <time>2026-05-01T11:20:18.674Z</time>
      </trkpt>
      <trkpt lat="49.041844" lon="15.882440">
        <ele>477.767968</ele>
        <time>2026-05-01T11:20:20.694Z</time>
      </trkpt>
      <trkpt lat="49.041699" lon="15.882506">
        <ele>477.688161</ele>
        <time>2026-05-01T11:20:22.697Z</time>
      </trkpt>
      <trkpt lat="49.041536" lon="15.882579">
        <ele>477.598563</ele>
        <time>2026-05-01T11:20:24.732Z</time>
      </trkpt>
      <trkpt lat="49.041362" lon="15.882663">
        <ele>477.502307</ele>
        <time>2026-05-01T11:20:26.651Z</time>
      </trkpt>
      <trkpt lat="49.041269" lon="15.882706">
        <ele>477.359866</ele>
        <time>2026-05-01T11:20:27.656Z</time>
      </trkpt>
      <trkpt lat="49.041174" lon="15.882751">
        <ele>477.190199</ele>
        <time>2026-05-01T11:20:28.673Z</time>
      </trkpt>
      <trkpt lat="49.041077" lon="15.882798">
        <ele>477.016607</ele>
        <time>2026-05-01T11:20:29.675Z</time>
      </trkpt>
      <trkpt lat="49.040980" lon="15.882846">
        <ele>476.842674</ele>
        <time>2026-05-01T11:20:30.687Z</time>
      </trkpt>
      <trkpt lat="49.040881" lon="15.882893">
        <ele>476.665828</ele>
        <time>2026-05-01T11:20:31.672Z</time>
      </trkpt>
      <trkpt lat="49.040783" lon="15.882939">
        <ele>476.490942</ele>
        <time>2026-05-01T11:20:32.695Z</time>
      </trkpt>
      <trkpt lat="49.040682" lon="15.882989">
        <ele>476.309829</ele>
        <time>2026-05-01T11:20:33.690Z</time>
      </trkpt>
      <trkpt lat="49.040579" lon="15.883040">
        <ele>476.125126</ele>
        <time>2026-05-01T11:20:34.694Z</time>
      </trkpt>
      <trkpt lat="49.040473" lon="15.883092">
        <ele>475.935210</ele>
        <time>2026-05-01T11:20:35.697Z</time>
      </trkpt>
      <trkpt lat="49.040366" lon="15.883141">
        <ele>475.744661</ele>
        <time>2026-05-01T11:20:36.699Z</time>
      </trkpt>
      <trkpt lat="49.040257" lon="15.883194">
        <ele>475.549531</ele>
        <time>2026-05-01T11:20:37.677Z</time>
      </trkpt>
      <trkpt lat="49.040148" lon="15.883249">
        <ele>475.353710</ele>
        <time>2026-05-01T11:20:38.685Z</time>
      </trkpt>
      <trkpt lat="49.040040" lon="15.883309">
        <ele>475.157666</ele>
        <time>2026-05-01T11:20:39.682Z</time>
      </trkpt>
      <trkpt lat="49.039932" lon="15.883371">
        <ele>474.960845</ele>
        <time>2026-05-01T11:20:40.686Z</time>
      </trkpt>
      <trkpt lat="49.039827" lon="15.883436">
        <ele>474.767569</ele>
        <time>2026-05-01T11:20:41.674Z</time>
      </trkpt>
      <trkpt lat="49.039723" lon="15.883500">
        <ele>474.576293</ele>
        <time>2026-05-01T11:20:42.690Z</time>
      </trkpt>
      <trkpt lat="49.039619" lon="15.883563">
        <ele>474.383353</ele>
        <time>2026-05-01T11:20:43.673Z</time>
      </trkpt>
      <trkpt lat="49.039518" lon="15.883623">
        <ele>474.188525</ele>
        <time>2026-05-01T11:20:44.674Z</time>
      </trkpt>
      <trkpt lat="49.039421" lon="15.883673">
        <ele>474.004481</ele>
        <time>2026-05-01T11:20:45.686Z</time>
      </trkpt>
      <trkpt lat="49.039327" lon="15.883737">
        <ele>473.819450</ele>
        <time>2026-05-01T11:20:46.694Z</time>
      </trkpt>
      <trkpt lat="49.039240" lon="15.883806">
        <ele>473.643194</ele>
        <time>2026-05-01T11:20:47.671Z</time>
      </trkpt>
      <trkpt lat="49.039157" lon="15.883874">
        <ele>473.473846</ele>
        <time>2026-05-01T11:20:48.699Z</time>
      </trkpt>
      <trkpt lat="49.039002" lon="15.883996">
        <ele>473.160331</ele>
        <time>2026-05-01T11:20:50.678Z</time>
      </trkpt>
      <trkpt lat="49.038861" lon="15.884103">
        <ele>472.877253</ele>
        <time>2026-05-01T11:20:52.704Z</time>
      </trkpt>
      <trkpt lat="49.038734" lon="15.884191">
        <ele>472.626523</ele>
        <time>2026-05-01T11:20:54.704Z</time>
      </trkpt>
      <trkpt lat="49.038613" lon="15.884244">
        <ele>472.400236</ele>
        <time>2026-05-01T11:20:56.672Z</time>
      </trkpt>
      <trkpt lat="49.038508" lon="15.884268">
        <ele>472.209391</ele>
        <time>2026-05-01T11:20:58.691Z</time>
      </trkpt>
      <trkpt lat="49.038389" lon="15.884289">
        <ele>471.994061</ele>
        <time>2026-05-01T11:21:01.686Z</time>
      </trkpt>
      <trkpt lat="49.038289" lon="15.884270">
        <ele>471.812922</ele>
        <time>2026-05-01T11:21:04.667Z</time>
      </trkpt>
      <trkpt lat="49.038178" lon="15.884218">
        <ele>471.604202</ele>
        <time>2026-05-01T11:21:08.684Z</time>
      </trkpt>
      <trkpt lat="49.038073" lon="15.884143">
        <ele>471.395797</ele>
        <time>2026-05-01T11:21:12.691Z</time>
      </trkpt>
      <trkpt lat="49.037980" lon="15.884063">
        <ele>471.203880</ele>
        <time>2026-05-01T11:21:16.681Z</time>
      </trkpt>
      <trkpt lat="49.037881" lon="15.884022">
        <ele>471.237688</ele>
        <time>2026-05-01T11:21:20.683Z</time>
      </trkpt>
      <trkpt lat="49.037774" lon="15.883955">
        <ele>471.294323</ele>
        <time>2026-05-01T11:21:24.683Z</time>
      </trkpt>
      <trkpt lat="49.037685" lon="15.883981">
        <ele>471.338695</ele>
        <time>2026-05-01T11:21:27.677Z</time>
      </trkpt>
      <trkpt lat="49.037592" lon="15.884020">
        <ele>471.385922</ele>
        <time>2026-05-01T11:21:30.670Z</time>
      </trkpt>
      <trkpt lat="49.037498" lon="15.884038">
        <ele>471.432311</ele>
        <time>2026-05-01T11:21:33.679Z</time>
      </trkpt>
      <trkpt lat="49.037406" lon="15.884065">
        <ele>471.478186</ele>
        <time>2026-05-01T11:21:36.693Z</time>
      </trkpt>
      <trkpt lat="49.037305" lon="15.884080">
        <ele>471.527875</ele>
        <time>2026-05-01T11:21:39.695Z</time>
      </trkpt>
      <trkpt lat="49.037207" lon="15.884105">
        <ele>471.576528</ele>
        <time>2026-05-01T11:21:42.685Z</time>
      </trkpt>
      <trkpt lat="49.037112" lon="15.884137">
        <ele>471.624166</ele>
        <time>2026-05-01T11:21:45.685Z</time>
      </trkpt>
      <trkpt lat="49.037018" lon="15.884167">
        <ele>471.671190</ele>
        <time>2026-05-01T11:21:48.670Z</time>
      </trkpt>
      <trkpt lat="49.036921" lon="15.884191">
        <ele>471.719307</ele>
        <time>2026-05-01T11:21:51.715Z</time>
      </trkpt>
      <trkpt lat="49.036828" lon="15.884196">
        <ele>471.764874</ele>
        <time>2026-05-01T11:21:54.678Z</time>
      </trkpt>
      <trkpt lat="49.036737" lon="15.884208">
        <ele>471.809599</ele>
        <time>2026-05-01T11:21:57.683Z</time>
      </trkpt>
      <trkpt lat="49.036625" lon="15.884261">
        <ele>471.867019</ele>
        <time>2026-05-01T11:22:01.675Z</time>
      </trkpt>
      <trkpt lat="49.036512" lon="15.884277">
        <ele>471.922588</ele>
        <time>2026-05-01T11:22:05.687Z</time>
      </trkpt>
      <trkpt lat="49.036407" lon="15.884311">
        <ele>471.975147</ele>
        <time>2026-05-01T11:22:09.681Z</time>
      </trkpt>
      <trkpt lat="49.036295" lon="15.884344">
        <ele>472.031003</ele>
        <time>2026-05-01T11:22:13.700Z</time>
      </trkpt>
      <trkpt lat="49.036180" lon="15.884374">
        <ele>472.127589</ele>
        <time>2026-05-01T11:22:17.724Z</time>
      </trkpt>
      <trkpt lat="49.036072" lon="15.884419">
        <ele>472.313985</ele>
        <time>2026-05-01T11:22:21.682Z</time>
      </trkpt>
      <trkpt lat="49.035959" lon="15.884472">
        <ele>472.510810</ele>
        <time>2026-05-01T11:22:25.678Z</time>
      </trkpt>
      <trkpt lat="49.035870" lon="15.884524">
        <ele>472.669483</ele>
        <time>2026-05-01T11:22:28.689Z</time>
      </trkpt>
      <trkpt lat="49.035773" lon="15.884581">
        <ele>472.842546</ele>
        <time>2026-05-01T11:22:31.684Z</time>
      </trkpt>
      <trkpt lat="49.035675" lon="15.884641">
        <ele>473.018357</ele>
        <time>2026-05-01T11:22:34.742Z</time>
      </trkpt>
      <trkpt lat="49.035576" lon="15.884707">
        <ele>473.198235</ele>
        <time>2026-05-01T11:22:37.653Z</time>
      </trkpt>
      <trkpt lat="49.035483" lon="15.884772">
        <ele>473.368550</ele>
        <time>2026-05-01T11:22:40.674Z</time>
      </trkpt>
      <trkpt lat="49.035398" lon="15.884831">
        <ele>473.524029</ele>
        <time>2026-05-01T11:22:43.658Z</time>
      </trkpt>
      <trkpt lat="49.035295" lon="15.884899">
        <ele>473.710885</ele>
        <time>2026-05-01T11:22:47.694Z</time>
      </trkpt>
      <trkpt lat="49.035196" lon="15.884952">
        <ele>473.885566</ele>
        <time>2026-05-01T11:22:51.674Z</time>
      </trkpt>
      <trkpt lat="49.035093" lon="15.885030">
        <ele>474.077020</ele>
        <time>2026-05-01T11:22:55.676Z</time>
      </trkpt>
      <trkpt lat="49.035002" lon="15.885092">
        <ele>474.242951</ele>
        <time>2026-05-01T11:22:58.657Z</time>
      </trkpt>
      <trkpt lat="49.034901" lon="15.885136">
        <ele>474.417828</ele>
        <time>2026-05-01T11:23:01.688Z</time>
      </trkpt>
      <trkpt lat="49.034805" lon="15.885221">
        <ele>474.602634</ele>
        <time>2026-05-01T11:23:04.677Z</time>
      </trkpt>
      <trkpt lat="49.034703" lon="15.885327">
        <ele>474.808120</ele>
        <time>2026-05-01T11:23:07.662Z</time>
      </trkpt>
      <trkpt lat="49.034602" lon="15.885463">
        <ele>475.032422</ele>
        <time>2026-05-01T11:23:10.679Z</time>
      </trkpt>
      <trkpt lat="49.034524" lon="15.885554">
        <ele>475.071542</ele>
        <time>2026-05-01T11:23:12.677Z</time>
      </trkpt>
      <trkpt lat="49.034440" lon="15.885651">
        <ele>475.078732</ele>
        <time>2026-05-01T11:23:14.665Z</time>
      </trkpt>
      <trkpt lat="49.034352" lon="15.885752">
        <ele>475.086249</ele>
        <time>2026-05-01T11:23:16.699Z</time>
      </trkpt>
      <trkpt lat="49.034259" lon="15.885851">
        <ele>475.093989</ele>
        <time>2026-05-01T11:23:18.681Z</time>
      </trkpt>
      <trkpt lat="49.034164" lon="15.885951">
        <ele>475.101867</ele>
        <time>2026-05-01T11:23:20.679Z</time>
      </trkpt>
      <trkpt lat="49.034072" lon="15.886058">
        <ele>475.109764</ele>
        <time>2026-05-01T11:23:22.677Z</time>
      </trkpt>
      <trkpt lat="49.033970" lon="15.886143">
        <ele>475.117697</ele>
        <time>2026-05-01T11:23:24.683Z</time>
      </trkpt>
      <trkpt lat="49.033876" lon="15.886250">
        <ele>475.125702</ele>
        <time>2026-05-01T11:23:26.666Z</time>
      </trkpt>
      <trkpt lat="49.033778" lon="15.886351">
        <ele>475.133774</ele>
        <time>2026-05-01T11:23:28.649Z</time>
      </trkpt>
      <trkpt lat="49.033668" lon="15.886437">
        <ele>475.142211</ele>
        <time>2026-05-01T11:23:30.682Z</time>
      </trkpt>
      <trkpt lat="49.033552" lon="15.886514">
        <ele>475.150845</ele>
        <time>2026-05-01T11:23:32.683Z</time>
      </trkpt>
      <trkpt lat="49.033441" lon="15.886581">
        <ele>475.158993</ele>
        <time>2026-05-01T11:23:34.703Z</time>
      </trkpt>
      <trkpt lat="49.033330" lon="15.886640">
        <ele>475.167016</ele>
        <time>2026-05-01T11:23:36.692Z</time>
      </trkpt>
      <trkpt lat="49.033224" lon="15.886720">
        <ele>475.175088</ele>
        <time>2026-05-01T11:23:38.678Z</time>
      </trkpt>
      <trkpt lat="49.033113" lon="15.886794">
        <ele>475.183356</ele>
        <time>2026-05-01T11:23:40.694Z</time>
      </trkpt>
      <trkpt lat="49.032995" lon="15.886834">
        <ele>475.183561</ele>
        <time>2026-05-01T11:23:42.677Z</time>
      </trkpt>
      <trkpt lat="49.032883" lon="15.886902">
        <ele>475.166526</ele>
        <time>2026-05-01T11:23:44.693Z</time>
      </trkpt>
      <trkpt lat="49.032769" lon="15.886959">
        <ele>475.149572</ele>
        <time>2026-05-01T11:23:46.684Z</time>
      </trkpt>
      <trkpt lat="49.032652" lon="15.887010">
        <ele>475.132376</ele>
        <time>2026-05-01T11:23:48.681Z</time>
      </trkpt>
      <trkpt lat="49.032536" lon="15.887067">
        <ele>475.115154</ele>
        <time>2026-05-01T11:23:50.688Z</time>
      </trkpt>
      <trkpt lat="49.032418" lon="15.887137">
        <ele>475.097262</ele>
        <time>2026-05-01T11:23:52.666Z</time>
      </trkpt>
      <trkpt lat="49.032299" lon="15.887224">
        <ele>475.078614</ele>
        <time>2026-05-01T11:23:54.704Z</time>
      </trkpt>
      <trkpt lat="49.032176" lon="15.887312">
        <ele>475.059414</ele>
        <time>2026-05-01T11:23:56.675Z</time>
      </trkpt>
      <trkpt lat="49.032048" lon="15.887381">
        <ele>475.040230</ele>
        <time>2026-05-01T11:23:58.685Z</time>
      </trkpt>
      <trkpt lat="49.031924" lon="15.887448">
        <ele>475.021639</ele>
        <time>2026-05-01T11:24:00.693Z</time>
      </trkpt>
      <trkpt lat="49.031799" lon="15.887512">
        <ele>475.003006</ele>
        <time>2026-05-01T11:24:02.683Z</time>
      </trkpt>
      <trkpt lat="49.031675" lon="15.887578">
        <ele>474.984447</ele>
        <time>2026-05-01T11:24:04.688Z</time>
      </trkpt>
      <trkpt lat="49.031552" lon="15.887633">
        <ele>474.966333</ele>
        <time>2026-05-01T11:24:06.676Z</time>
      </trkpt>
      <trkpt lat="49.031436" lon="15.887703">
        <ele>474.948704</ele>
        <time>2026-05-01T11:24:08.687Z</time>
      </trkpt>
      <trkpt lat="49.031329" lon="15.887759">
        <ele>474.925143</ele>
        <time>2026-05-01T11:24:10.668Z</time>
      </trkpt>
      <trkpt lat="49.031232" lon="15.887800">
        <ele>474.859404</ele>
        <time>2026-05-01T11:24:12.681Z</time>
      </trkpt>
      <trkpt lat="49.031104" lon="15.887853">
        <ele>474.772781</ele>
        <time>2026-05-01T11:24:15.677Z</time>
      </trkpt>
      <trkpt lat="49.031015" lon="15.887876">
        <ele>474.713825</ele>
        <time>2026-05-01T11:24:17.691Z</time>
      </trkpt>
      <trkpt lat="49.030923" lon="15.887884">
        <ele>474.653642</ele>
        <time>2026-05-01T11:24:19.689Z</time>
      </trkpt>
      <trkpt lat="49.030830" lon="15.887889">
        <ele>474.592865</ele>
        <time>2026-05-01T11:24:21.718Z</time>
      </trkpt>
      <trkpt lat="49.030737" lon="15.887892">
        <ele>474.532113</ele>
        <time>2026-05-01T11:24:23.674Z</time>
      </trkpt>
      <trkpt lat="49.030646" lon="15.887894">
        <ele>474.472674</ele>
        <time>2026-05-01T11:24:25.688Z</time>
      </trkpt>
      <trkpt lat="49.030554" lon="15.887909">
        <ele>474.412246</ele>
        <time>2026-05-01T11:24:27.671Z</time>
      </trkpt>
      <trkpt lat="49.030455" lon="15.887919">
        <ele>474.347446</ele>
        <time>2026-05-01T11:24:29.681Z</time>
      </trkpt>
      <trkpt lat="49.030352" lon="15.887926">
        <ele>474.280110</ele>
        <time>2026-05-01T11:24:31.688Z</time>
      </trkpt>
      <trkpt lat="49.030246" lon="15.887951">
        <ele>474.210057</ele>
        <time>2026-05-01T11:24:33.670Z</time>
      </trkpt>
      <trkpt lat="49.030144" lon="15.888002">
        <ele>474.139952</ele>
        <time>2026-05-01T11:24:35.670Z</time>
      </trkpt>
      <trkpt lat="49.030042" lon="15.888063">
        <ele>474.068397</ele>
        <time>2026-05-01T11:24:37.716Z</time>
      </trkpt>
      <trkpt lat="49.029940" lon="15.888146">
        <ele>473.992891</ele>
        <time>2026-05-01T11:24:39.662Z</time>
      </trkpt>
      <trkpt lat="49.029830" lon="15.888205">
        <ele>473.916737</ele>
        <time>2026-05-01T11:24:41.660Z</time>
      </trkpt>
      <trkpt lat="49.029719" lon="15.888269">
        <ele>473.839234</ele>
        <time>2026-05-01T11:24:43.670Z</time>
      </trkpt>
      <trkpt lat="49.029610" lon="15.888355">
        <ele>473.758256</ele>
        <time>2026-05-01T11:24:45.669Z</time>
      </trkpt>
      <trkpt lat="49.029495" lon="15.888428">
        <ele>473.610769</ele>
        <time>2026-05-01T11:24:47.646Z</time>
      </trkpt>
      <trkpt lat="49.029387" lon="15.888530">
        <ele>473.460360</ele>
        <time>2026-05-01T11:24:49.666Z</time>
      </trkpt>
      <trkpt lat="49.029286" lon="15.888654">
        <ele>473.306840</ele>
        <time>2026-05-01T11:24:51.662Z</time>
      </trkpt>
      <trkpt lat="49.029192" lon="15.888792">
        <ele>473.152356</ele>
        <time>2026-05-01T11:24:53.678Z</time>
      </trkpt>
      <trkpt lat="49.029108" lon="15.888947">
        <ele>472.996240</ele>
        <time>2026-05-01T11:24:55.684Z</time>
      </trkpt>
      <trkpt lat="49.029025" lon="15.889105">
        <ele>472.839065</ele>
        <time>2026-05-01T11:24:57.649Z</time>
      </trkpt>
      <trkpt lat="49.028944" lon="15.889267">
        <ele>472.680901</ele>
        <time>2026-05-01T11:24:59.655Z</time>
      </trkpt>
      <trkpt lat="49.028860" lon="15.889431">
        <ele>472.519338</ele>
        <time>2026-05-01T11:25:01.685Z</time>
      </trkpt>
      <trkpt lat="49.028775" lon="15.889600">
        <ele>472.353980</ele>
        <time>2026-05-01T11:25:03.664Z</time>
      </trkpt>
      <trkpt lat="49.028687" lon="15.889774">
        <ele>472.183380</ele>
        <time>2026-05-01T11:25:05.664Z</time>
      </trkpt>
      <trkpt lat="49.028587" lon="15.889942">
        <ele>472.007225</ele>
        <time>2026-05-01T11:25:07.697Z</time>
      </trkpt>
      <trkpt lat="49.028465" lon="15.890111">
        <ele>471.812081</ele>
        <time>2026-05-01T11:25:09.704Z</time>
      </trkpt>
      <trkpt lat="49.028326" lon="15.890279">
        <ele>471.629094</ele>
        <time>2026-05-01T11:25:11.674Z</time>
      </trkpt>
      <trkpt lat="49.028171" lon="15.890426">
        <ele>471.618801</ele>
        <time>2026-05-01T11:25:13.689Z</time>
      </trkpt>
      <trkpt lat="49.028094" lon="15.890507">
        <ele>471.613526</ele>
        <time>2026-05-01T11:25:14.696Z</time>
      </trkpt>
      <trkpt lat="49.028019" lon="15.890588">
        <ele>471.608344</ele>
        <time>2026-05-01T11:25:15.683Z</time>
      </trkpt>
      <trkpt lat="49.027945" lon="15.890667">
        <ele>471.603250</ele>
        <time>2026-05-01T11:25:16.679Z</time>
      </trkpt>
      <trkpt lat="49.027789" lon="15.890799">
        <ele>471.593190</ele>
        <time>2026-05-01T11:25:18.689Z</time>
      </trkpt>
      <trkpt lat="49.027629" lon="15.890885">
        <ele>471.583623</ele>
        <time>2026-05-01T11:25:20.699Z</time>
      </trkpt>
      <trkpt lat="49.027470" lon="15.890902">
        <ele>471.574635</ele>
        <time>2026-05-01T11:25:22.684Z</time>
      </trkpt>
      <trkpt lat="49.027317" lon="15.890863">
        <ele>471.565887</ele>
        <time>2026-05-01T11:25:24.689Z</time>
      </trkpt>
      <trkpt lat="49.027173" lon="15.890832">
        <ele>471.557686</ele>
        <time>2026-05-01T11:25:26.698Z</time>
      </trkpt>
      <trkpt lat="49.027032" lon="15.890814">
        <ele>471.549707</ele>
        <time>2026-05-01T11:25:28.697Z</time>
      </trkpt>
      <trkpt lat="49.026896" lon="15.890796">
        <ele>471.542009</ele>
        <time>2026-05-01T11:25:30.684Z</time>
      </trkpt>
      <trkpt lat="49.026766" lon="15.890784">
        <ele>471.534665</ele>
        <time>2026-05-01T11:25:32.676Z</time>
      </trkpt>
      <trkpt lat="49.026644" lon="15.890767">
        <ele>471.519258</ele>
        <time>2026-05-01T11:25:34.668Z</time>
      </trkpt>
      <trkpt lat="49.026526" lon="15.890753">
        <ele>471.467561</ele>
        <time>2026-05-01T11:25:36.684Z</time>
      </trkpt>
      <trkpt lat="49.026408" lon="15.890749">
        <ele>471.416008</ele>
        <time>2026-05-01T11:25:38.688Z</time>
      </trkpt>
      <trkpt lat="49.026283" lon="15.890750">
        <ele>471.361408</ele>
        <time>2026-05-01T11:25:40.711Z</time>
      </trkpt>
      <trkpt lat="49.026151" lon="15.890746">
        <ele>471.303741</ele>
        <time>2026-05-01T11:25:42.689Z</time>
      </trkpt>
      <trkpt lat="49.026009" lon="15.890756">
        <ele>471.241650</ele>
        <time>2026-05-01T11:25:44.690Z</time>
      </trkpt>
      <trkpt lat="49.025856" lon="15.890789">
        <ele>471.174157</ele>
        <time>2026-05-01T11:25:46.688Z</time>
      </trkpt>
      <trkpt lat="49.025693" lon="15.890848">
        <ele>471.100982</ele>
        <time>2026-05-01T11:25:48.715Z</time>
      </trkpt>
      <trkpt lat="49.025605" lon="15.890878">
        <ele>471.061596</ele>
        <time>2026-05-01T11:25:49.678Z</time>
      </trkpt>
      <trkpt lat="49.025523" lon="15.890933">
        <ele>471.022468</ele>
        <time>2026-05-01T11:25:50.679Z</time>
      </trkpt>
      <trkpt lat="49.025360" lon="15.891053">
        <ele>470.943410</ele>
        <time>2026-05-01T11:25:52.694Z</time>
      </trkpt>
      <trkpt lat="49.025205" lon="15.891185">
        <ele>470.865867</ele>
        <time>2026-05-01T11:25:54.709Z</time>
      </trkpt>
      <trkpt lat="49.025046" lon="15.891300">
        <ele>470.789003</ele>
        <time>2026-05-01T11:25:56.676Z</time>
      </trkpt>
      <trkpt lat="49.024885" lon="15.891414">
        <ele>470.611156</ele>
        <time>2026-05-01T11:25:58.703Z</time>
      </trkpt>
      <trkpt lat="49.024728" lon="15.891532">
        <ele>470.294440</ele>
        <time>2026-05-01T11:26:00.680Z</time>
      </trkpt>
      <trkpt lat="49.024644" lon="15.891585">
        <ele>470.129948</ele>
        <time>2026-05-01T11:26:01.690Z</time>
      </trkpt>
      <trkpt lat="49.024486" lon="15.891708">
        <ele>469.808954</ele>
        <time>2026-05-01T11:26:03.693Z</time>
      </trkpt>
      <trkpt lat="49.024318" lon="15.891799">
        <ele>469.486355</ele>
        <time>2026-05-01T11:26:05.673Z</time>
      </trkpt>
      <trkpt lat="49.024139" lon="15.891839">
        <ele>469.158999</ele>
        <time>2026-05-01T11:26:07.689Z</time>
      </trkpt>
      <trkpt lat="49.024046" lon="15.891841">
        <ele>468.990701</ele>
        <time>2026-05-01T11:26:08.686Z</time>
      </trkpt>
      <trkpt lat="49.023951" lon="15.891827">
        <ele>468.818000</ele>
        <time>2026-05-01T11:26:09.686Z</time>
      </trkpt>
      <trkpt lat="49.023852" lon="15.891828">
        <ele>468.638858</ele>
        <time>2026-05-01T11:26:10.761Z</time>
      </trkpt>
      <trkpt lat="49.023752" lon="15.891818">
        <ele>468.457521</ele>
        <time>2026-05-01T11:26:11.659Z</time>
      </trkpt>
      <trkpt lat="49.023651" lon="15.891808">
        <ele>468.274379</ele>
        <time>2026-05-01T11:26:12.680Z</time>
      </trkpt>
      <trkpt lat="49.023550" lon="15.891798">
        <ele>468.091237</ele>
        <time>2026-05-01T11:26:13.647Z</time>
      </trkpt>
      <trkpt lat="49.023450" lon="15.891785">
        <ele>467.909633</ele>
        <time>2026-05-01T11:26:14.666Z</time>
      </trkpt>
      <trkpt lat="49.023351" lon="15.891770">
        <ele>467.729612</ele>
        <time>2026-05-01T11:26:15.663Z</time>
      </trkpt>
      <trkpt lat="49.023255" lon="15.891746">
        <ele>467.553584</ele>
        <time>2026-05-01T11:26:16.672Z</time>
      </trkpt>
      <trkpt lat="49.023163" lon="15.891713">
        <ele>467.301243</ele>
        <time>2026-05-01T11:26:17.669Z</time>
      </trkpt>
      <trkpt lat="49.023074" lon="15.891672">
        <ele>467.004201</ele>
        <time>2026-05-01T11:26:18.668Z</time>
      </trkpt>
      <trkpt lat="49.022990" lon="15.891620">
        <ele>466.714555</ele>
        <time>2026-05-01T11:26:19.666Z</time>
      </trkpt>
      <trkpt lat="49.022828" lon="15.891512">
        <ele>466.149674</ele>
        <time>2026-05-01T11:26:21.688Z</time>
      </trkpt>
      <trkpt lat="49.022680" lon="15.891428">
        <ele>465.645132</ele>
        <time>2026-05-01T11:26:23.675Z</time>
      </trkpt>
      <trkpt lat="49.022550" lon="15.891513">
        <ele>465.193219</ele>
        <time>2026-05-01T11:26:25.659Z</time>
      </trkpt>
      <trkpt lat="49.022474" lon="15.891664">
        <ele>464.794413</ele>
        <time>2026-05-01T11:26:27.681Z</time>
      </trkpt>
      <trkpt lat="49.022408" lon="15.891801">
        <ele>464.438249</ele>
        <time>2026-05-01T11:26:29.677Z</time>
      </trkpt>
      <trkpt lat="49.022346" lon="15.891930">
        <ele>464.103158</ele>
        <time>2026-05-01T11:26:31.657Z</time>
      </trkpt>
      <trkpt lat="49.022293" lon="15.892059">
        <ele>463.784221</ele>
        <time>2026-05-01T11:26:33.697Z</time>
      </trkpt>
      <trkpt lat="49.022243" lon="15.892187">
        <ele>463.472070</ele>
        <time>2026-05-01T11:26:35.712Z</time>
      </trkpt>
      <trkpt lat="49.022176" lon="15.892293">
        <ele>463.163615</ele>
        <time>2026-05-01T11:26:37.692Z</time>
      </trkpt>
      <trkpt lat="49.022086" lon="15.892432">
        <ele>462.754354</ele>
        <time>2026-05-01T11:26:40.675Z</time>
      </trkpt>
      <trkpt lat="49.021985" lon="15.892502">
        <ele>462.399899</ele>
        <time>2026-05-01T11:26:43.697Z</time>
      </trkpt>
      <trkpt lat="49.021899" lon="15.892543">
        <ele>462.112018</ele>
        <time>2026-05-01T11:26:46.685Z</time>
      </trkpt>
      <trkpt lat="49.021781" lon="15.892557">
        <ele>461.739079</ele>
        <time>2026-05-01T11:26:50.695Z</time>
      </trkpt>
      <trkpt lat="49.021680" lon="15.892546">
        <ele>461.617767</ele>
        <time>2026-05-01T11:26:53.712Z</time>
      </trkpt>
      <trkpt lat="49.021570" lon="15.892507">
        <ele>461.482465</ele>
        <time>2026-05-01T11:26:56.679Z</time>
      </trkpt>
      <trkpt lat="49.021457" lon="15.892457">
        <ele>461.341501</ele>
        <time>2026-05-01T11:26:59.678Z</time>
      </trkpt>
      <trkpt lat="49.021343" lon="15.892426">
        <ele>461.202767</ele>
        <time>2026-05-01T11:27:02.715Z</time>
      </trkpt>
      <trkpt lat="49.021233" lon="15.892426">
        <ele>461.070981</ele>
        <time>2026-05-01T11:27:05.674Z</time>
      </trkpt>
      <trkpt lat="49.021130" lon="15.892480">
        <ele>460.940491</ele>
        <time>2026-05-01T11:27:08.672Z</time>
      </trkpt>
      <trkpt lat="49.021020" lon="15.892559">
        <ele>460.794820</ele>
        <time>2026-05-01T11:27:11.690Z</time>
      </trkpt>
      <trkpt lat="49.020929" lon="15.892632">
        <ele>460.671631</ele>
        <time>2026-05-01T11:27:13.680Z</time>
      </trkpt>
      <trkpt lat="49.020832" lon="15.892724">
        <ele>460.534774</ele>
        <time>2026-05-01T11:27:15.692Z</time>
      </trkpt>
      <trkpt lat="49.020733" lon="15.892814">
        <ele>460.396688</ele>
        <time>2026-05-01T11:27:17.687Z</time>
      </trkpt>
      <trkpt lat="49.020638" lon="15.892915">
        <ele>460.257941</ele>
        <time>2026-05-01T11:27:19.692Z</time>
      </trkpt>
      <trkpt lat="49.020537" lon="15.893006">
        <ele>460.117393</ele>
        <time>2026-05-01T11:27:21.701Z</time>
      </trkpt>
      <trkpt lat="49.020455" lon="15.893102">
        <ele>459.993538</ele>
        <time>2026-05-01T11:27:23.678Z</time>
      </trkpt>
      <trkpt lat="49.020367" lon="15.893193">
        <ele>459.866152</ele>
        <time>2026-05-01T11:27:25.714Z</time>
      </trkpt>
      <trkpt lat="49.020284" lon="15.893280">
        <ele>459.745486</ele>
        <time>2026-05-01T11:27:27.682Z</time>
      </trkpt>
      <trkpt lat="49.020189" lon="15.893362">
        <ele>459.614701</ele>
        <time>2026-05-01T11:27:29.672Z</time>
      </trkpt>
      <trkpt lat="49.020103" lon="15.893435">
        <ele>459.490308</ele>
        <time>2026-05-01T11:27:31.700Z</time>
      </trkpt>
      <trkpt lat="49.020008" lon="15.893496">
        <ele>459.357985</ele>
        <time>2026-05-01T11:27:33.717Z</time>
      </trkpt>
      <trkpt lat="49.019907" lon="15.893538">
        <ele>459.223596</ele>
        <time>2026-05-01T11:27:35.679Z</time>
      </trkpt>
      <trkpt lat="49.019806" lon="15.893578">
        <ele>459.089640</ele>
        <time>2026-05-01T11:27:37.712Z</time>
      </trkpt>
      <trkpt lat="49.019705" lon="15.893638">
        <ele>458.950494</ele>
        <time>2026-05-01T11:27:39.696Z</time>
      </trkpt>
      <trkpt lat="49.019596" lon="15.893695">
        <ele>458.802571</ele>
        <time>2026-05-01T11:27:41.697Z</time>
      </trkpt>
      <trkpt lat="49.019481" lon="15.893748">
        <ele>458.648350</ele>
        <time>2026-05-01T11:27:43.726Z</time>
      </trkpt>
      <trkpt lat="49.019379" lon="15.893847">
        <ele>458.493137</ele>
        <time>2026-05-01T11:27:45.677Z</time>
      </trkpt>
      <trkpt lat="49.019286" lon="15.893962">
        <ele>458.339431</ele>
        <time>2026-05-01T11:27:47.704Z</time>
      </trkpt>
      <trkpt lat="49.019206" lon="15.894074">
        <ele>458.200015</ele>
        <time>2026-05-01T11:27:49.692Z</time>
      </trkpt>
      <trkpt lat="49.019127" lon="15.894170">
        <ele>458.070338</ele>
        <time>2026-05-01T11:27:51.693Z</time>
      </trkpt>
      <trkpt lat="49.019046" lon="15.894259">
        <ele>457.942175</ele>
        <time>2026-05-01T11:27:53.687Z</time>
      </trkpt>
      <trkpt lat="49.018967" lon="15.894346">
        <ele>457.817080</ele>
        <time>2026-05-01T11:27:55.684Z</time>
      </trkpt>
      <trkpt lat="49.018885" lon="15.894427">
        <ele>457.691658</ele>
        <time>2026-05-01T11:27:57.682Z</time>
      </trkpt>
      <trkpt lat="49.018780" lon="15.894557">
        <ele>457.518033</ele>
        <time>2026-05-01T11:28:00.688Z</time>
      </trkpt>
      <trkpt lat="49.018707" lon="15.894655">
        <ele>457.393180</ele>
        <time>2026-05-01T11:28:02.698Z</time>
      </trkpt>
      <trkpt lat="49.018630" lon="15.894738">
        <ele>457.266538</ele>
        <time>2026-05-01T11:28:04.683Z</time>
      </trkpt>
      <trkpt lat="49.018554" lon="15.894815">
        <ele>457.044854</ele>
        <time>2026-05-01T11:28:06.676Z</time>
      </trkpt>
      <trkpt lat="49.018439" lon="15.894904">
        <ele>456.731535</ele>
        <time>2026-05-01T11:28:09.690Z</time>
      </trkpt>
      <trkpt lat="49.018341" lon="15.895006">
        <ele>456.443266</ele>
        <time>2026-05-01T11:28:12.681Z</time>
      </trkpt>
      <trkpt lat="49.018263" lon="15.895121">
        <ele>456.179667</ele>
        <time>2026-05-01T11:28:15.688Z</time>
      </trkpt>
      <trkpt lat="49.018191" lon="15.895260">
        <ele>455.897449</ele>
        <time>2026-05-01T11:28:18.669Z</time>
      </trkpt>
      <trkpt lat="49.018116" lon="15.895413">
        <ele>455.593099</ele>
        <time>2026-05-01T11:28:21.704Z</time>
      </trkpt>
      <trkpt lat="49.018092" lon="15.895551">
        <ele>455.365622</ele>
        <time>2026-05-01T11:28:23.695Z</time>
      </trkpt>
      <trkpt lat="49.018057" lon="15.895700">
        <ele>455.113449</ele>
        <time>2026-05-01T11:28:25.710Z</time>
      </trkpt>
      <trkpt lat="49.018011" lon="15.895860">
        <ele>454.835097</ele>
        <time>2026-05-01T11:28:27.683Z</time>
      </trkpt>
      <trkpt lat="49.017963" lon="15.896038">
        <ele>454.528447</ele>
        <time>2026-05-01T11:28:29.687Z</time>
      </trkpt>
      <trkpt lat="49.017913" lon="15.896223">
        <ele>454.209633</ele>
        <time>2026-05-01T11:28:31.696Z</time>
      </trkpt>
      <trkpt lat="49.017857" lon="15.896400">
        <ele>453.896513</ele>
        <time>2026-05-01T11:28:33.687Z</time>
      </trkpt>
      <trkpt lat="49.017790" lon="15.896573">
        <ele>453.576394</ele>
        <time>2026-05-01T11:28:35.682Z</time>
      </trkpt>
      <trkpt lat="49.017753" lon="15.896763">
        <ele>453.260597</ele>
        <time>2026-05-01T11:28:37.715Z</time>
      </trkpt>
      <trkpt lat="49.017709" lon="15.896939">
        <ele>452.960488</ele>
        <time>2026-05-01T11:28:39.691Z</time>
      </trkpt>
      <trkpt lat="49.017630" lon="15.897069">
        <ele>452.671442</ele>
        <time>2026-05-01T11:28:41.701Z</time>
      </trkpt>
      <trkpt lat="49.017544" lon="15.897167">
        <ele>452.403065</ele>
        <time>2026-05-01T11:28:43.686Z</time>
      </trkpt>
      <trkpt lat="49.017440" lon="15.897280">
        <ele>452.083844</ele>
        <time>2026-05-01T11:28:46.705Z</time>
      </trkpt>
      <trkpt lat="49.017332" lon="15.897351">
        <ele>451.789852</ele>
        <time>2026-05-01T11:28:50.693Z</time>
      </trkpt>
      <trkpt lat="49.017244" lon="15.897460">
        <ele>451.506443</ele>
        <time>2026-05-01T11:28:54.708Z</time>
      </trkpt>
      <trkpt lat="49.017164" lon="15.897556">
        <ele>451.251963</ele>
        <time>2026-05-01T11:28:58.703Z</time>
      </trkpt>
      <trkpt lat="49.016628" lon="15.898507">
        <ele>449.196264</ele>
        <time>2026-05-01T11:38:07.686Z</time>
      </trkpt>
      <trkpt lat="49.016472" lon="15.898678">
        <ele>448.715998</ele>
        <time>2026-05-01T11:38:13.673Z</time>
      </trkpt>
      <trkpt lat="49.016433" lon="15.898961">
        <ele>448.337492</ele>
        <time>2026-05-01T11:38:20.670Z</time>
      </trkpt>
      <trkpt lat="49.016474" lon="15.899233">
        <ele>448.136312</ele>
        <time>2026-05-01T11:38:27.678Z</time>
      </trkpt>
      <trkpt lat="49.016525" lon="15.899576">
        <ele>447.882789</ele>
        <time>2026-05-01T11:38:30.726Z</time>
      </trkpt>
      <trkpt lat="49.016483" lon="15.899701">
        <ele>447.781547</ele>
        <time>2026-05-01T11:38:33.659Z</time>
      </trkpt>
      <trkpt lat="49.016429" lon="15.899825">
        <ele>447.674252</ele>
        <time>2026-05-01T11:38:36.667Z</time>
      </trkpt>
      <trkpt lat="49.016386" lon="15.899957">
        <ele>447.568010</ele>
        <time>2026-05-01T11:38:39.689Z</time>
      </trkpt>
      <trkpt lat="49.016338" lon="15.900083">
        <ele>447.462974</ele>
        <time>2026-05-01T11:38:42.664Z</time>
      </trkpt>
      <trkpt lat="49.016304" lon="15.900211">
        <ele>447.363425</ele>
        <time>2026-05-01T11:38:45.656Z</time>
      </trkpt>
      <trkpt lat="49.016309" lon="15.900348">
        <ele>447.264517</ele>
        <time>2026-05-01T11:38:48.667Z</time>
      </trkpt>
      <trkpt lat="49.016334" lon="15.900498">
        <ele>447.152954</ele>
        <time>2026-05-01T11:38:52.669Z</time>
      </trkpt>
      <trkpt lat="49.016373" lon="15.900629">
        <ele>447.049250</ele>
        <time>2026-05-01T11:38:56.653Z</time>
      </trkpt>
      <trkpt lat="49.016412" lon="15.900762">
        <ele>446.944232</ele>
        <time>2026-05-01T11:39:00.664Z</time>
      </trkpt>
      <trkpt lat="49.016456" lon="15.900884">
        <ele>446.843869</ele>
        <time>2026-05-01T11:39:05.660Z</time>
      </trkpt>
      <trkpt lat="49.016496" lon="15.901011">
        <ele>446.742313</ele>
        <time>2026-05-01T11:39:11.653Z</time>
      </trkpt>
      <trkpt lat="49.016539" lon="15.901159">
        <ele>446.625629</ele>
        <time>2026-05-01T11:39:16.667Z</time>
      </trkpt>
      <trkpt lat="49.016595" lon="15.901300">
        <ele>446.506806</ele>
        <time>2026-05-01T11:39:20.672Z</time>
      </trkpt>
      <trkpt lat="49.016649" lon="15.901447">
        <ele>446.495968</ele>
        <time>2026-05-01T11:39:24.667Z</time>
      </trkpt>
      <trkpt lat="49.016708" lon="15.901591">
        <ele>446.643027</ele>
        <time>2026-05-01T11:39:28.671Z</time>
      </trkpt>
      <trkpt lat="49.016781" lon="15.901735">
        <ele>446.800665</ele>
        <time>2026-05-01T11:39:32.653Z</time>
      </trkpt>
      <trkpt lat="49.016847" lon="15.901840">
        <ele>446.926631</ele>
        <time>2026-05-01T11:39:35.659Z</time>
      </trkpt>
      <trkpt lat="49.016906" lon="15.901962">
        <ele>447.057919</ele>
        <time>2026-05-01T11:39:38.669Z</time>
      </trkpt>
      <trkpt lat="49.016964" lon="15.902093">
        <ele>447.194815</ele>
        <time>2026-05-01T11:39:41.682Z</time>
      </trkpt>
      <trkpt lat="49.017005" lon="15.902244">
        <ele>447.336364</ele>
        <time>2026-05-01T11:39:44.678Z</time>
      </trkpt>
      <trkpt lat="49.017014" lon="15.902415">
        <ele>447.484946</ele>
        <time>2026-05-01T11:39:47.672Z</time>
      </trkpt>
      <trkpt lat="49.016984" lon="15.902568">
        <ele>447.623257</ele>
        <time>2026-05-01T11:39:50.672Z</time>
      </trkpt>
      <trkpt lat="49.016947" lon="15.902701">
        <ele>447.748386</ele>
        <time>2026-05-01T11:39:53.653Z</time>
      </trkpt>
      <trkpt lat="49.016903" lon="15.902827">
        <ele>447.872022</ele>
        <time>2026-05-01T11:39:56.667Z</time>
      </trkpt>
      <trkpt lat="49.016872" lon="15.902961">
        <ele>447.995091</ele>
        <time>2026-05-01T11:39:59.659Z</time>
      </trkpt>
      <trkpt lat="49.016830" lon="15.903123">
        <ele>448.145968</ele>
        <time>2026-05-01T11:40:03.697Z</time>
      </trkpt>
      <trkpt lat="49.016797" lon="15.903254">
        <ele>448.267511</ele>
        <time>2026-05-01T11:40:06.719Z</time>
      </trkpt>
      <trkpt lat="49.016767" lon="15.903423">
        <ele>448.419152</ele>
        <time>2026-05-01T11:40:10.714Z</time>
      </trkpt>
      <trkpt lat="49.016728" lon="15.903582">
        <ele>448.566181</ele>
        <time>2026-05-01T11:40:14.709Z</time>
      </trkpt>
      <trkpt lat="49.016688" lon="15.903743">
        <ele>448.715297</ele>
        <time>2026-05-01T11:40:18.708Z</time>
      </trkpt>
      <trkpt lat="49.016643" lon="15.903904">
        <ele>448.919939</ele>
        <time>2026-05-01T11:40:22.709Z</time>
      </trkpt>
      <trkpt lat="49.016595" lon="15.904060">
        <ele>449.210752</ele>
        <time>2026-05-01T11:40:26.707Z</time>
      </trkpt>
      <trkpt lat="49.016550" lon="15.904224">
        <ele>449.510779</ele>
        <time>2026-05-01T11:40:30.688Z</time>
      </trkpt>
      <trkpt lat="49.016517" lon="15.904352">
        <ele>449.742894</ele>
        <time>2026-05-01T11:40:33.693Z</time>
      </trkpt>
      <trkpt lat="49.016480" lon="15.904495">
        <ele>450.002335</ele>
        <time>2026-05-01T11:40:36.675Z</time>
      </trkpt>
      <trkpt lat="49.016463" lon="15.904654">
        <ele>450.274219</ele>
        <time>2026-05-01T11:40:39.699Z</time>
      </trkpt>
      <trkpt lat="49.016444" lon="15.904828">
        <ele>450.571918</ele>
        <time>2026-05-01T11:40:43.686Z</time>
      </trkpt>
      <trkpt lat="49.016430" lon="15.904973">
        <ele>450.819270</ele>
        <time>2026-05-01T11:40:46.683Z</time>
      </trkpt>
      <trkpt lat="49.016417" lon="15.905113">
        <ele>451.057902</ele>
        <time>2026-05-01T11:40:49.685Z</time>
      </trkpt>
      <trkpt lat="49.016406" lon="15.905289">
        <ele>451.356281</ele>
        <time>2026-05-01T11:40:53.704Z</time>
      </trkpt>
      <trkpt lat="49.016382" lon="15.905423">
        <ele>451.590712</ele>
        <time>2026-05-01T11:40:56.694Z</time>
      </trkpt>
      <trkpt lat="49.016367" lon="15.905559">
        <ele>451.823460</ele>
        <time>2026-05-01T11:40:59.675Z</time>
      </trkpt>
      <trkpt lat="49.016330" lon="15.905733">
        <ele>452.132168</ele>
        <time>2026-05-01T11:41:03.666Z</time>
      </trkpt>
      <trkpt lat="49.016306" lon="15.905880">
        <ele>452.387829</ele>
        <time>2026-05-01T11:41:06.683Z</time>
      </trkpt>
      <trkpt lat="49.016269" lon="15.906055">
        <ele>452.698143</ele>
        <time>2026-05-01T11:41:10.685Z</time>
      </trkpt>
      <trkpt lat="49.016246" lon="15.906197">
        <ele>452.944995</ele>
        <time>2026-05-01T11:41:13.679Z</time>
      </trkpt>
      <trkpt lat="49.016228" lon="15.906340">
        <ele>453.190740</ele>
        <time>2026-05-01T11:41:16.682Z</time>
      </trkpt>
      <trkpt lat="49.016199" lon="15.906480">
        <ele>453.438522</ele>
        <time>2026-05-01T11:41:19.682Z</time>
      </trkpt>
      <trkpt lat="49.016169" lon="15.906626">
        <ele>453.784686</ele>
        <time>2026-05-01T11:41:22.696Z</time>
      </trkpt>
      <trkpt lat="49.016143" lon="15.906781">
        <ele>454.146984</ele>
        <time>2026-05-01T11:41:25.718Z</time>
      </trkpt>
      <trkpt lat="49.016114" lon="15.906943">
        <ele>454.527255</ele>
        <time>2026-05-01T11:41:28.682Z</time>
      </trkpt>
      <trkpt lat="49.016086" lon="15.907092">
        <ele>454.878245</ele>
        <time>2026-05-01T11:41:31.707Z</time>
      </trkpt>
      <trkpt lat="49.016059" lon="15.907235">
        <ele>455.215223</ele>
        <time>2026-05-01T11:41:34.677Z</time>
      </trkpt>
      <trkpt lat="49.016031" lon="15.907367">
        <ele>455.529385</ele>
        <time>2026-05-01T11:41:37.688Z</time>
      </trkpt>
      <trkpt lat="49.015998" lon="15.907505">
        <ele>455.862013</ele>
        <time>2026-05-01T11:41:40.687Z</time>
      </trkpt>
      <trkpt lat="49.015966" lon="15.907661">
        <ele>456.232154</ele>
        <time>2026-05-01T11:41:44.679Z</time>
      </trkpt>
      <trkpt lat="49.015937" lon="15.907818">
        <ele>456.601515</ele>
        <time>2026-05-01T11:41:49.677Z</time>
      </trkpt>
      <trkpt lat="49.015908" lon="15.907958">
        <ele>456.933985</ele>
        <time>2026-05-01T11:41:53.702Z</time>
      </trkpt>
      <trkpt lat="49.015890" lon="15.908095">
        <ele>457.250389</ele>
        <time>2026-05-01T11:41:57.693Z</time>
      </trkpt>
      <trkpt lat="49.015876" lon="15.908249">
        <ele>457.602460</ele>
        <time>2026-05-01T11:42:02.693Z</time>
      </trkpt>
      <trkpt lat="49.015869" lon="15.908416">
        <ele>457.981407</ele>
        <time>2026-05-01T11:42:07.687Z</time>
      </trkpt>
      <trkpt lat="49.015880" lon="15.908565">
        <ele>458.320952</ele>
        <time>2026-05-01T11:42:11.687Z</time>
      </trkpt>
      <trkpt lat="49.015909" lon="15.908703">
        <ele>458.649106</ele>
        <time>2026-05-01T11:42:15.695Z</time>
      </trkpt>
      <trkpt lat="49.015950" lon="15.908857">
        <ele>459.025481</ele>
        <time>2026-05-01T11:42:19.684Z</time>
      </trkpt>
      <trkpt lat="49.015987" lon="15.908982">
        <ele>459.336040</ele>
        <time>2026-05-01T11:42:22.687Z</time>
      </trkpt>
      <trkpt lat="49.016033" lon="15.909118">
        <ele>459.681202</ele>
        <time>2026-05-01T11:42:25.675Z</time>
      </trkpt>
      <trkpt lat="49.016083" lon="15.909269">
        <ele>460.048406</ele>
        <time>2026-05-01T11:42:28.681Z</time>
      </trkpt>
      <trkpt lat="49.016126" lon="15.909405">
        <ele>460.376154</ele>
        <time>2026-05-01T11:42:31.682Z</time>
      </trkpt>
      <trkpt lat="49.016176" lon="15.909554">
        <ele>460.739488</ele>
        <time>2026-05-01T11:42:34.693Z</time>
      </trkpt>
      <trkpt lat="49.016226" lon="15.909717">
        <ele>461.130121</ele>
        <time>2026-05-01T11:42:37.679Z</time>
      </trkpt>
      <trkpt lat="49.016273" lon="15.909864">
        <ele>461.485132</ele>
        <time>2026-05-01T11:42:40.683Z</time>
      </trkpt>
      <trkpt lat="49.016326" lon="15.910009">
        <ele>461.845485</ele>
        <time>2026-05-01T11:42:43.684Z</time>
      </trkpt>
      <trkpt lat="49.016366" lon="15.910146">
        <ele>462.171026</ele>
        <time>2026-05-01T11:42:46.687Z</time>
      </trkpt>
      <trkpt lat="49.016407" lon="15.910287">
        <ele>462.505845</ele>
        <time>2026-05-01T11:42:49.685Z</time>
      </trkpt>
      <trkpt lat="49.016449" lon="15.910422">
        <ele>462.830206</ele>
        <time>2026-05-01T11:42:52.716Z</time>
      </trkpt>
      <trkpt lat="49.016490" lon="15.910557">
        <ele>463.153162</ele>
        <time>2026-05-01T11:42:55.674Z</time>
      </trkpt>
      <trkpt lat="49.016533" lon="15.910722">
        <ele>463.538587</ele>
        <time>2026-05-01T11:42:59.681Z</time>
      </trkpt>
      <trkpt lat="49.016582" lon="15.910885">
        <ele>463.927827</ele>
        <time>2026-05-01T11:43:03.692Z</time>
      </trkpt>
      <trkpt lat="49.016628" lon="15.911035">
        <ele>464.287287</ele>
        <time>2026-05-01T11:43:07.667Z</time>
      </trkpt>
      <trkpt lat="49.016674" lon="15.911191">
        <ele>464.658585</ele>
        <time>2026-05-01T11:43:11.680Z</time>
      </trkpt>
      <trkpt lat="49.016714" lon="15.911314">
        <ele>464.956617</ele>
        <time>2026-05-01T11:43:14.720Z</time>
      </trkpt>
      <trkpt lat="49.016760" lon="15.911472">
        <ele>465.331879</ele>
        <time>2026-05-01T11:43:18.691Z</time>
      </trkpt>
      <trkpt lat="49.016804" lon="15.911630">
        <ele>465.716425</ele>
        <time>2026-05-01T11:43:22.691Z</time>
      </trkpt>
      <trkpt lat="49.016848" lon="15.911799">
        <ele>466.157587</ele>
        <time>2026-05-01T11:43:26.698Z</time>
      </trkpt>
      <trkpt lat="49.016889" lon="15.911934">
        <ele>466.518543</ele>
        <time>2026-05-01T11:43:30.685Z</time>
      </trkpt>
      <trkpt lat="49.016907" lon="15.912284">
        <ele>467.370331</ele>
        <time>2026-05-01T11:44:10.690Z</time>
      </trkpt>
      <trkpt lat="49.016879" lon="15.912475">
        <ele>467.845178</ele>
        <time>2026-05-01T11:44:13.687Z</time>
      </trkpt>
      <trkpt lat="49.016859" lon="15.912653">
        <ele>468.283340</ele>
        <time>2026-05-01T11:44:16.692Z</time>
      </trkpt>
      <trkpt lat="49.016831" lon="15.912824">
        <ele>468.710962</ele>
        <time>2026-05-01T11:44:19.687Z</time>
      </trkpt>
      <trkpt lat="49.016792" lon="15.912986">
        <ele>469.129656</ele>
        <time>2026-05-01T11:44:22.674Z</time>
      </trkpt>
      <trkpt lat="49.016764" lon="15.913153">
        <ele>469.547869</ele>
        <time>2026-05-01T11:44:25.698Z</time>
      </trkpt>
      <trkpt lat="49.016735" lon="15.913325">
        <ele>469.978752</ele>
        <time>2026-05-01T11:44:28.684Z</time>
      </trkpt>
      <trkpt lat="49.016712" lon="15.913499">
        <ele>470.409407</ele>
        <time>2026-05-01T11:44:31.690Z</time>
      </trkpt>
      <trkpt lat="49.016693" lon="15.913690">
        <ele>470.878120</ele>
        <time>2026-05-01T11:44:34.670Z</time>
      </trkpt>
      <trkpt lat="49.016688" lon="15.913864">
        <ele>471.300691</ele>
        <time>2026-05-01T11:44:37.688Z</time>
      </trkpt>
      <trkpt lat="49.016689" lon="15.914027">
        <ele>471.696186</ele>
        <time>2026-05-01T11:44:40.673Z</time>
      </trkpt>
      <trkpt lat="49.016711" lon="15.914177">
        <ele>472.069112</ele>
        <time>2026-05-01T11:44:43.673Z</time>
      </trkpt>
      <trkpt lat="49.016761" lon="15.914324">
        <ele>472.285147</ele>
        <time>2026-05-01T11:44:46.653Z</time>
      </trkpt>
      <trkpt lat="49.016809" lon="15.914441">
        <ele>472.328956</ele>
        <time>2026-05-01T11:44:48.670Z</time>
      </trkpt>
      <trkpt lat="49.016875" lon="15.914579">
        <ele>472.383174</ele>
        <time>2026-05-01T11:44:51.662Z</time>
      </trkpt>
      <trkpt lat="49.016943" lon="15.914728">
        <ele>472.440797</ele>
        <time>2026-05-01T11:44:54.667Z</time>
      </trkpt>
      <trkpt lat="49.017013" lon="15.914897">
        <ele>472.504248</ele>
        <time>2026-05-01T11:44:57.679Z</time>
      </trkpt>
      <trkpt lat="49.017066" lon="15.915015">
        <ele>472.549648</ele>
        <time>2026-05-01T11:44:59.671Z</time>
      </trkpt>
      <trkpt lat="49.017119" lon="15.915135">
        <ele>472.595574</ele>
        <time>2026-05-01T11:45:01.678Z</time>
      </trkpt>
      <trkpt lat="49.017204" lon="15.915264">
        <ele>472.653621</ele>
        <time>2026-05-01T11:45:04.682Z</time>
      </trkpt>
      <trkpt lat="49.017280" lon="15.915386">
        <ele>472.707035</ele>
        <time>2026-05-01T11:45:07.666Z</time>
      </trkpt>
      <trkpt lat="49.017361" lon="15.915487">
        <ele>472.757681</ele>
        <time>2026-05-01T11:45:10.675Z</time>
      </trkpt>
      <trkpt lat="49.017455" lon="15.915587">
        <ele>472.813159</ele>
        <time>2026-05-01T11:45:14.682Z</time>
      </trkpt>
      <trkpt lat="49.017527" lon="15.915672">
        <ele>472.857233</ele>
        <time>2026-05-01T11:45:17.705Z</time>
      </trkpt>
      <trkpt lat="49.017637" lon="15.915789">
        <ele>472.922149</ele>
        <time>2026-05-01T11:45:20.709Z</time>
      </trkpt>
      <trkpt lat="49.017738" lon="15.915900">
        <ele>472.982411</ele>
        <time>2026-05-01T11:45:23.697Z</time>
      </trkpt>
      <trkpt lat="49.017849" lon="15.916028">
        <ele>473.049772</ele>
        <time>2026-05-01T11:45:26.707Z</time>
      </trkpt>
      <trkpt lat="49.017965" lon="15.916136">
        <ele>473.115557</ele>
        <time>2026-05-01T11:45:29.696Z</time>
      </trkpt>
      <trkpt lat="49.018076" lon="15.916250">
        <ele>473.516135</ele>
        <time>2026-05-01T11:45:32.702Z</time>
      </trkpt>
      <trkpt lat="49.018179" lon="15.916333">
        <ele>473.932782</ele>
        <time>2026-05-01T11:45:35.702Z</time>
      </trkpt>
      <trkpt lat="49.018281" lon="15.916418">
        <ele>474.348499</ele>
        <time>2026-05-01T11:45:38.723Z</time>
      </trkpt>
      <trkpt lat="49.018384" lon="15.916502">
        <ele>474.766247</ele>
        <time>2026-05-01T11:45:41.721Z</time>
      </trkpt>
      <trkpt lat="49.018500" lon="15.916572">
        <ele>475.212417</ele>
        <time>2026-05-01T11:45:44.701Z</time>
      </trkpt>
      <trkpt lat="49.018588" lon="15.916607">
        <ele>475.537670</ele>
        <time>2026-05-01T11:45:46.708Z</time>
      </trkpt>
      <trkpt lat="49.018693" lon="15.916657">
        <ele>475.931079</ele>
        <time>2026-05-01T11:45:49.712Z</time>
      </trkpt>
      <trkpt lat="49.018793" lon="15.916729">
        <ele>476.326584</ele>
        <time>2026-05-01T11:45:52.684Z</time>
      </trkpt>
      <trkpt lat="49.018890" lon="15.916779">
        <ele>476.692782</ele>
        <time>2026-05-01T11:45:54.664Z</time>
      </trkpt>
      <trkpt lat="49.018971" lon="15.916838">
        <ele>477.013825</ele>
        <time>2026-05-01T11:45:56.653Z</time>
      </trkpt>
      <trkpt lat="49.019031" lon="15.916960">
        <ele>477.371491</ele>
        <time>2026-05-01T11:45:58.669Z</time>
      </trkpt>
      <trkpt lat="49.019042" lon="15.917133">
        <ele>477.779154</ele>
        <time>2026-05-01T11:46:01.663Z</time>
      </trkpt>
      <trkpt lat="49.018982" lon="15.917291">
        <ele>478.207378</ele>
        <time>2026-05-01T11:46:04.672Z</time>
      </trkpt>
      <trkpt lat="49.018911" lon="15.917466">
        <ele>478.690025</ele>
        <time>2026-05-01T11:46:07.685Z</time>
      </trkpt>
      <trkpt lat="49.018863" lon="15.917587">
        <ele>479.021705</ele>
        <time>2026-05-01T11:46:09.706Z</time>
      </trkpt>
      <trkpt lat="49.018792" lon="15.917729">
        <ele>479.440516</ele>
        <time>2026-05-01T11:46:12.702Z</time>
      </trkpt>
      <trkpt lat="49.018713" lon="15.917882">
        <ele>479.589671</ele>
        <time>2026-05-01T11:46:14.694Z</time>
      </trkpt>
      <trkpt lat="49.018633" lon="15.918031">
        <ele>479.628852</ele>
        <time>2026-05-01T11:46:17.710Z</time>
      </trkpt>
      <trkpt lat="49.018567" lon="15.918177">
        <ele>479.664931</ele>
        <time>2026-05-01T11:46:20.705Z</time>
      </trkpt>
      <trkpt lat="49.018504" lon="15.918299">
        <ele>479.696526</ele>
        <time>2026-05-01T11:46:22.705Z</time>
      </trkpt>
      <trkpt lat="49.018448" lon="15.918422">
        <ele>479.726992</ele>
        <time>2026-05-01T11:46:24.705Z</time>
      </trkpt>
      <trkpt lat="49.018384" lon="15.918567">
        <ele>479.762555</ele>
        <time>2026-05-01T11:46:26.687Z</time>
      </trkpt>
      <trkpt lat="49.018335" lon="15.918743">
        <ele>479.801458</ele>
        <time>2026-05-01T11:46:28.694Z</time>
      </trkpt>
      <trkpt lat="49.018287" lon="15.918877">
        <ele>479.832525</ele>
        <time>2026-05-01T11:46:29.692Z</time>
      </trkpt>
      <trkpt lat="49.018224" lon="15.919041">
        <ele>479.871197</ele>
        <time>2026-05-01T11:46:31.688Z</time>
      </trkpt>
      <trkpt lat="49.018163" lon="15.919186">
        <ele>479.906249</ele>
        <time>2026-05-01T11:46:33.678Z</time>
      </trkpt>
      <trkpt lat="49.018100" lon="15.919330">
        <ele>479.941469</ele>
        <time>2026-05-01T11:46:35.677Z</time>
      </trkpt>
      <trkpt lat="49.018059" lon="15.919458">
        <ele>479.970454</ele>
        <time>2026-05-01T11:46:37.716Z</time>
      </trkpt>
      <trkpt lat="49.018006" lon="15.919582">
        <ele>480.000569</ele>
        <time>2026-05-01T11:46:39.685Z</time>
      </trkpt>
      <trkpt lat="49.017937" lon="15.919726">
        <ele>480.036856</ele>
        <time>2026-05-01T11:46:41.700Z</time>
      </trkpt>
      <trkpt lat="49.017871" lon="15.919851">
        <ele>480.069509</ele>
        <time>2026-05-01T11:46:43.712Z</time>
      </trkpt>
      <trkpt lat="49.017817" lon="15.919961">
        <ele>480.097466</ele>
        <time>2026-05-01T11:46:45.689Z</time>
      </trkpt>
      <trkpt lat="49.017764" lon="15.920095">
        <ele>480.021966</ele>
        <time>2026-05-01T11:46:47.665Z</time>
      </trkpt>
      <trkpt lat="49.017700" lon="15.920273">
        <ele>479.653498</ele>
        <time>2026-05-01T11:46:50.699Z</time>
      </trkpt>
      <trkpt lat="49.017635" lon="15.920447">
        <ele>479.290018</ele>
        <time>2026-05-01T11:46:53.704Z</time>
      </trkpt>
      <trkpt lat="49.017577" lon="15.920570">
        <ele>479.015034</ele>
        <time>2026-05-01T11:46:55.696Z</time>
      </trkpt>
      <trkpt lat="49.017521" lon="15.920689">
        <ele>478.749176</ele>
        <time>2026-05-01T11:46:57.685Z</time>
      </trkpt>
      <trkpt lat="49.017455" lon="15.920820">
        <ele>478.449325</ele>
        <time>2026-05-01T11:46:59.687Z</time>
      </trkpt>
      <trkpt lat="49.017395" lon="15.920955">
        <ele>478.153309</ele>
        <time>2026-05-01T11:47:01.687Z</time>
      </trkpt>
      <trkpt lat="49.017338" lon="15.921084">
        <ele>477.870966</ele>
        <time>2026-05-01T11:47:03.689Z</time>
      </trkpt>
      <trkpt lat="49.017276" lon="15.921212">
        <ele>477.582126</ele>
        <time>2026-05-01T11:47:05.703Z</time>
      </trkpt>
      <trkpt lat="49.017197" lon="15.921396">
        <ele>477.182929</ele>
        <time>2026-05-01T11:47:07.694Z</time>
      </trkpt>
      <trkpt lat="49.017149" lon="15.921552">
        <ele>476.870146</ele>
        <time>2026-05-01T11:47:09.701Z</time>
      </trkpt>
      <trkpt lat="49.017076" lon="15.921721">
        <ele>476.502823</ele>
        <time>2026-05-01T11:47:11.692Z</time>
      </trkpt>
      <trkpt lat="49.017028" lon="15.921861">
        <ele>476.216067</ele>
        <time>2026-05-01T11:47:13.687Z</time>
      </trkpt>
      <trkpt lat="49.016986" lon="15.922000">
        <ele>475.938267</ele>
        <time>2026-05-01T11:47:15.685Z</time>
      </trkpt>
      <trkpt lat="49.016938" lon="15.922135">
        <ele>475.659523</ele>
        <time>2026-05-01T11:47:17.698Z</time>
      </trkpt>
      <trkpt lat="49.016886" lon="15.922274">
        <ele>475.369051</ele>
        <time>2026-05-01T11:47:19.712Z</time>
      </trkpt>
      <trkpt lat="49.016834" lon="15.922403">
        <ele>475.067677</ele>
        <time>2026-05-01T11:47:21.697Z</time>
      </trkpt>
      <trkpt lat="49.016777" lon="15.922554">
        <ele>474.569569</ele>
        <time>2026-05-01T11:47:23.685Z</time>
      </trkpt>
      <trkpt lat="49.016723" lon="15.922688">
        <ele>474.119922</ele>
        <time>2026-05-01T11:47:25.693Z</time>
      </trkpt>
      <trkpt lat="49.016661" lon="15.922819">
        <ele>473.658057</ele>
        <time>2026-05-01T11:47:27.697Z</time>
      </trkpt>
      <trkpt lat="49.016597" lon="15.922953">
        <ele>473.184130</ele>
        <time>2026-05-01T11:47:29.686Z</time>
      </trkpt>
      <trkpt lat="49.016537" lon="15.923094">
        <ele>472.703593</ele>
        <time>2026-05-01T11:47:31.702Z</time>
      </trkpt>
      <trkpt lat="49.016476" lon="15.923239">
        <ele>472.211082</ele>
        <time>2026-05-01T11:47:33.699Z</time>
      </trkpt>
      <trkpt lat="49.016418" lon="15.923388">
        <ele>471.715708</ele>
        <time>2026-05-01T11:47:35.684Z</time>
      </trkpt>
      <trkpt lat="49.016356" lon="15.923537">
        <ele>471.211211</ele>
        <time>2026-05-01T11:47:37.692Z</time>
      </trkpt>
      <trkpt lat="49.016292" lon="15.923680">
        <ele>470.716250</ele>
        <time>2026-05-01T11:47:39.697Z</time>
      </trkpt>
      <trkpt lat="49.016225" lon="15.923833">
        <ele>470.190275</ele>
        <time>2026-05-01T11:47:41.672Z</time>
      </trkpt>
      <trkpt lat="49.016154" lon="15.923988">
        <ele>469.649743</ele>
        <time>2026-05-01T11:47:43.683Z</time>
      </trkpt>
      <trkpt lat="49.016072" lon="15.924157">
        <ele>469.048714</ele>
        <time>2026-05-01T11:47:45.698Z</time>
      </trkpt>
      <trkpt lat="49.015983" lon="15.924322">
        <ele>468.437925</ele>
        <time>2026-05-01T11:47:47.688Z</time>
      </trkpt>
      <trkpt lat="49.015912" lon="15.924488">
        <ele>467.871322</ele>
        <time>2026-05-01T11:47:49.716Z</time>
      </trkpt>
      <trkpt lat="49.015828" lon="15.924685">
        <ele>467.215795</ele>
        <time>2026-05-01T11:47:51.692Z</time>
      </trkpt>
      <trkpt lat="49.015733" lon="15.924835">
        <ele>466.716629</ele>
        <time>2026-05-01T11:47:53.704Z</time>
      </trkpt>
      <trkpt lat="49.015679" lon="15.924961">
        <ele>466.356318</ele>
        <time>2026-05-01T11:47:54.685Z</time>
      </trkpt>
      <trkpt lat="49.015583" lon="15.925173">
        <ele>465.739612</ele>
        <time>2026-05-01T11:47:56.686Z</time>
      </trkpt>
      <trkpt lat="49.015486" lon="15.925405">
        <ele>465.080988</ele>
        <time>2026-05-01T11:47:58.712Z</time>
      </trkpt>
      <trkpt lat="49.015439" lon="15.925526">
        <ele>464.744344</ele>
        <time>2026-05-01T11:47:59.703Z</time>
      </trkpt>
      <trkpt lat="49.015357" lon="15.925780">
        <ele>464.066636</ele>
        <time>2026-05-01T11:48:01.692Z</time>
      </trkpt>
      <trkpt lat="49.015318" lon="15.925908">
        <ele>463.728773</ele>
        <time>2026-05-01T11:48:02.683Z</time>
      </trkpt>
      <trkpt lat="49.015251" lon="15.926151">
        <ele>463.097753</ele>
        <time>2026-05-01T11:48:04.687Z</time>
      </trkpt>
      <trkpt lat="49.015183" lon="15.926388">
        <ele>462.478495</ele>
        <time>2026-05-01T11:48:06.703Z</time>
      </trkpt>
      <trkpt lat="49.015099" lon="15.926582">
        <ele>461.922009</ele>
        <time>2026-05-01T11:48:08.701Z</time>
      </trkpt>
      <trkpt lat="49.015021" lon="15.926750">
        <ele>461.429269</ele>
        <time>2026-05-01T11:48:10.707Z</time>
      </trkpt>
      <trkpt lat="49.014932" lon="15.926879">
        <ele>460.981064</ele>
        <time>2026-05-01T11:48:12.686Z</time>
      </trkpt>
      <trkpt lat="49.014864" lon="15.927010">
        <ele>460.982529</ele>
        <time>2026-05-01T11:48:14.691Z</time>
      </trkpt>
      <trkpt lat="49.014813" lon="15.927134">
        <ele>461.548810</ele>
        <time>2026-05-01T11:48:16.701Z</time>
      </trkpt>
      <trkpt lat="49.014727" lon="15.927271">
        <ele>462.282515</ele>
        <time>2026-05-01T11:48:19.695Z</time>
      </trkpt>
      <trkpt lat="49.014652" lon="15.927403">
        <ele>462.958210</ele>
        <time>2026-05-01T11:48:22.674Z</time>
      </trkpt>
      <trkpt lat="49.014562" lon="15.927517">
        <ele>463.648433</ele>
        <time>2026-05-01T11:48:25.678Z</time>
      </trkpt>
      <trkpt lat="49.014465" lon="15.927597">
        <ele>464.298990</ele>
        <time>2026-05-01T11:48:28.689Z</time>
      </trkpt>
      <trkpt lat="49.014363" lon="15.927640">
        <ele>464.923268</ele>
        <time>2026-05-01T11:48:31.705Z</time>
      </trkpt>
      <trkpt lat="49.014272" lon="15.927662">
        <ele>465.466788</ele>
        <time>2026-05-01T11:48:34.689Z</time>
      </trkpt>
      <trkpt lat="49.014168" lon="15.927682">
        <ele>466.085150</ele>
        <time>2026-05-01T11:48:38.693Z</time>
      </trkpt>
      <trkpt lat="49.014068" lon="15.927680">
        <ele>466.675105</ele>
        <time>2026-05-01T11:48:42.677Z</time>
      </trkpt>
      <trkpt lat="49.013965" lon="15.927683">
        <ele>467.282818</ele>
        <time>2026-05-01T11:48:46.699Z</time>
      </trkpt>
      <trkpt lat="49.013860" lon="15.927666">
        <ele>467.905700</ele>
        <time>2026-05-01T11:48:50.684Z</time>
      </trkpt>
      <trkpt lat="49.013751" lon="15.927642">
        <ele>468.555366</ele>
        <time>2026-05-01T11:48:54.686Z</time>
      </trkpt>
      <trkpt lat="49.013648" lon="15.927615">
        <ele>469.171883</ele>
        <time>2026-05-01T11:48:58.714Z</time>
      </trkpt>
      <trkpt lat="49.013536" lon="15.927603">
        <ele>469.834205</ele>
        <time>2026-05-01T11:49:02.712Z</time>
      </trkpt>
      <trkpt lat="49.013444" lon="15.927592">
        <ele>470.378584</ele>
        <time>2026-05-01T11:49:05.692Z</time>
      </trkpt>
      <trkpt lat="49.013337" lon="15.927571">
        <ele>471.014990</ele>
        <time>2026-05-01T11:49:08.686Z</time>
      </trkpt>
      <trkpt lat="49.013234" lon="15.927547">
        <ele>471.553083</ele>
        <time>2026-05-01T11:49:11.711Z</time>
      </trkpt>
      <trkpt lat="49.013111" lon="15.927526">
        <ele>472.086926</ele>
        <time>2026-05-01T11:49:14.673Z</time>
      </trkpt>
      <trkpt lat="49.013006" lon="15.927509">
        <ele>472.542361</ele>
        <time>2026-05-01T11:49:17.647Z</time>
      </trkpt>
      <trkpt lat="49.012911" lon="15.927525">
        <ele>472.954610</ele>
        <time>2026-05-01T11:49:20.645Z</time>
      </trkpt>
      <trkpt lat="49.012782" lon="15.927543">
        <ele>473.513342</ele>
        <time>2026-05-01T11:49:23.677Z</time>
      </trkpt>
      <trkpt lat="49.012651" lon="15.927558">
        <ele>474.079966</ele>
        <time>2026-05-01T11:49:26.673Z</time>
      </trkpt>
      <trkpt lat="49.012559" lon="15.927557">
        <ele>474.476793</ele>
        <time>2026-05-01T11:49:28.695Z</time>
      </trkpt>
      <trkpt lat="49.012432" lon="15.927544">
        <ele>475.025807</ele>
        <time>2026-05-01T11:49:31.654Z</time>
      </trkpt>
      <trkpt lat="49.012307" lon="15.927546">
        <ele>475.564990</ele>
        <time>2026-05-01T11:49:34.686Z</time>
      </trkpt>
      <trkpt lat="49.012190" lon="15.927548">
        <ele>476.069669</ele>
        <time>2026-05-01T11:49:37.674Z</time>
      </trkpt>
      <trkpt lat="49.012058" lon="15.927569">
        <ele>476.642107</ele>
        <time>2026-05-01T11:49:40.678Z</time>
      </trkpt>
      <trkpt lat="49.011939" lon="15.927583">
        <ele>477.156907</ele>
        <time>2026-05-01T11:49:43.668Z</time>
      </trkpt>
      <trkpt lat="49.011829" lon="15.927573">
        <ele>477.632205</ele>
        <time>2026-05-01T11:49:46.685Z</time>
      </trkpt>
      <trkpt lat="49.011710" lon="15.927571">
        <ele>478.145510</ele>
        <time>2026-05-01T11:49:49.668Z</time>
      </trkpt>
      <trkpt lat="49.011588" lon="15.927577">
        <ele>478.671997</ele>
        <time>2026-05-01T11:49:52.660Z</time>
      </trkpt>
      <trkpt lat="49.011480" lon="15.927551">
        <ele>479.084633</ele>
        <time>2026-05-01T11:49:55.664Z</time>
      </trkpt>
      <trkpt lat="49.011389" lon="15.927579">
        <ele>478.906350</ele>
        <time>2026-05-01T11:49:57.675Z</time>
      </trkpt>
      <trkpt lat="49.011290" lon="15.927597">
        <ele>478.714879</ele>
        <time>2026-05-01T11:49:59.682Z</time>
      </trkpt>
      <trkpt lat="49.011181" lon="15.927604">
        <ele>478.505365</ele>
        <time>2026-05-01T11:50:01.655Z</time>
      </trkpt>
      <trkpt lat="49.011066" lon="15.927631">
        <ele>478.281911</ele>
        <time>2026-05-01T11:50:03.681Z</time>
      </trkpt>
      <trkpt lat="49.010945" lon="15.927658">
        <ele>478.047062</ele>
        <time>2026-05-01T11:50:05.665Z</time>
      </trkpt>
      <trkpt lat="49.010823" lon="15.927674">
        <ele>477.811903</ele>
        <time>2026-05-01T11:50:07.652Z</time>
      </trkpt>
      <trkpt lat="49.010710" lon="15.927679">
        <ele>477.594802</ele>
        <time>2026-05-01T11:50:09.644Z</time>
      </trkpt>
      <trkpt lat="49.010610" lon="15.927691">
        <ele>477.402164</ele>
        <time>2026-05-01T11:50:11.666Z</time>
      </trkpt>
      <trkpt lat="49.010515" lon="15.927703">
        <ele>477.219097</ele>
        <time>2026-05-01T11:50:13.674Z</time>
      </trkpt>
      <trkpt lat="49.010402" lon="15.927710">
        <ele>477.001908</ele>
        <time>2026-05-01T11:50:15.700Z</time>
      </trkpt>
      <trkpt lat="49.010294" lon="15.927719">
        <ele>476.794190</ele>
        <time>2026-05-01T11:50:17.668Z</time>
      </trkpt>
      <trkpt lat="49.010172" lon="15.927731">
        <ele>476.559409</ele>
        <time>2026-05-01T11:50:19.667Z</time>
      </trkpt>
      <trkpt lat="49.010049" lon="15.927750">
        <ele>476.321986</ele>
        <time>2026-05-01T11:50:21.687Z</time>
      </trkpt>
      <trkpt lat="49.009932" lon="15.927761">
        <ele>476.096867</ele>
        <time>2026-05-01T11:50:23.697Z</time>
      </trkpt>
      <trkpt lat="49.009814" lon="15.927775">
        <ele>475.869570</ele>
        <time>2026-05-01T11:50:25.682Z</time>
      </trkpt>
      <trkpt lat="49.009694" lon="15.927791">
        <ele>475.635025</ele>
        <time>2026-05-01T11:50:27.675Z</time>
      </trkpt>
      <trkpt lat="49.009582" lon="15.927811">
        <ele>475.351388</ele>
        <time>2026-05-01T11:50:29.684Z</time>
      </trkpt>
      <trkpt lat="49.009456" lon="15.927795">
        <ele>475.033365</ele>
        <time>2026-05-01T11:50:31.673Z</time>
      </trkpt>
      <trkpt lat="49.009306" lon="15.927789">
        <ele>474.655943</ele>
        <time>2026-05-01T11:50:33.686Z</time>
      </trkpt>
      <trkpt lat="49.009168" lon="15.927831">
        <ele>474.301986</ele>
        <time>2026-05-01T11:50:35.708Z</time>
      </trkpt>
      <trkpt lat="49.009024" lon="15.927876">
        <ele>473.932255</ele>
        <time>2026-05-01T11:50:37.692Z</time>
      </trkpt>
      <trkpt lat="49.008889" lon="15.927859">
        <ele>473.591536</ele>
        <time>2026-05-01T11:50:39.676Z</time>
      </trkpt>
      <trkpt lat="49.008756" lon="15.927860">
        <ele>473.257000</ele>
        <time>2026-05-01T11:50:41.684Z</time>
      </trkpt>
      <trkpt lat="49.008630" lon="15.927882">
        <ele>472.938003</ele>
        <time>2026-05-01T11:50:43.694Z</time>
      </trkpt>
      <trkpt lat="49.008506" lon="15.927934">
        <ele>472.614524</ele>
        <time>2026-05-01T11:50:45.673Z</time>
      </trkpt>
      <trkpt lat="49.008388" lon="15.927994">
        <ele>472.301647</ele>
        <time>2026-05-01T11:50:47.703Z</time>
      </trkpt>
      <trkpt lat="49.008283" lon="15.928063">
        <ele>472.014052</ele>
        <time>2026-05-01T11:50:49.674Z</time>
      </trkpt>
      <trkpt lat="49.008175" lon="15.928110">
        <ele>471.731551</ele>
        <time>2026-05-01T11:50:51.678Z</time>
      </trkpt>
      <trkpt lat="49.008077" lon="15.928163">
        <ele>471.470002</ele>
        <time>2026-05-01T11:50:53.664Z</time>
      </trkpt>
      <trkpt lat="49.007992" lon="15.928233">
        <ele>471.227003</ele>
        <time>2026-05-01T11:50:55.685Z</time>
      </trkpt>
      <trkpt lat="49.007911" lon="15.928305">
        <ele>471.231188</ele>
        <time>2026-05-01T11:50:57.682Z</time>
      </trkpt>
      <trkpt lat="49.007802" lon="15.928411">
        <ele>471.491291</ele>
        <time>2026-05-01T11:51:00.697Z</time>
      </trkpt>
      <trkpt lat="49.007699" lon="15.928503">
        <ele>471.731454</ele>
        <time>2026-05-01T11:51:03.669Z</time>
      </trkpt>
      <trkpt lat="49.007633" lon="15.928637">
        <ele>471.952588</ele>
        <time>2026-05-01T11:51:06.685Z</time>
      </trkpt>
      <trkpt lat="49.007572" lon="15.928790">
        <ele>472.188865</ele>
        <time>2026-05-01T11:51:09.694Z</time>
      </trkpt>
      <trkpt lat="49.007476" lon="15.928907">
        <ele>472.436129</ele>
        <time>2026-05-01T11:51:12.688Z</time>
      </trkpt>
      <trkpt lat="49.007383" lon="15.929048">
        <ele>472.700000</ele>
        <time>2026-05-01T11:51:15.684Z</time>
      </trkpt>
      <trkpt lat="49.007287" lon="15.929171">
        <ele>472.952285</ele>
        <time>2026-05-01T11:51:18.669Z</time>
      </trkpt>
      <trkpt lat="49.007199" lon="15.929278">
        <ele>473.178738</ele>
        <time>2026-05-01T11:51:21.692Z</time>
      </trkpt>
      <trkpt lat="49.007127" lon="15.929382">
        <ele>473.378282</ele>
        <time>2026-05-01T11:51:24.687Z</time>
      </trkpt>
      <trkpt lat="49.007061" lon="15.929504">
        <ele>473.586971</ele>
        <time>2026-05-01T11:51:27.665Z</time>
      </trkpt>
      <trkpt lat="49.006994" lon="15.929636">
        <ele>473.807228</ele>
        <time>2026-05-01T11:51:30.678Z</time>
      </trkpt>
      <trkpt lat="49.006922" lon="15.929767">
        <ele>474.032767</ele>
        <time>2026-05-01T11:51:33.678Z</time>
      </trkpt>
      <trkpt lat="49.006850" lon="15.929891">
        <ele>474.251306</ele>
        <time>2026-05-01T11:51:36.690Z</time>
      </trkpt>
      <trkpt lat="49.006769" lon="15.930015">
        <ele>474.482244</ele>
        <time>2026-05-01T11:51:39.678Z</time>
      </trkpt>
      <trkpt lat="49.006706" lon="15.930131">
        <ele>474.680986</ele>
        <time>2026-05-01T11:51:42.680Z</time>
      </trkpt>
      <trkpt lat="49.006640" lon="15.930242">
        <ele>474.515253</ele>
        <time>2026-05-01T11:51:45.669Z</time>
      </trkpt>
      <trkpt lat="49.006583" lon="15.930366">
        <ele>474.179762</ele>
        <time>2026-05-01T11:51:48.678Z</time>
      </trkpt>
      <trkpt lat="49.006506" lon="15.930493">
        <ele>473.796581</ele>
        <time>2026-05-01T11:51:51.685Z</time>
      </trkpt>
      <trkpt lat="49.006434" lon="15.930603">
        <ele>473.452272</ele>
        <time>2026-05-01T11:51:53.681Z</time>
      </trkpt>
      <trkpt lat="49.006371" lon="15.930765">
        <ele>473.034989</ele>
        <time>2026-05-01T11:51:55.729Z</time>
      </trkpt>
      <trkpt lat="49.006285" lon="15.930889">
        <ele>472.635153</ele>
        <time>2026-05-01T11:51:57.661Z</time>
      </trkpt>
      <trkpt lat="49.006232" lon="15.931022">
        <ele>472.290347</ele>
        <time>2026-05-01T11:51:59.657Z</time>
      </trkpt>
      <trkpt lat="49.006170" lon="15.931177">
        <ele>471.888096</ele>
        <time>2026-05-01T11:52:01.653Z</time>
      </trkpt>
      <trkpt lat="49.006095" lon="15.931333">
        <ele>471.459549</ele>
        <time>2026-05-01T11:52:04.674Z</time>
      </trkpt>
      <trkpt lat="49.006013" lon="15.931490">
        <ele>471.014882</ele>
        <time>2026-05-01T11:52:07.665Z</time>
      </trkpt>
      <trkpt lat="49.005937" lon="15.931650">
        <ele>470.577182</ele>
        <time>2026-05-01T11:52:10.651Z</time>
      </trkpt>
      <trkpt lat="49.005877" lon="15.931802">
        <ele>470.184115</ele>
        <time>2026-05-01T11:52:12.737Z</time>
      </trkpt>
      <trkpt lat="49.005841" lon="15.931938">
        <ele>469.859165</ele>
        <time>2026-05-01T11:52:14.681Z</time>
      </trkpt>
      <trkpt lat="49.005799" lon="15.932096">
        <ele>469.481426</ele>
        <time>2026-05-01T11:52:16.659Z</time>
      </trkpt>
      <trkpt lat="49.005779" lon="15.932233">
        <ele>469.170444</ele>
        <time>2026-05-01T11:52:18.653Z</time>
      </trkpt>
      <trkpt lat="49.005762" lon="15.932383">
        <ele>468.833158</ele>
        <time>2026-05-01T11:52:20.680Z</time>
      </trkpt>
      <trkpt lat="49.005732" lon="15.932571">
        <ele>467.961519</ele>
        <time>2026-05-01T11:52:23.645Z</time>
      </trkpt>
      <trkpt lat="49.005713" lon="15.932708">
        <ele>467.129159</ele>
        <time>2026-05-01T11:52:25.646Z</time>
      </trkpt>
      <trkpt lat="49.005698" lon="15.932897">
        <ele>465.997505</ele>
        <time>2026-05-01T11:52:28.665Z</time>
      </trkpt>
      <trkpt lat="49.005677" lon="15.933044">
        <ele>465.103222</ele>
        <time>2026-05-01T11:52:30.672Z</time>
      </trkpt>
      <trkpt lat="49.005657" lon="15.933185">
        <ele>464.245714</ele>
        <time>2026-05-01T11:52:32.659Z</time>
      </trkpt>
      <trkpt lat="49.005628" lon="15.933318">
        <ele>463.412599</ele>
        <time>2026-05-01T11:52:34.657Z</time>
      </trkpt>
      <trkpt lat="49.005601" lon="15.933464">
        <ele>462.510912</ele>
        <time>2026-05-01T11:52:36.684Z</time>
      </trkpt>
      <trkpt lat="49.005574" lon="15.933619">
        <ele>461.557622</ele>
        <time>2026-05-01T11:52:38.685Z</time>
      </trkpt>
      <trkpt lat="49.005563" lon="15.933759">
        <ele>460.719478</ele>
        <time>2026-05-01T11:52:40.658Z</time>
      </trkpt>
      <trkpt lat="49.005551" lon="15.933908">
        <ele>459.827134</ele>
        <time>2026-05-01T11:52:42.662Z</time>
      </trkpt>
      <trkpt lat="49.005536" lon="15.934049">
        <ele>458.978044</ele>
        <time>2026-05-01T11:52:44.668Z</time>
      </trkpt>
      <trkpt lat="49.005522" lon="15.934195">
        <ele>458.100960</ele>
        <time>2026-05-01T11:52:46.683Z</time>
      </trkpt>
      <trkpt lat="49.005507" lon="15.934340">
        <ele>457.228390</ele>
        <time>2026-05-01T11:52:48.685Z</time>
      </trkpt>
      <trkpt lat="49.005469" lon="15.934500">
        <ele>456.216893</ele>
        <time>2026-05-01T11:52:50.684Z</time>
      </trkpt>
      <trkpt lat="49.005430" lon="15.934645">
        <ele>455.285338</ele>
        <time>2026-05-01T11:52:52.668Z</time>
      </trkpt>
      <trkpt lat="49.005381" lon="15.934795">
        <ele>454.289258</ele>
        <time>2026-05-01T11:52:54.666Z</time>
      </trkpt>
      <trkpt lat="49.005338" lon="15.934943">
        <ele>453.327078</ele>
        <time>2026-05-01T11:52:56.660Z</time>
      </trkpt>
      <trkpt lat="49.005292" lon="15.935102">
        <ele>452.385347</ele>
        <time>2026-05-01T11:52:58.656Z</time>
      </trkpt>
      <trkpt lat="49.005246" lon="15.935254">
        <ele>452.599895</ele>
        <time>2026-05-01T11:53:00.680Z</time>
      </trkpt>
      <trkpt lat="49.005189" lon="15.935416">
        <ele>452.835510</ele>
        <time>2026-05-01T11:53:02.679Z</time>
      </trkpt>
      <trkpt lat="49.005149" lon="15.935563">
        <ele>453.039484</ele>
        <time>2026-05-01T11:53:04.670Z</time>
      </trkpt>
      <trkpt lat="49.005096" lon="15.935700">
        <ele>453.243336</ele>
        <time>2026-05-01T11:53:06.673Z</time>
      </trkpt>
      <trkpt lat="49.005036" lon="15.935836">
        <ele>453.453399</ele>
        <time>2026-05-01T11:53:08.687Z</time>
      </trkpt>
      <trkpt lat="49.004977" lon="15.935969">
        <ele>453.659182</ele>
        <time>2026-05-01T11:53:10.672Z</time>
      </trkpt>
      <trkpt lat="49.004916" lon="15.936104">
        <ele>453.869286</ele>
        <time>2026-05-01T11:53:12.675Z</time>
      </trkpt>
      <trkpt lat="49.004840" lon="15.936249">
        <ele>454.107168</ele>
        <time>2026-05-01T11:53:14.696Z</time>
      </trkpt>
      <trkpt lat="49.004764" lon="15.936375">
        <ele>454.326553</ele>
        <time>2026-05-01T11:53:16.690Z</time>
      </trkpt>
      <trkpt lat="49.004683" lon="15.936520">
        <ele>454.570653</ele>
        <time>2026-05-01T11:53:18.698Z</time>
      </trkpt>
      <trkpt lat="49.004604" lon="15.936648">
        <ele>454.795907</ele>
        <time>2026-05-01T11:53:20.679Z</time>
      </trkpt>
      <trkpt lat="49.004515" lon="15.936819">
        <ele>455.075681</ele>
        <time>2026-05-01T11:53:23.631Z</time>
      </trkpt>
      <trkpt lat="49.004440" lon="15.936945">
        <ele>455.293749</ele>
        <time>2026-05-01T11:53:25.656Z</time>
      </trkpt>
      <trkpt lat="49.004371" lon="15.937068">
        <ele>455.501181</ele>
        <time>2026-05-01T11:53:27.660Z</time>
      </trkpt>
      <trkpt lat="49.004300" lon="15.937193">
        <ele>455.713106</ele>
        <time>2026-05-01T11:53:29.658Z</time>
      </trkpt>
      <trkpt lat="49.004223" lon="15.937376">
        <ele>455.738196</ele>
        <time>2026-05-01T11:53:32.662Z</time>
      </trkpt>
      <trkpt lat="49.004158" lon="15.937514">
        <ele>455.446479</ele>
        <time>2026-05-01T11:53:34.684Z</time>
      </trkpt>
      <trkpt lat="49.004091" lon="15.937661">
        <ele>455.139119</ele>
        <time>2026-05-01T11:53:36.664Z</time>
      </trkpt>
      <trkpt lat="49.004039" lon="15.937788">
        <ele>454.882053</ele>
        <time>2026-05-01T11:53:38.682Z</time>
      </trkpt>
      <trkpt lat="49.003976" lon="15.937928">
        <ele>454.590532</ele>
        <time>2026-05-01T11:53:40.658Z</time>
      </trkpt>
      <trkpt lat="49.003911" lon="15.938065">
        <ele>454.300207</ele>
        <time>2026-05-01T11:53:42.664Z</time>
      </trkpt>
      <trkpt lat="49.003837" lon="15.938219">
        <ele>453.972418</ele>
        <time>2026-05-01T11:53:44.670Z</time>
      </trkpt>
      <trkpt lat="49.003758" lon="15.938379">
        <ele>453.628553</ele>
        <time>2026-05-01T11:53:46.670Z</time>
      </trkpt>
      <trkpt lat="49.003662" lon="15.938549">
        <ele>453.243383</ele>
        <time>2026-05-01T11:53:48.662Z</time>
      </trkpt>
      <trkpt lat="49.003569" lon="15.938687">
        <ele>452.903661</ele>
        <time>2026-05-01T11:53:50.652Z</time>
      </trkpt>
      <trkpt lat="49.003486" lon="15.938823">
        <ele>452.584699</ele>
        <time>2026-05-01T11:53:52.673Z</time>
      </trkpt>
      <trkpt lat="49.003397" lon="15.938971">
        <ele>452.239943</ele>
        <time>2026-05-01T11:53:54.652Z</time>
      </trkpt>
      <trkpt lat="49.003307" lon="15.939127">
        <ele>451.883216</ele>
        <time>2026-05-01T11:53:56.657Z</time>
      </trkpt>
      <trkpt lat="49.003213" lon="15.939284">
        <ele>451.518223</ele>
        <time>2026-05-01T11:53:58.669Z</time>
      </trkpt>
      <trkpt lat="49.003119" lon="15.939427">
        <ele>451.164639</ele>
        <time>2026-05-01T11:54:00.668Z</time>
      </trkpt>
      <trkpt lat="49.003027" lon="15.939567">
        <ele>450.397468</ele>
        <time>2026-05-01T11:54:02.685Z</time>
      </trkpt>
      <trkpt lat="49.002937" lon="15.939704">
        <ele>449.646854</ele>
        <time>2026-05-01T11:54:04.687Z</time>
      </trkpt>
      <trkpt lat="49.002829" lon="15.939887">
        <ele>448.693871</ele>
        <time>2026-05-01T11:54:06.641Z</time>
      </trkpt>
      <trkpt lat="49.002770" lon="15.940002">
        <ele>448.128665</ele>
        <time>2026-05-01T11:54:07.631Z</time>
      </trkpt>
      <trkpt lat="49.002705" lon="15.940102">
        <ele>447.583659</ele>
        <time>2026-05-01T11:54:08.660Z</time>
      </trkpt>
      <trkpt lat="49.002637" lon="15.940196">
        <ele>447.041920</ele>
        <time>2026-05-01T11:54:09.662Z</time>
      </trkpt>
      <trkpt lat="49.002567" lon="15.940300">
        <ele>446.465056</ele>
        <time>2026-05-01T11:54:10.659Z</time>
      </trkpt>
      <trkpt lat="49.002490" lon="15.940407">
        <ele>445.850159</ele>
        <time>2026-05-01T11:54:11.661Z</time>
      </trkpt>
      <trkpt lat="49.002403" lon="15.940511">
        <ele>445.197681</ele>
        <time>2026-05-01T11:54:12.674Z</time>
      </trkpt>
      <trkpt lat="49.002313" lon="15.940617">
        <ele>444.526476</ele>
        <time>2026-05-01T11:54:13.679Z</time>
      </trkpt>
      <trkpt lat="49.002227" lon="15.940716">
        <ele>443.890481</ele>
        <time>2026-05-01T11:54:14.698Z</time>
      </trkpt>
      <trkpt lat="49.002151" lon="15.940848">
        <ele>443.210532</ele>
        <time>2026-05-01T11:54:15.691Z</time>
      </trkpt>
      <trkpt lat="49.002060" lon="15.940942">
        <ele>442.561804</ele>
        <time>2026-05-01T11:54:16.687Z</time>
      </trkpt>
      <trkpt lat="49.001954" lon="15.941017">
        <ele>441.872141</ele>
        <time>2026-05-01T11:54:17.680Z</time>
      </trkpt>
      <trkpt lat="49.001851" lon="15.941079">
        <ele>441.218610</ele>
        <time>2026-05-01T11:54:18.679Z</time>
      </trkpt>
      <trkpt lat="49.001746" lon="15.941133">
        <ele>440.564636</ele>
        <time>2026-05-01T11:54:19.678Z</time>
      </trkpt>
      <trkpt lat="49.001657" lon="15.941219">
        <ele>439.900698</ele>
        <time>2026-05-01T11:54:20.707Z</time>
      </trkpt>
      <trkpt lat="49.001562" lon="15.941265">
        <ele>439.272409</ele>
        <time>2026-05-01T11:54:21.683Z</time>
      </trkpt>
      <trkpt lat="49.001466" lon="15.941404">
        <ele>438.437824</ele>
        <time>2026-05-01T11:54:22.675Z</time>
      </trkpt>
      <trkpt lat="49.001360" lon="15.941477">
        <ele>437.704658</ele>
        <time>2026-05-01T11:54:23.690Z</time>
      </trkpt>
      <trkpt lat="49.001251" lon="15.941513">
        <ele>437.001668</ele>
        <time>2026-05-01T11:54:24.679Z</time>
      </trkpt>
      <trkpt lat="49.001146" lon="15.941550">
        <ele>436.322377</ele>
        <time>2026-05-01T11:54:25.680Z</time>
      </trkpt>
      <trkpt lat="49.001043" lon="15.941566">
        <ele>435.669786</ele>
        <time>2026-05-01T11:54:26.677Z</time>
      </trkpt>
      <trkpt lat="49.000950" lon="15.941564">
        <ele>435.083531</ele>
        <time>2026-05-01T11:54:27.692Z</time>
      </trkpt>
      <trkpt lat="49.000785" lon="15.941570">
        <ele>434.043208</ele>
        <time>2026-05-01T11:54:29.695Z</time>
      </trkpt>
      <trkpt lat="49.000645" lon="15.941533">
        <ele>433.147595</ele>
        <time>2026-05-01T11:54:31.692Z</time>
      </trkpt>
      <trkpt lat="49.000521" lon="15.941465">
        <ele>432.316955</ele>
        <time>2026-05-01T11:54:33.683Z</time>
      </trkpt>
      <trkpt lat="49.000432" lon="15.941367">
        <ele>431.624905</ele>
        <time>2026-05-01T11:54:35.666Z</time>
      </trkpt>
      <trkpt lat="49.000361" lon="15.941244">
        <ele>430.947419</ele>
        <time>2026-05-01T11:54:37.703Z</time>
      </trkpt>
      <trkpt lat="49.000300" lon="15.941087">
        <ele>430.192873</ele>
        <time>2026-05-01T11:54:39.707Z</time>
      </trkpt>
      <trkpt lat="49.000259" lon="15.940908">
        <ele>429.408848</ele>
        <time>2026-05-01T11:54:41.684Z</time>
      </trkpt>
      <trkpt lat="49.000235" lon="15.940717">
        <ele>428.987959</ele>
        <time>2026-05-01T11:54:43.687Z</time>
      </trkpt>
      <trkpt lat="49.000198" lon="15.940535">
        <ele>428.688054</ele>
        <time>2026-05-01T11:54:45.695Z</time>
      </trkpt>
      <trkpt lat="49.000168" lon="15.940359">
        <ele>428.401833</ele>
        <time>2026-05-01T11:54:47.697Z</time>
      </trkpt>
      <trkpt lat="49.000129" lon="15.940175">
        <ele>428.097478</ele>
        <time>2026-05-01T11:54:49.686Z</time>
      </trkpt>
      <trkpt lat="49.000104" lon="15.939976">
        <ele>427.778561</ele>
        <time>2026-05-01T11:54:51.701Z</time>
      </trkpt>
      <trkpt lat="49.000058" lon="15.939771">
        <ele>427.437540</ele>
        <time>2026-05-01T11:54:53.686Z</time>
      </trkpt>
      <trkpt lat="49.000024" lon="15.939550">
        <ele>427.080250</ele>
        <time>2026-05-01T11:54:55.675Z</time>
      </trkpt>
      <trkpt lat="48.999970" lon="15.939328">
        <ele>426.707578</ele>
        <time>2026-05-01T11:54:57.690Z</time>
      </trkpt>
      <trkpt lat="48.999872" lon="15.939115">
        <ele>426.298087</ele>
        <time>2026-05-01T11:54:59.675Z</time>
      </trkpt>
      <trkpt lat="48.999729" lon="15.938938">
        <ele>425.856134</ele>
        <time>2026-05-01T11:55:01.691Z</time>
      </trkpt>
      <trkpt lat="48.999639" lon="15.938871">
        <ele>425.615831</ele>
        <time>2026-05-01T11:55:02.693Z</time>
      </trkpt>
      <trkpt lat="48.999551" lon="15.938834">
        <ele>425.396818</ele>
        <time>2026-05-01T11:55:03.671Z</time>
      </trkpt>
      <trkpt lat="48.999460" lon="15.938824">
        <ele>425.177927</ele>
        <time>2026-05-01T11:55:04.671Z</time>
      </trkpt>
      <trkpt lat="48.999290" lon="15.938816">
        <ele>425.027888</ele>
        <time>2026-05-01T11:55:06.688Z</time>
      </trkpt>
      <trkpt lat="48.999142" lon="15.938865">
        <ele>425.342035</ele>
        <time>2026-05-01T11:55:08.676Z</time>
      </trkpt>
      <trkpt lat="48.999027" lon="15.938935">
        <ele>425.598891</ele>
        <time>2026-05-01T11:55:10.680Z</time>
      </trkpt>
      <trkpt lat="48.998948" lon="15.939009">
        <ele>425.791226</ele>
        <time>2026-05-01T11:55:12.683Z</time>
      </trkpt>
      <trkpt lat="48.998856" lon="15.939104">
        <ele>426.021726</ele>
        <time>2026-05-01T11:55:16.668Z</time>
      </trkpt>
      <trkpt lat="48.998794" lon="15.939208">
        <ele>426.212957</ele>
        <time>2026-05-01T11:55:20.691Z</time>
      </trkpt>
      <trkpt lat="48.998741" lon="15.939348">
        <ele>426.432920</ele>
        <time>2026-05-01T11:55:26.685Z</time>
      </trkpt>
      <trkpt lat="48.998705" lon="15.939475">
        <ele>426.621191</ele>
        <time>2026-05-01T11:55:31.677Z</time>
      </trkpt>
      <trkpt lat="48.998655" lon="15.939610">
        <ele>426.832160</ele>
        <time>2026-05-01T11:55:36.703Z</time>
      </trkpt>
      <trkpt lat="48.998617" lon="15.939766">
        <ele>427.058615</ele>
        <time>2026-05-01T11:55:41.683Z</time>
      </trkpt>
      <trkpt lat="48.998609" lon="15.939928">
        <ele>427.279699</ele>
        <time>2026-05-01T11:55:46.696Z</time>
      </trkpt>
      <trkpt lat="48.998629" lon="15.940071">
        <ele>427.478675</ele>
        <time>2026-05-01T11:55:50.681Z</time>
      </trkpt>
      <trkpt lat="48.998600" lon="15.940225">
        <ele>427.696711</ele>
        <time>2026-05-01T11:55:56.689Z</time>
      </trkpt>
      <trkpt lat="48.998541" lon="15.940351">
        <ele>427.907373</ele>
        <time>2026-05-01T11:56:01.672Z</time>
      </trkpt>
      <trkpt lat="48.998506" lon="15.940494">
        <ele>428.115078</ele>
        <time>2026-05-01T11:56:07.684Z</time>
      </trkpt>
      <trkpt lat="48.998469" lon="15.940627">
        <ele>428.311672</ele>
        <time>2026-05-01T11:56:12.693Z</time>
      </trkpt>
      <trkpt lat="48.998472" lon="15.940767">
        <ele>428.502296</ele>
        <time>2026-05-01T11:56:17.676Z</time>
      </trkpt>
      <trkpt lat="48.998421" lon="15.940890">
        <ele>428.808413</ele>
        <time>2026-05-01T11:56:22.697Z</time>
      </trkpt>
      <trkpt lat="48.998375" lon="15.941022">
        <ele>429.370923</ele>
        <time>2026-05-01T11:56:28.689Z</time>
      </trkpt>
      <trkpt lat="48.998335" lon="15.941170">
        <ele>429.973329</ele>
        <time>2026-05-01T11:56:34.699Z</time>
      </trkpt>
      <trkpt lat="48.998304" lon="15.941322">
        <ele>430.572381</ele>
        <time>2026-05-01T11:56:39.687Z</time>
      </trkpt>
      <trkpt lat="48.998288" lon="15.941461">
        <ele>431.103497</ele>
        <time>2026-05-01T11:56:43.681Z</time>
      </trkpt>
      <trkpt lat="48.998241" lon="15.941581">
        <ele>431.629470</ele>
        <time>2026-05-01T11:56:47.688Z</time>
      </trkpt>
      <trkpt lat="48.998203" lon="15.941734">
        <ele>432.245163</ele>
        <time>2026-05-01T11:56:52.664Z</time>
      </trkpt>
      <trkpt lat="48.998202" lon="15.941882">
        <ele>432.802190</ele>
        <time>2026-05-01T11:56:57.685Z</time>
      </trkpt>
      <trkpt lat="48.998178" lon="15.942038">
        <ele>433.405222</ele>
        <time>2026-05-01T11:57:02.664Z</time>
      </trkpt>
      <trkpt lat="48.998133" lon="15.942179">
        <ele>433.995329</ele>
        <time>2026-05-01T11:57:07.641Z</time>
      </trkpt>
      <trkpt lat="48.998085" lon="15.942333">
        <ele>434.636988</ele>
        <time>2026-05-01T11:57:12.679Z</time>
      </trkpt>
      <trkpt lat="48.998059" lon="15.942489">
        <ele>435.242743</ele>
        <time>2026-05-01T11:57:16.653Z</time>
      </trkpt>
      <trkpt lat="48.998053" lon="15.942651">
        <ele>435.853402</ele>
        <time>2026-05-01T11:57:21.675Z</time>
      </trkpt>
      <trkpt lat="48.998008" lon="15.942782">
        <ele>436.409911</ele>
        <time>2026-05-01T11:57:25.674Z</time>
      </trkpt>
      <trkpt lat="48.997998" lon="15.942928">
        <ele>436.962370</ele>
        <time>2026-05-01T11:57:29.683Z</time>
      </trkpt>
      <trkpt lat="48.997968" lon="15.943062">
        <ele>437.495234</ele>
        <time>2026-05-01T11:57:33.674Z</time>
      </trkpt>
      <trkpt lat="48.997912" lon="15.943194">
        <ele>438.086830</ele>
        <time>2026-05-01T11:57:38.702Z</time>
      </trkpt>
      <trkpt lat="48.997859" lon="15.943329">
        <ele>438.678921</ele>
        <time>2026-05-01T11:57:43.656Z</time>
      </trkpt>
      <trkpt lat="48.997815" lon="15.943477">
        <ele>438.915839</ele>
        <time>2026-05-01T11:57:48.659Z</time>
      </trkpt>
      <trkpt lat="48.997769" lon="15.943617">
        <ele>438.843764</ele>
        <time>2026-05-01T11:57:53.627Z</time>
      </trkpt>
      <trkpt lat="48.997790" lon="15.943773">
        <ele>438.770457</ele>
        <time>2026-05-01T11:57:58.666Z</time>
      </trkpt>
      <trkpt lat="48.997764" lon="15.943905">
        <ele>438.707015</ele>
        <time>2026-05-01T11:58:03.632Z</time>
      </trkpt>
      <trkpt lat="48.997783" lon="15.944053">
        <ele>438.637595</ele>
        <time>2026-05-01T11:58:07.669Z</time>
      </trkpt>
      <trkpt lat="48.997760" lon="15.944212">
        <ele>438.562646</ele>
        <time>2026-05-01T11:58:12.719Z</time>
      </trkpt>
      <trkpt lat="48.997744" lon="15.944365">
        <ele>438.491327</ele>
        <time>2026-05-01T11:58:17.684Z</time>
      </trkpt>
      <trkpt lat="48.997713" lon="15.944528">
        <ele>438.413206</ele>
        <time>2026-05-01T11:58:22.689Z</time>
      </trkpt>
      <trkpt lat="48.997724" lon="15.944691">
        <ele>438.337777</ele>
        <time>2026-05-01T11:58:27.657Z</time>
      </trkpt>
      <trkpt lat="48.997754" lon="15.944854">
        <ele>438.259848</ele>
        <time>2026-05-01T11:58:32.689Z</time>
      </trkpt>
      <trkpt lat="48.997801" lon="15.944981">
        <ele>438.192728</ele>
        <time>2026-05-01T11:58:36.682Z</time>
      </trkpt>
      <trkpt lat="48.997773" lon="15.945138">
        <ele>438.117834</ele>
        <time>2026-05-01T11:58:41.663Z</time>
      </trkpt>
      <trkpt lat="48.997750" lon="15.945277">
        <ele>438.051846</ele>
        <time>2026-05-01T11:58:45.713Z</time>
      </trkpt>
      <trkpt lat="48.997771" lon="15.945427">
        <ele>437.981243</ele>
        <time>2026-05-01T11:58:49.676Z</time>
      </trkpt>
      <trkpt lat="48.997773" lon="15.945580">
        <ele>437.910799</ele>
        <time>2026-05-01T11:58:53.665Z</time>
      </trkpt>
      <trkpt lat="48.997796" lon="15.945724">
        <ele>437.842577</ele>
        <time>2026-05-01T11:58:57.672Z</time>
      </trkpt>
      <trkpt lat="48.997804" lon="15.945867">
        <ele>437.776512</ele>
        <time>2026-05-01T11:59:01.669Z</time>
      </trkpt>
      <trkpt lat="48.997821" lon="15.946017">
        <ele>437.706440</ele>
        <time>2026-05-01T11:59:05.686Z</time>
      </trkpt>
      <trkpt lat="48.997834" lon="15.946167">
        <ele>437.597914</ele>
        <time>2026-05-01T11:59:09.663Z</time>
      </trkpt>
      <trkpt lat="48.997811" lon="15.946339">
        <ele>437.462863</ele>
        <time>2026-05-01T11:59:13.691Z</time>
      </trkpt>
      <trkpt lat="48.997824" lon="15.946512">
        <ele>437.328893</ele>
        <time>2026-05-01T11:59:17.666Z</time>
      </trkpt>
      <trkpt lat="48.997849" lon="15.946679">
        <ele>437.197107</ele>
        <time>2026-05-01T11:59:21.672Z</time>
      </trkpt>
      <trkpt lat="48.997859" lon="15.946852">
        <ele>437.063491</ele>
        <time>2026-05-01T11:59:25.670Z</time>
      </trkpt>
      <trkpt lat="48.997875" lon="15.947020">
        <ele>436.932884</ele>
        <time>2026-05-01T11:59:29.650Z</time>
      </trkpt>
      <trkpt lat="48.997876" lon="15.947192">
        <ele>436.800548</ele>
        <time>2026-05-01T11:59:33.692Z</time>
      </trkpt>
      <trkpt lat="48.997890" lon="15.947328">
        <ele>436.694635</ele>
        <time>2026-05-01T11:59:36.658Z</time>
      </trkpt>
      <trkpt lat="48.997927" lon="15.947493">
        <ele>436.560480</ele>
        <time>2026-05-01T11:59:39.669Z</time>
      </trkpt>
      <trkpt lat="48.997944" lon="15.947663">
        <ele>436.428178</ele>
        <time>2026-05-01T11:59:42.684Z</time>
      </trkpt>
      <trkpt lat="48.997950" lon="15.947822">
        <ele>436.305647</ele>
        <time>2026-05-01T11:59:45.679Z</time>
      </trkpt>
      <trkpt lat="48.997946" lon="15.947989">
        <ele>436.177078</ele>
        <time>2026-05-01T11:59:48.676Z</time>
      </trkpt>
      <trkpt lat="48.997975" lon="15.948164">
        <ele>436.038212</ele>
        <time>2026-05-01T11:59:51.683Z</time>
      </trkpt>
      <trkpt lat="48.997971" lon="15.948350">
        <ele>435.895034</ele>
        <time>2026-05-01T11:59:54.682Z</time>
      </trkpt>
      <trkpt lat="48.997974" lon="15.948491">
        <ele>435.786497</ele>
        <time>2026-05-01T11:59:56.703Z</time>
      </trkpt>
      <trkpt lat="48.997948" lon="15.948627">
        <ele>435.677512</ele>
        <time>2026-05-01T11:59:58.718Z</time>
      </trkpt>
      <trkpt lat="48.997917" lon="15.948762">
        <ele>435.620222</ele>
        <time>2026-05-01T12:00:00.686Z</time>
      </trkpt>
      <trkpt lat="48.997879" lon="15.948892">
        <ele>435.830781</ele>
        <time>2026-05-01T12:00:02.695Z</time>
      </trkpt>
      <trkpt lat="48.997828" lon="15.949018">
        <ele>436.049817</ele>
        <time>2026-05-01T12:00:04.694Z</time>
      </trkpt>
      <trkpt lat="48.997773" lon="15.949133">
        <ele>436.260365</ele>
        <time>2026-05-01T12:00:06.733Z</time>
      </trkpt>
      <trkpt lat="48.997701" lon="15.949237">
        <ele>436.484052</ele>
        <time>2026-05-01T12:00:08.667Z</time>
      </trkpt>
      <trkpt lat="48.997601" lon="15.949306">
        <ele>436.731584</ele>
        <time>2026-05-01T12:00:10.681Z</time>
      </trkpt>
      <trkpt lat="48.997498" lon="15.949376">
        <ele>436.985894</ele>
        <time>2026-05-01T12:00:12.692Z</time>
      </trkpt>
      <trkpt lat="48.997378" lon="15.949429">
        <ele>437.267627</ele>
        <time>2026-05-01T12:00:14.696Z</time>
      </trkpt>
      <trkpt lat="48.997259" lon="15.949473">
        <ele>437.543757</ele>
        <time>2026-05-01T12:00:16.727Z</time>
      </trkpt>
      <trkpt lat="48.997116" lon="15.949512">
        <ele>437.871345</ele>
        <time>2026-05-01T12:00:18.679Z</time>
      </trkpt>
      <trkpt lat="48.996946" lon="15.949524">
        <ele>438.255108</ele>
        <time>2026-05-01T12:00:20.691Z</time>
      </trkpt>
      <trkpt lat="48.996776" lon="15.949540">
        <ele>438.639191</ele>
        <time>2026-05-01T12:00:22.677Z</time>
      </trkpt>
      <trkpt lat="48.996606" lon="15.949553">
        <ele>439.023025</ele>
        <time>2026-05-01T12:00:24.685Z</time>
      </trkpt>
      <trkpt lat="48.996436" lon="15.949558">
        <ele>439.406449</ele>
        <time>2026-05-01T12:00:26.685Z</time>
      </trkpt>
      <trkpt lat="48.996264" lon="15.949580">
        <ele>439.593603</ele>
        <time>2026-05-01T12:00:28.683Z</time>
      </trkpt>
      <trkpt lat="48.996104" lon="15.949610">
        <ele>439.480727</ele>
        <time>2026-05-01T12:00:30.695Z</time>
      </trkpt>
      <trkpt lat="48.995945" lon="15.949638">
        <ele>439.368655</ele>
        <time>2026-05-01T12:00:32.669Z</time>
      </trkpt>
      <trkpt lat="48.995787" lon="15.949659">
        <ele>439.257604</ele>
        <time>2026-05-01T12:00:34.717Z</time>
      </trkpt>
      <trkpt lat="48.995640" lon="15.949679">
        <ele>439.154265</ele>
        <time>2026-05-01T12:00:36.695Z</time>
      </trkpt>
      <trkpt lat="48.995499" lon="15.949696">
        <ele>439.055229</ele>
        <time>2026-05-01T12:00:38.675Z</time>
      </trkpt>
      <trkpt lat="48.995366" lon="15.949702">
        <ele>438.962062</ele>
        <time>2026-05-01T12:00:40.705Z</time>
      </trkpt>
      <trkpt lat="48.995244" lon="15.949719">
        <ele>438.876282</ele>
        <time>2026-05-01T12:00:42.684Z</time>
      </trkpt>
      <trkpt lat="48.995127" lon="15.949725">
        <ele>438.794313</ele>
        <time>2026-05-01T12:00:44.689Z</time>
      </trkpt>
      <trkpt lat="48.995005" lon="15.949739">
        <ele>438.708647</ele>
        <time>2026-05-01T12:00:46.682Z</time>
      </trkpt>
      <trkpt lat="48.994889" lon="15.949753">
        <ele>438.627170</ele>
        <time>2026-05-01T12:00:48.706Z</time>
      </trkpt>
      <trkpt lat="48.994759" lon="15.949774">
        <ele>438.535634</ele>
        <time>2026-05-01T12:00:50.682Z</time>
      </trkpt>
      <trkpt lat="48.994620" lon="15.949789">
        <ele>438.438063</ele>
        <time>2026-05-01T12:00:52.670Z</time>
      </trkpt>
      <trkpt lat="48.994465" lon="15.949824">
        <ele>438.097559</ele>
        <time>2026-05-01T12:00:54.706Z</time>
      </trkpt>
      <trkpt lat="48.994325" lon="15.949886">
        <ele>437.556987</ele>
        <time>2026-05-01T12:00:56.695Z</time>
      </trkpt>
      <trkpt lat="48.994192" lon="15.950003">
        <ele>436.987587</ele>
        <time>2026-05-01T12:00:58.684Z</time>
      </trkpt>
      <trkpt lat="48.994067" lon="15.950122">
        <ele>436.441112</ele>
        <time>2026-05-01T12:01:00.674Z</time>
      </trkpt>
      <trkpt lat="48.993942" lon="15.950224">
        <ele>435.915378</ele>
        <time>2026-05-01T12:01:02.705Z</time>
      </trkpt>
      <trkpt lat="48.993822" lon="15.950340">
        <ele>435.388481</ele>
        <time>2026-05-01T12:01:04.678Z</time>
      </trkpt>
      <trkpt lat="48.993690" lon="15.950471">
        <ele>434.804421</ele>
        <time>2026-05-01T12:01:06.687Z</time>
      </trkpt>
      <trkpt lat="48.993564" lon="15.950640">
        <ele>434.182071</ele>
        <time>2026-05-01T12:01:08.700Z</time>
      </trkpt>
      <trkpt lat="48.993509" lon="15.950792">
        <ele>433.759767</ele>
        <time>2026-05-01T12:01:09.699Z</time>
      </trkpt>
      <trkpt lat="48.993445" lon="15.950913">
        <ele>433.381649</ele>
        <time>2026-05-01T12:01:10.695Z</time>
      </trkpt>
      <trkpt lat="48.993380" lon="15.951025">
        <ele>433.017871</ele>
        <time>2026-05-01T12:01:11.682Z</time>
      </trkpt>
      <trkpt lat="48.993242" lon="15.951195">
        <ele>432.359932</ele>
        <time>2026-05-01T12:01:13.715Z</time>
      </trkpt>
      <trkpt lat="48.993164" lon="15.951273">
        <ele>432.014018</ele>
        <time>2026-05-01T12:01:14.701Z</time>
      </trkpt>
      <trkpt lat="48.993085" lon="15.951357">
        <ele>431.655490</ele>
        <time>2026-05-01T12:01:15.675Z</time>
      </trkpt>
      <trkpt lat="48.993013" lon="15.951469">
        <ele>431.264761</ele>
        <time>2026-05-01T12:01:16.695Z</time>
      </trkpt>
      <trkpt lat="48.992948" lon="15.951570">
        <ele>430.912216</ele>
        <time>2026-05-01T12:01:17.686Z</time>
      </trkpt>
      <trkpt lat="48.992887" lon="15.951697">
        <ele>430.520004</ele>
        <time>2026-05-01T12:01:18.708Z</time>
      </trkpt>
      <trkpt lat="48.992827" lon="15.951822">
        <ele>430.134056</ele>
        <time>2026-05-01T12:01:19.686Z</time>
      </trkpt>
      <trkpt lat="48.992758" lon="15.951924">
        <ele>429.768981</ele>
        <time>2026-05-01T12:01:20.701Z</time>
      </trkpt>
      <trkpt lat="48.992690" lon="15.952041">
        <ele>429.379490</ele>
        <time>2026-05-01T12:01:21.695Z</time>
      </trkpt>
      <trkpt lat="48.992615" lon="15.952143">
        <ele>428.997728</ele>
        <time>2026-05-01T12:01:22.693Z</time>
      </trkpt>
      <trkpt lat="48.992541" lon="15.952243">
        <ele>428.622116</ele>
        <time>2026-05-01T12:01:23.694Z</time>
      </trkpt>
      <trkpt lat="48.992468" lon="15.952342">
        <ele>428.250998</ele>
        <time>2026-05-01T12:01:24.680Z</time>
      </trkpt>
      <trkpt lat="48.992396" lon="15.952441">
        <ele>427.882708</ele>
        <time>2026-05-01T12:01:25.667Z</time>
      </trkpt>
      <trkpt lat="48.992323" lon="15.952528">
        <ele>427.530759</ele>
        <time>2026-05-01T12:01:26.687Z</time>
      </trkpt>
      <trkpt lat="48.992249" lon="15.952611">
        <ele>427.181810</ele>
        <time>2026-05-01T12:01:27.680Z</time>
      </trkpt>
      <trkpt lat="48.992170" lon="15.952696">
        <ele>426.814541</ele>
        <time>2026-05-01T12:01:28.697Z</time>
      </trkpt>
      <trkpt lat="48.992091" lon="15.952815">
        <ele>426.392688</ele>
        <time>2026-05-01T12:01:29.677Z</time>
      </trkpt>
      <trkpt lat="48.992019" lon="15.952946">
        <ele>425.966842</ele>
        <time>2026-05-01T12:01:30.685Z</time>
      </trkpt>
      <trkpt lat="48.991937" lon="15.953040">
        <ele>425.577152</ele>
        <time>2026-05-01T12:01:31.701Z</time>
      </trkpt>
      <trkpt lat="48.991864" lon="15.953173">
        <ele>425.145046</ele>
        <time>2026-05-01T12:01:32.684Z</time>
      </trkpt>
      <trkpt lat="48.991781" lon="15.953279">
        <ele>424.872286</ele>
        <time>2026-05-01T12:01:33.708Z</time>
      </trkpt>
      <trkpt lat="48.991702" lon="15.953390">
        <ele>424.845667</ele>
        <time>2026-05-01T12:01:34.697Z</time>
      </trkpt>
      <trkpt lat="48.991614" lon="15.953462">
        <ele>424.820924</ele>
        <time>2026-05-01T12:01:35.684Z</time>
      </trkpt>
      <trkpt lat="48.991514" lon="15.953496">
        <ele>424.795542</ele>
        <time>2026-05-01T12:01:36.684Z</time>
      </trkpt>
      <trkpt lat="48.991420" lon="15.953531">
        <ele>424.771571</ele>
        <time>2026-05-01T12:01:37.680Z</time>
      </trkpt>
      <trkpt lat="48.991323" lon="15.953559">
        <ele>424.747114</ele>
        <time>2026-05-01T12:01:38.680Z</time>
      </trkpt>
      <trkpt lat="48.991225" lon="15.953580">
        <ele>424.722598</ele>
        <time>2026-05-01T12:01:39.714Z</time>
      </trkpt>
      <trkpt lat="48.991129" lon="15.953592">
        <ele>424.698736</ele>
        <time>2026-05-01T12:01:40.635Z</time>
      </trkpt>
      <trkpt lat="48.991038" lon="15.953607">
        <ele>424.676061</ele>
        <time>2026-05-01T12:01:41.645Z</time>
      </trkpt>
      <trkpt lat="48.990861" lon="15.953633">
        <ele>424.632010</ele>
        <time>2026-05-01T12:01:43.662Z</time>
      </trkpt>
      <trkpt lat="48.990693" lon="15.953651">
        <ele>424.590289</ele>
        <time>2026-05-01T12:01:45.672Z</time>
      </trkpt>
      <trkpt lat="48.990561" lon="15.953643">
        <ele>424.557563</ele>
        <time>2026-05-01T12:01:47.660Z</time>
      </trkpt>
      <trkpt lat="48.990448" lon="15.953664">
        <ele>424.529363</ele>
        <time>2026-05-01T12:01:50.661Z</time>
      </trkpt>
      <trkpt lat="48.990359" lon="15.953695">
        <ele>424.506746</ele>
        <time>2026-05-01T12:01:54.664Z</time>
      </trkpt>
      <trkpt lat="48.990220" lon="15.953715">
        <ele>424.472159</ele>
        <time>2026-05-01T12:03:49.707Z</time>
      </trkpt>
      <trkpt lat="48.990115" lon="15.953715">
        <ele>424.446148</ele>
        <time>2026-05-01T12:03:52.677Z</time>
      </trkpt>
      <trkpt lat="48.990008" lon="15.953691">
        <ele>423.959629</ele>
        <time>2026-05-01T12:03:55.686Z</time>
      </trkpt>
      <trkpt lat="48.989890" lon="15.953699">
        <ele>423.140087</ele>
        <time>2026-05-01T12:03:58.686Z</time>
      </trkpt>
      <trkpt lat="48.989771" lon="15.953725">
        <ele>422.305973</ele>
        <time>2026-05-01T12:04:01.674Z</time>
      </trkpt>
      <trkpt lat="48.989627" lon="15.953732">
        <ele>421.306334</ele>
        <time>2026-05-01T12:04:04.695Z</time>
      </trkpt>
      <trkpt lat="48.989498" lon="15.953735">
        <ele>420.411174</ele>
        <time>2026-05-01T12:04:06.746Z</time>
      </trkpt>
      <trkpt lat="48.989356" lon="15.953761">
        <ele>419.418834</ele>
        <time>2026-05-01T12:04:08.702Z</time>
      </trkpt>
      <trkpt lat="48.989194" lon="15.953793">
        <ele>418.285408</ele>
        <time>2026-05-01T12:04:10.695Z</time>
      </trkpt>
      <trkpt lat="48.989020" lon="15.953816">
        <ele>417.073591</ele>
        <time>2026-05-01T12:04:12.709Z</time>
      </trkpt>
      <trkpt lat="48.988841" lon="15.953817">
        <ele>415.831607</ele>
        <time>2026-05-01T12:04:14.699Z</time>
      </trkpt>
      <trkpt lat="48.988740" lon="15.953837">
        <ele>415.124936</ele>
        <time>2026-05-01T12:04:15.693Z</time>
      </trkpt>
      <trkpt lat="48.988636" lon="15.953835">
        <ele>414.403284</ele>
        <time>2026-05-01T12:04:16.694Z</time>
      </trkpt>
      <trkpt lat="48.988544" lon="15.953836">
        <ele>413.764934</ele>
        <time>2026-05-01T12:04:17.710Z</time>
      </trkpt>
      <trkpt lat="48.988451" lon="15.953847">
        <ele>413.117721</ele>
        <time>2026-05-01T12:04:18.707Z</time>
      </trkpt>
      <trkpt lat="48.988361" lon="15.953880">
        <ele>412.475442</ele>
        <time>2026-05-01T12:04:19.707Z</time>
      </trkpt>
      <trkpt lat="48.988274" lon="15.953916">
        <ele>411.942448</ele>
        <time>2026-05-01T12:04:20.685Z</time>
      </trkpt>
      <trkpt lat="48.988145" lon="15.953996">
        <ele>411.813837</ele>
        <time>2026-05-01T12:04:22.690Z</time>
      </trkpt>
      <trkpt lat="48.988061" lon="15.954099">
        <ele>411.714275</ele>
        <time>2026-05-01T12:04:24.700Z</time>
      </trkpt>
      <trkpt lat="48.987982" lon="15.954214">
        <ele>411.613387</ele>
        <time>2026-05-01T12:04:27.699Z</time>
      </trkpt>
      <trkpt lat="48.987896" lon="15.954310">
        <ele>411.514943</ele>
        <time>2026-05-01T12:04:32.692Z</time>
      </trkpt>
      <trkpt lat="48.987852" lon="15.954601">
        <ele>411.333981</ele>
        <time>2026-05-01T12:05:07.676Z</time>
      </trkpt>
      <trkpt lat="48.987804" lon="15.954737">
        <ele>411.240404</ele>
        <time>2026-05-01T12:05:14.702Z</time>
      </trkpt>
      <trkpt lat="48.987730" lon="15.954827">
        <ele>411.152973</ele>
        <time>2026-05-01T12:05:19.676Z</time>
      </trkpt>
      <trkpt lat="48.987691" lon="15.954965">
        <ele>411.061922</ele>
        <time>2026-05-01T12:05:25.686Z</time>
      </trkpt>
      <trkpt lat="48.987678" lon="15.955106">
        <ele>410.975639</ele>
        <time>2026-05-01T12:05:30.689Z</time>
      </trkpt>
      <trkpt lat="48.987651" lon="15.955245">
        <ele>410.887795</ele>
        <time>2026-05-01T12:05:36.680Z</time>
      </trkpt>
      <trkpt lat="48.987608" lon="15.955374">
        <ele>410.800116</ele>
        <time>2026-05-01T12:05:42.688Z</time>
      </trkpt>
      <trkpt lat="48.987574" lon="15.955519">
        <ele>410.706807</ele>
        <time>2026-05-01T12:05:48.694Z</time>
      </trkpt>
      <trkpt lat="48.987535" lon="15.955644">
        <ele>410.622933</ele>
        <time>2026-05-01T12:05:53.685Z</time>
      </trkpt>
      <trkpt lat="48.987512" lon="15.955788">
        <ele>410.533123</ele>
        <time>2026-05-01T12:06:00.682Z</time>
      </trkpt>
      <trkpt lat="48.987468" lon="15.955933">
        <ele>410.436315</ele>
        <time>2026-05-01T12:06:06.706Z</time>
      </trkpt>
      <trkpt lat="48.987419" lon="15.956049">
        <ele>410.352717</ele>
        <time>2026-05-01T12:06:13.678Z</time>
      </trkpt>
      <trkpt lat="48.987344" lon="15.956149">
        <ele>410.551290</ele>
        <time>2026-05-01T12:06:21.702Z</time>
      </trkpt>
      <trkpt lat="48.987255" lon="15.956216">
        <ele>411.220470</ele>
        <time>2026-05-01T12:06:30.699Z</time>
      </trkpt>
      <trkpt lat="48.987164" lon="15.956287">
        <ele>411.909647</ele>
        <time>2026-05-01T12:06:39.697Z</time>
      </trkpt>
      <trkpt lat="48.987061" lon="15.956315">
        <ele>412.614949</ele>
        <time>2026-05-01T12:06:47.690Z</time>
      </trkpt>
      <trkpt lat="48.986964" lon="15.956282">
        <ele>413.284939</ele>
        <time>2026-05-01T12:06:55.689Z</time>
      </trkpt>
      <trkpt lat="48.986869" lon="15.956252">
        <ele>413.938956</ele>
        <time>2026-05-01T12:07:01.700Z</time>
      </trkpt>
      <trkpt lat="48.986779" lon="15.956224">
        <ele>414.558175</ele>
        <time>2026-05-01T12:07:06.689Z</time>
      </trkpt>
      <trkpt lat="48.986693" lon="15.956161">
        <ele>415.201425</ele>
        <time>2026-05-01T12:07:11.676Z</time>
      </trkpt>
      <trkpt lat="48.986599" lon="15.956092">
        <ele>415.904781</ele>
        <time>2026-05-01T12:07:16.691Z</time>
      </trkpt>
      <trkpt lat="48.986508" lon="15.956003">
        <ele>416.633704</ele>
        <time>2026-05-01T12:07:20.686Z</time>
      </trkpt>
      <trkpt lat="48.986430" lon="15.955913">
        <ele>417.293244</ele>
        <time>2026-05-01T12:07:23.679Z</time>
      </trkpt>
      <trkpt lat="48.986349" lon="15.955821">
        <ele>417.974269</ele>
        <time>2026-05-01T12:07:26.687Z</time>
      </trkpt>
      <trkpt lat="48.986254" lon="15.955714">
        <ele>418.770625</ele>
        <time>2026-05-01T12:07:29.689Z</time>
      </trkpt>
      <trkpt lat="48.986148" lon="15.955596">
        <ele>419.655553</ele>
        <time>2026-05-01T12:07:32.665Z</time>
      </trkpt>
      <trkpt lat="48.986053" lon="15.955487">
        <ele>420.457201</ele>
        <time>2026-05-01T12:07:35.693Z</time>
      </trkpt>
      <trkpt lat="48.985971" lon="15.955368">
        <ele>421.220546</ele>
        <time>2026-05-01T12:07:38.683Z</time>
      </trkpt>
      <trkpt lat="48.985886" lon="15.955241">
        <ele>422.023029</ele>
        <time>2026-05-01T12:07:41.666Z</time>
      </trkpt>
      <trkpt lat="48.985787" lon="15.955111">
        <ele>422.483936</ele>
        <time>2026-05-01T12:07:44.676Z</time>
      </trkpt>
      <trkpt lat="48.985710" lon="15.955020">
        <ele>422.569948</ele>
        <time>2026-05-01T12:07:46.705Z</time>
      </trkpt>
      <trkpt lat="48.985625" lon="15.954931">
        <ele>422.660981</ele>
        <time>2026-05-01T12:07:48.689Z</time>
      </trkpt>
      <trkpt lat="48.985522" lon="15.954842">
        <ele>422.765497</ele>
        <time>2026-05-01T12:07:50.712Z</time>
      </trkpt>
      <trkpt lat="48.985409" lon="15.954771">
        <ele>422.873386</ele>
        <time>2026-05-01T12:07:52.677Z</time>
      </trkpt>
      <trkpt lat="48.985279" lon="15.954765">
        <ele>422.988187</ele>
        <time>2026-05-01T12:07:54.697Z</time>
      </trkpt>
      <trkpt lat="48.985144" lon="15.954794">
        <ele>423.108528</ele>
        <time>2026-05-01T12:07:56.704Z</time>
      </trkpt>
      <trkpt lat="48.985015" lon="15.954838">
        <ele>423.225211</ele>
        <time>2026-05-01T12:07:58.705Z</time>
      </trkpt>
      <trkpt lat="48.984884" lon="15.954908">
        <ele>423.347746</ele>
        <time>2026-05-01T12:08:00.679Z</time>
      </trkpt>
      <trkpt lat="48.984755" lon="15.954988">
        <ele>423.470681</ele>
        <time>2026-05-01T12:08:02.681Z</time>
      </trkpt>
      <trkpt lat="48.984620" lon="15.955097">
        <ele>423.605538</ele>
        <time>2026-05-01T12:08:04.689Z</time>
      </trkpt>
      <trkpt lat="48.984493" lon="15.955204">
        <ele>423.733632</ele>
        <time>2026-05-01T12:08:06.702Z</time>
      </trkpt>
      <trkpt lat="48.984391" lon="15.955285">
        <ele>423.835159</ele>
        <time>2026-05-01T12:08:08.678Z</time>
      </trkpt>
      <trkpt lat="48.984291" lon="15.955368">
        <ele>423.935672</ele>
        <time>2026-05-01T12:08:12.688Z</time>
      </trkpt>
      <trkpt lat="48.984194" lon="15.955412">
        <ele>424.096817</ele>
        <time>2026-05-01T12:08:17.678Z</time>
      </trkpt>
      <trkpt lat="48.984107" lon="15.955481">
        <ele>424.554946</ele>
        <time>2026-05-01T12:08:25.699Z</time>
      </trkpt>
      <trkpt lat="48.984031" lon="15.955565">
        <ele>424.993498</ele>
        <time>2026-05-01T12:08:34.685Z</time>
      </trkpt>
      <trkpt lat="48.983961" lon="15.955665">
        <ele>425.441694</ele>
        <time>2026-05-01T12:08:45.710Z</time>
      </trkpt>
      <trkpt lat="48.983874" lon="15.955723">
        <ele>425.885264</ele>
        <time>2026-05-01T12:08:52.677Z</time>
      </trkpt>
      <trkpt lat="48.983793" lon="15.955818">
        <ele>426.362714</ele>
        <time>2026-05-01T12:09:03.679Z</time>
      </trkpt>
      <trkpt lat="48.983690" lon="15.955904">
        <ele>426.911323</ele>
        <time>2026-05-01T12:09:15.709Z</time>
      </trkpt>
      <trkpt lat="48.983608" lon="15.955967">
        <ele>427.340280</ele>
        <time>2026-05-01T12:09:22.678Z</time>
      </trkpt>
      <trkpt lat="48.983516" lon="15.956046">
        <ele>427.833553</ele>
        <time>2026-05-01T12:09:28.680Z</time>
      </trkpt>
      <trkpt lat="48.983419" lon="15.956083">
        <ele>428.300623</ele>
        <time>2026-05-01T12:09:33.694Z</time>
      </trkpt>
      <trkpt lat="48.983330" lon="15.956112">
        <ele>428.725742</ele>
        <time>2026-05-01T12:09:37.696Z</time>
      </trkpt>
      <trkpt lat="48.983233" lon="15.956144">
        <ele>429.189328</ele>
        <time>2026-05-01T12:09:41.691Z</time>
      </trkpt>
      <trkpt lat="48.983144" lon="15.956161">
        <ele>429.608302</ele>
        <time>2026-05-01T12:09:45.711Z</time>
      </trkpt>
      <trkpt lat="48.983050" lon="15.956189">
        <ele>430.055688</ele>
        <time>2026-05-01T12:09:49.707Z</time>
      </trkpt>
      <trkpt lat="48.982962" lon="15.956217">
        <ele>430.475604</ele>
        <time>2026-05-01T12:09:53.701Z</time>
      </trkpt>
      <trkpt lat="48.982854" lon="15.956261">
        <ele>430.997794</ele>
        <time>2026-05-01T12:09:58.690Z</time>
      </trkpt>
      <trkpt lat="48.982755" lon="15.956292">
        <ele>431.469889</ele>
        <time>2026-05-01T12:10:02.689Z</time>
      </trkpt>
      <trkpt lat="48.982659" lon="15.956325">
        <ele>431.929576</ele>
        <time>2026-05-01T12:10:07.674Z</time>
      </trkpt>
      <trkpt lat="48.982557" lon="15.956387">
        <ele>432.410127</ele>
        <time>2026-05-01T12:10:12.702Z</time>
      </trkpt>
      <trkpt lat="48.982468" lon="15.956499">
        <ele>432.416111</ele>
        <time>2026-05-01T12:10:17.679Z</time>
      </trkpt>
      <trkpt lat="48.982352" lon="15.956541">
        <ele>432.422292</ele>
        <time>2026-05-01T12:10:21.686Z</time>
      </trkpt>
      <trkpt lat="48.982271" lon="15.956611">
        <ele>432.427120</ele>
        <time>2026-05-01T12:10:24.686Z</time>
      </trkpt>
      <trkpt lat="48.982184" lon="15.956671">
        <ele>432.432071</ele>
        <time>2026-05-01T12:10:27.695Z</time>
      </trkpt>
      <trkpt lat="48.982093" lon="15.956778">
        <ele>432.438030</ele>
        <time>2026-05-01T12:10:31.702Z</time>
      </trkpt>
      <trkpt lat="48.982014" lon="15.956844">
        <ele>432.442701</ele>
        <time>2026-05-01T12:10:34.709Z</time>
      </trkpt>
      <trkpt lat="48.981934" lon="15.956911">
        <ele>432.447433</ele>
        <time>2026-05-01T12:10:37.701Z</time>
      </trkpt>
      <trkpt lat="48.981848" lon="15.957024">
        <ele>432.453321</ele>
        <time>2026-05-01T12:10:41.692Z</time>
      </trkpt>
      <trkpt lat="48.981771" lon="15.957124">
        <ele>432.458566</ele>
        <time>2026-05-01T12:10:45.690Z</time>
      </trkpt>
      <trkpt lat="48.981680" lon="15.957209">
        <ele>432.464099</ele>
        <time>2026-05-01T12:10:49.684Z</time>
      </trkpt>
      <trkpt lat="48.981575" lon="15.957284">
        <ele>432.470111</ele>
        <time>2026-05-01T12:10:53.686Z</time>
      </trkpt>
      <trkpt lat="48.981486" lon="15.957364">
        <ele>432.475468</ele>
        <time>2026-05-01T12:10:57.689Z</time>
      </trkpt>
      <trkpt lat="48.981413" lon="15.957478">
        <ele>432.480887</ele>
        <time>2026-05-01T12:11:01.704Z</time>
      </trkpt>
      <trkpt lat="48.981325" lon="15.957583">
        <ele>432.486682</ele>
        <time>2026-05-01T12:11:05.697Z</time>
      </trkpt>
      <trkpt lat="48.981256" lon="15.957698">
        <ele>432.491984</ele>
        <time>2026-05-01T12:11:09.684Z</time>
      </trkpt>
      <trkpt lat="48.981196" lon="15.957822">
        <ele>432.497225</ele>
        <time>2026-05-01T12:11:13.691Z</time>
      </trkpt>
      <trkpt lat="48.981152" lon="15.957956">
        <ele>432.502323</ele>
        <time>2026-05-01T12:11:18.695Z</time>
      </trkpt>
      <trkpt lat="48.981093" lon="15.958070">
        <ele>432.734214</ele>
        <time>2026-05-01T12:11:23.691Z</time>
      </trkpt>
      <trkpt lat="48.981031" lon="15.958170">
        <ele>432.988646</ele>
        <time>2026-05-01T12:11:28.694Z</time>
      </trkpt>
      <trkpt lat="48.980946" lon="15.958248">
        <ele>433.268272</ele>
        <time>2026-05-01T12:11:33.691Z</time>
      </trkpt>
      <trkpt lat="48.980876" lon="15.958361">
        <ele>433.555664</ele>
        <time>2026-05-01T12:11:37.692Z</time>
      </trkpt>
      <trkpt lat="48.980799" lon="15.958462">
        <ele>433.841989</ele>
        <time>2026-05-01T12:11:41.687Z</time>
      </trkpt>
      <trkpt lat="48.980717" lon="15.958529">
        <ele>434.104202</ele>
        <time>2026-05-01T12:11:44.695Z</time>
      </trkpt>
      <trkpt lat="48.980626" lon="15.958598">
        <ele>434.390649</ele>
        <time>2026-05-01T12:11:47.687Z</time>
      </trkpt>
      <trkpt lat="48.980527" lon="15.958626">
        <ele>434.674406</ele>
        <time>2026-05-01T12:11:50.686Z</time>
      </trkpt>
      <trkpt lat="48.980413" lon="15.958664">
        <ele>435.003266</ele>
        <time>2026-05-01T12:11:54.703Z</time>
      </trkpt>
      <trkpt lat="48.980305" lon="15.958715">
        <ele>435.321903</ele>
        <time>2026-05-01T12:11:58.673Z</time>
      </trkpt>
      <trkpt lat="48.980209" lon="15.958745">
        <ele>435.598071</ele>
        <time>2026-05-01T12:12:01.683Z</time>
      </trkpt>
      <trkpt lat="48.980113" lon="15.958776">
        <ele>435.874618</ele>
        <time>2026-05-01T12:12:04.672Z</time>
      </trkpt>
      <trkpt lat="48.980011" lon="15.958808">
        <ele>436.168093</ele>
        <time>2026-05-01T12:12:07.695Z</time>
      </trkpt>
      <trkpt lat="48.979916" lon="15.958815">
        <ele>436.436125</ele>
        <time>2026-05-01T12:12:10.683Z</time>
      </trkpt>
      <trkpt lat="48.979824" lon="15.958825">
        <ele>436.696048</ele>
        <time>2026-05-01T12:12:13.674Z</time>
      </trkpt>
      <trkpt lat="48.979714" lon="15.958857">
        <ele>437.011638</ele>
        <time>2026-05-01T12:12:17.688Z</time>
      </trkpt>
      <trkpt lat="48.979618" lon="15.958874">
        <ele>437.283996</ele>
        <time>2026-05-01T12:12:21.689Z</time>
      </trkpt>
      <trkpt lat="48.979500" lon="15.958887">
        <ele>437.633006</ele>
        <time>2026-05-01T12:12:25.684Z</time>
      </trkpt>
      <trkpt lat="48.979405" lon="15.958883">
        <ele>437.992397</ele>
        <time>2026-05-01T12:12:28.736Z</time>
      </trkpt>
      <trkpt lat="48.979315" lon="15.958896">
        <ele>438.334268</ele>
        <time>2026-05-01T12:12:31.652Z</time>
      </trkpt>
      <trkpt lat="48.979207" lon="15.958902">
        <ele>438.742954</ele>
        <time>2026-05-01T12:12:35.669Z</time>
      </trkpt>
      <trkpt lat="48.979095" lon="15.958835">
        <ele>439.197971</ele>
        <time>2026-05-01T12:12:39.683Z</time>
      </trkpt>
      <trkpt lat="48.979024" lon="15.958746">
        <ele>439.545657</ele>
        <time>2026-05-01T12:12:42.674Z</time>
      </trkpt>
      <trkpt lat="48.978986" lon="15.958612">
        <ele>439.907962</ele>
        <time>2026-05-01T12:12:45.677Z</time>
      </trkpt>
      <trkpt lat="48.978968" lon="15.958460">
        <ele>440.291319</ele>
        <time>2026-05-01T12:12:48.680Z</time>
      </trkpt>
      <trkpt lat="48.978947" lon="15.958295">
        <ele>440.708480</ele>
        <time>2026-05-01T12:12:51.678Z</time>
      </trkpt>
      <trkpt lat="48.978925" lon="15.958121">
        <ele>441.148290</ele>
        <time>2026-05-01T12:12:54.675Z</time>
      </trkpt>
      <trkpt lat="48.978918" lon="15.957938">
        <ele>441.603269</ele>
        <time>2026-05-01T12:12:57.704Z</time>
      </trkpt>
      <trkpt lat="48.978890" lon="15.957750">
        <ele>442.081750</ele>
        <time>2026-05-01T12:13:00.660Z</time>
      </trkpt>
      <trkpt lat="48.978864" lon="15.957551">
        <ele>442.585362</ele>
        <time>2026-05-01T12:13:03.672Z</time>
      </trkpt>
      <trkpt lat="48.978830" lon="15.957374">
        <ele>443.043108</ele>
        <time>2026-05-01T12:13:06.665Z</time>
      </trkpt>
      <trkpt lat="48.978813" lon="15.957178">
        <ele>443.533812</ele>
        <time>2026-05-01T12:13:09.656Z</time>
      </trkpt>
      <trkpt lat="48.978801" lon="15.957021">
        <ele>443.926123</ele>
        <time>2026-05-01T12:13:12.646Z</time>
      </trkpt>
      <trkpt lat="48.978789" lon="15.956835">
        <ele>444.379373</ele>
        <time>2026-05-01T12:13:16.664Z</time>
      </trkpt>
      <trkpt lat="48.978768" lon="15.956676">
        <ele>444.522174</ele>
        <time>2026-05-01T12:13:19.686Z</time>
      </trkpt>
      <trkpt lat="48.978729" lon="15.956507">
        <ele>444.679904</ele>
        <time>2026-05-01T12:13:22.649Z</time>
      </trkpt>
      <trkpt lat="48.978720" lon="15.956370">
        <ele>444.801132</ele>
        <time>2026-05-01T12:13:24.665Z</time>
      </trkpt>
      <trkpt lat="48.978721" lon="15.956232">
        <ele>444.922644</ele>
        <time>2026-05-01T12:13:26.660Z</time>
      </trkpt>
      <trkpt lat="48.978726" lon="15.956043">
        <ele>445.089189</ele>
        <time>2026-05-01T12:13:29.684Z</time>
      </trkpt>
      <trkpt lat="48.978709" lon="15.955843">
        <ele>445.266754</ele>
        <time>2026-05-01T12:13:32.685Z</time>
      </trkpt>
      <trkpt lat="48.978698" lon="15.955691">
        <ele>445.401397</ele>
        <time>2026-05-01T12:13:34.688Z</time>
      </trkpt>
      <trkpt lat="48.978693" lon="15.955502">
        <ele>445.567942</ele>
        <time>2026-05-01T12:13:37.689Z</time>
      </trkpt>
      <trkpt lat="48.978666" lon="15.955368">
        <ele>445.691360</ele>
        <time>2026-05-01T12:13:39.668Z</time>
      </trkpt>
      <trkpt lat="48.978650" lon="15.955217">
        <ele>445.826033</ele>
        <time>2026-05-01T12:13:41.666Z</time>
      </trkpt>
      <trkpt lat="48.978636" lon="15.955058">
        <ele>445.967283</ele>
        <time>2026-05-01T12:13:43.705Z</time>
      </trkpt>
      <trkpt lat="48.978620" lon="15.954892">
        <ele>446.115010</ele>
        <time>2026-05-01T12:13:45.691Z</time>
      </trkpt>
      <trkpt lat="48.978597" lon="15.954745">
        <ele>446.248066</ele>
        <time>2026-05-01T12:13:47.693Z</time>
      </trkpt>
      <trkpt lat="48.978582" lon="15.954591">
        <ele>446.385145</ele>
        <time>2026-05-01T12:13:49.714Z</time>
      </trkpt>
      <trkpt lat="48.978578" lon="15.954429">
        <ele>446.527883</ele>
        <time>2026-05-01T12:13:51.703Z</time>
      </trkpt>
      <trkpt lat="48.978575" lon="15.954283">
        <ele>446.656495</ele>
        <time>2026-05-01T12:13:53.680Z</time>
      </trkpt>
      <trkpt lat="48.978561" lon="15.954135">
        <ele>446.781586</ele>
        <time>2026-05-01T12:13:55.676Z</time>
      </trkpt>
      <trkpt lat="48.978551" lon="15.953980">
        <ele>446.406589</ele>
        <time>2026-05-01T12:13:57.671Z</time>
      </trkpt>
      <trkpt lat="48.978547" lon="15.953842">
        <ele>446.073998</ele>
        <time>2026-05-01T12:13:59.693Z</time>
      </trkpt>
      <trkpt lat="48.978537" lon="15.953690">
        <ele>445.706188</ele>
        <time>2026-05-01T12:14:01.690Z</time>
      </trkpt>
      <trkpt lat="48.978525" lon="15.953520">
        <ele>445.294513</ele>
        <time>2026-05-01T12:14:03.684Z</time>
      </trkpt>
      <trkpt lat="48.978507" lon="15.953361">
        <ele>444.906030</ele>
        <time>2026-05-01T12:14:05.704Z</time>
      </trkpt>
      <trkpt lat="48.978497" lon="15.953188">
        <ele>444.487880</ele>
        <time>2026-05-01T12:14:07.686Z</time>
      </trkpt>
      <trkpt lat="48.978479" lon="15.952992">
        <ele>444.011366</ele>
        <time>2026-05-01T12:14:09.674Z</time>
      </trkpt>
      <trkpt lat="48.978445" lon="15.952793">
        <ele>443.516258</ele>
        <time>2026-05-01T12:14:11.673Z</time>
      </trkpt>
      <trkpt lat="48.978420" lon="15.952600">
        <ele>443.042601</ele>
        <time>2026-05-01T12:14:13.662Z</time>
      </trkpt>
      <trkpt lat="48.978402" lon="15.952368">
        <ele>442.480117</ele>
        <time>2026-05-01T12:14:15.668Z</time>
      </trkpt>
      <trkpt lat="48.978381" lon="15.952154">
        <ele>441.959133</ele>
        <time>2026-05-01T12:14:17.680Z</time>
      </trkpt>
      <trkpt lat="48.978365" lon="15.951923">
        <ele>441.399856</ele>
        <time>2026-05-01T12:14:19.658Z</time>
      </trkpt>
      <trkpt lat="48.978336" lon="15.951699">
        <ele>440.850130</ele>
        <time>2026-05-01T12:14:21.668Z</time>
      </trkpt>
      <trkpt lat="48.978331" lon="15.951455">
        <ele>440.262354</ele>
        <time>2026-05-01T12:14:23.667Z</time>
      </trkpt>
      <trkpt lat="48.978355" lon="15.951200">
        <ele>440.111280</ele>
        <time>2026-05-01T12:14:25.665Z</time>
      </trkpt>
      <trkpt lat="48.978364" lon="15.950955">
        <ele>440.028040</ele>
        <time>2026-05-01T12:14:27.666Z</time>
      </trkpt>
      <trkpt lat="48.978349" lon="15.950716">
        <ele>439.946595</ele>
        <time>2026-05-01T12:14:29.666Z</time>
      </trkpt>
      <trkpt lat="48.978332" lon="15.950500">
        <ele>439.872797</ele>
        <time>2026-05-01T12:14:31.651Z</time>
      </trkpt>
      <trkpt lat="48.978320" lon="15.950362">
        <ele>439.825574</ele>
        <time>2026-05-01T12:14:33.677Z</time>
      </trkpt>
      <trkpt lat="48.978245" lon="15.950248">
        <ele>439.770819</ele>
        <time>2026-05-01T12:14:38.679Z</time>
      </trkpt>
      <trkpt lat="48.978154" lon="15.950226">
        <ele>439.723198</ele>
        <time>2026-05-01T12:14:41.672Z</time>
      </trkpt>
      <trkpt lat="48.978043" lon="15.950150">
        <ele>439.660302</ele>
        <time>2026-05-01T12:14:44.675Z</time>
      </trkpt>
      <trkpt lat="48.977918" lon="15.950063">
        <ele>439.589275</ele>
        <time>2026-05-01T12:14:47.652Z</time>
      </trkpt>
      <trkpt lat="48.977821" lon="15.950026">
        <ele>439.537594</ele>
        <time>2026-05-01T12:14:49.703Z</time>
      </trkpt>
      <trkpt lat="48.977713" lon="15.949995">
        <ele>439.480793</ele>
        <time>2026-05-01T12:14:51.686Z</time>
      </trkpt>
      <trkpt lat="48.977609" lon="15.949947">
        <ele>439.424629</ele>
        <time>2026-05-01T12:14:53.706Z</time>
      </trkpt>
      <trkpt lat="48.977511" lon="15.949873">
        <ele>439.368099</ele>
        <time>2026-05-01T12:14:55.681Z</time>
      </trkpt>
      <trkpt lat="48.977418" lon="15.949803">
        <ele>439.314487</ele>
        <time>2026-05-01T12:14:57.684Z</time>
      </trkpt>
      <trkpt lat="48.977292" lon="15.949740">
        <ele>439.171865</ele>
        <time>2026-05-01T12:15:00.686Z</time>
      </trkpt>
      <trkpt lat="48.977191" lon="15.949670">
        <ele>438.778948</ele>
        <time>2026-05-01T12:15:02.683Z</time>
      </trkpt>
      <trkpt lat="48.977095" lon="15.949603">
        <ele>438.405034</ele>
        <time>2026-05-01T12:15:04.680Z</time>
      </trkpt>
      <trkpt lat="48.976997" lon="15.949537">
        <ele>438.025615</ele>
        <time>2026-05-01T12:15:06.686Z</time>
      </trkpt>
      <trkpt lat="48.976906" lon="15.949467">
        <ele>437.664633</ele>
        <time>2026-05-01T12:15:08.674Z</time>
      </trkpt>
      <trkpt lat="48.976820" lon="15.949404">
        <ele>437.326726</ele>
        <time>2026-05-01T12:15:10.686Z</time>
      </trkpt>
      <trkpt lat="48.976726" lon="15.949297">
        <ele>436.911219</ele>
        <time>2026-05-01T12:15:12.689Z</time>
      </trkpt>
      <trkpt lat="48.976619" lon="15.949216">
        <ele>436.488128</ele>
        <time>2026-05-01T12:15:15.698Z</time>
      </trkpt>
      <trkpt lat="48.976535" lon="15.949158">
        <ele>436.161555</ele>
        <time>2026-05-01T12:15:17.682Z</time>
      </trkpt>
      <trkpt lat="48.976449" lon="15.949099">
        <ele>435.827571</ele>
        <time>2026-05-01T12:15:19.685Z</time>
      </trkpt>
      <trkpt lat="48.976362" lon="15.949028">
        <ele>435.478082</ele>
        <time>2026-05-01T12:15:21.697Z</time>
      </trkpt>
      <trkpt lat="48.976269" lon="15.948972">
        <ele>435.123972</ele>
        <time>2026-05-01T12:15:23.686Z</time>
      </trkpt>
      <trkpt lat="48.976166" lon="15.948910">
        <ele>434.731805</ele>
        <time>2026-05-01T12:15:25.703Z</time>
      </trkpt>
      <trkpt lat="48.976067" lon="15.948828">
        <ele>434.332778</ele>
        <time>2026-05-01T12:15:27.691Z</time>
      </trkpt>
      <trkpt lat="48.975959" lon="15.948754">
        <ele>433.913444</ele>
        <time>2026-05-01T12:15:29.680Z</time>
      </trkpt>
      <trkpt lat="48.975864" lon="15.948698">
        <ele>433.552738</ele>
        <time>2026-05-01T12:15:31.697Z</time>
      </trkpt>
      <trkpt lat="48.975752" lon="15.948622">
        <ele>433.118576</ele>
        <time>2026-05-01T12:15:34.690Z</time>
      </trkpt>
      <trkpt lat="48.975641" lon="15.948565">
        <ele>432.927586</ele>
        <time>2026-05-01T12:15:37.848Z</time>
      </trkpt>
      <trkpt lat="48.975555" lon="15.948507">
        <ele>432.995976</ele>
        <time>2026-05-01T12:15:40.675Z</time>
      </trkpt>
      <trkpt lat="48.975460" lon="15.948460">
        <ele>433.068608</ele>
        <time>2026-05-01T12:15:43.673Z</time>
      </trkpt>
      <trkpt lat="48.975372" lon="15.948405">
        <ele>433.137775</ele>
        <time>2026-05-01T12:15:47.690Z</time>
      </trkpt>
      <trkpt lat="48.975276" lon="15.948326">
        <ele>433.217116</ele>
        <time>2026-05-01T12:15:52.663Z</time>
      </trkpt>
      <trkpt lat="48.975170" lon="15.948272">
        <ele>433.298391</ele>
        <time>2026-05-01T12:15:56.673Z</time>
      </trkpt>
      <trkpt lat="48.975065" lon="15.948187">
        <ele>433.384854</ele>
        <time>2026-05-01T12:16:00.702Z</time>
      </trkpt>
      <trkpt lat="48.974911" lon="15.948109">
        <ele>433.502865</ele>
        <time>2026-05-01T12:16:03.675Z</time>
      </trkpt>
      <trkpt lat="48.974790" lon="15.948041">
        <ele>433.596648</ele>
        <time>2026-05-01T12:16:06.686Z</time>
      </trkpt>
      <trkpt lat="48.974703" lon="15.947985">
        <ele>433.665327</ele>
        <time>2026-05-01T12:16:08.696Z</time>
      </trkpt>
      <trkpt lat="48.974597" lon="15.947921">
        <ele>433.748240</ele>
        <time>2026-05-01T12:16:10.682Z</time>
      </trkpt>
      <trkpt lat="48.974483" lon="15.947855">
        <ele>433.836921</ele>
        <time>2026-05-01T12:16:12.692Z</time>
      </trkpt>
      <trkpt lat="48.974374" lon="15.947791">
        <ele>433.921866</ele>
        <time>2026-05-01T12:16:14.685Z</time>
      </trkpt>
      <trkpt lat="48.974252" lon="15.947728">
        <ele>434.015538</ele>
        <time>2026-05-01T12:16:16.666Z</time>
      </trkpt>
      <trkpt lat="48.974145" lon="15.947669">
        <ele>434.098285</ele>
        <time>2026-05-01T12:16:18.694Z</time>
      </trkpt>
      <trkpt lat="48.974035" lon="15.947607">
        <ele>434.183573</ele>
        <time>2026-05-01T12:16:20.698Z</time>
      </trkpt>
      <trkpt lat="48.973935" lon="15.947565">
        <ele>434.365634</ele>
        <time>2026-05-01T12:16:22.683Z</time>
      </trkpt>
      <trkpt lat="48.973822" lon="15.947511">
        <ele>434.600767</ele>
        <time>2026-05-01T12:16:25.679Z</time>
      </trkpt>
      <trkpt lat="48.973710" lon="15.947459">
        <ele>434.833233</ele>
        <time>2026-05-01T12:16:28.692Z</time>
      </trkpt>
      <trkpt lat="48.973584" lon="15.947410">
        <ele>435.091421</ele>
        <time>2026-05-01T12:16:31.683Z</time>
      </trkpt>
      <trkpt lat="48.973495" lon="15.947371">
        <ele>435.275289</ele>
        <time>2026-05-01T12:16:33.695Z</time>
      </trkpt>
      <trkpt lat="48.973379" lon="15.947318">
        <ele>435.515735</ele>
        <time>2026-05-01T12:16:36.686Z</time>
      </trkpt>
      <trkpt lat="48.973262" lon="15.947253">
        <ele>435.762996</ele>
        <time>2026-05-01T12:16:39.686Z</time>
      </trkpt>
      <trkpt lat="48.973145" lon="15.947205">
        <ele>436.003568</ele>
        <time>2026-05-01T12:16:42.682Z</time>
      </trkpt>
      <trkpt lat="48.973036" lon="15.947162">
        <ele>436.227119</ele>
        <time>2026-05-01T12:16:45.685Z</time>
      </trkpt>
      <trkpt lat="48.972933" lon="15.947119">
        <ele>436.439158</ele>
        <time>2026-05-01T12:16:49.687Z</time>
      </trkpt>
      <trkpt lat="48.972827" lon="15.947065">
        <ele>436.661070</ele>
        <time>2026-05-01T12:16:53.674Z</time>
      </trkpt>
      <trkpt lat="48.972720" lon="15.947010">
        <ele>436.885279</ele>
        <time>2026-05-01T12:16:57.681Z</time>
      </trkpt>
      <trkpt lat="48.972611" lon="15.946951">
        <ele>437.114947</ele>
        <time>2026-05-01T12:17:01.659Z</time>
      </trkpt>
      <trkpt lat="48.972509" lon="15.946906">
        <ele>437.325782</ele>
        <time>2026-05-01T12:17:05.678Z</time>
      </trkpt>
      <trkpt lat="48.972418" lon="15.946842">
        <ele>437.524782</ele>
        <time>2026-05-01T12:17:09.682Z</time>
      </trkpt>
      <trkpt lat="48.972325" lon="15.946802">
        <ele>437.716646</ele>
        <time>2026-05-01T12:17:14.689Z</time>
      </trkpt>
      <trkpt lat="48.972228" lon="15.946731">
        <ele>438.159630</ele>
        <time>2026-05-01T12:17:19.727Z</time>
      </trkpt>
      <trkpt lat="48.972145" lon="15.946675">
        <ele>438.595247</ele>
        <time>2026-05-01T12:17:23.699Z</time>
      </trkpt>
      <trkpt lat="48.972041" lon="15.946612">
        <ele>439.132332</ele>
        <time>2026-05-01T12:17:27.699Z</time>
      </trkpt>
      <trkpt lat="48.971952" lon="15.946570">
        <ele>439.579449</ele>
        <time>2026-05-01T12:17:31.687Z</time>
      </trkpt>
      <trkpt lat="48.971858" lon="15.946519">
        <ele>440.058291</ele>
        <time>2026-05-01T12:17:35.686Z</time>
      </trkpt>
      <trkpt lat="48.971768" lon="15.946461">
        <ele>440.527240</ele>
        <time>2026-05-01T12:17:39.689Z</time>
      </trkpt>
      <trkpt lat="48.971653" lon="15.946394">
        <ele>441.118084</ele>
        <time>2026-05-01T12:17:43.687Z</time>
      </trkpt>
      <trkpt lat="48.971551" lon="15.946341">
        <ele>441.635253</ele>
        <time>2026-05-01T12:17:47.682Z</time>
      </trkpt>
      <trkpt lat="48.971452" lon="15.946296">
        <ele>442.131033</ele>
        <time>2026-05-01T12:17:51.676Z</time>
      </trkpt>
      <trkpt lat="48.971355" lon="15.946251">
        <ele>442.617623</ele>
        <time>2026-05-01T12:17:56.690Z</time>
      </trkpt>
      <trkpt lat="48.971255" lon="15.946209">
        <ele>443.115408</ele>
        <time>2026-05-01T12:18:01.680Z</time>
      </trkpt>
      <trkpt lat="48.971152" lon="15.946173">
        <ele>443.622528</ele>
        <time>2026-05-01T12:18:05.687Z</time>
      </trkpt>
      <trkpt lat="48.971042" lon="15.946123">
        <ele>444.173395</ele>
        <time>2026-05-01T12:18:09.694Z</time>
      </trkpt>
      <trkpt lat="48.970946" lon="15.946091">
        <ele>444.644980</ele>
        <time>2026-05-01T12:18:13.677Z</time>
      </trkpt>
      <trkpt lat="48.970842" lon="15.946047">
        <ele>445.162946</ele>
        <time>2026-05-01T12:18:17.674Z</time>
      </trkpt>
      <trkpt lat="48.970750" lon="15.946012">
        <ele>445.617996</ele>
        <time>2026-05-01T12:18:21.677Z</time>
      </trkpt>
      <trkpt lat="48.970625" lon="15.945985">
        <ele>446.223847</ele>
        <time>2026-05-01T12:18:25.675Z</time>
      </trkpt>
      <trkpt lat="48.970526" lon="15.945967">
        <ele>446.604598</ele>
        <time>2026-05-01T12:18:30.675Z</time>
      </trkpt>
      <trkpt lat="48.970429" lon="15.945913">
        <ele>446.940111</ele>
        <time>2026-05-01T12:18:34.677Z</time>
      </trkpt>
      <trkpt lat="48.970338" lon="15.945875">
        <ele>447.246655</ele>
        <time>2026-05-01T12:18:38.686Z</time>
      </trkpt>
      <trkpt lat="48.970250" lon="15.945830">
        <ele>447.548223</ele>
        <time>2026-05-01T12:18:41.694Z</time>
      </trkpt>
      <trkpt lat="48.970163" lon="15.945789">
        <ele>447.844082</ele>
        <time>2026-05-01T12:18:44.670Z</time>
      </trkpt>
      <trkpt lat="48.970071" lon="15.945758">
        <ele>448.150192</ele>
        <time>2026-05-01T12:18:47.677Z</time>
      </trkpt>
      <trkpt lat="48.969982" lon="15.945721">
        <ele>448.449906</ele>
        <time>2026-05-01T12:18:50.672Z</time>
      </trkpt>
      <trkpt lat="48.969874" lon="15.945700">
        <ele>448.803619</ele>
        <time>2026-05-01T12:18:54.698Z</time>
      </trkpt>
      <trkpt lat="48.969779" lon="15.945691">
        <ele>449.112847</ele>
        <time>2026-05-01T12:18:58.681Z</time>
      </trkpt>
      <trkpt lat="48.969674" lon="15.945672">
        <ele>449.456365</ele>
        <time>2026-05-01T12:19:02.679Z</time>
      </trkpt>
      <trkpt lat="48.969560" lon="15.945656">
        <ele>449.828293</ele>
        <time>2026-05-01T12:19:07.681Z</time>
      </trkpt>
      <trkpt lat="48.969460" lon="15.945644">
        <ele>450.154175</ele>
        <time>2026-05-01T12:19:11.675Z</time>
      </trkpt>
      <trkpt lat="48.969350" lon="15.945618">
        <ele>450.515815</ele>
        <time>2026-05-01T12:19:15.677Z</time>
      </trkpt>
      <trkpt lat="48.969234" lon="15.945604">
        <ele>450.893852</ele>
        <time>2026-05-01T12:19:19.674Z</time>
      </trkpt>
      <trkpt lat="48.969126" lon="15.945596">
        <ele>451.245133</ele>
        <time>2026-05-01T12:19:23.677Z</time>
      </trkpt>
      <trkpt lat="48.969034" lon="15.945582">
        <ele>451.545507</ele>
        <time>2026-05-01T12:19:26.677Z</time>
      </trkpt>
      <trkpt lat="48.968934" lon="15.945560">
        <ele>451.873753</ele>
        <time>2026-05-01T12:19:29.678Z</time>
      </trkpt>
      <trkpt lat="48.968751" lon="15.945558">
        <ele>452.379771</ele>
        <time>2026-05-01T12:19:32.704Z</time>
      </trkpt>
      <trkpt lat="48.968634" lon="15.945576">
        <ele>452.611580</ele>
        <time>2026-05-01T12:19:35.697Z</time>
      </trkpt>
      <trkpt lat="48.968527" lon="15.945575">
        <ele>452.822507</ele>
        <time>2026-05-01T12:19:39.707Z</time>
      </trkpt>
      <trkpt lat="48.968433" lon="15.945568">
        <ele>453.008025</ele>
        <time>2026-05-01T12:19:44.685Z</time>
      </trkpt>
      <trkpt lat="48.968325" lon="15.945549">
        <ele>453.222334</ele>
        <time>2026-05-01T12:19:48.679Z</time>
      </trkpt>
      <trkpt lat="48.968216" lon="15.945538">
        <ele>453.437670</ele>
        <time>2026-05-01T12:19:52.690Z</time>
      </trkpt>
      <trkpt lat="48.968123" lon="15.945529">
        <ele>453.621365</ele>
        <time>2026-05-01T12:19:55.698Z</time>
      </trkpt>
      <trkpt lat="48.968001" lon="15.945519">
        <ele>453.862205</ele>
        <time>2026-05-01T12:19:58.690Z</time>
      </trkpt>
      <trkpt lat="48.967907" lon="15.945516">
        <ele>454.047542</ele>
        <time>2026-05-01T12:20:00.673Z</time>
      </trkpt>
      <trkpt lat="48.967785" lon="15.945518">
        <ele>454.288048</ele>
        <time>2026-05-01T12:20:03.697Z</time>
      </trkpt>
      <trkpt lat="48.967661" lon="15.945518">
        <ele>454.532482</ele>
        <time>2026-05-01T12:20:06.700Z</time>
      </trkpt>
      <trkpt lat="48.967545" lon="15.945523">
        <ele>454.761238</ele>
        <time>2026-05-01T12:20:09.692Z</time>
      </trkpt>
      <trkpt lat="48.967418" lon="15.945545">
        <ele>455.013199</ele>
        <time>2026-05-01T12:20:12.687Z</time>
      </trkpt>
      <trkpt lat="48.967319" lon="15.945578">
        <ele>455.212970</ele>
        <time>2026-05-01T12:20:14.693Z</time>
      </trkpt>
      <trkpt lat="48.967213" lon="15.945622">
        <ele>455.429541</ele>
        <time>2026-05-01T12:20:17.664Z</time>
      </trkpt>
      <trkpt lat="48.967116" lon="15.945668">
        <ele>455.629804</ele>
        <time>2026-05-01T12:20:20.706Z</time>
      </trkpt>
      <trkpt lat="48.966994" lon="15.945712">
        <ele>455.796315</ele>
        <time>2026-05-01T12:20:24.677Z</time>
      </trkpt>
      <trkpt lat="48.966882" lon="15.945759">
        <ele>455.815976</ele>
        <time>2026-05-01T12:20:27.695Z</time>
      </trkpt>
      <trkpt lat="48.966791" lon="15.945792">
        <ele>455.831806</ele>
        <time>2026-05-01T12:20:30.698Z</time>
      </trkpt>
      <trkpt lat="48.966688" lon="15.945829">
        <ele>455.849715</ele>
        <time>2026-05-01T12:20:33.686Z</time>
      </trkpt>
      <trkpt lat="48.966584" lon="15.945864">
        <ele>455.867740</ele>
        <time>2026-05-01T12:20:36.681Z</time>
      </trkpt>
      <trkpt lat="48.966486" lon="15.945900">
        <ele>455.884801</ele>
        <time>2026-05-01T12:20:39.694Z</time>
      </trkpt>
      <trkpt lat="48.966392" lon="15.945951">
        <ele>455.901688</ele>
        <time>2026-05-01T12:20:42.697Z</time>
      </trkpt>
      <trkpt lat="48.966276" lon="15.946040">
        <ele>455.923668</ele>
        <time>2026-05-01T12:20:45.684Z</time>
      </trkpt>
      <trkpt lat="48.966192" lon="15.946120">
        <ele>455.940434</ele>
        <time>2026-05-01T12:20:47.666Z</time>
      </trkpt>
      <trkpt lat="48.966080" lon="15.946219">
        <ele>455.962348</ele>
        <time>2026-05-01T12:20:50.686Z</time>
      </trkpt>
      <trkpt lat="48.965983" lon="15.946310">
        <ele>455.981628</ele>
        <time>2026-05-01T12:20:53.706Z</time>
      </trkpt>
      <trkpt lat="48.965881" lon="15.946413">
        <ele>456.002338</ele>
        <time>2026-05-01T12:20:56.687Z</time>
      </trkpt>
      <trkpt lat="48.965784" lon="15.946506">
        <ele>456.021735</ele>
        <time>2026-05-01T12:21:00.681Z</time>
      </trkpt>
      <trkpt lat="48.965695" lon="15.946590">
        <ele>456.039454</ele>
        <time>2026-05-01T12:21:03.687Z</time>
      </trkpt>
      <trkpt lat="48.965593" lon="15.946689">
        <ele>456.059922</ele>
        <time>2026-05-01T12:21:06.709Z</time>
      </trkpt>
      <trkpt lat="48.965506" lon="15.946778">
        <ele>456.077658</ele>
        <time>2026-05-01T12:21:09.723Z</time>
      </trkpt>
      <trkpt lat="48.965401" lon="15.946881">
        <ele>455.915954</ele>
        <time>2026-05-01T12:21:12.703Z</time>
      </trkpt>
      <trkpt lat="48.965302" lon="15.946987">
        <ele>455.274820</ele>
        <time>2026-05-01T12:21:15.707Z</time>
      </trkpt>
      <trkpt lat="48.965202" lon="15.947108">
        <ele>454.598186</ele>
        <time>2026-05-01T12:21:18.678Z</time>
      </trkpt>
      <trkpt lat="48.965121" lon="15.947202">
        <ele>454.058676</ele>
        <time>2026-05-01T12:21:20.709Z</time>
      </trkpt>
      <trkpt lat="48.965042" lon="15.947298">
        <ele>453.523246</ele>
        <time>2026-05-01T12:21:22.707Z</time>
      </trkpt>
      <trkpt lat="48.964951" lon="15.947404">
        <ele>452.916296</ele>
        <time>2026-05-01T12:21:24.706Z</time>
      </trkpt>
      <trkpt lat="48.964870" lon="15.947494">
        <ele>452.385102</ele>
        <time>2026-05-01T12:21:26.694Z</time>
      </trkpt>
      <trkpt lat="48.964781" lon="15.947606">
        <ele>451.773458</ele>
        <time>2026-05-01T12:21:28.675Z</time>
      </trkpt>
      <trkpt lat="48.964681" lon="15.947728">
        <ele>451.094651</ele>
        <time>2026-05-01T12:21:30.682Z</time>
      </trkpt>
      <trkpt lat="48.964580" lon="15.947852">
        <ele>450.407356</ele>
        <time>2026-05-01T12:21:32.695Z</time>
      </trkpt>
      <trkpt lat="48.964489" lon="15.947968">
        <ele>449.778667</ele>
        <time>2026-05-01T12:21:34.688Z</time>
      </trkpt>
      <trkpt lat="48.964413" lon="15.948058">
        <ele>449.268634</ele>
        <time>2026-05-01T12:21:36.687Z</time>
      </trkpt>
      <trkpt lat="48.964313" lon="15.948156">
        <ele>448.638635</ele>
        <time>2026-05-01T12:21:38.699Z</time>
      </trkpt>
      <trkpt lat="48.964214" lon="15.948232">
        <ele>448.051270</ele>
        <time>2026-05-01T12:21:40.677Z</time>
      </trkpt>
      <trkpt lat="48.964118" lon="15.948322">
        <ele>447.454030</ele>
        <time>2026-05-01T12:21:42.672Z</time>
      </trkpt>
      <trkpt lat="48.964014" lon="15.948434">
        <ele>446.779215</ele>
        <time>2026-05-01T12:21:44.691Z</time>
      </trkpt>
      <trkpt lat="48.963915" lon="15.948559">
        <ele>446.819325</ele>
        <time>2026-05-01T12:21:46.683Z</time>
      </trkpt>
      <trkpt lat="48.963832" lon="15.948664">
        <ele>447.133000</ele>
        <time>2026-05-01T12:21:48.683Z</time>
      </trkpt>
      <trkpt lat="48.963723" lon="15.948803">
        <ele>447.546289</ele>
        <time>2026-05-01T12:21:50.688Z</time>
      </trkpt>
      <trkpt lat="48.963611" lon="15.948958">
        <ele>447.986232</ele>
        <time>2026-05-01T12:21:52.714Z</time>
      </trkpt>
      <trkpt lat="48.963508" lon="15.949074">
        <ele>448.358644</ele>
        <time>2026-05-01T12:21:54.686Z</time>
      </trkpt>
      <trkpt lat="48.963407" lon="15.949164">
        <ele>448.698834</ele>
        <time>2026-05-01T12:21:56.696Z</time>
      </trkpt>
      <trkpt lat="48.963323" lon="15.949227">
        <ele>448.971042</ele>
        <time>2026-05-01T12:21:58.696Z</time>
      </trkpt>
      <trkpt lat="48.963220" lon="15.949256">
        <ele>449.275561</ele>
        <time>2026-05-01T12:22:01.656Z</time>
      </trkpt>
      <trkpt lat="48.963073" lon="15.949281">
        <ele>449.705581</ele>
        <time>2026-05-01T12:22:03.691Z</time>
      </trkpt>
      <trkpt lat="48.962983" lon="15.949298">
        <ele>449.969237</ele>
        <time>2026-05-01T12:22:04.679Z</time>
      </trkpt>
      <trkpt lat="48.962848" lon="15.949314">
        <ele>450.362901</ele>
        <time>2026-05-01T12:22:06.683Z</time>
      </trkpt>
      <trkpt lat="48.962752" lon="15.949307">
        <ele>450.642315</ele>
        <time>2026-05-01T12:22:08.709Z</time>
      </trkpt>
      <trkpt lat="48.962652" lon="15.949300">
        <ele>450.933346</ele>
        <time>2026-05-01T12:22:10.678Z</time>
      </trkpt>
      <trkpt lat="48.962560" lon="15.949301">
        <ele>451.200819</ele>
        <time>2026-05-01T12:22:12.683Z</time>
      </trkpt>
      <trkpt lat="48.962427" lon="15.949310">
        <ele>451.587863</ele>
        <time>2026-05-01T12:22:15.673Z</time>
      </trkpt>
      <trkpt lat="48.962333" lon="15.949309">
        <ele>451.742540</ele>
        <time>2026-05-01T12:22:17.676Z</time>
      </trkpt>
      <trkpt lat="48.962215" lon="15.949310">
        <ele>451.490194</ele>
        <time>2026-05-01T12:22:20.684Z</time>
      </trkpt>
      <trkpt lat="48.962085" lon="15.949307">
        <ele>451.212159</ele>
        <time>2026-05-01T12:22:23.691Z</time>
      </trkpt>
      <trkpt lat="48.961975" lon="15.949291">
        <ele>450.975856</ele>
        <time>2026-05-01T12:22:26.686Z</time>
      </trkpt>
      <trkpt lat="48.961881" lon="15.949279">
        <ele>450.774133</ele>
        <time>2026-05-01T12:22:28.693Z</time>
      </trkpt>
      <trkpt lat="48.961786" lon="15.949268">
        <ele>450.570391</ele>
        <time>2026-05-01T12:22:30.689Z</time>
      </trkpt>
      <trkpt lat="48.961666" lon="15.949276">
        <ele>450.313527</ele>
        <time>2026-05-01T12:22:32.683Z</time>
      </trkpt>
      <trkpt lat="48.961560" lon="15.949302">
        <ele>450.083927</ele>
        <time>2026-05-01T12:22:34.691Z</time>
      </trkpt>
      <trkpt lat="48.961407" lon="15.949358">
        <ele>449.747424</ele>
        <time>2026-05-01T12:22:36.702Z</time>
      </trkpt>
      <trkpt lat="48.961262" lon="15.949415">
        <ele>449.427182</ele>
        <time>2026-05-01T12:22:38.707Z</time>
      </trkpt>
      <trkpt lat="48.961127" lon="15.949493">
        <ele>449.118412</ele>
        <time>2026-05-01T12:22:40.674Z</time>
      </trkpt>
      <trkpt lat="48.960984" lon="15.949599">
        <ele>448.778314</ele>
        <time>2026-05-01T12:22:42.679Z</time>
      </trkpt>
      <trkpt lat="48.960825" lon="15.949697">
        <ele>448.411508</ele>
        <time>2026-05-01T12:22:44.697Z</time>
      </trkpt>
      <trkpt lat="48.960729" lon="15.949764">
        <ele>448.185686</ele>
        <time>2026-05-01T12:22:45.681Z</time>
      </trkpt>
      <trkpt lat="48.960624" lon="15.949824">
        <ele>447.945092</ele>
        <time>2026-05-01T12:22:46.682Z</time>
      </trkpt>
      <trkpt lat="48.960486" lon="15.949824">
        <ele>447.255995</ele>
        <time>2026-05-01T12:22:48.702Z</time>
      </trkpt>
      <trkpt lat="48.960365" lon="15.949872">
        <ele>446.631627</ele>
        <time>2026-05-01T12:22:50.688Z</time>
      </trkpt>
      <trkpt lat="48.960276" lon="15.949947">
        <ele>446.123718</ele>
        <time>2026-05-01T12:22:51.693Z</time>
      </trkpt>
      <trkpt lat="48.960198" lon="15.950033">
        <ele>445.642880</ele>
        <time>2026-05-01T12:22:52.689Z</time>
      </trkpt>
      <trkpt lat="48.960114" lon="15.950221">
        <ele>444.897317</ele>
        <time>2026-05-01T12:22:54.680Z</time>
      </trkpt>
      <trkpt lat="48.960053" lon="15.950328">
        <ele>444.432718</ele>
        <time>2026-05-01T12:22:55.730Z</time>
      </trkpt>
      <trkpt lat="48.959974" lon="15.950444">
        <ele>443.884757</ele>
        <time>2026-05-01T12:22:56.665Z</time>
      </trkpt>
      <trkpt lat="48.959858" lon="15.950500">
        <ele>443.277113</ele>
        <time>2026-05-01T12:22:59.670Z</time>
      </trkpt>
      <trkpt lat="48.959708" lon="15.950573">
        <ele>442.490784</ele>
        <time>2026-05-01T12:23:02.664Z</time>
      </trkpt>
      <trkpt lat="48.959579" lon="15.950753">
        <ele>441.617157</ele>
        <time>2026-05-01T12:23:04.674Z</time>
      </trkpt>
      <trkpt lat="48.959379" lon="15.950567">
        <ele>440.446994</ele>
        <time>2026-05-01T12:23:17.675Z</time>
      </trkpt>
      <trkpt lat="48.959495" lon="15.950611">
        <ele>439.850058</ele>
        <time>2026-05-01T12:23:19.661Z</time>
      </trkpt>
      <trkpt lat="48.959406" lon="15.950745">
        <ele>439.225135</ele>
        <time>2026-05-01T12:23:20.695Z</time>
      </trkpt>
      <trkpt lat="48.959285" lon="15.950870">
        <ele>438.647087</ele>
        <time>2026-05-01T12:23:28.679Z</time>
      </trkpt>
      <trkpt lat="48.959174" lon="15.950976">
        <ele>438.204530</ele>
        <time>2026-05-01T12:23:30.686Z</time>
      </trkpt>
      <trkpt lat="48.959093" lon="15.951060">
        <ele>437.873514</ele>
        <time>2026-05-01T12:23:37.688Z</time>
      </trkpt>
      <trkpt lat="48.959180" lon="15.951017">
        <ele>437.564549</ele>
        <time>2026-05-01T12:23:46.685Z</time>
      </trkpt>
      <trkpt lat="48.959110" lon="15.951133">
        <ele>437.215118</ele>
        <time>2026-05-01T12:23:49.697Z</time>
      </trkpt>
      <trkpt lat="48.958975" lon="15.951222">
        <ele>436.718212</ele>
        <time>2026-05-01T12:24:24.706Z</time>
      </trkpt>
      <trkpt lat="48.958875" lon="15.951310">
        <ele>436.328089</ele>
        <time>2026-05-01T12:24:28.688Z</time>
      </trkpt>
      <trkpt lat="48.958777" lon="15.951397">
        <ele>435.944922</ele>
        <time>2026-05-01T12:24:32.688Z</time>
      </trkpt>
      <trkpt lat="48.958677" lon="15.951459">
        <ele>435.580214</ele>
        <time>2026-05-01T12:24:36.677Z</time>
      </trkpt>
      <trkpt lat="48.958591" lon="15.951509">
        <ele>435.269268</ele>
        <time>2026-05-01T12:24:39.688Z</time>
      </trkpt>
      <trkpt lat="48.958464" lon="15.951567">
        <ele>434.821402</ele>
        <time>2026-05-01T12:24:42.688Z</time>
      </trkpt>
      <trkpt lat="48.958347" lon="15.951567">
        <ele>434.426188</ele>
        <time>2026-05-01T12:24:46.667Z</time>
      </trkpt>
      <trkpt lat="48.958244" lon="15.951559">
        <ele>434.077813</ele>
        <time>2026-05-01T12:24:49.677Z</time>
      </trkpt>
      <trkpt lat="48.958151" lon="15.951576">
        <ele>433.761414</ele>
        <time>2026-05-01T12:24:51.673Z</time>
      </trkpt>
      <trkpt lat="48.957991" lon="15.951691">
        <ele>433.163785</ele>
        <time>2026-05-01T12:24:53.674Z</time>
      </trkpt>
      <trkpt lat="48.957873" lon="15.951805">
        <ele>432.721971</ele>
        <time>2026-05-01T12:24:55.671Z</time>
      </trkpt>
      <trkpt lat="48.957748" lon="15.951863">
        <ele>432.348059</ele>
        <time>2026-05-01T12:24:57.684Z</time>
      </trkpt>
      <trkpt lat="48.957619" lon="15.951905">
        <ele>431.970593</ele>
        <time>2026-05-01T12:24:59.675Z</time>
      </trkpt>
      <trkpt lat="48.957502" lon="15.951936">
        <ele>431.630776</ele>
        <time>2026-05-01T12:25:01.672Z</time>
      </trkpt>
      <trkpt lat="48.957391" lon="15.951967">
        <ele>431.307860</ele>
        <time>2026-05-01T12:25:03.663Z</time>
      </trkpt>
      <trkpt lat="48.957281" lon="15.952015">
        <ele>430.980437</ele>
        <time>2026-05-01T12:25:05.706Z</time>
      </trkpt>
      <trkpt lat="48.957164" lon="15.952067">
        <ele>430.631684</ele>
        <time>2026-05-01T12:25:07.671Z</time>
      </trkpt>
      <trkpt lat="48.957048" lon="15.952114">
        <ele>430.288211</ele>
        <time>2026-05-01T12:25:09.680Z</time>
      </trkpt>
      <trkpt lat="48.956943" lon="15.952157">
        <ele>429.977087</ele>
        <time>2026-05-01T12:25:11.684Z</time>
      </trkpt>
      <trkpt lat="48.956846" lon="15.952189">
        <ele>429.693090</ele>
        <time>2026-05-01T12:25:13.679Z</time>
      </trkpt>
      <trkpt lat="48.956751" lon="15.952216">
        <ele>429.416561</ele>
        <time>2026-05-01T12:25:15.658Z</time>
      </trkpt>
      <trkpt lat="48.956652" lon="15.952246">
        <ele>429.127725</ele>
        <time>2026-05-01T12:25:17.669Z</time>
      </trkpt>
      <trkpt lat="48.956555" lon="15.952276">
        <ele>428.844500</ele>
        <time>2026-05-01T12:25:19.677Z</time>
      </trkpt>
      <trkpt lat="48.956455" lon="15.952306">
        <ele>428.552857</ele>
        <time>2026-05-01T12:25:21.679Z</time>
      </trkpt>
      <trkpt lat="48.956356" lon="15.952335">
        <ele>428.264382</ele>
        <time>2026-05-01T12:25:23.687Z</time>
      </trkpt>
      <trkpt lat="48.956258" lon="15.952369">
        <ele>427.976777</ele>
        <time>2026-05-01T12:25:25.687Z</time>
      </trkpt>
      <trkpt lat="48.956166" lon="15.952407">
        <ele>427.707458</ele>
        <time>2026-05-01T12:25:27.683Z</time>
      </trkpt>
      <trkpt lat="48.956078" lon="15.952450">
        <ele>427.466578</ele>
        <time>2026-05-01T12:25:29.701Z</time>
      </trkpt>
      <trkpt lat="48.955960" lon="15.952565">
        <ele>427.101440</ele>
        <time>2026-05-01T12:25:32.678Z</time>
      </trkpt>
      <trkpt lat="48.955878" lon="15.952667">
        <ele>426.825483</ele>
        <time>2026-05-01T12:25:34.671Z</time>
      </trkpt>
      <trkpt lat="48.955804" lon="15.952781">
        <ele>426.551136</ele>
        <time>2026-05-01T12:25:36.689Z</time>
      </trkpt>
      <trkpt lat="48.955730" lon="15.952902">
        <ele>426.268143</ele>
        <time>2026-05-01T12:25:38.691Z</time>
      </trkpt>
      <trkpt lat="48.955652" lon="15.953020">
        <ele>425.981586</ele>
        <time>2026-05-01T12:25:40.683Z</time>
      </trkpt>
      <trkpt lat="48.955569" lon="15.953134">
        <ele>425.690269</ele>
        <time>2026-05-01T12:25:42.682Z</time>
      </trkpt>
      <trkpt lat="48.955477" lon="15.953243">
        <ele>425.386461</ele>
        <time>2026-05-01T12:25:44.690Z</time>
      </trkpt>
      <trkpt lat="48.955375" lon="15.953351">
        <ele>425.062668</ele>
        <time>2026-05-01T12:25:46.705Z</time>
      </trkpt>
      <trkpt lat="48.955271" lon="15.953454">
        <ele>424.739324</ele>
        <time>2026-05-01T12:25:48.687Z</time>
      </trkpt>
      <trkpt lat="48.955158" lon="15.953565">
        <ele>424.388848</ele>
        <time>2026-05-01T12:25:50.701Z</time>
      </trkpt>
      <trkpt lat="48.955044" lon="15.953671">
        <ele>424.040714</ele>
        <time>2026-05-01T12:25:52.684Z</time>
      </trkpt>
      <trkpt lat="48.954920" lon="15.953773">
        <ele>423.673388</ele>
        <time>2026-05-01T12:25:54.677Z</time>
      </trkpt>
      <trkpt lat="48.954831" lon="15.953814">
        <ele>423.431038</ele>
        <time>2026-05-01T12:25:56.674Z</time>
      </trkpt>
      <trkpt lat="48.954681" lon="15.953830">
        <ele>423.055417</ele>
        <time>2026-05-01T12:25:58.660Z</time>
      </trkpt>
      <trkpt lat="48.954538" lon="15.953787">
        <ele>423.073196</ele>
        <time>2026-05-01T12:26:00.683Z</time>
      </trkpt>
      <trkpt lat="48.954401" lon="15.953744">
        <ele>423.090257</ele>
        <time>2026-05-01T12:26:02.673Z</time>
      </trkpt>
      <trkpt lat="48.954269" lon="15.953712">
        <ele>423.106560</ele>
        <time>2026-05-01T12:26:04.696Z</time>
      </trkpt>
      <trkpt lat="48.954164" lon="15.953694">
        <ele>423.119448</ele>
        <time>2026-05-01T12:26:06.664Z</time>
      </trkpt>
      <trkpt lat="48.954034" lon="15.953668">
        <ele>423.135440</ele>
        <time>2026-05-01T12:26:09.677Z</time>
      </trkpt>
      <trkpt lat="48.953928" lon="15.953649">
        <ele>423.148458</ele>
        <time>2026-05-01T12:26:12.697Z</time>
      </trkpt>
      <trkpt lat="48.953820" lon="15.953638">
        <ele>423.161661</ele>
        <time>2026-05-01T12:26:15.665Z</time>
      </trkpt>
      <trkpt lat="48.953699" lon="15.953668">
        <ele>423.176614</ele>
        <time>2026-05-01T12:26:18.657Z</time>
      </trkpt>
      <trkpt lat="48.953584" lon="15.953721">
        <ele>423.191269</ele>
        <time>2026-05-01T12:26:21.659Z</time>
      </trkpt>
      <trkpt lat="48.953489" lon="15.953779">
        <ele>423.203752</ele>
        <time>2026-05-01T12:26:24.660Z</time>
      </trkpt>
      <trkpt lat="48.953393" lon="15.953842">
        <ele>423.216503</ele>
        <time>2026-05-01T12:26:27.679Z</time>
      </trkpt>
      <trkpt lat="48.953303" lon="15.953895">
        <ele>423.228272</ele>
        <time>2026-05-01T12:26:30.686Z</time>
      </trkpt>
      <trkpt lat="48.953197" lon="15.953957">
        <ele>423.242122</ele>
        <time>2026-05-01T12:26:34.702Z</time>
      </trkpt>
      <trkpt lat="48.953101" lon="15.954003">
        <ele>423.254397</ele>
        <time>2026-05-01T12:26:38.674Z</time>
      </trkpt>
      <trkpt lat="48.952996" lon="15.954081">
        <ele>423.268647</ele>
        <time>2026-05-01T12:26:43.670Z</time>
      </trkpt>
      <trkpt lat="48.952915" lon="15.954155">
        <ele>423.339730</ele>
        <time>2026-05-01T12:26:47.664Z</time>
      </trkpt>
      <trkpt lat="48.952832" lon="15.954240">
        <ele>423.471117</ele>
        <time>2026-05-01T12:26:51.661Z</time>
      </trkpt>
      <trkpt lat="48.952743" lon="15.954336">
        <ele>423.614382</ele>
        <time>2026-05-01T12:26:55.683Z</time>
      </trkpt>
      <trkpt lat="48.952666" lon="15.954430">
        <ele>423.744016</ele>
        <time>2026-05-01T12:26:58.660Z</time>
      </trkpt>
      <trkpt lat="48.952587" lon="15.954525">
        <ele>423.876243</ele>
        <time>2026-05-01T12:27:01.678Z</time>
      </trkpt>
      <trkpt lat="48.952490" lon="15.954636">
        <ele>424.035626</ele>
        <time>2026-05-01T12:27:04.691Z</time>
      </trkpt>
      <trkpt lat="48.952397" lon="15.954731">
        <ele>424.182728</ele>
        <time>2026-05-01T12:27:07.668Z</time>
      </trkpt>
      <trkpt lat="48.952307" lon="15.954834">
        <ele>424.330614</ele>
        <time>2026-05-01T12:27:10.685Z</time>
      </trkpt>
      <trkpt lat="48.952217" lon="15.954950">
        <ele>424.485497</ele>
        <time>2026-05-01T12:27:13.675Z</time>
      </trkpt>
      <trkpt lat="48.952140" lon="15.955050">
        <ele>424.618430</ele>
        <time>2026-05-01T12:27:16.682Z</time>
      </trkpt>
      <trkpt lat="48.952057" lon="15.955157">
        <ele>424.761279</ele>
        <time>2026-05-01T12:27:19.678Z</time>
      </trkpt>
      <trkpt lat="48.951974" lon="15.955265">
        <ele>424.904688</ele>
        <time>2026-05-01T12:27:22.709Z</time>
      </trkpt>
      <trkpt lat="48.951887" lon="15.955383">
        <ele>425.057727</ele>
        <time>2026-05-01T12:27:25.694Z</time>
      </trkpt>
      <trkpt lat="48.951803" lon="15.955499">
        <ele>425.206682</ele>
        <time>2026-05-01T12:27:28.707Z</time>
      </trkpt>
      <trkpt lat="48.951727" lon="15.955605">
        <ele>425.342059</ele>
        <time>2026-05-01T12:27:31.687Z</time>
      </trkpt>
      <trkpt lat="48.951655" lon="15.955697">
        <ele>425.465521</ele>
        <time>2026-05-01T12:27:34.695Z</time>
      </trkpt>
      <trkpt lat="48.951572" lon="15.955796">
        <ele>425.604012</ele>
        <time>2026-05-01T12:27:38.684Z</time>
      </trkpt>
      <trkpt lat="48.951490" lon="15.955885">
        <ele>425.874568</ele>
        <time>2026-05-01T12:27:42.677Z</time>
      </trkpt>
      <trkpt lat="48.951410" lon="15.955972">
        <ele>426.183044</ele>
        <time>2026-05-01T12:27:46.691Z</time>
      </trkpt>
      <trkpt lat="48.951324" lon="15.956052">
        <ele>426.499272</ele>
        <time>2026-05-01T12:27:51.702Z</time>
      </trkpt>
      <trkpt lat="48.951242" lon="15.956128">
        <ele>426.800493</ele>
        <time>2026-05-01T12:27:57.689Z</time>
      </trkpt>
      <trkpt lat="48.951146" lon="15.956202">
        <ele>427.138129</ele>
        <time>2026-05-01T12:28:03.683Z</time>
      </trkpt>
      <trkpt lat="48.951051" lon="15.956275">
        <ele>427.472034</ele>
        <time>2026-05-01T12:28:09.718Z</time>
      </trkpt>
      <trkpt lat="48.950968" lon="15.956356">
        <ele>427.781376</ele>
        <time>2026-05-01T12:28:15.707Z</time>
      </trkpt>
      <trkpt lat="48.950895" lon="15.956452">
        <ele>428.084041</ele>
        <time>2026-05-01T12:28:20.698Z</time>
      </trkpt>
      <trkpt lat="48.950822" lon="15.956570">
        <ele>428.418105</ele>
        <time>2026-05-01T12:28:25.688Z</time>
      </trkpt>
      <trkpt lat="48.950757" lon="15.956687">
        <ele>428.733906</ele>
        <time>2026-05-01T12:28:28.683Z</time>
      </trkpt>
      <trkpt lat="48.950703" lon="15.956804">
        <ele>429.028594</ele>
        <time>2026-05-01T12:28:31.674Z</time>
      </trkpt>
      <trkpt lat="48.950648" lon="15.956919">
        <ele>429.321757</ele>
        <time>2026-05-01T12:28:34.670Z</time>
      </trkpt>
      <trkpt lat="48.950582" lon="15.957025">
        <ele>429.622762</ele>
        <time>2026-05-01T12:28:37.675Z</time>
      </trkpt>
      <trkpt lat="48.950503" lon="15.957140">
        <ele>429.965706</ele>
        <time>2026-05-01T12:28:40.701Z</time>
      </trkpt>
      <trkpt lat="48.950396" lon="15.957268">
        <ele>430.392679</ele>
        <time>2026-05-01T12:28:43.676Z</time>
      </trkpt>
      <trkpt lat="48.950297" lon="15.957362">
        <ele>430.758776</ele>
        <time>2026-05-01T12:28:45.690Z</time>
      </trkpt>
      <trkpt lat="48.950175" lon="15.957467">
        <ele>431.198516</ele>
        <time>2026-05-01T12:28:47.687Z</time>
      </trkpt>
      <trkpt lat="48.950052" lon="15.957569">
        <ele>430.960425</ele>
        <time>2026-05-01T12:28:49.689Z</time>
      </trkpt>
      <trkpt lat="48.949927" lon="15.957677">
        <ele>430.556224</ele>
        <time>2026-05-01T12:28:51.675Z</time>
      </trkpt>
      <trkpt lat="48.949794" lon="15.957798">
        <ele>430.120494</ele>
        <time>2026-05-01T12:28:53.688Z</time>
      </trkpt>
      <trkpt lat="48.949655" lon="15.957927">
        <ele>429.662682</ele>
        <time>2026-05-01T12:28:55.683Z</time>
      </trkpt>
      <trkpt lat="48.949521" lon="15.958065">
        <ele>429.207718</ele>
        <time>2026-05-01T12:28:57.685Z</time>
      </trkpt>
      <trkpt lat="48.949396" lon="15.958194">
        <ele>428.783032</ele>
        <time>2026-05-01T12:28:59.676Z</time>
      </trkpt>
      <trkpt lat="48.949275" lon="15.958299">
        <ele>428.391347</ele>
        <time>2026-05-01T12:29:01.701Z</time>
      </trkpt>
      <trkpt lat="48.949164" lon="15.958376">
        <ele>428.048299</ele>
        <time>2026-05-01T12:29:03.676Z</time>
      </trkpt>
      <trkpt lat="48.949058" lon="15.958428">
        <ele>427.735093</ele>
        <time>2026-05-01T12:29:05.679Z</time>
      </trkpt>
      <trkpt lat="48.948948" lon="15.958475">
        <ele>427.413778</ele>
        <time>2026-05-01T12:29:07.678Z</time>
      </trkpt>
      <trkpt lat="48.948858" lon="15.958514">
        <ele>427.150609</ele>
        <time>2026-05-01T12:29:09.675Z</time>
      </trkpt>
      <trkpt lat="48.948744" lon="15.958566">
        <ele>426.815916</ele>
        <time>2026-05-01T12:29:12.676Z</time>
      </trkpt>
      <trkpt lat="48.948639" lon="15.958616">
        <ele>426.506508</ele>
        <time>2026-05-01T12:29:15.694Z</time>
      </trkpt>
      <trkpt lat="48.948536" lon="15.958670">
        <ele>426.232125</ele>
        <time>2026-05-01T12:29:18.679Z</time>
      </trkpt>
      <trkpt lat="48.948413" lon="15.958741">
        <ele>426.400155</ele>
        <time>2026-05-01T12:29:21.703Z</time>
      </trkpt>
      <trkpt lat="48.948284" lon="15.958807">
        <ele>426.573992</ele>
        <time>2026-05-01T12:29:24.700Z</time>
      </trkpt>
      <trkpt lat="48.948167" lon="15.958867">
        <ele>426.731695</ele>
        <time>2026-05-01T12:29:27.696Z</time>
      </trkpt>
      <trkpt lat="48.948062" lon="15.958916">
        <ele>426.871979</ele>
        <time>2026-05-01T12:29:30.691Z</time>
      </trkpt>
      <trkpt lat="48.947967" lon="15.958968">
        <ele>427.000934</ele>
        <time>2026-05-01T12:29:33.676Z</time>
      </trkpt>
      <trkpt lat="48.947858" lon="15.959026">
        <ele>427.148427</ele>
        <time>2026-05-01T12:29:37.718Z</time>
      </trkpt>
      <trkpt lat="48.947752" lon="15.959082">
        <ele>427.291749</ele>
        <time>2026-05-01T12:29:41.691Z</time>
      </trkpt>
      <trkpt lat="48.947656" lon="15.959131">
        <ele>427.421085</ele>
        <time>2026-05-01T12:29:44.675Z</time>
      </trkpt>
      <trkpt lat="48.947557" lon="15.959174">
        <ele>427.552591</ele>
        <time>2026-05-01T12:29:47.694Z</time>
      </trkpt>
      <trkpt lat="48.947464" lon="15.959217">
        <ele>427.676745</ele>
        <time>2026-05-01T12:29:50.686Z</time>
      </trkpt>
      <trkpt lat="48.947354" lon="15.959260">
        <ele>427.821815</ele>
        <time>2026-05-01T12:29:53.702Z</time>
      </trkpt>
      <trkpt lat="48.947236" lon="15.959309">
        <ele>427.978052</ele>
        <time>2026-05-01T12:29:56.686Z</time>
      </trkpt>
      <trkpt lat="48.947120" lon="15.959359">
        <ele>428.132052</ele>
        <time>2026-05-01T12:29:59.692Z</time>
      </trkpt>
      <trkpt lat="48.947005" lon="15.959399">
        <ele>428.282736</ele>
        <time>2026-05-01T12:30:02.684Z</time>
      </trkpt>
      <trkpt lat="48.946882" lon="15.959437">
        <ele>428.443057</ele>
        <time>2026-05-01T12:30:05.706Z</time>
      </trkpt>
      <trkpt lat="48.946793" lon="15.959466">
        <ele>428.570761</ele>
        <time>2026-05-01T12:30:07.686Z</time>
      </trkpt>
      <trkpt lat="48.946702" lon="15.959499">
        <ele>428.724770</ele>
        <time>2026-05-01T12:30:09.717Z</time>
      </trkpt>
      <trkpt lat="48.946573" lon="15.959539">
        <ele>428.941510</ele>
        <time>2026-05-01T12:30:12.685Z</time>
      </trkpt>
      <trkpt lat="48.946474" lon="15.959567">
        <ele>429.107288</ele>
        <time>2026-05-01T12:30:15.677Z</time>
      </trkpt>
      <trkpt lat="48.946286" lon="15.959613">
        <ele>429.420775</ele>
        <time>2026-05-01T12:32:21.667Z</time>
      </trkpt>
      <trkpt lat="48.946185" lon="15.959614">
        <ele>429.587061</ele>
        <time>2026-05-01T12:32:25.679Z</time>
      </trkpt>
      <trkpt lat="48.946081" lon="15.959625">
        <ele>429.758696</ele>
        <time>2026-05-01T12:32:28.665Z</time>
      </trkpt>
      <trkpt lat="48.945958" lon="15.959651">
        <ele>429.963140</ele>
        <time>2026-05-01T12:32:32.684Z</time>
      </trkpt>
      <trkpt lat="48.945837" lon="15.959656">
        <ele>430.162424</ele>
        <time>2026-05-01T12:32:35.677Z</time>
      </trkpt>
      <trkpt lat="48.945719" lon="15.959665">
        <ele>430.356938</ele>
        <time>2026-05-01T12:32:38.687Z</time>
      </trkpt>
      <trkpt lat="48.945617" lon="15.959693">
        <ele>430.527574</ele>
        <time>2026-05-01T12:32:41.699Z</time>
      </trkpt>
      <trkpt lat="48.945493" lon="15.959736">
        <ele>430.736951</ele>
        <time>2026-05-01T12:32:45.674Z</time>
      </trkpt>
      <trkpt lat="48.945405" lon="15.959778">
        <ele>430.888782</ele>
        <time>2026-05-01T12:32:48.681Z</time>
      </trkpt>
      <trkpt lat="48.945296" lon="15.959823">
        <ele>431.074715</ele>
        <time>2026-05-01T12:32:51.696Z</time>
      </trkpt>
      <trkpt lat="48.945201" lon="15.959873">
        <ele>431.240201</ele>
        <time>2026-05-01T12:32:54.659Z</time>
      </trkpt>
      <trkpt lat="48.945120" lon="15.959940">
        <ele>431.391964</ele>
        <time>2026-05-01T12:32:58.672Z</time>
      </trkpt>
      <trkpt lat="48.945028" lon="15.960028">
        <ele>431.669299</ele>
        <time>2026-05-01T12:33:02.673Z</time>
      </trkpt>
      <trkpt lat="48.944930" lon="15.960123">
        <ele>432.070016</ele>
        <time>2026-05-01T12:33:06.682Z</time>
      </trkpt>
      <trkpt lat="48.944852" lon="15.960239">
        <ele>432.446096</ele>
        <time>2026-05-01T12:33:11.673Z</time>
      </trkpt>
      <trkpt lat="48.944788" lon="15.960338">
        <ele>432.760783</ele>
        <time>2026-05-01T12:33:15.681Z</time>
      </trkpt>
      <trkpt lat="48.944715" lon="15.960446">
        <ele>433.111864</ele>
        <time>2026-05-01T12:33:18.667Z</time>
      </trkpt>
      <trkpt lat="48.944653" lon="15.960564">
        <ele>433.454194</ele>
        <time>2026-05-01T12:33:21.680Z</time>
      </trkpt>
      <trkpt lat="48.944609" lon="15.960716">
        <ele>433.830494</ele>
        <time>2026-05-01T12:33:25.739Z</time>
      </trkpt>
      <trkpt lat="48.944548" lon="15.960859">
        <ele>434.216775</ele>
        <time>2026-05-01T12:33:29.675Z</time>
      </trkpt>
      <trkpt lat="48.944491" lon="15.961007">
        <ele>434.605445</ele>
        <time>2026-05-01T12:33:33.690Z</time>
      </trkpt>
      <trkpt lat="48.944445" lon="15.961142">
        <ele>434.949981</ele>
        <time>2026-05-01T12:33:37.748Z</time>
      </trkpt>
      <trkpt lat="48.944398" lon="15.961287">
        <ele>435.316289</ele>
        <time>2026-05-01T12:33:41.707Z</time>
      </trkpt>
      <trkpt lat="48.944356" lon="15.961436">
        <ele>435.683607</ele>
        <time>2026-05-01T12:33:45.688Z</time>
      </trkpt>
      <trkpt lat="48.944315" lon="15.961570">
        <ele>436.018495</ele>
        <time>2026-05-01T12:33:49.695Z</time>
      </trkpt>
      <trkpt lat="48.944266" lon="15.961744">
        <ele>436.447381</ele>
        <time>2026-05-01T12:33:53.681Z</time>
      </trkpt>
      <trkpt lat="48.944228" lon="15.961894">
        <ele>436.811593</ele>
        <time>2026-05-01T12:33:56.744Z</time>
      </trkpt>
      <trkpt lat="48.944176" lon="15.962062">
        <ele>437.232327</ele>
        <time>2026-05-01T12:33:59.657Z</time>
      </trkpt>
      <trkpt lat="48.944093" lon="15.962222">
        <ele>437.687063</ele>
        <time>2026-05-01T12:34:02.692Z</time>
      </trkpt>
      <trkpt lat="48.944016" lon="15.962368">
        <ele>437.789223</ele>
        <time>2026-05-01T12:34:05.682Z</time>
      </trkpt>
      <trkpt lat="48.943927" lon="15.962524">
        <ele>437.901963</ele>
        <time>2026-05-01T12:34:08.678Z</time>
      </trkpt>
      <trkpt lat="48.943859" lon="15.962641">
        <ele>437.987202</ele>
        <time>2026-05-01T12:34:10.657Z</time>
      </trkpt>
      <trkpt lat="48.943775" lon="15.962764">
        <ele>438.084015</ele>
        <time>2026-05-01T12:34:13.680Z</time>
      </trkpt>
      <trkpt lat="48.943682" lon="15.962885">
        <ele>438.185635</ele>
        <time>2026-05-01T12:34:16.699Z</time>
      </trkpt>
      <trkpt lat="48.943580" lon="15.963026">
        <ele>438.300080</ele>
        <time>2026-05-01T12:34:19.676Z</time>
      </trkpt>
      <trkpt lat="48.943464" lon="15.963150">
        <ele>438.417819</ele>
        <time>2026-05-01T12:34:22.674Z</time>
      </trkpt>
      <trkpt lat="48.943362" lon="15.963267">
        <ele>438.523906</ele>
        <time>2026-05-01T12:34:24.673Z</time>
      </trkpt>
      <trkpt lat="48.943266" lon="15.963409">
        <ele>438.635091</ele>
        <time>2026-05-01T12:34:26.662Z</time>
      </trkpt>
      <trkpt lat="48.943193" lon="15.963516">
        <ele>438.719267</ele>
        <time>2026-05-01T12:34:30.679Z</time>
      </trkpt>
      <trkpt lat="48.943114" lon="15.963623">
        <ele>438.807102</ele>
        <time>2026-05-01T12:34:33.701Z</time>
      </trkpt>
      <trkpt lat="48.943027" lon="15.963732">
        <ele>438.900696</ele>
        <time>2026-05-01T12:34:36.726Z</time>
      </trkpt>
      <trkpt lat="48.942935" lon="15.963863">
        <ele>439.005335</ele>
        <time>2026-05-01T12:34:39.701Z</time>
      </trkpt>
      <trkpt lat="48.942848" lon="15.964005">
        <ele>439.111287</ele>
        <time>2026-05-01T12:34:41.685Z</time>
      </trkpt>
      <trkpt lat="48.942776" lon="15.964129">
        <ele>439.016776</ele>
        <time>2026-05-01T12:34:43.703Z</time>
      </trkpt>
      <trkpt lat="48.942696" lon="15.964277">
        <ele>438.268634</ele>
        <time>2026-05-01T12:34:45.707Z</time>
      </trkpt>
      <trkpt lat="48.942629" lon="15.964385">
        <ele>437.688784</ele>
        <time>2026-05-01T12:34:47.699Z</time>
      </trkpt>
      <trkpt lat="48.942535" lon="15.964480">
        <ele>437.018311</ele>
        <time>2026-05-01T12:34:50.686Z</time>
      </trkpt>
      <trkpt lat="48.942448" lon="15.964543">
        <ele>436.445804</ele>
        <time>2026-05-01T12:34:52.712Z</time>
      </trkpt>
      <trkpt lat="48.942339" lon="15.964616">
        <ele>435.738161</ele>
        <time>2026-05-01T12:34:55.694Z</time>
      </trkpt>
      <trkpt lat="48.942241" lon="15.964671">
        <ele>435.117478</ele>
        <time>2026-05-01T12:34:58.703Z</time>
      </trkpt>
      <trkpt lat="48.942137" lon="15.964700">
        <ele>434.489167</ele>
        <time>2026-05-01T12:35:01.695Z</time>
      </trkpt>
      <trkpt lat="48.942035" lon="15.964724">
        <ele>433.875825</ele>
        <time>2026-05-01T12:35:04.672Z</time>
      </trkpt>
      <trkpt lat="48.941926" lon="15.964752">
        <ele>433.218926</ele>
        <time>2026-05-01T12:35:07.695Z</time>
      </trkpt>
      <trkpt lat="48.941835" lon="15.964774">
        <ele>432.671373</ele>
        <time>2026-05-01T12:35:10.666Z</time>
      </trkpt>
      <trkpt lat="48.941716" lon="15.964832">
        <ele>431.928850</ele>
        <time>2026-05-01T12:35:13.677Z</time>
      </trkpt>
      <trkpt lat="48.941603" lon="15.964864">
        <ele>431.245818</ele>
        <time>2026-05-01T12:35:15.699Z</time>
      </trkpt>
      <trkpt lat="48.941505" lon="15.964890">
        <ele>430.654666</ele>
        <time>2026-05-01T12:35:17.681Z</time>
      </trkpt>
      <trkpt lat="48.941384" lon="15.964928">
        <ele>429.920473</ele>
        <time>2026-05-01T12:35:20.698Z</time>
      </trkpt>
      <trkpt lat="48.941292" lon="15.964955">
        <ele>429.363688</ele>
        <time>2026-05-01T12:35:22.684Z</time>
      </trkpt>
      <trkpt lat="48.941191" lon="15.964976">
        <ele>428.757913</ele>
        <time>2026-05-01T12:35:24.692Z</time>
      </trkpt>
      <trkpt lat="48.941077" lon="15.964983">
        <ele>428.527338</ele>
        <time>2026-05-01T12:35:26.684Z</time>
      </trkpt>
      <trkpt lat="48.940960" lon="15.964975">
        <ele>428.590155</ele>
        <time>2026-05-01T12:35:28.699Z</time>
      </trkpt>
      <trkpt lat="48.940859" lon="15.964981">
        <ele>428.644368</ele>
        <time>2026-05-01T12:35:30.664Z</time>
      </trkpt>
      <trkpt lat="48.940720" lon="15.964997">
        <ele>428.719134</ele>
        <time>2026-05-01T12:35:32.682Z</time>
      </trkpt>
      <trkpt lat="48.940602" lon="15.965030">
        <ele>428.783483</ele>
        <time>2026-05-01T12:35:34.689Z</time>
      </trkpt>
      <trkpt lat="48.940502" lon="15.965080">
        <ele>428.839937</ele>
        <time>2026-05-01T12:35:36.663Z</time>
      </trkpt>
      <trkpt lat="48.940401" lon="15.965139">
        <ele>428.897960</ele>
        <time>2026-05-01T12:35:38.682Z</time>
      </trkpt>
      <trkpt lat="48.940297" lon="15.965195">
        <ele>428.957127</ele>
        <time>2026-05-01T12:35:40.664Z</time>
      </trkpt>
      <trkpt lat="48.940190" lon="15.965253">
        <ele>429.018046</ele>
        <time>2026-05-01T12:35:42.682Z</time>
      </trkpt>
      <trkpt lat="48.940060" lon="15.965330">
        <ele>429.092864</ele>
        <time>2026-05-01T12:35:45.686Z</time>
      </trkpt>
      <trkpt lat="48.939917" lon="15.965425">
        <ele>429.176547</ele>
        <time>2026-05-01T12:35:47.713Z</time>
      </trkpt>
      <trkpt lat="48.939812" lon="15.965504">
        <ele>429.239366</ele>
        <time>2026-05-01T12:35:49.686Z</time>
      </trkpt>
      <trkpt lat="48.939707" lon="15.965587">
        <ele>429.302823</ele>
        <time>2026-05-01T12:35:51.696Z</time>
      </trkpt>
      <trkpt lat="48.939594" lon="15.965674">
        <ele>429.370741</ele>
        <time>2026-05-01T12:35:53.714Z</time>
      </trkpt>
      <trkpt lat="48.939485" lon="15.965743">
        <ele>429.434056</ele>
        <time>2026-05-01T12:35:55.704Z</time>
      </trkpt>
      <trkpt lat="48.939381" lon="15.965793">
        <ele>429.471884</ele>
        <time>2026-05-01T12:35:57.691Z</time>
      </trkpt>
      <trkpt lat="48.939285" lon="15.965830">
        <ele>429.495757</ele>
        <time>2026-05-01T12:35:59.718Z</time>
      </trkpt>
      <trkpt lat="48.939195" lon="15.965857">
        <ele>429.517871</ele>
        <time>2026-05-01T12:36:01.718Z</time>
      </trkpt>
      <trkpt lat="48.939069" lon="15.965890">
        <ele>429.548692</ele>
        <time>2026-05-01T12:36:04.687Z</time>
      </trkpt>
      <trkpt lat="48.938967" lon="15.965912">
        <ele>429.573527</ele>
        <time>2026-05-01T12:36:07.695Z</time>
      </trkpt>
      <trkpt lat="48.938861" lon="15.965930">
        <ele>429.599240</ele>
        <time>2026-05-01T12:36:10.707Z</time>
      </trkpt>
      <trkpt lat="48.938734" lon="15.965939">
        <ele>429.629889</ele>
        <time>2026-05-01T12:36:14.685Z</time>
      </trkpt>
      <trkpt lat="48.938635" lon="15.965918">
        <ele>429.653986</ele>
        <time>2026-05-01T12:36:17.688Z</time>
      </trkpt>
      <trkpt lat="48.938536" lon="15.965891">
        <ele>429.678232</ele>
        <time>2026-05-01T12:36:20.683Z</time>
      </trkpt>
      <trkpt lat="48.938439" lon="15.965884">
        <ele>429.701642</ele>
        <time>2026-05-01T12:36:22.753Z</time>
      </trkpt>
      <trkpt lat="48.938304" lon="15.965886">
        <ele>429.734189</ele>
        <time>2026-05-01T12:36:25.713Z</time>
      </trkpt>
      <trkpt lat="48.938186" lon="15.965909">
        <ele>429.762868</ele>
        <time>2026-05-01T12:36:27.681Z</time>
      </trkpt>
      <trkpt lat="48.938074" lon="15.965953">
        <ele>429.790752</ele>
        <time>2026-05-01T12:36:29.705Z</time>
      </trkpt>
      <trkpt lat="48.937975" lon="15.965992">
        <ele>429.815405</ele>
        <time>2026-05-01T12:36:31.684Z</time>
      </trkpt>
      <trkpt lat="48.937862" lon="15.966040">
        <ele>429.843687</ele>
        <time>2026-05-01T12:36:33.682Z</time>
      </trkpt>
      <trkpt lat="48.937743" lon="15.966102">
        <ele>429.874008</ele>
        <time>2026-05-01T12:36:35.687Z</time>
      </trkpt>
      <trkpt lat="48.937597" lon="15.966203">
        <ele>429.993984</ele>
        <time>2026-05-01T12:36:37.695Z</time>
      </trkpt>
      <trkpt lat="48.937505" lon="15.966242">
        <ele>430.094838</ele>
        <time>2026-05-01T12:36:38.715Z</time>
      </trkpt>
      <trkpt lat="48.937412" lon="15.966282">
        <ele>430.196896</ele>
        <time>2026-05-01T12:36:39.699Z</time>
      </trkpt>
      <trkpt lat="48.937261" lon="15.966345">
        <ele>430.362241</ele>
        <time>2026-05-01T12:36:41.731Z</time>
      </trkpt>
      <trkpt lat="48.937126" lon="15.966400">
        <ele>430.509826</ele>
        <time>2026-05-01T12:36:43.695Z</time>
      </trkpt>
      <trkpt lat="48.936986" lon="15.966425">
        <ele>430.658687</ele>
        <time>2026-05-01T12:36:45.656Z</time>
      </trkpt>
      <trkpt lat="48.936846" lon="15.966472">
        <ele>430.810088</ele>
        <time>2026-05-01T12:36:47.674Z</time>
      </trkpt>
      <trkpt lat="48.936724" lon="15.966525">
        <ele>430.944070</ele>
        <time>2026-05-01T12:36:49.677Z</time>
      </trkpt>
      <trkpt lat="48.936591" lon="15.966543">
        <ele>431.085080</ele>
        <time>2026-05-01T12:36:51.679Z</time>
      </trkpt>
      <trkpt lat="48.936437" lon="15.966549">
        <ele>431.247766</ele>
        <time>2026-05-01T12:36:53.669Z</time>
      </trkpt>
      <trkpt lat="48.936284" lon="15.966588">
        <ele>431.411592</ele>
        <time>2026-05-01T12:36:55.675Z</time>
      </trkpt>
      <trkpt lat="48.936142" lon="15.966690">
        <ele>431.577408</ele>
        <time>2026-05-01T12:36:57.673Z</time>
      </trkpt>
      <trkpt lat="48.936016" lon="15.966834">
        <ele>431.743797</ele>
        <time>2026-05-01T12:36:59.679Z</time>
      </trkpt>
      <trkpt lat="48.935890" lon="15.967001">
        <ele>432.007327</ele>
        <time>2026-05-01T12:37:01.695Z</time>
      </trkpt>
      <trkpt lat="48.935777" lon="15.967197">
        <ele>432.307484</ele>
        <time>2026-05-01T12:37:03.698Z</time>
      </trkpt>
      <trkpt lat="48.935696" lon="15.967420">
        <ele>432.600781</ele>
        <time>2026-05-01T12:37:05.714Z</time>
      </trkpt>
      <trkpt lat="48.935599" lon="15.967598">
        <ele>432.866978</ele>
        <time>2026-05-01T12:37:07.689Z</time>
      </trkpt>
      <trkpt lat="48.935512" lon="15.967770">
        <ele>433.116838</ele>
        <time>2026-05-01T12:37:09.703Z</time>
      </trkpt>
      <trkpt lat="48.935426" lon="15.967949">
        <ele>433.372091</ele>
        <time>2026-05-01T12:37:11.741Z</time>
      </trkpt>
      <trkpt lat="48.935322" lon="15.968090">
        <ele>433.616108</ele>
        <time>2026-05-01T12:37:13.727Z</time>
      </trkpt>
      <trkpt lat="48.935232" lon="15.968241">
        <ele>433.850787</ele>
        <time>2026-05-01T12:37:15.706Z</time>
      </trkpt>
      <trkpt lat="48.935171" lon="15.968442">
        <ele>434.105636</ele>
        <time>2026-05-01T12:37:17.757Z</time>
      </trkpt>
      <trkpt lat="48.935115" lon="15.968622">
        <ele>434.334878</ele>
        <time>2026-05-01T12:37:19.709Z</time>
      </trkpt>
      <trkpt lat="48.935043" lon="15.968772">
        <ele>434.548709</ele>
        <time>2026-05-01T12:37:21.710Z</time>
      </trkpt>
      <trkpt lat="48.934966" lon="15.968896">
        <ele>434.745109</ele>
        <time>2026-05-01T12:37:23.694Z</time>
      </trkpt>
      <trkpt lat="48.934891" lon="15.969022">
        <ele>434.938725</ele>
        <time>2026-05-01T12:37:25.678Z</time>
      </trkpt>
      <trkpt lat="48.934808" lon="15.969135">
        <ele>434.804086</ele>
        <time>2026-05-01T12:37:27.696Z</time>
      </trkpt>
      <trkpt lat="48.934732" lon="15.969255">
        <ele>434.671687</ele>
        <time>2026-05-01T12:37:29.703Z</time>
      </trkpt>
      <trkpt lat="48.934664" lon="15.969359">
        <ele>434.555136</ele>
        <time>2026-05-01T12:37:31.698Z</time>
      </trkpt>
      <trkpt lat="48.934583" lon="15.969465">
        <ele>434.425980</ele>
        <time>2026-05-01T12:37:33.706Z</time>
      </trkpt>
      <trkpt lat="48.934514" lon="15.969588">
        <ele>434.297506</ele>
        <time>2026-05-01T12:37:35.705Z</time>
      </trkpt>
      <trkpt lat="48.934454" lon="15.969731">
        <ele>434.162730</ele>
        <time>2026-05-01T12:37:37.694Z</time>
      </trkpt>
      <trkpt lat="48.934383" lon="15.969861">
        <ele>434.028445</ele>
        <time>2026-05-01T12:37:39.726Z</time>
      </trkpt>
      <trkpt lat="48.934321" lon="15.969995">
        <ele>433.898258</ele>
        <time>2026-05-01T12:37:41.698Z</time>
      </trkpt>
      <trkpt lat="48.934259" lon="15.970128">
        <ele>433.768719</ele>
        <time>2026-05-01T12:37:43.698Z</time>
      </trkpt>
      <trkpt lat="48.934196" lon="15.970263">
        <ele>433.637185</ele>
        <time>2026-05-01T12:37:45.667Z</time>
      </trkpt>
      <trkpt lat="48.934123" lon="15.970381">
        <ele>433.508438</ele>
        <time>2026-05-01T12:37:47.687Z</time>
      </trkpt>
      <trkpt lat="48.934049" lon="15.970489">
        <ele>433.384482</ele>
        <time>2026-05-01T12:37:49.680Z</time>
      </trkpt>
      <trkpt lat="48.933984" lon="15.970610">
        <ele>433.260328</ele>
        <time>2026-05-01T12:37:51.696Z</time>
      </trkpt>
      <trkpt lat="48.933918" lon="15.970736">
        <ele>433.132324</ele>
        <time>2026-05-01T12:37:53.712Z</time>
      </trkpt>
      <trkpt lat="48.933842" lon="15.970859">
        <ele>432.998198</ele>
        <time>2026-05-01T12:37:55.773Z</time>
      </trkpt>
      <trkpt lat="48.933761" lon="15.970968">
        <ele>432.867476</ele>
        <time>2026-05-01T12:37:57.703Z</time>
      </trkpt>
      <trkpt lat="48.933685" lon="15.971066">
        <ele>432.678307</ele>
        <time>2026-05-01T12:37:59.704Z</time>
      </trkpt>
      <trkpt lat="48.933626" lon="15.971195">
        <ele>432.069879</ele>
        <time>2026-05-01T12:38:01.701Z</time>
      </trkpt>
      <trkpt lat="48.933564" lon="15.971334">
        <ele>431.419540</ele>
        <time>2026-05-01T12:38:03.696Z</time>
      </trkpt>
      <trkpt lat="48.933502" lon="15.971497">
        <ele>430.690473</ele>
        <time>2026-05-01T12:38:05.660Z</time>
      </trkpt>
      <trkpt lat="48.933404" lon="15.971650">
        <ele>429.863328</ele>
        <time>2026-05-01T12:38:07.655Z</time>
      </trkpt>
      <trkpt lat="48.933309" lon="15.971815">
        <ele>429.014067</ele>
        <time>2026-05-01T12:38:09.686Z</time>
      </trkpt>
      <trkpt lat="48.933200" lon="15.971988">
        <ele>428.086212</ele>
        <time>2026-05-01T12:38:11.664Z</time>
      </trkpt>
      <trkpt lat="48.933087" lon="15.972157">
        <ele>427.152805</ele>
        <time>2026-05-01T12:38:13.660Z</time>
      </trkpt>
      <trkpt lat="48.932972" lon="15.972346">
        <ele>426.155627</ele>
        <time>2026-05-01T12:38:15.668Z</time>
      </trkpt>
      <trkpt lat="48.932864" lon="15.972561">
        <ele>425.107984</ele>
        <time>2026-05-01T12:38:17.683Z</time>
      </trkpt>
      <trkpt lat="48.932779" lon="15.972795">
        <ele>424.072963</ele>
        <time>2026-05-01T12:38:19.727Z</time>
      </trkpt>
      <trkpt lat="48.932739" lon="15.972918">
        <ele>423.541707</ele>
        <time>2026-05-01T12:38:20.694Z</time>
      </trkpt>
      <trkpt lat="48.932668" lon="15.973166">
        <ele>422.494541</ele>
        <time>2026-05-01T12:38:22.697Z</time>
      </trkpt>
      <trkpt lat="48.932595" lon="15.973408">
        <ele>421.997964</ele>
        <time>2026-05-01T12:38:24.691Z</time>
      </trkpt>
      <trkpt lat="48.932493" lon="15.973610">
        <ele>421.761093</ele>
        <time>2026-05-01T12:38:26.699Z</time>
      </trkpt>
      <trkpt lat="48.932400" lon="15.973826">
        <ele>421.520986</ele>
        <time>2026-05-01T12:38:28.693Z</time>
      </trkpt>
      <trkpt lat="48.932318" lon="15.974055">
        <ele>421.278506</ele>
        <time>2026-05-01T12:38:30.706Z</time>
      </trkpt>
      <trkpt lat="48.932202" lon="15.974252">
        <ele>421.032546</ele>
        <time>2026-05-01T12:38:32.701Z</time>
      </trkpt>
      <trkpt lat="48.932111" lon="15.974468">
        <ele>420.793977</ele>
        <time>2026-05-01T12:38:34.690Z</time>
      </trkpt>
      <trkpt lat="48.932076" lon="15.974695">
        <ele>420.577194</ele>
        <time>2026-05-01T12:38:36.693Z</time>
      </trkpt>
      <trkpt lat="48.932009" lon="15.974902">
        <ele>420.362649</ele>
        <time>2026-05-01T12:38:38.694Z</time>
      </trkpt>
      <trkpt lat="48.931943" lon="15.975109">
        <ele>420.148725</ele>
        <time>2026-05-01T12:38:40.708Z</time>
      </trkpt>
      <trkpt lat="48.931891" lon="15.975324">
        <ele>419.935716</ele>
        <time>2026-05-01T12:38:42.694Z</time>
      </trkpt>
      <trkpt lat="48.931836" lon="15.975536">
        <ele>419.723800</ele>
        <time>2026-05-01T12:38:44.697Z</time>
      </trkpt>
      <trkpt lat="48.931780" lon="15.975744">
        <ele>419.346342</ele>
        <time>2026-05-01T12:38:46.711Z</time>
      </trkpt>
      <trkpt lat="48.931727" lon="15.975952">
        <ele>418.810987</ele>
        <time>2026-05-01T12:38:48.701Z</time>
      </trkpt>
      <trkpt lat="48.931659" lon="15.976161">
        <ele>418.251325</ele>
        <time>2026-05-01T12:38:50.680Z</time>
      </trkpt>
      <trkpt lat="48.931600" lon="15.976369">
        <ele>417.707659</ele>
        <time>2026-05-01T12:38:52.710Z</time>
      </trkpt>
      <trkpt lat="48.931538" lon="15.976543">
        <ele>417.232658</ele>
        <time>2026-05-01T12:38:54.684Z</time>
      </trkpt>
      <trkpt lat="48.931503" lon="15.976708">
        <ele>416.816587</ele>
        <time>2026-05-01T12:38:56.679Z</time>
      </trkpt>
      <trkpt lat="48.931458" lon="15.976881">
        <ele>416.370090</ele>
        <time>2026-05-01T12:38:58.693Z</time>
      </trkpt>
      <trkpt lat="48.931410" lon="15.977047">
        <ele>415.934868</ele>
        <time>2026-05-01T12:39:00.703Z</time>
      </trkpt>
      <trkpt lat="48.931388" lon="15.977193">
        <ele>415.575420</ele>
        <time>2026-05-01T12:39:02.697Z</time>
      </trkpt>
      <trkpt lat="48.931370" lon="15.977334">
        <ele>415.230738</ele>
        <time>2026-05-01T12:39:04.732Z</time>
      </trkpt>
      <trkpt lat="48.931332" lon="15.977477">
        <ele>414.860577</ele>
        <time>2026-05-01T12:39:06.669Z</time>
      </trkpt>
      <trkpt lat="48.931290" lon="15.977615">
        <ele>414.495613</ele>
        <time>2026-05-01T12:39:08.695Z</time>
      </trkpt>
      <trkpt lat="48.931252" lon="15.977744">
        <ele>414.156362</ele>
        <time>2026-05-01T12:39:10.699Z</time>
      </trkpt>
      <trkpt lat="48.931209" lon="15.977927">
        <ele>413.689979</ele>
        <time>2026-05-01T12:39:13.745Z</time>
      </trkpt>
      <trkpt lat="48.931207" lon="15.978124">
        <ele>413.217187</ele>
        <time>2026-05-01T12:39:16.710Z</time>
      </trkpt>
      <trkpt lat="48.931174" lon="15.978322">
        <ele>412.687801</ele>
        <time>2026-05-01T12:39:19.730Z</time>
      </trkpt>
      <trkpt lat="48.931177" lon="15.978468">
        <ele>412.294938</ele>
        <time>2026-05-01T12:39:21.696Z</time>
      </trkpt>
      <trkpt lat="48.931169" lon="15.978627">
        <ele>411.866050</ele>
        <time>2026-05-01T12:39:23.698Z</time>
      </trkpt>
      <trkpt lat="48.931135" lon="15.978777">
        <ele>411.439282</ele>
        <time>2026-05-01T12:39:25.696Z</time>
      </trkpt>
      <trkpt lat="48.931109" lon="15.978927">
        <ele>411.022047</ele>
        <time>2026-05-01T12:39:27.698Z</time>
      </trkpt>
      <trkpt lat="48.931097" lon="15.979069">
        <ele>410.636986</ele>
        <time>2026-05-01T12:39:29.678Z</time>
      </trkpt>
      <trkpt lat="48.931086" lon="15.979273">
        <ele>410.086475</ele>
        <time>2026-05-01T12:39:32.696Z</time>
      </trkpt>
      <trkpt lat="48.931059" lon="15.979411">
        <ele>409.699210</ele>
        <time>2026-05-01T12:39:34.722Z</time>
      </trkpt>
      <trkpt lat="48.931033" lon="15.979551">
        <ele>409.307919</ele>
        <time>2026-05-01T12:39:36.695Z</time>
      </trkpt>
      <trkpt lat="48.931009" lon="15.979696">
        <ele>408.905749</ele>
        <time>2026-05-01T12:39:38.676Z</time>
      </trkpt>
      <trkpt lat="48.930956" lon="15.979813">
        <ele>408.523519</ele>
        <time>2026-05-01T12:39:40.695Z</time>
      </trkpt>
      <trkpt lat="48.930927" lon="15.980001">
        <ele>408.004133</ele>
        <time>2026-05-01T12:39:43.709Z</time>
      </trkpt>
      <trkpt lat="48.930877" lon="15.980185">
        <ele>407.468594</ele>
        <time>2026-05-01T12:39:46.694Z</time>
      </trkpt>
      <trkpt lat="48.930838" lon="15.980348">
        <ele>407.002029</ele>
        <time>2026-05-01T12:39:49.698Z</time>
      </trkpt>
      <trkpt lat="48.930796" lon="15.980531">
        <ele>406.480672</ele>
        <time>2026-05-01T12:39:52.685Z</time>
      </trkpt>
      <trkpt lat="48.930746" lon="15.980683">
        <ele>406.023477</ele>
        <time>2026-05-01T12:39:55.674Z</time>
      </trkpt>
      <trkpt lat="48.930705" lon="15.980842">
        <ele>405.819980</ele>
        <time>2026-05-01T12:39:58.694Z</time>
      </trkpt>
      <trkpt lat="48.930671" lon="15.980989">
        <ele>406.265699</ele>
        <time>2026-05-01T12:40:01.719Z</time>
      </trkpt>
      <trkpt lat="48.930605" lon="15.981135">
        <ele>406.772567</ele>
        <time>2026-05-01T12:40:04.683Z</time>
      </trkpt>
      <trkpt lat="48.930552" lon="15.981301">
        <ele>407.300430</ele>
        <time>2026-05-01T12:40:07.706Z</time>
      </trkpt>
      <trkpt lat="48.930492" lon="15.981411">
        <ele>407.709334</ele>
        <time>2026-05-01T12:40:09.674Z</time>
      </trkpt>
      <trkpt lat="48.930433" lon="15.981533">
        <ele>408.142601</ele>
        <time>2026-05-01T12:40:11.695Z</time>
      </trkpt>
      <trkpt lat="48.930375" lon="15.981669">
        <ele>408.606335</ele>
        <time>2026-05-01T12:40:13.694Z</time>
      </trkpt>
      <trkpt lat="48.930308" lon="15.981792">
        <ele>409.063313</ele>
        <time>2026-05-01T12:40:15.695Z</time>
      </trkpt>
      <trkpt lat="48.930254" lon="15.981929">
        <ele>409.520251</ele>
        <time>2026-05-01T12:40:17.676Z</time>
      </trkpt>
      <trkpt lat="48.930181" lon="15.982053">
        <ele>409.996454</ele>
        <time>2026-05-01T12:40:19.693Z</time>
      </trkpt>
      <trkpt lat="48.930129" lon="15.982215">
        <ele>410.512129</ele>
        <time>2026-05-01T12:40:21.693Z</time>
      </trkpt>
      <trkpt lat="48.930074" lon="15.982355">
        <ele>410.978666</ele>
        <time>2026-05-01T12:40:23.689Z</time>
      </trkpt>
      <trkpt lat="48.930010" lon="15.982511">
        <ele>411.504685</ele>
        <time>2026-05-01T12:40:25.705Z</time>
      </trkpt>
      <trkpt lat="48.929909" lon="15.982661">
        <ele>412.118996</ele>
        <time>2026-05-01T12:40:27.702Z</time>
      </trkpt>
      <trkpt lat="48.929820" lon="15.982816">
        <ele>412.707760</ele>
        <time>2026-05-01T12:40:29.697Z</time>
      </trkpt>
      <trkpt lat="48.929721" lon="15.982950">
        <ele>413.284499</ele>
        <time>2026-05-01T12:40:31.666Z</time>
      </trkpt>
      <trkpt lat="48.929651" lon="15.983100">
        <ele>413.518245</ele>
        <time>2026-05-01T12:40:33.667Z</time>
      </trkpt>
      <trkpt lat="48.929592" lon="15.983245">
        <ele>413.518245</ele>
        <time>2026-05-01T12:40:35.666Z</time>
      </trkpt>
      <trkpt lat="48.929543" lon="15.983385">
        <ele>413.518245</ele>
        <time>2026-05-01T12:40:37.667Z</time>
      </trkpt>
      <trkpt lat="48.929466" lon="15.983500">
        <ele>413.518245</ele>
        <time>2026-05-01T12:40:39.675Z</time>
      </trkpt>
      <trkpt lat="48.929399" lon="15.983628">
        <ele>413.518245</ele>
        <time>2026-05-01T12:40:41.677Z</time>
      </trkpt>
      <trkpt lat="48.929307" lon="15.983750">
        <ele>413.518245</ele>
        <time>2026-05-01T12:40:43.694Z</time>
      </trkpt>
      <trkpt lat="48.929248" lon="15.983954">
        <ele>413.518245</ele>
        <time>2026-05-01T12:40:45.689Z</time>
      </trkpt>
      <trkpt lat="48.929175" lon="15.984066">
        <ele>413.518245</ele>
        <time>2026-05-01T12:40:47.704Z</time>
      </trkpt>
      <trkpt lat="48.929107" lon="15.984169">
        <ele>413.518245</ele>
        <time>2026-05-01T12:40:49.732Z</time>
      </trkpt>
      <trkpt lat="48.929058" lon="15.984299">
        <ele>413.518245</ele>
        <time>2026-05-01T12:40:51.698Z</time>
      </trkpt>
      <trkpt lat="48.929014" lon="15.984433">
        <ele>413.518245</ele>
        <time>2026-05-01T12:40:53.702Z</time>
      </trkpt>
      <trkpt lat="48.928981" lon="15.984573">
        <ele>413.518245</ele>
        <time>2026-05-01T12:40:55.715Z</time>
      </trkpt>
      <trkpt lat="48.928911" lon="15.984711">
        <ele>413.518245</ele>
        <time>2026-05-01T12:40:58.686Z</time>
      </trkpt>
      <trkpt lat="48.928847" lon="15.984850">
        <ele>413.518245</ele>
        <time>2026-05-01T12:41:01.688Z</time>
      </trkpt>
      <trkpt lat="48.928786" lon="15.984964">
        <ele>413.518245</ele>
        <time>2026-05-01T12:41:04.685Z</time>
      </trkpt>
      <trkpt lat="48.928728" lon="15.985103">
        <ele>413.518245</ele>
        <time>2026-05-01T12:41:08.662Z</time>
      </trkpt>
      <trkpt lat="48.928655" lon="15.985209">
        <ele>413.518245</ele>
        <time>2026-05-01T12:41:12.667Z</time>
      </trkpt>
      <trkpt lat="48.928569" lon="15.985256">
        <ele>413.518245</ele>
        <time>2026-05-01T12:41:15.679Z</time>
      </trkpt>
      <trkpt lat="48.928460" lon="15.985271">
        <ele>413.518245</ele>
        <time>2026-05-01T12:41:19.702Z</time>
      </trkpt>
      <trkpt lat="48.928375" lon="15.985373">
        <ele>413.518245</ele>
        <time>2026-05-01T12:41:22.682Z</time>
      </trkpt>
      <trkpt lat="48.928317" lon="15.985508">
        <ele>413.518245</ele>
        <time>2026-05-01T12:41:25.715Z</time>
      </trkpt>
      <trkpt lat="48.928247" lon="15.985646">
        <ele>413.518245</ele>
        <time>2026-05-01T12:41:28.695Z</time>
      </trkpt>
      <trkpt lat="48.928180" lon="15.985782">
        <ele>413.518245</ele>
        <time>2026-05-01T12:41:31.679Z</time>
      </trkpt>
      <trkpt lat="48.928125" lon="15.985913">
        <ele>413.518245</ele>
        <time>2026-05-01T12:41:34.676Z</time>
      </trkpt>
    </trkseg>
  </trk>
</gpx>