<?xml version='1.0' encoding='UTF-8'?>
<gpx version="1.1" creator="https://www.komoot.de" xmlns="http://www.topografix.com/GPX/1/1" xmlns:xsi="http://www.w3.org/2001/XMLSchema-instance" xsi:schemaLocation="http://www.topografix.com/GPX/1/1 http://www.topografix.com/GPX/1/1/gpx.xsd">
  <metadata>
    <name>Bike Ride</name>
    <author>
      <link href="https://www.komoot.de">
        <text>komoot</text>
        <type>text/html</type>
      </link>
    </author>
  </metadata>
  <trk>
    <name>Bike Ride</name>
    <trkseg>
      <trkpt lat="48.242296" lon="16.314726">
        <ele>335.007902</ele>
        <time>2026-05-03T16:59:16.586Z</time>
      </trkpt>
      <trkpt lat="48.242344" lon="16.314552">
        <ele>335.007902</ele>
        <time>2026-05-03T16:59:22.776Z</time>
      </trkpt>
      <trkpt lat="48.242392" lon="16.314392">
        <ele>335.007902</ele>
        <time>2026-05-03T16:59:26.798Z</time>
      </trkpt>
      <trkpt lat="48.242412" lon="16.314248">
        <ele>335.007902</ele>
        <time>2026-05-03T16:59:31.796Z</time>
      </trkpt>
      <trkpt lat="48.242458" lon="16.314112">
        <ele>335.007902</ele>
        <time>2026-05-03T16:59:37.811Z</time>
      </trkpt>
      <trkpt lat="48.242510" lon="16.313991">
        <ele>335.007902</ele>
        <time>2026-05-03T16:59:43.836Z</time>
      </trkpt>
      <trkpt lat="48.242569" lon="16.313880">
        <ele>335.007902</ele>
        <time>2026-05-03T16:59:49.805Z</time>
      </trkpt>
      <trkpt lat="48.242632" lon="16.313779">
        <ele>335.007902</ele>
        <time>2026-05-03T16:59:54.813Z</time>
      </trkpt>
      <trkpt lat="48.242678" lon="16.313660">
        <ele>335.007902</ele>
        <time>2026-05-03T17:00:01.803Z</time>
      </trkpt>
      <trkpt lat="48.242699" lon="16.313514">
        <ele>335.073953</ele>
        <time>2026-05-03T17:00:06.791Z</time>
      </trkpt>
      <trkpt lat="48.242726" lon="16.313380">
        <ele>335.452223</ele>
        <time>2026-05-03T17:00:12.809Z</time>
      </trkpt>
      <trkpt lat="48.242779" lon="16.313271">
        <ele>335.816880</ele>
        <time>2026-05-03T17:00:17.811Z</time>
      </trkpt>
      <trkpt lat="48.242846" lon="16.313170">
        <ele>336.202058</ele>
        <time>2026-05-03T17:00:22.798Z</time>
      </trkpt>
      <trkpt lat="48.242910" lon="16.313040">
        <ele>336.638864</ele>
        <time>2026-05-03T17:00:28.825Z</time>
      </trkpt>
      <trkpt lat="48.242958" lon="16.312904">
        <ele>337.054742</ele>
        <time>2026-05-03T17:00:33.855Z</time>
      </trkpt>
      <trkpt lat="48.243004" lon="16.312772">
        <ele>337.457275</ele>
        <time>2026-05-03T17:00:38.839Z</time>
      </trkpt>
      <trkpt lat="48.243063" lon="16.312650">
        <ele>337.864655</ele>
        <time>2026-05-03T17:00:44.833Z</time>
      </trkpt>
      <trkpt lat="48.243124" lon="16.312526">
        <ele>338.281188</ele>
        <time>2026-05-03T17:00:50.885Z</time>
      </trkpt>
      <trkpt lat="48.243182" lon="16.312417">
        <ele>338.658161</ele>
        <time>2026-05-03T17:00:55.857Z</time>
      </trkpt>
      <trkpt lat="48.243248" lon="16.312296">
        <ele>339.080755</ele>
        <time>2026-05-03T17:01:01.859Z</time>
      </trkpt>
      <trkpt lat="48.243316" lon="16.312181">
        <ele>339.496279</ele>
        <time>2026-05-03T17:01:06.892Z</time>
      </trkpt>
      <trkpt lat="48.243367" lon="16.312057">
        <ele>339.890060</ele>
        <time>2026-05-03T17:01:11.918Z</time>
      </trkpt>
      <trkpt lat="48.243410" lon="16.311928">
        <ele>340.279829</ele>
        <time>2026-05-03T17:01:16.864Z</time>
      </trkpt>
      <trkpt lat="48.243490" lon="16.311798">
        <ele>340.758077</ele>
        <time>2026-05-03T17:01:21.835Z</time>
      </trkpt>
      <trkpt lat="48.243547" lon="16.311668">
        <ele>341.178618</ele>
        <time>2026-05-03T17:01:24.842Z</time>
      </trkpt>
      <trkpt lat="48.243603" lon="16.311561">
        <ele>341.546314</ele>
        <time>2026-05-03T17:01:26.856Z</time>
      </trkpt>
      <trkpt lat="48.243677" lon="16.311350">
        <ele>342.190637</ele>
        <time>2026-05-03T17:01:29.897Z</time>
      </trkpt>
      <trkpt lat="48.243728" lon="16.311186">
        <ele>342.356549</ele>
        <time>2026-05-03T17:01:31.850Z</time>
      </trkpt>
      <trkpt lat="48.243767" lon="16.311041">
        <ele>342.414463</ele>
        <time>2026-05-03T17:01:33.878Z</time>
      </trkpt>
      <trkpt lat="48.243826" lon="16.310910">
        <ele>342.473030</ele>
        <time>2026-05-03T17:01:35.937Z</time>
      </trkpt>
      <trkpt lat="48.243878" lon="16.310785">
        <ele>342.527612</ele>
        <time>2026-05-03T17:01:37.868Z</time>
      </trkpt>
      <trkpt lat="48.243966" lon="16.310635">
        <ele>342.601644</ele>
        <time>2026-05-03T17:01:40.854Z</time>
      </trkpt>
      <trkpt lat="48.244016" lon="16.310517">
        <ele>342.653440</ele>
        <time>2026-05-03T17:01:42.856Z</time>
      </trkpt>
      <trkpt lat="48.244073" lon="16.310369">
        <ele>342.716755</ele>
        <time>2026-05-03T17:01:45.858Z</time>
      </trkpt>
      <trkpt lat="48.244131" lon="16.310243">
        <ele>342.773480</ele>
        <time>2026-05-03T17:01:48.878Z</time>
      </trkpt>
      <trkpt lat="48.244201" lon="16.310128">
        <ele>342.831178</ele>
        <time>2026-05-03T17:01:51.839Z</time>
      </trkpt>
      <trkpt lat="48.244288" lon="16.310001">
        <ele>342.898652</ele>
        <time>2026-05-03T17:01:54.871Z</time>
      </trkpt>
      <trkpt lat="48.244363" lon="16.309856">
        <ele>342.966645</ele>
        <time>2026-05-03T17:01:57.866Z</time>
      </trkpt>
      <trkpt lat="48.244433" lon="16.309708">
        <ele>343.033872</ele>
        <time>2026-05-03T17:02:00.868Z</time>
      </trkpt>
      <trkpt lat="48.244508" lon="16.309572">
        <ele>343.099264</ele>
        <time>2026-05-03T17:02:03.880Z</time>
      </trkpt>
      <trkpt lat="48.244582" lon="16.309427">
        <ele>343.166917</ele>
        <time>2026-05-03T17:02:06.871Z</time>
      </trkpt>
      <trkpt lat="48.244682" lon="16.309307">
        <ele>343.238103</ele>
        <time>2026-05-03T17:02:09.875Z</time>
      </trkpt>
      <trkpt lat="48.244795" lon="16.309246">
        <ele>343.304879</ele>
        <time>2026-05-03T17:02:12.872Z</time>
      </trkpt>
      <trkpt lat="48.244913" lon="16.309251">
        <ele>343.166811</ele>
        <time>2026-05-03T17:02:15.865Z</time>
      </trkpt>
      <trkpt lat="48.245024" lon="16.309276">
        <ele>343.033850</ele>
        <time>2026-05-03T17:02:17.955Z</time>
      </trkpt>
      <trkpt lat="48.245136" lon="16.309296">
        <ele>342.900240</ele>
        <time>2026-05-03T17:02:19.844Z</time>
      </trkpt>
      <trkpt lat="48.245252" lon="16.309323">
        <ele>342.761186</ele>
        <time>2026-05-03T17:02:22.860Z</time>
      </trkpt>
      <trkpt lat="48.245371" lon="16.309342">
        <ele>342.619424</ele>
        <time>2026-05-03T17:02:25.853Z</time>
      </trkpt>
      <trkpt lat="48.245489" lon="16.309375">
        <ele>342.477237</ele>
        <time>2026-05-03T17:02:28.874Z</time>
      </trkpt>
      <trkpt lat="48.245583" lon="16.309397">
        <ele>342.364541</ele>
        <time>2026-05-03T17:02:30.844Z</time>
      </trkpt>
      <trkpt lat="48.245704" lon="16.309417">
        <ele>342.220339</ele>
        <time>2026-05-03T17:02:32.861Z</time>
      </trkpt>
      <trkpt lat="48.245845" lon="16.309437">
        <ele>342.052567</ele>
        <time>2026-05-03T17:02:34.851Z</time>
      </trkpt>
      <trkpt lat="48.245996" lon="16.309460">
        <ele>341.872774</ele>
        <time>2026-05-03T17:02:36.819Z</time>
      </trkpt>
      <trkpt lat="48.246144" lon="16.309483">
        <ele>341.696517</ele>
        <time>2026-05-03T17:02:38.850Z</time>
      </trkpt>
      <trkpt lat="48.246280" lon="16.309500">
        <ele>341.534855</ele>
        <time>2026-05-03T17:02:40.871Z</time>
      </trkpt>
      <trkpt lat="48.246406" lon="16.309517">
        <ele>341.384994</ele>
        <time>2026-05-03T17:02:42.864Z</time>
      </trkpt>
      <trkpt lat="48.246530" lon="16.309525">
        <ele>341.237968</ele>
        <time>2026-05-03T17:02:44.854Z</time>
      </trkpt>
      <trkpt lat="48.246625" lon="16.309521">
        <ele>341.302464</ele>
        <time>2026-05-03T17:02:46.901Z</time>
      </trkpt>
      <trkpt lat="48.246685" lon="16.309401">
        <ele>341.608527</ele>
        <time>2026-05-03T17:02:50.864Z</time>
      </trkpt>
      <trkpt lat="48.246755" lon="16.309296">
        <ele>341.911561</ele>
        <time>2026-05-03T17:02:53.857Z</time>
      </trkpt>
      <trkpt lat="48.246808" lon="16.309174">
        <ele>342.208659</ele>
        <time>2026-05-03T17:02:56.842Z</time>
      </trkpt>
      <trkpt lat="48.246868" lon="16.309053">
        <ele>342.516354</ele>
        <time>2026-05-03T17:03:00.854Z</time>
      </trkpt>
      <trkpt lat="48.246914" lon="16.308934">
        <ele>342.796994</ele>
        <time>2026-05-03T17:03:05.869Z</time>
      </trkpt>
      <trkpt lat="48.246974" lon="16.308819">
        <ele>343.094963</ele>
        <time>2026-05-03T17:03:10.907Z</time>
      </trkpt>
      <trkpt lat="48.247031" lon="16.308660">
        <ele>343.463264</ele>
        <time>2026-05-03T17:03:16.931Z</time>
      </trkpt>
      <trkpt lat="48.247073" lon="16.308530">
        <ele>343.757967</ele>
        <time>2026-05-03T17:03:20.864Z</time>
      </trkpt>
      <trkpt lat="48.247113" lon="16.308391">
        <ele>344.066808</ele>
        <time>2026-05-03T17:03:25.868Z</time>
      </trkpt>
      <trkpt lat="48.247151" lon="16.308258">
        <ele>344.361986</ele>
        <time>2026-05-03T17:03:30.866Z</time>
      </trkpt>
      <trkpt lat="48.247190" lon="16.308130">
        <ele>344.649082</ele>
        <time>2026-05-03T17:03:35.872Z</time>
      </trkpt>
      <trkpt lat="48.247250" lon="16.308017">
        <ele>344.943850</ele>
        <time>2026-05-03T17:03:40.878Z</time>
      </trkpt>
      <trkpt lat="48.247307" lon="16.307899">
        <ele>345.241172</ele>
        <time>2026-05-03T17:03:46.851Z</time>
      </trkpt>
      <trkpt lat="48.247360" lon="16.307783">
        <ele>345.528096</ele>
        <time>2026-05-03T17:03:51.842Z</time>
      </trkpt>
      <trkpt lat="48.247263" lon="16.307772">
        <ele>345.826034</ele>
        <time>2026-05-03T17:03:59.862Z</time>
      </trkpt>
      <trkpt lat="48.247171" lon="16.307791">
        <ele>346.110465</ele>
        <time>2026-05-03T17:04:03.870Z</time>
      </trkpt>
      <trkpt lat="48.247074" lon="16.307754">
        <ele>346.416992</ele>
        <time>2026-05-03T17:04:10.812Z</time>
      </trkpt>
      <trkpt lat="48.247037" lon="16.307615">
        <ele>346.773117</ele>
        <time>2026-05-03T17:04:16.819Z</time>
      </trkpt>
      <trkpt lat="48.247079" lon="16.307463">
        <ele>347.550224</ele>
        <time>2026-05-03T17:04:21.804Z</time>
      </trkpt>
      <trkpt lat="48.247118" lon="16.307316">
        <ele>348.297445</ele>
        <time>2026-05-03T17:04:27.819Z</time>
      </trkpt>
      <trkpt lat="48.247154" lon="16.307167">
        <ele>349.045926</ele>
        <time>2026-05-03T17:04:33.824Z</time>
      </trkpt>
      <trkpt lat="48.247193" lon="16.307043">
        <ele>349.693498</ele>
        <time>2026-05-03T17:04:38.809Z</time>
      </trkpt>
      <trkpt lat="48.247233" lon="16.306912">
        <ele>350.374030</ele>
        <time>2026-05-03T17:04:43.821Z</time>
      </trkpt>
      <trkpt lat="48.247270" lon="16.306772">
        <ele>351.085293</ele>
        <time>2026-05-03T17:04:48.828Z</time>
      </trkpt>
      <trkpt lat="48.247297" lon="16.306614">
        <ele>351.855566</ele>
        <time>2026-05-03T17:04:54.826Z</time>
      </trkpt>
      <trkpt lat="48.247307" lon="16.306473">
        <ele>352.525154</ele>
        <time>2026-05-03T17:04:59.832Z</time>
      </trkpt>
      <trkpt lat="48.247310" lon="16.306330">
        <ele>353.200755</ele>
        <time>2026-05-03T17:05:04.825Z</time>
      </trkpt>
      <trkpt lat="48.247316" lon="16.306171">
        <ele>353.952780</ele>
        <time>2026-05-03T17:05:10.833Z</time>
      </trkpt>
      <trkpt lat="48.247307" lon="16.306032">
        <ele>354.612254</ele>
        <time>2026-05-03T17:05:15.813Z</time>
      </trkpt>
      <trkpt lat="48.247303" lon="16.305872">
        <ele>355.368329</ele>
        <time>2026-05-03T17:05:21.816Z</time>
      </trkpt>
      <trkpt lat="48.247294" lon="16.305734">
        <ele>356.023102</ele>
        <time>2026-05-03T17:05:26.831Z</time>
      </trkpt>
      <trkpt lat="48.247271" lon="16.305586">
        <ele>356.740759</ele>
        <time>2026-05-03T17:05:31.824Z</time>
      </trkpt>
      <trkpt lat="48.247254" lon="16.305433">
        <ele>357.473235</ele>
        <time>2026-05-03T17:05:37.813Z</time>
      </trkpt>
      <trkpt lat="48.247240" lon="16.305278">
        <ele>358.211870</ele>
        <time>2026-05-03T17:05:43.836Z</time>
      </trkpt>
      <trkpt lat="48.247239" lon="16.305127">
        <ele>358.924950</ele>
        <time>2026-05-03T17:05:50.821Z</time>
      </trkpt>
      <trkpt lat="48.247221" lon="16.304990">
        <ele>359.638303</ele>
        <time>2026-05-03T17:05:55.823Z</time>
      </trkpt>
      <trkpt lat="48.247204" lon="16.304839">
        <ele>360.628379</ele>
        <time>2026-05-03T17:06:00.829Z</time>
      </trkpt>
      <trkpt lat="48.247196" lon="16.304695">
        <ele>361.562581</ele>
        <time>2026-05-03T17:06:06.835Z</time>
      </trkpt>
      <trkpt lat="48.247193" lon="16.304557">
        <ele>362.455233</ele>
        <time>2026-05-03T17:06:11.820Z</time>
      </trkpt>
      <trkpt lat="48.247185" lon="16.304412">
        <ele>363.395878</ele>
        <time>2026-05-03T17:06:17.819Z</time>
      </trkpt>
      <trkpt lat="48.247176" lon="16.304276">
        <ele>364.279456</ele>
        <time>2026-05-03T17:06:22.810Z</time>
      </trkpt>
      <trkpt lat="48.247169" lon="16.304137">
        <ele>365.180665</ele>
        <time>2026-05-03T17:06:27.827Z</time>
      </trkpt>
      <trkpt lat="48.247163" lon="16.303976">
        <ele>366.223168</ele>
        <time>2026-05-03T17:06:33.824Z</time>
      </trkpt>
      <trkpt lat="48.247169" lon="16.303820">
        <ele>367.233398</ele>
        <time>2026-05-03T17:06:39.823Z</time>
      </trkpt>
      <trkpt lat="48.247172" lon="16.303669">
        <ele>368.210056</ele>
        <time>2026-05-03T17:06:44.826Z</time>
      </trkpt>
      <trkpt lat="48.247178" lon="16.303530">
        <ele>369.110584</ele>
        <time>2026-05-03T17:06:49.829Z</time>
      </trkpt>
      <trkpt lat="48.247180" lon="16.303389">
        <ele>370.022364</ele>
        <time>2026-05-03T17:06:54.812Z</time>
      </trkpt>
      <trkpt lat="48.247186" lon="16.303253">
        <ele>370.903539</ele>
        <time>2026-05-03T17:06:59.822Z</time>
      </trkpt>
      <trkpt lat="48.247197" lon="16.303117">
        <ele>371.789248</ele>
        <time>2026-05-03T17:07:04.851Z</time>
      </trkpt>
      <trkpt lat="48.247212" lon="16.302959">
        <ele>372.821054</ele>
        <time>2026-05-03T17:07:10.834Z</time>
      </trkpt>
      <trkpt lat="48.247223" lon="16.302817">
        <ele>373.745282</ele>
        <time>2026-05-03T17:07:15.817Z</time>
      </trkpt>
      <trkpt lat="48.247233" lon="16.302682">
        <ele>374.623447</ele>
        <time>2026-05-03T17:07:20.820Z</time>
      </trkpt>
      <trkpt lat="48.247250" lon="16.302526">
        <ele>375.645409</ele>
        <time>2026-05-03T17:07:26.819Z</time>
      </trkpt>
      <trkpt lat="48.247242" lon="16.302373">
        <ele>376.637606</ele>
        <time>2026-05-03T17:07:31.827Z</time>
      </trkpt>
      <trkpt lat="48.247246" lon="16.302233">
        <ele>377.322092</ele>
        <time>2026-05-03T17:07:36.813Z</time>
      </trkpt>
      <trkpt lat="48.247263" lon="16.302077">
        <ele>377.992225</ele>
        <time>2026-05-03T17:07:41.820Z</time>
      </trkpt>
      <trkpt lat="48.247276" lon="16.301923">
        <ele>378.650308</ele>
        <time>2026-05-03T17:07:46.830Z</time>
      </trkpt>
      <trkpt lat="48.247296" lon="16.301778">
        <ele>379.278059</ele>
        <time>2026-05-03T17:07:51.813Z</time>
      </trkpt>
      <trkpt lat="48.247315" lon="16.301628">
        <ele>379.925361</ele>
        <time>2026-05-03T17:07:56.822Z</time>
      </trkpt>
      <trkpt lat="48.247334" lon="16.301468">
        <ele>380.614355</ele>
        <time>2026-05-03T17:08:01.808Z</time>
      </trkpt>
      <trkpt lat="48.247346" lon="16.301317">
        <ele>381.259036</ele>
        <time>2026-05-03T17:08:06.826Z</time>
      </trkpt>
      <trkpt lat="48.247343" lon="16.301180">
        <ele>381.840139</ele>
        <time>2026-05-03T17:08:10.820Z</time>
      </trkpt>
      <trkpt lat="48.247327" lon="16.301035">
        <ele>382.463224</ele>
        <time>2026-05-03T17:08:14.821Z</time>
      </trkpt>
      <trkpt lat="48.247302" lon="16.300887">
        <ele>383.110516</ele>
        <time>2026-05-03T17:08:18.833Z</time>
      </trkpt>
      <trkpt lat="48.247276" lon="16.300730">
        <ele>383.796365</ele>
        <time>2026-05-03T17:08:22.854Z</time>
      </trkpt>
      <trkpt lat="48.247247" lon="16.300583">
        <ele>384.446319</ele>
        <time>2026-05-03T17:08:26.843Z</time>
      </trkpt>
      <trkpt lat="48.247213" lon="16.300443">
        <ele>385.078064</ele>
        <time>2026-05-03T17:08:30.845Z</time>
      </trkpt>
      <trkpt lat="48.247187" lon="16.300270">
        <ele>385.829916</ele>
        <time>2026-05-03T17:08:34.829Z</time>
      </trkpt>
      <trkpt lat="48.247156" lon="16.300136">
        <ele>386.431293</ele>
        <time>2026-05-03T17:08:37.873Z</time>
      </trkpt>
      <trkpt lat="48.247117" lon="16.299990">
        <ele>387.098178</ele>
        <time>2026-05-03T17:08:40.865Z</time>
      </trkpt>
      <trkpt lat="48.247078" lon="16.299854">
        <ele>387.725916</ele>
        <time>2026-05-03T17:08:43.849Z</time>
      </trkpt>
      <trkpt lat="48.247044" lon="16.299722">
        <ele>388.325913</ele>
        <time>2026-05-03T17:08:46.870Z</time>
      </trkpt>
      <trkpt lat="48.247015" lon="16.299566">
        <ele>389.265929</ele>
        <time>2026-05-03T17:08:50.866Z</time>
      </trkpt>
      <trkpt lat="48.246980" lon="16.299409">
        <ele>390.236553</ele>
        <time>2026-05-03T17:08:54.884Z</time>
      </trkpt>
      <trkpt lat="48.246955" lon="16.299247">
        <ele>391.211453</ele>
        <time>2026-05-03T17:08:58.855Z</time>
      </trkpt>
      <trkpt lat="48.246920" lon="16.299083">
        <ele>392.221077</ele>
        <time>2026-05-03T17:09:02.869Z</time>
      </trkpt>
      <trkpt lat="48.246888" lon="16.298935">
        <ele>393.133322</ele>
        <time>2026-05-03T17:09:06.871Z</time>
      </trkpt>
      <trkpt lat="48.246860" lon="16.298797">
        <ele>393.979074</ele>
        <time>2026-05-03T17:09:10.836Z</time>
      </trkpt>
      <trkpt lat="48.246840" lon="16.298662">
        <ele>394.789867</ele>
        <time>2026-05-03T17:09:14.867Z</time>
      </trkpt>
      <trkpt lat="48.246815" lon="16.298513">
        <ele>395.690688</ele>
        <time>2026-05-03T17:09:19.847Z</time>
      </trkpt>
      <trkpt lat="48.246806" lon="16.298370">
        <ele>396.532769</ele>
        <time>2026-05-03T17:09:24.926Z</time>
      </trkpt>
      <trkpt lat="48.246787" lon="16.298238">
        <ele>397.324497</ele>
        <time>2026-05-03T17:09:29.846Z</time>
      </trkpt>
      <trkpt lat="48.246765" lon="16.298089">
        <ele>398.219233</ele>
        <time>2026-05-03T17:09:34.855Z</time>
      </trkpt>
      <trkpt lat="48.246762" lon="16.297951">
        <ele>399.028697</ele>
        <time>2026-05-03T17:09:40.867Z</time>
      </trkpt>
      <trkpt lat="48.246747" lon="16.297814">
        <ele>399.842651</ele>
        <time>2026-05-03T17:09:46.875Z</time>
      </trkpt>
      <trkpt lat="48.246735" lon="16.297664">
        <ele>400.728358</ele>
        <time>2026-05-03T17:09:53.875Z</time>
      </trkpt>
      <trkpt lat="48.246741" lon="16.297517">
        <ele>401.591772</ele>
        <time>2026-05-03T17:09:59.887Z</time>
      </trkpt>
      <trkpt lat="48.246727" lon="16.297380">
        <ele>402.404345</ele>
        <time>2026-05-03T17:10:06.909Z</time>
      </trkpt>
      <trkpt lat="48.246706" lon="16.297231">
        <ele>403.297217</ele>
        <time>2026-05-03T17:10:14.888Z</time>
      </trkpt>
      <trkpt lat="48.246679" lon="16.297088">
        <ele>404.168611</ele>
        <time>2026-05-03T17:10:21.878Z</time>
      </trkpt>
      <trkpt lat="48.246652" lon="16.296946">
        <ele>405.169554</ele>
        <time>2026-05-03T17:10:27.865Z</time>
      </trkpt>
      <trkpt lat="48.246627" lon="16.296803">
        <ele>406.174327</ele>
        <time>2026-05-03T17:10:32.887Z</time>
      </trkpt>
      <trkpt lat="48.246604" lon="16.296662">
        <ele>407.160905</ele>
        <time>2026-05-03T17:10:38.877Z</time>
      </trkpt>
      <trkpt lat="48.246597" lon="16.296522">
        <ele>408.115035</ele>
        <time>2026-05-03T17:10:44.865Z</time>
      </trkpt>
      <trkpt lat="48.246589" lon="16.296370">
        <ele>409.151262</ele>
        <time>2026-05-03T17:10:51.838Z</time>
      </trkpt>
      <trkpt lat="48.246572" lon="16.296223">
        <ele>410.165240</ele>
        <time>2026-05-03T17:10:57.858Z</time>
      </trkpt>
      <trkpt lat="48.246561" lon="16.296075">
        <ele>411.177308</ele>
        <time>2026-05-03T17:11:03.867Z</time>
      </trkpt>
      <trkpt lat="48.246539" lon="16.295919">
        <ele>412.261012</ele>
        <time>2026-05-03T17:11:09.870Z</time>
      </trkpt>
      <trkpt lat="48.246546" lon="16.295776">
        <ele>413.235476</ele>
        <time>2026-05-03T17:11:14.860Z</time>
      </trkpt>
      <trkpt lat="48.246517" lon="16.295616">
        <ele>414.362408</ele>
        <time>2026-05-03T17:11:20.887Z</time>
      </trkpt>
      <trkpt lat="48.246484" lon="16.295477">
        <ele>415.365304</ele>
        <time>2026-05-03T17:11:26.855Z</time>
      </trkpt>
      <trkpt lat="48.246455" lon="16.295325">
        <ele>416.439873</ele>
        <time>2026-05-03T17:11:32.837Z</time>
      </trkpt>
      <trkpt lat="48.246382" lon="16.295157">
        <ele>417.803182</ele>
        <time>2026-05-03T17:13:42.883Z</time>
      </trkpt>
      <trkpt lat="48.246329" lon="16.295034">
        <ele>418.798837</ele>
        <time>2026-05-03T17:13:49.875Z</time>
      </trkpt>
      <trkpt lat="48.246284" lon="16.294900">
        <ele>419.818762</ele>
        <time>2026-05-03T17:14:01.853Z</time>
      </trkpt>
      <trkpt lat="48.246272" lon="16.294747">
        <ele>420.865757</ele>
        <time>2026-05-03T17:14:10.862Z</time>
      </trkpt>
      <trkpt lat="48.246286" lon="16.294614">
        <ele>421.780865</ele>
        <time>2026-05-03T17:14:18.875Z</time>
      </trkpt>
      <trkpt lat="48.246265" lon="16.294478">
        <ele>422.603934</ele>
        <time>2026-05-03T17:14:29.859Z</time>
      </trkpt>
      <trkpt lat="48.246218" lon="16.294346">
        <ele>422.941949</ele>
        <time>2026-05-03T17:14:36.848Z</time>
      </trkpt>
      <trkpt lat="48.246188" lon="16.294205">
        <ele>423.276211</ele>
        <time>2026-05-03T17:14:42.850Z</time>
      </trkpt>
      <trkpt lat="48.246154" lon="16.294050">
        <ele>423.644731</ele>
        <time>2026-05-03T17:14:48.875Z</time>
      </trkpt>
      <trkpt lat="48.246171" lon="16.293908">
        <ele>423.970536</ele>
        <time>2026-05-03T17:14:57.853Z</time>
      </trkpt>
      <trkpt lat="48.246147" lon="16.293760">
        <ele>424.314515</ele>
        <time>2026-05-03T17:15:05.878Z</time>
      </trkpt>
      <trkpt lat="48.246137" lon="16.293604">
        <ele>424.668422</ele>
        <time>2026-05-03T17:15:13.926Z</time>
      </trkpt>
      <trkpt lat="48.246099" lon="16.293462">
        <ele>425.014009</ele>
        <time>2026-05-03T17:15:20.885Z</time>
      </trkpt>
      <trkpt lat="48.246067" lon="16.293320">
        <ele>425.352536</ele>
        <time>2026-05-03T17:15:26.897Z</time>
      </trkpt>
      <trkpt lat="48.246050" lon="16.293178">
        <ele>425.678341</ele>
        <time>2026-05-03T17:15:31.874Z</time>
      </trkpt>
      <trkpt lat="48.246019" lon="16.293047">
        <ele>425.992288</ele>
        <time>2026-05-03T17:15:41.873Z</time>
      </trkpt>
      <trkpt lat="48.245965" lon="16.292932">
        <ele>426.310049</ele>
        <time>2026-05-03T17:15:47.886Z</time>
      </trkpt>
      <trkpt lat="48.245956" lon="16.292793">
        <ele>426.625420</ele>
        <time>2026-05-03T17:15:54.915Z</time>
      </trkpt>
      <trkpt lat="48.245950" lon="16.292622">
        <ele>427.012108</ele>
        <time>2026-05-03T17:16:01.865Z</time>
      </trkpt>
      <trkpt lat="48.245897" lon="16.292472">
        <ele>427.395566</ele>
        <time>2026-05-03T17:16:07.878Z</time>
      </trkpt>
      <trkpt lat="48.245853" lon="16.292348">
        <ele>427.712855</ele>
        <time>2026-05-03T17:16:16.856Z</time>
      </trkpt>
      <trkpt lat="48.245826" lon="16.292200">
        <ele>428.059384</ele>
        <time>2026-05-03T17:16:24.838Z</time>
      </trkpt>
      <trkpt lat="48.245817" lon="16.292064">
        <ele>428.368013</ele>
        <time>2026-05-03T17:16:31.836Z</time>
      </trkpt>
      <trkpt lat="48.245803" lon="16.291925">
        <ele>428.707675</ele>
        <time>2026-05-03T17:16:39.852Z</time>
      </trkpt>
      <trkpt lat="48.245794" lon="16.291787">
        <ele>429.175803</ele>
        <time>2026-05-03T17:16:48.863Z</time>
      </trkpt>
      <trkpt lat="48.245744" lon="16.291674">
        <ele>429.633835</ele>
        <time>2026-05-03T17:16:52.847Z</time>
      </trkpt>
      <trkpt lat="48.245707" lon="16.291543">
        <ele>430.114237</ele>
        <time>2026-05-03T17:16:59.852Z</time>
      </trkpt>
      <trkpt lat="48.245780" lon="16.291447">
        <ele>430.606179</ele>
        <time>2026-05-03T17:17:04.872Z</time>
      </trkpt>
      <trkpt lat="48.245763" lon="16.291275">
        <ele>431.193225</ele>
        <time>2026-05-03T17:17:15.866Z</time>
      </trkpt>
      <trkpt lat="48.245771" lon="16.291126">
        <ele>431.697893</ele>
        <time>2026-05-03T17:17:27.858Z</time>
      </trkpt>
      <trkpt lat="48.245781" lon="16.290978">
        <ele>432.200118</ele>
        <time>2026-05-03T17:17:36.865Z</time>
      </trkpt>
      <trkpt lat="48.245766" lon="16.290830">
        <ele>432.705532</ele>
        <time>2026-05-03T17:17:41.852Z</time>
      </trkpt>
      <trkpt lat="48.245729" lon="16.290695">
        <ele>433.198393</ele>
        <time>2026-05-03T17:17:49.912Z</time>
      </trkpt>
      <trkpt lat="48.245721" lon="16.290557">
        <ele>433.666055</ele>
        <time>2026-05-03T17:17:58.864Z</time>
      </trkpt>
      <trkpt lat="48.245794" lon="16.290472">
        <ele>434.134364</ele>
        <time>2026-05-03T17:18:05.853Z</time>
      </trkpt>
      <trkpt lat="48.245772" lon="16.290315">
        <ele>434.676016</ele>
        <time>2026-05-03T17:18:11.865Z</time>
      </trkpt>
      <trkpt lat="48.245765" lon="16.290145">
        <ele>435.251045</ele>
        <time>2026-05-03T17:18:20.885Z</time>
      </trkpt>
      <trkpt lat="48.245767" lon="16.289978">
        <ele>435.814942</ele>
        <time>2026-05-03T17:18:29.878Z</time>
      </trkpt>
      <trkpt lat="48.245759" lon="16.289839">
        <ele>436.285966</ele>
        <time>2026-05-03T17:18:35.911Z</time>
      </trkpt>
      <trkpt lat="48.245760" lon="16.289692">
        <ele>436.782276</ele>
        <time>2026-05-03T17:18:46.847Z</time>
      </trkpt>
      <trkpt lat="48.245742" lon="16.289556">
        <ele>437.250403</ele>
        <time>2026-05-03T17:18:52.871Z</time>
      </trkpt>
      <trkpt lat="48.245763" lon="16.289415">
        <ele>437.738191</ele>
        <time>2026-05-03T17:18:58.887Z</time>
      </trkpt>
      <trkpt lat="48.245770" lon="16.289279">
        <ele>437.318864</ele>
        <time>2026-05-03T17:19:09.865Z</time>
      </trkpt>
      <trkpt lat="48.245741" lon="16.289144">
        <ele>436.839162</ele>
        <time>2026-05-03T17:19:17.868Z</time>
      </trkpt>
      <trkpt lat="48.245742" lon="16.288987">
        <ele>436.308203</ele>
        <time>2026-05-03T17:19:26.836Z</time>
      </trkpt>
      <trkpt lat="48.245743" lon="16.288832">
        <ele>435.784007</ele>
        <time>2026-05-03T17:19:32.866Z</time>
      </trkpt>
      <trkpt lat="48.245805" lon="16.288710">
        <ele>435.265021</ele>
        <time>2026-05-03T17:19:41.875Z</time>
      </trkpt>
      <trkpt lat="48.245889" lon="16.288609">
        <ele>434.718559</ele>
        <time>2026-05-03T17:19:46.851Z</time>
      </trkpt>
      <trkpt lat="48.245962" lon="16.288487">
        <ele>434.163906</ele>
        <time>2026-05-03T17:19:50.846Z</time>
      </trkpt>
      <trkpt lat="48.246030" lon="16.288398">
        <ele>433.705835</ele>
        <time>2026-05-03T17:19:56.856Z</time>
      </trkpt>
      <trkpt lat="48.246033" lon="16.288203">
        <ele>433.046221</ele>
        <time>2026-05-03T17:19:58.874Z</time>
      </trkpt>
      <trkpt lat="48.246028" lon="16.288044">
        <ele>432.507926</ele>
        <time>2026-05-03T17:20:00.866Z</time>
      </trkpt>
      <trkpt lat="48.246055" lon="16.287912">
        <ele>432.040954</ele>
        <time>2026-05-03T17:20:03.833Z</time>
      </trkpt>
      <trkpt lat="48.246071" lon="16.287722">
        <ele>431.393308</ele>
        <time>2026-05-03T17:20:08.853Z</time>
      </trkpt>
      <trkpt lat="48.246099" lon="16.287447">
        <ele>430.452525</ele>
        <time>2026-05-03T17:20:15.885Z</time>
      </trkpt>
      <trkpt lat="48.246113" lon="16.287283">
        <ele>429.893383</ele>
        <time>2026-05-03T17:20:17.856Z</time>
      </trkpt>
      <trkpt lat="48.246116" lon="16.287138">
        <ele>429.402796</ele>
        <time>2026-05-03T17:20:20.841Z</time>
      </trkpt>
      <trkpt lat="48.246106" lon="16.287000">
        <ele>428.933363</ele>
        <time>2026-05-03T17:20:25.842Z</time>
      </trkpt>
      <trkpt lat="48.246098" lon="16.286848">
        <ele>428.057336</ele>
        <time>2026-05-03T17:20:31.877Z</time>
      </trkpt>
      <trkpt lat="48.246112" lon="16.286712">
        <ele>426.783934</ele>
        <time>2026-05-03T17:20:39.937Z</time>
      </trkpt>
      <trkpt lat="48.246163" lon="16.286530">
        <ele>424.956799</ele>
        <time>2026-05-03T17:20:58.900Z</time>
      </trkpt>
      <trkpt lat="48.246172" lon="16.286352">
        <ele>423.304965</ele>
        <time>2026-05-03T17:21:16.856Z</time>
      </trkpt>
      <trkpt lat="48.246205" lon="16.286208">
        <ele>421.895793</ele>
        <time>2026-05-03T17:21:22.867Z</time>
      </trkpt>
      <trkpt lat="48.246243" lon="16.286068">
        <ele>420.496851</ele>
        <time>2026-05-03T17:21:35.837Z</time>
      </trkpt>
      <trkpt lat="48.246272" lon="16.285930">
        <ele>419.157821</ele>
        <time>2026-05-03T17:21:45.881Z</time>
      </trkpt>
      <trkpt lat="48.246269" lon="16.285792">
        <ele>417.880183</ele>
        <time>2026-05-03T17:21:49.872Z</time>
      </trkpt>
      <trkpt lat="48.246283" lon="16.285647">
        <ele>416.524423</ele>
        <time>2026-05-03T17:21:55.868Z</time>
      </trkpt>
      <trkpt lat="48.246289" lon="16.285509">
        <ele>415.244747</ele>
        <time>2026-05-03T17:22:02.875Z</time>
      </trkpt>
      <trkpt lat="48.246284" lon="16.285329">
        <ele>413.577702</ele>
        <time>2026-05-03T17:22:11.850Z</time>
      </trkpt>
      <trkpt lat="48.246333" lon="16.285206">
        <ele>412.251435</ele>
        <time>2026-05-03T17:22:22.876Z</time>
      </trkpt>
      <trkpt lat="48.246383" lon="16.285087">
        <ele>410.949430</ele>
        <time>2026-05-03T17:22:38.861Z</time>
      </trkpt>
      <trkpt lat="48.246407" lon="16.284956">
        <ele>409.692212</ele>
        <time>2026-05-03T17:22:49.849Z</time>
      </trkpt>
      <trkpt lat="48.246499" lon="16.284971">
        <ele>408.406329</ele>
        <time>2026-05-03T17:23:01.850Z</time>
      </trkpt>
      <trkpt lat="48.246583" lon="16.285022">
        <ele>407.147330</ele>
        <time>2026-05-03T17:23:08.829Z</time>
      </trkpt>
      <trkpt lat="48.246674" lon="16.284988">
        <ele>405.844305</ele>
        <time>2026-05-03T17:23:15.880Z</time>
      </trkpt>
      <trkpt lat="48.246758" lon="16.285037">
        <ele>404.592126</ele>
        <time>2026-05-03T17:23:35.853Z</time>
      </trkpt>
      <trkpt lat="48.246853" lon="16.285048">
        <ele>403.578105</ele>
        <time>2026-05-03T17:23:39.936Z</time>
      </trkpt>
      <trkpt lat="48.246945" lon="16.285085">
        <ele>403.380281</ele>
        <time>2026-05-03T17:23:53.877Z</time>
      </trkpt>
      <trkpt lat="48.247022" lon="16.285178">
        <ele>403.175037</ele>
        <time>2026-05-03T17:23:59.889Z</time>
      </trkpt>
      <trkpt lat="48.247104" lon="16.285239">
        <ele>402.984965</ele>
        <time>2026-05-03T17:24:09.856Z</time>
      </trkpt>
      <trkpt lat="48.247187" lon="16.285355">
        <ele>402.749459</ele>
        <time>2026-05-03T17:24:19.876Z</time>
      </trkpt>
      <trkpt lat="48.247247" lon="16.285456">
        <ele>402.562252</ele>
        <time>2026-05-03T17:24:25.869Z</time>
      </trkpt>
      <trkpt lat="48.247306" lon="16.285562">
        <ele>402.371168</ele>
        <time>2026-05-03T17:24:34.854Z</time>
      </trkpt>
      <trkpt lat="48.247395" lon="16.285638">
        <ele>402.158512</ele>
        <time>2026-05-03T17:24:49.892Z</time>
      </trkpt>
      <trkpt lat="48.247440" lon="16.285756">
        <ele>401.970432</ele>
        <time>2026-05-03T17:25:00.854Z</time>
      </trkpt>
      <trkpt lat="48.247498" lon="16.285877">
        <ele>401.764223</ele>
        <time>2026-05-03T17:25:08.866Z</time>
      </trkpt>
      <trkpt lat="48.247579" lon="16.285961">
        <ele>401.559763</ele>
        <time>2026-05-03T17:25:18.834Z</time>
      </trkpt>
      <trkpt lat="48.247630" lon="16.286080">
        <ele>401.364028</ele>
        <time>2026-05-03T17:25:25.881Z</time>
      </trkpt>
      <trkpt lat="48.247680" lon="16.286202">
        <ele>401.165887</ele>
        <time>2026-05-03T17:25:33.880Z</time>
      </trkpt>
      <trkpt lat="48.247833" lon="16.286087">
        <ele>400.810513</ele>
        <time>2026-05-03T17:27:02.861Z</time>
      </trkpt>
      <trkpt lat="48.247912" lon="16.286005">
        <ele>400.611044</ele>
        <time>2026-05-03T17:27:08.830Z</time>
      </trkpt>
      <trkpt lat="48.247987" lon="16.285909">
        <ele>400.406354</ele>
        <time>2026-05-03T17:27:13.836Z</time>
      </trkpt>
      <trkpt lat="48.248054" lon="16.285801">
        <ele>400.202197</ele>
        <time>2026-05-03T17:27:16.839Z</time>
      </trkpt>
      <trkpt lat="48.248133" lon="16.285680">
        <ele>399.967818</ele>
        <time>2026-05-03T17:27:20.852Z</time>
      </trkpt>
      <trkpt lat="48.248202" lon="16.285592">
        <ele>399.330499</ele>
        <time>2026-05-03T17:27:24.834Z</time>
      </trkpt>
      <trkpt lat="48.248278" lon="16.285478">
        <ele>398.249888</ele>
        <time>2026-05-03T17:27:28.831Z</time>
      </trkpt>
      <trkpt lat="48.248349" lon="16.285366">
        <ele>397.214005</ele>
        <time>2026-05-03T17:27:32.845Z</time>
      </trkpt>
      <trkpt lat="48.248425" lon="16.285275">
        <ele>396.236184</ele>
        <time>2026-05-03T17:27:36.853Z</time>
      </trkpt>
      <trkpt lat="48.248496" lon="16.285182">
        <ele>395.288415</ele>
        <time>2026-05-03T17:27:39.831Z</time>
      </trkpt>
      <trkpt lat="48.248571" lon="16.285093">
        <ele>394.326804</ele>
        <time>2026-05-03T17:27:42.838Z</time>
      </trkpt>
      <trkpt lat="48.248672" lon="16.285059">
        <ele>393.285550</ele>
        <time>2026-05-03T17:27:46.864Z</time>
      </trkpt>
      <trkpt lat="48.248727" lon="16.285202">
        <ele>392.179315</ele>
        <time>2026-05-03T17:27:50.854Z</time>
      </trkpt>
      <trkpt lat="48.248778" lon="16.285338">
        <ele>391.133750</ele>
        <time>2026-05-03T17:27:54.831Z</time>
      </trkpt>
      <trkpt lat="48.248813" lon="16.285480">
        <ele>390.119450</ele>
        <time>2026-05-03T17:27:58.851Z</time>
      </trkpt>
      <trkpt lat="48.248873" lon="16.285595">
        <ele>389.140791</ele>
        <time>2026-05-03T17:28:03.840Z</time>
      </trkpt>
      <trkpt lat="48.248944" lon="16.285705">
        <ele>388.114576</ele>
        <time>2026-05-03T17:28:06.841Z</time>
      </trkpt>
      <trkpt lat="48.249025" lon="16.285819">
        <ele>386.997819</ele>
        <time>2026-05-03T17:28:08.868Z</time>
      </trkpt>
      <trkpt lat="48.249103" lon="16.285885">
        <ele>386.097172</ele>
        <time>2026-05-03T17:28:10.850Z</time>
      </trkpt>
      <trkpt lat="48.249199" lon="16.285966">
        <ele>384.989441</ele>
        <time>2026-05-03T17:28:14.856Z</time>
      </trkpt>
      <trkpt lat="48.249276" lon="16.286053">
        <ele>384.020083</ele>
        <time>2026-05-03T17:28:18.850Z</time>
      </trkpt>
      <trkpt lat="48.249361" lon="16.285987">
        <ele>383.057465</ele>
        <time>2026-05-03T17:28:26.848Z</time>
      </trkpt>
      <trkpt lat="48.249471" lon="16.286087">
        <ele>381.789279</ele>
        <time>2026-05-03T17:28:47.861Z</time>
      </trkpt>
      <trkpt lat="48.249539" lon="16.286203">
        <ele>381.430704</ele>
        <time>2026-05-03T17:28:52.854Z</time>
      </trkpt>
      <trkpt lat="48.249606" lon="16.286307">
        <ele>381.094959</ele>
        <time>2026-05-03T17:28:56.867Z</time>
      </trkpt>
      <trkpt lat="48.249663" lon="16.286436">
        <ele>380.735755</ele>
        <time>2026-05-03T17:29:01.910Z</time>
      </trkpt>
      <trkpt lat="48.249737" lon="16.286547">
        <ele>380.371326</ele>
        <time>2026-05-03T17:29:06.828Z</time>
      </trkpt>
      <trkpt lat="48.249799" lon="16.286652">
        <ele>380.045721</ele>
        <time>2026-05-03T17:29:10.874Z</time>
      </trkpt>
      <trkpt lat="48.249877" lon="16.286762">
        <ele>379.672893</ele>
        <time>2026-05-03T17:29:14.822Z</time>
      </trkpt>
      <trkpt lat="48.249951" lon="16.286886">
        <ele>379.286559</ele>
        <time>2026-05-03T17:29:19.921Z</time>
      </trkpt>
      <trkpt lat="48.250007" lon="16.287014">
        <ele>378.931213</ele>
        <time>2026-05-03T17:29:24.873Z</time>
      </trkpt>
      <trkpt lat="48.250066" lon="16.287171">
        <ele>378.512941</ele>
        <time>2026-05-03T17:29:29.871Z</time>
      </trkpt>
      <trkpt lat="48.250113" lon="16.287296">
        <ele>378.179879</ele>
        <time>2026-05-03T17:29:34.853Z</time>
      </trkpt>
      <trkpt lat="48.250144" lon="16.287433">
        <ele>377.844167</ele>
        <time>2026-05-03T17:29:38.872Z</time>
      </trkpt>
      <trkpt lat="48.250185" lon="16.287563">
        <ele>377.510425</ele>
        <time>2026-05-03T17:29:42.910Z</time>
      </trkpt>
      <trkpt lat="48.250273" lon="16.287796">
        <ele>376.888926</ele>
        <time>2026-05-03T17:30:28.868Z</time>
      </trkpt>
      <trkpt lat="48.250317" lon="16.287936">
        <ele>376.529743</ele>
        <time>2026-05-03T17:30:32.889Z</time>
      </trkpt>
      <trkpt lat="48.250366" lon="16.288099">
        <ele>376.114805</ele>
        <time>2026-05-03T17:30:36.869Z</time>
      </trkpt>
      <trkpt lat="48.250412" lon="16.288230">
        <ele>375.771194</ele>
        <time>2026-05-03T17:30:41.911Z</time>
      </trkpt>
      <trkpt lat="48.250475" lon="16.288369">
        <ele>375.574696</ele>
        <time>2026-05-03T17:30:45.833Z</time>
      </trkpt>
      <trkpt lat="48.250570" lon="16.288456">
        <ele>375.672742</ele>
        <time>2026-05-03T17:30:48.855Z</time>
      </trkpt>
      <trkpt lat="48.250658" lon="16.288521">
        <ele>375.759155</ele>
        <time>2026-05-03T17:30:50.868Z</time>
      </trkpt>
      <trkpt lat="48.250758" lon="16.288548">
        <ele>375.848684</ele>
        <time>2026-05-03T17:30:52.835Z</time>
      </trkpt>
      <trkpt lat="48.250857" lon="16.288503">
        <ele>375.939826</ele>
        <time>2026-05-03T17:30:55.863Z</time>
      </trkpt>
      <trkpt lat="48.250945" lon="16.288393">
        <ele>376.040714</ele>
        <time>2026-05-03T17:30:58.875Z</time>
      </trkpt>
      <trkpt lat="48.251006" lon="16.288269">
        <ele>376.131170</ele>
        <time>2026-05-03T17:31:01.871Z</time>
      </trkpt>
      <trkpt lat="48.251027" lon="16.288134">
        <ele>376.212512</ele>
        <time>2026-05-03T17:31:06.876Z</time>
      </trkpt>
      <trkpt lat="48.251059" lon="16.287979">
        <ele>376.307727</ele>
        <time>2026-05-03T17:31:10.861Z</time>
      </trkpt>
      <trkpt lat="48.251079" lon="16.287830">
        <ele>376.396909</ele>
        <time>2026-05-03T17:31:14.853Z</time>
      </trkpt>
      <trkpt lat="48.251106" lon="16.287697">
        <ele>376.478490</ele>
        <time>2026-05-03T17:31:19.872Z</time>
      </trkpt>
      <trkpt lat="48.251154" lon="16.287564">
        <ele>376.567251</ele>
        <time>2026-05-03T17:31:23.851Z</time>
      </trkpt>
      <trkpt lat="48.251211" lon="16.287421">
        <ele>376.665038</ele>
        <time>2026-05-03T17:31:27.850Z</time>
      </trkpt>
      <trkpt lat="48.251276" lon="16.287302">
        <ele>376.755345</ele>
        <time>2026-05-03T17:31:31.882Z</time>
      </trkpt>
      <trkpt lat="48.251343" lon="16.287181">
        <ele>376.847680</ele>
        <time>2026-05-03T17:31:35.875Z</time>
      </trkpt>
      <trkpt lat="48.251390" lon="16.287041">
        <ele>376.939671</ele>
        <time>2026-05-03T17:31:39.883Z</time>
      </trkpt>
      <trkpt lat="48.251426" lon="16.286897">
        <ele>377.029919</ele>
        <time>2026-05-03T17:31:44.837Z</time>
      </trkpt>
      <trkpt lat="48.251483" lon="16.286774">
        <ele>377.117844</ele>
        <time>2026-05-03T17:31:49.854Z</time>
      </trkpt>
      <trkpt lat="48.251551" lon="16.286658">
        <ele>377.846096</ele>
        <time>2026-05-03T17:31:53.878Z</time>
      </trkpt>
      <trkpt lat="48.251597" lon="16.286524">
        <ele>378.575261</ele>
        <time>2026-05-03T17:31:57.878Z</time>
      </trkpt>
      <trkpt lat="48.251670" lon="16.286398">
        <ele>379.383063</ele>
        <time>2026-05-03T17:32:01.870Z</time>
      </trkpt>
      <trkpt lat="48.251732" lon="16.286273">
        <ele>380.136935</ele>
        <time>2026-05-03T17:32:07.838Z</time>
      </trkpt>
      <trkpt lat="48.251720" lon="16.286137">
        <ele>380.800460</ele>
        <time>2026-05-03T17:33:28.859Z</time>
      </trkpt>
      <trkpt lat="48.251808" lon="16.286091">
        <ele>381.477276</ele>
        <time>2026-05-03T17:33:33.848Z</time>
      </trkpt>
      <trkpt lat="48.251903" lon="16.286036">
        <ele>382.216823</ele>
        <time>2026-05-03T17:33:37.858Z</time>
      </trkpt>
      <trkpt lat="48.251979" lon="16.285944">
        <ele>382.925865</ele>
        <time>2026-05-03T17:33:41.859Z</time>
      </trkpt>
      <trkpt lat="48.252055" lon="16.285859">
        <ele>383.614165</ele>
        <time>2026-05-03T17:33:45.821Z</time>
      </trkpt>
      <trkpt lat="48.252130" lon="16.285769">
        <ele>384.311486</ele>
        <time>2026-05-03T17:33:49.847Z</time>
      </trkpt>
      <trkpt lat="48.252232" lon="16.285670">
        <ele>385.193638</ele>
        <time>2026-05-03T17:33:55.834Z</time>
      </trkpt>
      <trkpt lat="48.252312" lon="16.285578">
        <ele>385.925526</ele>
        <time>2026-05-03T17:34:02.847Z</time>
      </trkpt>
      <trkpt lat="48.252390" lon="16.285496">
        <ele>386.617108</ele>
        <time>2026-05-03T17:34:06.847Z</time>
      </trkpt>
      <trkpt lat="48.252476" lon="16.285414">
        <ele>387.357045</ele>
        <time>2026-05-03T17:34:11.841Z</time>
      </trkpt>
      <trkpt lat="48.252556" lon="16.285314">
        <ele>388.113080</ele>
        <time>2026-05-03T17:34:17.834Z</time>
      </trkpt>
      <trkpt lat="48.252613" lon="16.285193">
        <ele>388.829948</ele>
        <time>2026-05-03T17:34:25.840Z</time>
      </trkpt>
      <trkpt lat="48.252703" lon="16.285119">
        <ele>389.575237</ele>
        <time>2026-05-03T17:34:32.848Z</time>
      </trkpt>
      <trkpt lat="48.252785" lon="16.285043">
        <ele>390.276411</ele>
        <time>2026-05-03T17:34:38.843Z</time>
      </trkpt>
      <trkpt lat="48.252872" lon="16.284970">
        <ele>391.010464</ele>
        <time>2026-05-03T17:34:44.848Z</time>
      </trkpt>
      <trkpt lat="48.252977" lon="16.284927">
        <ele>391.812106</ele>
        <time>2026-05-03T17:34:51.828Z</time>
      </trkpt>
      <trkpt lat="48.253054" lon="16.284849">
        <ele>392.496223</ele>
        <time>2026-05-03T17:34:58.831Z</time>
      </trkpt>
      <trkpt lat="48.253163" lon="16.284833">
        <ele>393.302917</ele>
        <time>2026-05-03T17:35:03.852Z</time>
      </trkpt>
      <trkpt lat="48.253252" lon="16.284820">
        <ele>393.961563</ele>
        <time>2026-05-03T17:35:07.845Z</time>
      </trkpt>
      <trkpt lat="48.253341" lon="16.284786">
        <ele>394.637991</ele>
        <time>2026-05-03T17:35:13.838Z</time>
      </trkpt>
      <trkpt lat="48.253420" lon="16.284721">
        <ele>395.301487</ele>
        <time>2026-05-03T17:35:19.829Z</time>
      </trkpt>
      <trkpt lat="48.253508" lon="16.284677">
        <ele>395.984651</ele>
        <time>2026-05-03T17:35:26.823Z</time>
      </trkpt>
      <trkpt lat="48.253606" lon="16.284726">
        <ele>396.745447</ele>
        <time>2026-05-03T17:35:37.831Z</time>
      </trkpt>
      <trkpt lat="48.253616" lon="16.284866">
        <ele>397.435999</ele>
        <time>2026-05-03T17:35:42.838Z</time>
      </trkpt>
      <trkpt lat="48.253633" lon="16.285004">
        <ele>398.124289</ele>
        <time>2026-05-03T17:35:47.838Z</time>
      </trkpt>
      <trkpt lat="48.253670" lon="16.285133">
        <ele>398.813157</ele>
        <time>2026-05-03T17:35:52.865Z</time>
      </trkpt>
      <trkpt lat="48.253707" lon="16.285260">
        <ele>399.493027</ele>
        <time>2026-05-03T17:35:58.836Z</time>
      </trkpt>
      <trkpt lat="48.253698" lon="16.285452">
        <ele>400.436996</ele>
        <time>2026-05-03T17:36:04.846Z</time>
      </trkpt>
      <trkpt lat="48.253694" lon="16.285587">
        <ele>401.099742</ele>
        <time>2026-05-03T17:36:07.850Z</time>
      </trkpt>
      <trkpt lat="48.253697" lon="16.285735">
        <ele>401.825925</ele>
        <time>2026-05-03T17:36:10.853Z</time>
      </trkpt>
      <trkpt lat="48.253752" lon="16.286432">
        <ele>402.412517</ele>
        <time>2026-05-03T17:38:46.845Z</time>
      </trkpt>
      <trkpt lat="48.253766" lon="16.286727">
        <ele>401.605190</ele>
        <time>2026-05-03T17:38:51.837Z</time>
      </trkpt>
      <trkpt lat="48.253789" lon="16.287053">
        <ele>400.710300</ele>
        <time>2026-05-03T17:38:56.844Z</time>
      </trkpt>
      <trkpt lat="48.253814" lon="16.287324">
        <ele>399.963464</ele>
        <time>2026-05-03T17:39:01.828Z</time>
      </trkpt>
      <trkpt lat="48.253834" lon="16.287699">
        <ele>398.936519</ele>
        <time>2026-05-03T17:39:03.847Z</time>
      </trkpt>
      <trkpt lat="48.253843" lon="16.287844">
        <ele>398.538986</ele>
        <time>2026-05-03T17:39:05.852Z</time>
      </trkpt>
      <trkpt lat="48.253851" lon="16.287999">
        <ele>398.114602</ele>
        <time>2026-05-03T17:39:08.849Z</time>
      </trkpt>
      <trkpt lat="48.253860" lon="16.288182">
        <ele>397.613692</ele>
        <time>2026-05-03T17:39:11.832Z</time>
      </trkpt>
      <trkpt lat="48.253865" lon="16.288360">
        <ele>397.127360</ele>
        <time>2026-05-03T17:39:14.839Z</time>
      </trkpt>
      <trkpt lat="48.253871" lon="16.288531">
        <ele>396.659921</ele>
        <time>2026-05-03T17:39:17.840Z</time>
      </trkpt>
      <trkpt lat="48.253895" lon="16.288708">
        <ele>396.166834</ele>
        <time>2026-05-03T17:39:20.831Z</time>
      </trkpt>
      <trkpt lat="48.253901" lon="16.288845">
        <ele>395.793445</ele>
        <time>2026-05-03T17:39:22.872Z</time>
      </trkpt>
      <trkpt lat="48.253918" lon="16.289048">
        <ele>395.237855</ele>
        <time>2026-05-03T17:39:24.832Z</time>
      </trkpt>
      <trkpt lat="48.253936" lon="16.289252">
        <ele>394.679049</ele>
        <time>2026-05-03T17:39:26.848Z</time>
      </trkpt>
      <trkpt lat="48.253964" lon="16.289446">
        <ele>394.140006</ele>
        <time>2026-05-03T17:39:28.839Z</time>
      </trkpt>
      <trkpt lat="48.253985" lon="16.289605">
        <ele>393.699829</ele>
        <time>2026-05-03T17:39:30.851Z</time>
      </trkpt>
      <trkpt lat="48.254004" lon="16.289796">
        <ele>393.175411</ele>
        <time>2026-05-03T17:39:33.860Z</time>
      </trkpt>
      <trkpt lat="48.254034" lon="16.289967">
        <ele>392.695212</ele>
        <time>2026-05-03T17:39:36.831Z</time>
      </trkpt>
      <trkpt lat="48.254041" lon="16.290144">
        <ele>392.213722</ele>
        <time>2026-05-03T17:39:39.852Z</time>
      </trkpt>
      <trkpt lat="48.254046" lon="16.290331">
        <ele>391.705514</ele>
        <time>2026-05-03T17:39:42.828Z</time>
      </trkpt>
      <trkpt lat="48.254061" lon="16.290467">
        <ele>391.331174</ele>
        <time>2026-05-03T17:39:44.851Z</time>
      </trkpt>
      <trkpt lat="48.254090" lon="16.290659">
        <ele>390.796552</ele>
        <time>2026-05-03T17:39:47.852Z</time>
      </trkpt>
      <trkpt lat="48.254112" lon="16.290795">
        <ele>390.416501</ele>
        <time>2026-05-03T17:39:49.846Z</time>
      </trkpt>
      <trkpt lat="48.254132" lon="16.290990">
        <ele>389.880734</ele>
        <time>2026-05-03T17:39:52.855Z</time>
      </trkpt>
      <trkpt lat="48.254147" lon="16.291130">
        <ele>389.495674</ele>
        <time>2026-05-03T17:39:54.822Z</time>
      </trkpt>
      <trkpt lat="48.254161" lon="16.291331">
        <ele>388.946882</ele>
        <time>2026-05-03T17:39:57.835Z</time>
      </trkpt>
      <trkpt lat="48.254182" lon="16.291523">
        <ele>389.344007</ele>
        <time>2026-05-03T17:40:00.850Z</time>
      </trkpt>
      <trkpt lat="48.254206" lon="16.291700">
        <ele>390.339427</ele>
        <time>2026-05-03T17:40:03.854Z</time>
      </trkpt>
      <trkpt lat="48.254297" lon="16.291810">
        <ele>391.306231</ele>
        <time>2026-05-03T17:40:06.853Z</time>
      </trkpt>
      <trkpt lat="48.254403" lon="16.291827">
        <ele>392.188530</ele>
        <time>2026-05-03T17:40:10.846Z</time>
      </trkpt>
      <trkpt lat="48.254503" lon="16.291787">
        <ele>393.045033</ele>
        <time>2026-05-03T17:40:17.829Z</time>
      </trkpt>
      <trkpt lat="48.254594" lon="16.291753">
        <ele>393.821152</ele>
        <time>2026-05-03T17:40:22.849Z</time>
      </trkpt>
      <trkpt lat="48.254688" lon="16.291695">
        <ele>394.662240</ele>
        <time>2026-05-03T17:40:28.847Z</time>
      </trkpt>
      <trkpt lat="48.254779" lon="16.291633">
        <ele>395.489276</ele>
        <time>2026-05-03T17:40:33.831Z</time>
      </trkpt>
      <trkpt lat="48.254888" lon="16.291611">
        <ele>396.399527</ele>
        <time>2026-05-03T17:40:40.850Z</time>
      </trkpt>
      <trkpt lat="48.254988" lon="16.291607">
        <ele>397.227473</ele>
        <time>2026-05-03T17:40:46.850Z</time>
      </trkpt>
      <trkpt lat="48.255087" lon="16.291570">
        <ele>398.071836</ele>
        <time>2026-05-03T17:40:52.833Z</time>
      </trkpt>
      <trkpt lat="48.255182" lon="16.291562">
        <ele>398.859341</ele>
        <time>2026-05-03T17:40:59.841Z</time>
      </trkpt>
      <trkpt lat="48.255270" lon="16.291517">
        <ele>399.628732</ele>
        <time>2026-05-03T17:41:10.838Z</time>
      </trkpt>
      <trkpt lat="48.255364" lon="16.291513">
        <ele>400.407038</ele>
        <time>2026-05-03T17:41:19.854Z</time>
      </trkpt>
      <trkpt lat="48.255462" lon="16.291435">
        <ele>401.324988</ele>
        <time>2026-05-03T17:41:29.827Z</time>
      </trkpt>
      <trkpt lat="48.255562" lon="16.291409">
        <ele>402.164951</ele>
        <time>2026-05-03T17:41:41.853Z</time>
      </trkpt>
      <trkpt lat="48.255659" lon="16.291407">
        <ele>402.967849</ele>
        <time>2026-05-03T17:41:51.840Z</time>
      </trkpt>
      <trkpt lat="48.255753" lon="16.291391">
        <ele>403.919140</ele>
        <time>2026-05-03T17:42:01.846Z</time>
      </trkpt>
      <trkpt lat="48.255852" lon="16.291376">
        <ele>405.730774</ele>
        <time>2026-05-03T17:42:13.845Z</time>
      </trkpt>
      <trkpt lat="48.255941" lon="16.291329">
        <ele>407.448434</ele>
        <time>2026-05-03T17:42:33.849Z</time>
      </trkpt>
      <trkpt lat="48.256025" lon="16.291275">
        <ele>409.112018</ele>
        <time>2026-05-03T17:42:43.830Z</time>
      </trkpt>
      <trkpt lat="48.256080" lon="16.291161">
        <ele>410.818623</ele>
        <time>2026-05-03T17:42:57.848Z</time>
      </trkpt>
      <trkpt lat="48.256154" lon="16.291083">
        <ele>412.464612</ele>
        <time>2026-05-03T17:43:08.850Z</time>
      </trkpt>
      <trkpt lat="48.256184" lon="16.290952">
        <ele>414.143930</ele>
        <time>2026-05-03T17:43:20.817Z</time>
      </trkpt>
      <trkpt lat="48.256179" lon="16.290796">
        <ele>416.037182</ele>
        <time>2026-05-03T17:43:31.863Z</time>
      </trkpt>
      <trkpt lat="48.256137" lon="16.290659">
        <ele>417.865517</ele>
        <time>2026-05-03T17:44:20.857Z</time>
      </trkpt>
      <trkpt lat="48.256128" lon="16.290517">
        <ele>419.594652</ele>
        <time>2026-05-03T17:44:27.830Z</time>
      </trkpt>
      <trkpt lat="48.256109" lon="16.290379">
        <ele>421.302909</ele>
        <time>2026-05-03T17:44:35.851Z</time>
      </trkpt>
      <trkpt lat="48.256127" lon="16.290242">
        <ele>422.995678</ele>
        <time>2026-05-03T17:44:44.818Z</time>
      </trkpt>
      <trkpt lat="48.256144" lon="16.290108">
        <ele>424.649279</ele>
        <time>2026-05-03T17:44:50.829Z</time>
      </trkpt>
      <trkpt lat="48.256133" lon="16.289963">
        <ele>426.418371</ele>
        <time>2026-05-03T17:44:56.830Z</time>
      </trkpt>
      <trkpt lat="48.256169" lon="16.289834">
        <ele>428.113944</ele>
        <time>2026-05-03T17:45:07.846Z</time>
      </trkpt>
      <trkpt lat="48.256240" lon="16.289748">
        <ele>429.774629</ele>
        <time>2026-05-03T17:45:15.857Z</time>
      </trkpt>
      <trkpt lat="48.256267" lon="16.289618">
        <ele>431.425405</ele>
        <time>2026-05-03T17:45:25.827Z</time>
      </trkpt>
      <trkpt lat="48.256294" lon="16.289475">
        <ele>433.227230</ele>
        <time>2026-05-03T17:45:36.854Z</time>
      </trkpt>
      <trkpt lat="48.256297" lon="16.289301">
        <ele>435.337194</ele>
        <time>2026-05-03T17:45:44.853Z</time>
      </trkpt>
      <trkpt lat="48.256321" lon="16.289155">
        <ele>437.124655</ele>
        <time>2026-05-03T17:46:31.834Z</time>
      </trkpt>
      <trkpt lat="48.256299" lon="16.289024">
        <ele>438.689854</ele>
        <time>2026-05-03T17:46:37.851Z</time>
      </trkpt>
      <trkpt lat="48.256344" lon="16.288893">
        <ele>440.397608</ele>
        <time>2026-05-03T17:46:48.843Z</time>
      </trkpt>
      <trkpt lat="48.256380" lon="16.288760">
        <ele>442.060907</ele>
        <time>2026-05-03T17:46:59.837Z</time>
      </trkpt>
      <trkpt lat="48.256429" lon="16.288630">
        <ele>443.791581</ele>
        <time>2026-05-03T17:47:12.849Z</time>
      </trkpt>
      <trkpt lat="48.256497" lon="16.288534">
        <ele>445.415458</ele>
        <time>2026-05-03T17:47:20.869Z</time>
      </trkpt>
      <trkpt lat="48.256579" lon="16.288456">
        <ele>447.104374</ele>
        <time>2026-05-03T17:47:30.864Z</time>
      </trkpt>
      <trkpt lat="48.256681" lon="16.288356">
        <ele>449.223865</ele>
        <time>2026-05-03T17:47:54.887Z</time>
      </trkpt>
      <trkpt lat="48.256737" lon="16.288245">
        <ele>450.837300</ele>
        <time>2026-05-03T17:48:04.859Z</time>
      </trkpt>
      <trkpt lat="48.256794" lon="16.288133">
        <ele>452.470491</ele>
        <time>2026-05-03T17:48:15.869Z</time>
      </trkpt>
      <trkpt lat="48.256851" lon="16.288011">
        <ele>454.197155</ele>
        <time>2026-05-03T17:48:25.873Z</time>
      </trkpt>
      <trkpt lat="48.256909" lon="16.287887">
        <ele>455.952780</ele>
        <time>2026-05-03T17:48:31.881Z</time>
      </trkpt>
      <trkpt lat="48.256987" lon="16.287789">
        <ele>457.722266</ele>
        <time>2026-05-03T17:48:41.858Z</time>
      </trkpt>
      <trkpt lat="48.257052" lon="16.287693">
        <ele>459.308502</ele>
        <time>2026-05-03T17:48:52.872Z</time>
      </trkpt>
      <trkpt lat="48.257118" lon="16.287602">
        <ele>460.867448</ele>
        <time>2026-05-03T17:49:03.854Z</time>
      </trkpt>
      <trkpt lat="48.257155" lon="16.287465">
        <ele>462.580207</ele>
        <time>2026-05-03T17:49:14.899Z</time>
      </trkpt>
      <trkpt lat="48.257191" lon="16.287334">
        <ele>464.222043</ele>
        <time>2026-05-03T17:49:21.899Z</time>
      </trkpt>
      <trkpt lat="48.257211" lon="16.287201">
        <ele>465.801663</ele>
        <time>2026-05-03T17:49:26.834Z</time>
      </trkpt>
      <trkpt lat="48.257242" lon="16.287066">
        <ele>467.456048</ele>
        <time>2026-05-03T17:49:34.833Z</time>
      </trkpt>
      <trkpt lat="48.257242" lon="16.286920">
        <ele>469.058103</ele>
        <time>2026-05-03T17:49:41.847Z</time>
      </trkpt>
      <trkpt lat="48.257300" lon="16.286815">
        <ele>470.544016</ele>
        <time>2026-05-03T17:49:53.864Z</time>
      </trkpt>
      <trkpt lat="48.257329" lon="16.286682">
        <ele>472.068241</ele>
        <time>2026-05-03T17:50:04.832Z</time>
      </trkpt>
      <trkpt lat="48.257383" lon="16.286565">
        <ele>473.618740</ele>
        <time>2026-05-03T17:50:12.863Z</time>
      </trkpt>
      <trkpt lat="48.257453" lon="16.286476">
        <ele>475.118996</ele>
        <time>2026-05-03T17:50:25.855Z</time>
      </trkpt>
      <trkpt lat="48.257521" lon="16.286378">
        <ele>476.660600</ele>
        <time>2026-05-03T17:50:34.831Z</time>
      </trkpt>
      <trkpt lat="48.257558" lon="16.286240">
        <ele>478.280864</ele>
        <time>2026-05-03T17:50:53.864Z</time>
      </trkpt>
      <trkpt lat="48.257608" lon="16.286117">
        <ele>479.850425</ele>
        <time>2026-05-03T17:51:04.857Z</time>
      </trkpt>
      <trkpt lat="48.257666" lon="16.286004">
        <ele>481.404382</ele>
        <time>2026-05-03T17:51:16.876Z</time>
      </trkpt>
      <trkpt lat="48.257724" lon="16.285897">
        <ele>482.907117</ele>
        <time>2026-05-03T17:51:31.906Z</time>
      </trkpt>
      <trkpt lat="48.257789" lon="16.285784">
        <ele>484.533516</ele>
        <time>2026-05-03T17:51:50.863Z</time>
      </trkpt>
      <trkpt lat="48.257873" lon="16.285698">
        <ele>486.196470</ele>
        <time>2026-05-03T17:52:03.872Z</time>
      </trkpt>
      <trkpt lat="48.257948" lon="16.285773">
        <ele>487.670383</ele>
        <time>2026-05-03T17:52:15.884Z</time>
      </trkpt>
      <trkpt lat="48.258012" lon="16.285874">
        <ele>489.188950</ele>
        <time>2026-05-03T17:52:29.860Z</time>
      </trkpt>
      <trkpt lat="48.258084" lon="16.285959">
        <ele>490.687012</ele>
        <time>2026-05-03T17:59:14.830Z</time>
      </trkpt>
      <trkpt lat="48.258147" lon="16.286059">
        <ele>492.186415</ele>
        <time>2026-05-03T17:59:23.875Z</time>
      </trkpt>
      <trkpt lat="48.258237" lon="16.286258">
        <ele>494.806472</ele>
        <time>2026-05-03T18:00:25.872Z</time>
      </trkpt>
      <trkpt lat="48.258276" lon="16.286414">
        <ele>496.621289</ele>
        <time>2026-05-03T18:00:30.861Z</time>
      </trkpt>
      <trkpt lat="48.258308" lon="16.286568">
        <ele>496.898888</ele>
        <time>2026-05-03T18:00:34.844Z</time>
      </trkpt>
      <trkpt lat="48.258339" lon="16.286742">
        <ele>496.628209</ele>
        <time>2026-05-03T18:00:38.863Z</time>
      </trkpt>
      <trkpt lat="48.258364" lon="16.286874">
        <ele>496.421975</ele>
        <time>2026-05-03T18:00:41.888Z</time>
      </trkpt>
      <trkpt lat="48.258386" lon="16.287015">
        <ele>496.204346</ele>
        <time>2026-05-03T18:00:44.858Z</time>
      </trkpt>
      <trkpt lat="48.258401" lon="16.287159">
        <ele>495.985318</ele>
        <time>2026-05-03T18:00:47.847Z</time>
      </trkpt>
      <trkpt lat="48.258406" lon="16.287299">
        <ele>495.774630</ele>
        <time>2026-05-03T18:00:50.876Z</time>
      </trkpt>
      <trkpt lat="48.258408" lon="16.287449">
        <ele>495.549172</ele>
        <time>2026-05-03T18:00:53.872Z</time>
      </trkpt>
      <trkpt lat="48.258402" lon="16.287596">
        <ele>495.327853</ele>
        <time>2026-05-03T18:00:56.865Z</time>
      </trkpt>
      <trkpt lat="48.258400" lon="16.287763">
        <ele>495.076853</ele>
        <time>2026-05-03T18:00:59.867Z</time>
      </trkpt>
      <trkpt lat="48.258398" lon="16.287916">
        <ele>494.846888</ele>
        <time>2026-05-03T18:01:02.865Z</time>
      </trkpt>
      <trkpt lat="48.258387" lon="16.288094">
        <ele>494.578249</ele>
        <time>2026-05-03T18:01:05.858Z</time>
      </trkpt>
      <trkpt lat="48.258325" lon="16.288278">
        <ele>494.268346</ele>
        <time>2026-05-03T18:01:08.877Z</time>
      </trkpt>
      <trkpt lat="48.258278" lon="16.288415">
        <ele>494.036743</ele>
        <time>2026-05-03T18:01:10.859Z</time>
      </trkpt>
      <trkpt lat="48.258233" lon="16.288586">
        <ele>493.760426</ele>
        <time>2026-05-03T18:01:12.856Z</time>
      </trkpt>
      <trkpt lat="48.258218" lon="16.288772">
        <ele>493.478871</ele>
        <time>2026-05-03T18:01:14.858Z</time>
      </trkpt>
      <trkpt lat="48.258216" lon="16.288964">
        <ele>493.190306</ele>
        <time>2026-05-03T18:01:16.850Z</time>
      </trkpt>
      <trkpt lat="48.258240" lon="16.289161">
        <ele>492.853111</ele>
        <time>2026-05-03T18:01:18.857Z</time>
      </trkpt>
      <trkpt lat="48.258269" lon="16.289341">
        <ele>492.496695</ele>
        <time>2026-05-03T18:01:20.854Z</time>
      </trkpt>
      <trkpt lat="48.258295" lon="16.289518">
        <ele>492.147858</ele>
        <time>2026-05-03T18:01:22.865Z</time>
      </trkpt>
      <trkpt lat="48.258267" lon="16.289693">
        <ele>491.801474</ele>
        <time>2026-05-03T18:01:24.904Z</time>
      </trkpt>
      <trkpt lat="48.258233" lon="16.289878">
        <ele>491.432118</ele>
        <time>2026-05-03T18:01:26.868Z</time>
      </trkpt>
      <trkpt lat="48.258197" lon="16.290070">
        <ele>491.048231</ele>
        <time>2026-05-03T18:01:28.881Z</time>
      </trkpt>
      <trkpt lat="48.258170" lon="16.290264">
        <ele>490.666799</ele>
        <time>2026-05-03T18:01:30.910Z</time>
      </trkpt>
      <trkpt lat="48.258142" lon="16.290456">
        <ele>490.288525</ele>
        <time>2026-05-03T18:01:32.850Z</time>
      </trkpt>
      <trkpt lat="48.258124" lon="16.290646">
        <ele>489.919178</ele>
        <time>2026-05-03T18:01:34.854Z</time>
      </trkpt>
      <trkpt lat="48.258102" lon="16.290831">
        <ele>489.557502</ele>
        <time>2026-05-03T18:01:36.898Z</time>
      </trkpt>
      <trkpt lat="48.258081" lon="16.291012">
        <ele>489.203908</ele>
        <time>2026-05-03T18:01:38.871Z</time>
      </trkpt>
      <trkpt lat="48.258065" lon="16.291189">
        <ele>488.860138</ele>
        <time>2026-05-03T18:01:40.854Z</time>
      </trkpt>
      <trkpt lat="48.258062" lon="16.291365">
        <ele>488.521306</ele>
        <time>2026-05-03T18:01:42.907Z</time>
      </trkpt>
      <trkpt lat="48.258079" lon="16.291544">
        <ele>488.173324</ele>
        <time>2026-05-03T18:01:44.857Z</time>
      </trkpt>
      <trkpt lat="48.258128" lon="16.291715">
        <ele>487.813380</ele>
        <time>2026-05-03T18:01:46.877Z</time>
      </trkpt>
      <trkpt lat="48.258202" lon="16.291861">
        <ele>487.317509</ele>
        <time>2026-05-03T18:01:48.910Z</time>
      </trkpt>
      <trkpt lat="48.258305" lon="16.291971">
        <ele>486.804524</ele>
        <time>2026-05-03T18:01:50.870Z</time>
      </trkpt>
      <trkpt lat="48.258429" lon="16.292016">
        <ele>486.286724</ele>
        <time>2026-05-03T18:01:52.890Z</time>
      </trkpt>
      <trkpt lat="48.258565" lon="16.292009">
        <ele>485.734375</ele>
        <time>2026-05-03T18:01:54.826Z</time>
      </trkpt>
      <trkpt lat="48.258700" lon="16.291936">
        <ele>485.151981</ele>
        <time>2026-05-03T18:01:56.864Z</time>
      </trkpt>
      <trkpt lat="48.258784" lon="16.291814">
        <ele>484.677697</ele>
        <time>2026-05-03T18:01:58.882Z</time>
      </trkpt>
      <trkpt lat="48.258835" lon="16.291637">
        <ele>484.156507</ele>
        <time>2026-05-03T18:02:00.852Z</time>
      </trkpt>
      <trkpt lat="48.258862" lon="16.291464">
        <ele>483.676326</ele>
        <time>2026-05-03T18:02:02.875Z</time>
      </trkpt>
      <trkpt lat="48.258891" lon="16.291313">
        <ele>483.251633</ele>
        <time>2026-05-03T18:02:04.862Z</time>
      </trkpt>
      <trkpt lat="48.258936" lon="16.291184">
        <ele>482.858076</ele>
        <time>2026-05-03T18:02:06.864Z</time>
      </trkpt>
      <trkpt lat="48.258987" lon="16.291064">
        <ele>482.473354</ele>
        <time>2026-05-03T18:02:08.862Z</time>
      </trkpt>
      <trkpt lat="48.259030" lon="16.290923">
        <ele>482.054251</ele>
        <time>2026-05-03T18:02:10.944Z</time>
      </trkpt>
      <trkpt lat="48.259083" lon="16.290769">
        <ele>481.585775</ele>
        <time>2026-05-03T18:02:12.863Z</time>
      </trkpt>
      <trkpt lat="48.259143" lon="16.290609">
        <ele>481.089530</ele>
        <time>2026-05-03T18:02:14.863Z</time>
      </trkpt>
      <trkpt lat="48.259202" lon="16.290446">
        <ele>480.588158</ele>
        <time>2026-05-03T18:02:16.896Z</time>
      </trkpt>
      <trkpt lat="48.259253" lon="16.290293">
        <ele>479.892166</ele>
        <time>2026-05-03T18:02:18.868Z</time>
      </trkpt>
      <trkpt lat="48.259296" lon="16.290151">
        <ele>479.219808</ele>
        <time>2026-05-03T18:02:20.851Z</time>
      </trkpt>
      <trkpt lat="48.259347" lon="16.289992">
        <ele>478.459127</ele>
        <time>2026-05-03T18:02:22.838Z</time>
      </trkpt>
      <trkpt lat="48.259426" lon="16.289841">
        <ele>477.631407</ele>
        <time>2026-05-03T18:02:24.865Z</time>
      </trkpt>
      <trkpt lat="48.259490" lon="16.289673">
        <ele>476.797165</ele>
        <time>2026-05-03T18:02:26.866Z</time>
      </trkpt>
      <trkpt lat="48.259554" lon="16.289509">
        <ele>475.977843</ele>
        <time>2026-05-03T18:02:28.846Z</time>
      </trkpt>
      <trkpt lat="48.259644" lon="16.289347">
        <ele>475.068455</ele>
        <time>2026-05-03T18:02:30.858Z</time>
      </trkpt>
      <trkpt lat="48.259714" lon="16.289147">
        <ele>474.094596</ele>
        <time>2026-05-03T18:02:32.871Z</time>
      </trkpt>
      <trkpt lat="48.259802" lon="16.288961">
        <ele>473.111128</ele>
        <time>2026-05-03T18:02:34.857Z</time>
      </trkpt>
      <trkpt lat="48.259902" lon="16.288815">
        <ele>472.208317</ele>
        <time>2026-05-03T18:02:36.856Z</time>
      </trkpt>
      <trkpt lat="48.260008" lon="16.288717">
        <ele>471.402520</ele>
        <time>2026-05-03T18:02:38.860Z</time>
      </trkpt>
      <trkpt lat="48.260114" lon="16.288648">
        <ele>470.654626</ele>
        <time>2026-05-03T18:02:40.870Z</time>
      </trkpt>
      <trkpt lat="48.260244" lon="16.288636">
        <ele>469.811440</ele>
        <time>2026-05-03T18:02:42.852Z</time>
      </trkpt>
      <trkpt lat="48.260359" lon="16.288671">
        <ele>469.051820</ele>
        <time>2026-05-03T18:02:44.875Z</time>
      </trkpt>
      <trkpt lat="48.260457" lon="16.288734">
        <ele>468.491594</ele>
        <time>2026-05-03T18:02:46.874Z</time>
      </trkpt>
      <trkpt lat="48.260553" lon="16.288822">
        <ele>467.947982</ele>
        <time>2026-05-03T18:02:48.877Z</time>
      </trkpt>
      <trkpt lat="48.260647" lon="16.288917">
        <ele>467.400349</ele>
        <time>2026-05-03T18:02:50.858Z</time>
      </trkpt>
      <trkpt lat="48.260726" lon="16.289035">
        <ele>466.861831</ele>
        <time>2026-05-03T18:02:52.877Z</time>
      </trkpt>
      <trkpt lat="48.260810" lon="16.289151">
        <ele>466.310291</ele>
        <time>2026-05-03T18:02:54.868Z</time>
      </trkpt>
      <trkpt lat="48.260871" lon="16.289286">
        <ele>465.785257</ele>
        <time>2026-05-03T18:02:56.861Z</time>
      </trkpt>
      <trkpt lat="48.260911" lon="16.289426">
        <ele>465.295008</ele>
        <time>2026-05-03T18:02:58.875Z</time>
      </trkpt>
      <trkpt lat="48.260943" lon="16.289593">
        <ele>464.735795</ele>
        <time>2026-05-03T18:03:00.887Z</time>
      </trkpt>
      <trkpt lat="48.260994" lon="16.289753">
        <ele>464.164952</ele>
        <time>2026-05-03T18:03:02.848Z</time>
      </trkpt>
      <trkpt lat="48.261052" lon="16.289899">
        <ele>463.617845</ele>
        <time>2026-05-03T18:03:04.877Z</time>
      </trkpt>
      <trkpt lat="48.261087" lon="16.290053">
        <ele>463.094202</ele>
        <time>2026-05-03T18:03:06.858Z</time>
      </trkpt>
      <trkpt lat="48.261137" lon="16.290205">
        <ele>462.548625</ele>
        <time>2026-05-03T18:03:08.866Z</time>
      </trkpt>
      <trkpt lat="48.261207" lon="16.290406">
        <ele>461.818667</ele>
        <time>2026-05-03T18:03:10.855Z</time>
      </trkpt>
      <trkpt lat="48.261259" lon="16.290573">
        <ele>461.225398</ele>
        <time>2026-05-03T18:03:12.865Z</time>
      </trkpt>
      <trkpt lat="48.261289" lon="16.290707">
        <ele>460.770467</ele>
        <time>2026-05-03T18:03:14.867Z</time>
      </trkpt>
      <trkpt lat="48.261337" lon="16.290906">
        <ele>460.009897</ele>
        <time>2026-05-03T18:03:16.850Z</time>
      </trkpt>
      <trkpt lat="48.261373" lon="16.291074">
        <ele>458.945845</ele>
        <time>2026-05-03T18:03:18.859Z</time>
      </trkpt>
      <trkpt lat="48.261414" lon="16.291228">
        <ele>457.945886</ele>
        <time>2026-05-03T18:03:20.870Z</time>
      </trkpt>
      <trkpt lat="48.261469" lon="16.291405">
        <ele>456.768232</ele>
        <time>2026-05-03T18:03:22.862Z</time>
      </trkpt>
      <trkpt lat="48.261558" lon="16.291589">
        <ele>455.397006</ele>
        <time>2026-05-03T18:03:24.865Z</time>
      </trkpt>
      <trkpt lat="48.261629" lon="16.291764">
        <ele>454.161443</ele>
        <time>2026-05-03T18:03:26.900Z</time>
      </trkpt>
      <trkpt lat="48.261684" lon="16.291959">
        <ele>452.884631</ele>
        <time>2026-05-03T18:03:28.838Z</time>
      </trkpt>
      <trkpt lat="48.261749" lon="16.292130">
        <ele>451.697459</ele>
        <time>2026-05-03T18:03:30.871Z</time>
      </trkpt>
      <trkpt lat="48.261823" lon="16.292280">
        <ele>450.571869</ele>
        <time>2026-05-03T18:03:32.834Z</time>
      </trkpt>
      <trkpt lat="48.261885" lon="16.292433">
        <ele>449.491989</ele>
        <time>2026-05-03T18:03:34.848Z</time>
      </trkpt>
      <trkpt lat="48.261956" lon="16.292584">
        <ele>448.377444</ele>
        <time>2026-05-03T18:03:36.848Z</time>
      </trkpt>
      <trkpt lat="48.262030" lon="16.292736">
        <ele>447.242147</ele>
        <time>2026-05-03T18:03:38.825Z</time>
      </trkpt>
      <trkpt lat="48.262096" lon="16.292880">
        <ele>446.188122</ele>
        <time>2026-05-03T18:03:40.870Z</time>
      </trkpt>
      <trkpt lat="48.262187" lon="16.293064">
        <ele>444.806182</ele>
        <time>2026-05-03T18:03:42.864Z</time>
      </trkpt>
      <trkpt lat="48.262270" lon="16.293275">
        <ele>443.600487</ele>
        <time>2026-05-03T18:03:44.883Z</time>
      </trkpt>
      <trkpt lat="48.262349" lon="16.293472">
        <ele>442.883692</ele>
        <time>2026-05-03T18:03:46.854Z</time>
      </trkpt>
      <trkpt lat="48.262426" lon="16.293652">
        <ele>442.216836</ele>
        <time>2026-05-03T18:03:48.856Z</time>
      </trkpt>
      <trkpt lat="48.262512" lon="16.293806">
        <ele>441.590343</ele>
        <time>2026-05-03T18:03:50.854Z</time>
      </trkpt>
      <trkpt lat="48.262584" lon="16.293974">
        <ele>440.967608</ele>
        <time>2026-05-03T18:03:52.876Z</time>
      </trkpt>
      <trkpt lat="48.262649" lon="16.294152">
        <ele>440.334845</ele>
        <time>2026-05-03T18:03:54.861Z</time>
      </trkpt>
      <trkpt lat="48.262727" lon="16.294311">
        <ele>439.719267</ele>
        <time>2026-05-03T18:03:56.857Z</time>
      </trkpt>
      <trkpt lat="48.262817" lon="16.294465">
        <ele>439.080579</ele>
        <time>2026-05-03T18:03:58.866Z</time>
      </trkpt>
      <trkpt lat="48.262901" lon="16.294615">
        <ele>438.469657</ele>
        <time>2026-05-03T18:04:00.850Z</time>
      </trkpt>
      <trkpt lat="48.262981" lon="16.294780">
        <ele>437.833462</ele>
        <time>2026-05-03T18:04:02.855Z</time>
      </trkpt>
      <trkpt lat="48.263060" lon="16.294953">
        <ele>437.179608</ele>
        <time>2026-05-03T18:04:04.849Z</time>
      </trkpt>
      <trkpt lat="48.263147" lon="16.295123">
        <ele>436.511299</ele>
        <time>2026-05-03T18:04:06.846Z</time>
      </trkpt>
      <trkpt lat="48.263265" lon="16.295273">
        <ele>435.787585</ele>
        <time>2026-05-03T18:04:08.852Z</time>
      </trkpt>
      <trkpt lat="48.263395" lon="16.295410">
        <ele>435.430855</ele>
        <time>2026-05-03T18:04:10.844Z</time>
      </trkpt>
      <trkpt lat="48.263531" lon="16.295511">
        <ele>435.364625</ele>
        <time>2026-05-03T18:04:12.846Z</time>
      </trkpt>
      <trkpt lat="48.263658" lon="16.295567">
        <ele>435.306843</ele>
        <time>2026-05-03T18:04:14.854Z</time>
      </trkpt>
      <trkpt lat="48.263773" lon="16.295592">
        <ele>435.256117</ele>
        <time>2026-05-03T18:04:16.866Z</time>
      </trkpt>
      <trkpt lat="48.263867" lon="16.295589">
        <ele>435.215072</ele>
        <time>2026-05-03T18:04:18.885Z</time>
      </trkpt>
      <trkpt lat="48.263986" lon="16.295549">
        <ele>435.161838</ele>
        <time>2026-05-03T18:04:21.855Z</time>
      </trkpt>
      <trkpt lat="48.264094" lon="16.295510">
        <ele>435.113348</ele>
        <time>2026-05-03T18:04:24.861Z</time>
      </trkpt>
      <trkpt lat="48.264197" lon="16.295498">
        <ele>435.068248</ele>
        <time>2026-05-03T18:04:27.837Z</time>
      </trkpt>
      <trkpt lat="48.264307" lon="16.295441">
        <ele>435.017451</ele>
        <time>2026-05-03T18:04:30.882Z</time>
      </trkpt>
      <trkpt lat="48.264390" lon="16.295365">
        <ele>434.975016</ele>
        <time>2026-05-03T18:04:33.854Z</time>
      </trkpt>
      <trkpt lat="48.264484" lon="16.295260">
        <ele>434.923879</ele>
        <time>2026-05-03T18:04:37.843Z</time>
      </trkpt>
      <trkpt lat="48.264548" lon="16.295157">
        <ele>434.882933</ele>
        <time>2026-05-03T18:04:40.847Z</time>
      </trkpt>
      <trkpt lat="48.264611" lon="16.295039">
        <ele>434.838975</ele>
        <time>2026-05-03T18:04:43.839Z</time>
      </trkpt>
      <trkpt lat="48.264682" lon="16.294929">
        <ele>434.794449</ele>
        <time>2026-05-03T18:04:46.854Z</time>
      </trkpt>
      <trkpt lat="48.264733" lon="16.294796">
        <ele>434.749845</ele>
        <time>2026-05-03T18:04:49.905Z</time>
      </trkpt>
      <trkpt lat="48.264797" lon="16.294647">
        <ele>434.698313</ele>
        <time>2026-05-03T18:04:53.836Z</time>
      </trkpt>
      <trkpt lat="48.264876" lon="16.294532">
        <ele>434.700332</ele>
        <time>2026-05-03T18:04:56.851Z</time>
      </trkpt>
      <trkpt lat="48.264929" lon="16.294412">
        <ele>434.718084</ele>
        <time>2026-05-03T18:04:59.878Z</time>
      </trkpt>
      <trkpt lat="48.265000" lon="16.294297">
        <ele>434.737419</ele>
        <time>2026-05-03T18:05:02.862Z</time>
      </trkpt>
      <trkpt lat="48.265076" lon="16.294186">
        <ele>434.757048</ele>
        <time>2026-05-03T18:05:05.862Z</time>
      </trkpt>
      <trkpt lat="48.265165" lon="16.294101">
        <ele>434.776578</ele>
        <time>2026-05-03T18:05:08.873Z</time>
      </trkpt>
      <trkpt lat="48.265264" lon="16.294034">
        <ele>434.796685</ele>
        <time>2026-05-03T18:05:11.851Z</time>
      </trkpt>
      <trkpt lat="48.265360" lon="16.293966">
        <ele>434.816339</ele>
        <time>2026-05-03T18:05:14.869Z</time>
      </trkpt>
      <trkpt lat="48.265480" lon="16.293963">
        <ele>434.838564</ele>
        <time>2026-05-03T18:05:17.848Z</time>
      </trkpt>
      <trkpt lat="48.265572" lon="16.293978">
        <ele>434.855700</ele>
        <time>2026-05-03T18:05:19.881Z</time>
      </trkpt>
      <trkpt lat="48.265697" lon="16.294022">
        <ele>434.879474</ele>
        <time>2026-05-03T18:05:22.867Z</time>
      </trkpt>
      <trkpt lat="48.265803" lon="16.294075">
        <ele>434.900162</ele>
        <time>2026-05-03T18:05:25.897Z</time>
      </trkpt>
      <trkpt lat="48.265907" lon="16.294153">
        <ele>434.921687</ele>
        <time>2026-05-03T18:05:28.863Z</time>
      </trkpt>
      <trkpt lat="48.265999" lon="16.294254">
        <ele>434.942788</ele>
        <time>2026-05-03T18:05:31.851Z</time>
      </trkpt>
      <trkpt lat="48.266075" lon="16.294379">
        <ele>434.963657</ele>
        <time>2026-05-03T18:05:34.836Z</time>
      </trkpt>
      <trkpt lat="48.266139" lon="16.294528">
        <ele>434.985515</ele>
        <time>2026-05-03T18:05:37.904Z</time>
      </trkpt>
      <trkpt lat="48.266192" lon="16.294673">
        <ele>435.005907</ele>
        <time>2026-05-03T18:05:40.867Z</time>
      </trkpt>
      <trkpt lat="48.266232" lon="16.294800">
        <ele>434.940040</ele>
        <time>2026-05-03T18:05:43.897Z</time>
      </trkpt>
      <trkpt lat="48.266268" lon="16.294927">
        <ele>434.657675</ele>
        <time>2026-05-03T18:05:46.876Z</time>
      </trkpt>
      <trkpt lat="48.266350" lon="16.295017">
        <ele>434.345600</ele>
        <time>2026-05-03T18:05:54.862Z</time>
      </trkpt>
      <trkpt lat="48.266285" lon="16.294843">
        <ele>433.937449</ele>
        <time>2026-05-03T18:06:01.891Z</time>
      </trkpt>
      <trkpt lat="48.266213" lon="16.294680">
        <ele>433.537285</ele>
        <time>2026-05-03T18:06:04.863Z</time>
      </trkpt>
      <trkpt lat="48.266184" lon="16.294504">
        <ele>433.166393</ele>
        <time>2026-05-03T18:06:07.851Z</time>
      </trkpt>
      <trkpt lat="48.266116" lon="16.294349">
        <ele>432.786658</ele>
        <time>2026-05-03T18:06:10.848Z</time>
      </trkpt>
      <trkpt lat="48.266016" lon="16.294209">
        <ele>432.366599</ele>
        <time>2026-05-03T18:06:13.848Z</time>
      </trkpt>
      <trkpt lat="48.265915" lon="16.294106">
        <ele>431.991466</ele>
        <time>2026-05-03T18:06:16.877Z</time>
      </trkpt>
      <trkpt lat="48.265793" lon="16.294026">
        <ele>431.582400</ele>
        <time>2026-05-03T18:06:19.862Z</time>
      </trkpt>
      <trkpt lat="48.265673" lon="16.293978">
        <ele>431.200792</ele>
        <time>2026-05-03T18:06:22.844Z</time>
      </trkpt>
      <trkpt lat="48.265557" lon="16.293954">
        <ele>430.840959</ele>
        <time>2026-05-03T18:06:25.877Z</time>
      </trkpt>
      <trkpt lat="48.265420" lon="16.293957">
        <ele>430.419914</ele>
        <time>2026-05-03T18:06:28.849Z</time>
      </trkpt>
      <trkpt lat="48.265299" lon="16.293991">
        <ele>430.041633</ele>
        <time>2026-05-03T18:06:31.860Z</time>
      </trkpt>
      <trkpt lat="48.265184" lon="16.294034">
        <ele>429.677456</ele>
        <time>2026-05-03T18:06:34.856Z</time>
      </trkpt>
      <trkpt lat="48.265083" lon="16.294104">
        <ele>429.490108</ele>
        <time>2026-05-03T18:06:37.862Z</time>
      </trkpt>
      <trkpt lat="48.265002" lon="16.294204">
        <ele>429.487692</ele>
        <time>2026-05-03T18:06:41.864Z</time>
      </trkpt>
      <trkpt lat="48.264908" lon="16.294290">
        <ele>429.485156</ele>
        <time>2026-05-03T18:06:45.857Z</time>
      </trkpt>
      <trkpt lat="48.264804" lon="16.294293">
        <ele>429.482759</ele>
        <time>2026-05-03T18:06:49.853Z</time>
      </trkpt>
      <trkpt lat="48.264696" lon="16.294331">
        <ele>429.480203</ele>
        <time>2026-05-03T18:06:52.857Z</time>
      </trkpt>
      <trkpt lat="48.264616" lon="16.294395">
        <ele>429.478114</ele>
        <time>2026-05-03T18:06:54.847Z</time>
      </trkpt>
      <trkpt lat="48.264532" lon="16.294508">
        <ele>429.475516</ele>
        <time>2026-05-03T18:06:57.883Z</time>
      </trkpt>
      <trkpt lat="48.264451" lon="16.294567">
        <ele>429.473442</ele>
        <time>2026-05-03T18:07:00.848Z</time>
      </trkpt>
      <trkpt lat="48.264351" lon="16.294691">
        <ele>429.470454</ele>
        <time>2026-05-03T18:07:03.848Z</time>
      </trkpt>
      <trkpt lat="48.264244" lon="16.294783">
        <ele>429.467613</ele>
        <time>2026-05-03T18:07:06.864Z</time>
      </trkpt>
      <trkpt lat="48.264180" lon="16.294887">
        <ele>429.465440</ele>
        <time>2026-05-03T18:07:08.851Z</time>
      </trkpt>
      <trkpt lat="48.264111" lon="16.294973">
        <ele>429.463374</ele>
        <time>2026-05-03T18:07:10.849Z</time>
      </trkpt>
      <trkpt lat="48.264022" lon="16.295061">
        <ele>429.460919</ele>
        <time>2026-05-03T18:07:13.848Z</time>
      </trkpt>
      <trkpt lat="48.263940" lon="16.295131">
        <ele>429.458746</ele>
        <time>2026-05-03T18:07:19.847Z</time>
      </trkpt>
      <trkpt lat="48.263903" lon="16.295272">
        <ele>429.456421</ele>
        <time>2026-05-03T18:07:22.833Z</time>
      </trkpt>
      <trkpt lat="48.263901" lon="16.295451">
        <ele>429.453675</ele>
        <time>2026-05-03T18:07:24.836Z</time>
      </trkpt>
      <trkpt lat="48.263899" lon="16.295634">
        <ele>429.450867</ele>
        <time>2026-05-03T18:07:26.873Z</time>
      </trkpt>
      <trkpt lat="48.263886" lon="16.295799">
        <ele>429.098128</ele>
        <time>2026-05-03T18:07:28.858Z</time>
      </trkpt>
      <trkpt lat="48.263916" lon="16.295977">
        <ele>428.442239</ele>
        <time>2026-05-03T18:07:30.886Z</time>
      </trkpt>
      <trkpt lat="48.263924" lon="16.296192">
        <ele>427.673047</ele>
        <time>2026-05-03T18:07:32.847Z</time>
      </trkpt>
      <trkpt lat="48.263917" lon="16.296390">
        <ele>426.964781</ele>
        <time>2026-05-03T18:07:34.864Z</time>
      </trkpt>
      <trkpt lat="48.263891" lon="16.296609">
        <ele>426.170156</ele>
        <time>2026-05-03T18:07:36.846Z</time>
      </trkpt>
      <trkpt lat="48.263880" lon="16.296826">
        <ele>425.392774</ele>
        <time>2026-05-03T18:07:38.867Z</time>
      </trkpt>
      <trkpt lat="48.263867" lon="16.297030">
        <ele>424.660741</ele>
        <time>2026-05-03T18:07:40.884Z</time>
      </trkpt>
      <trkpt lat="48.263896" lon="16.297210">
        <ele>423.999207</ele>
        <time>2026-05-03T18:07:42.837Z</time>
      </trkpt>
      <trkpt lat="48.263935" lon="16.297395">
        <ele>423.306031</ele>
        <time>2026-05-03T18:07:44.862Z</time>
      </trkpt>
      <trkpt lat="48.263982" lon="16.297592">
        <ele>422.558508</ele>
        <time>2026-05-03T18:07:46.854Z</time>
      </trkpt>
      <trkpt lat="48.264041" lon="16.297794">
        <ele>421.770555</ele>
        <time>2026-05-03T18:07:48.856Z</time>
      </trkpt>
      <trkpt lat="48.264088" lon="16.297981">
        <ele>421.056558</ele>
        <time>2026-05-03T18:07:50.865Z</time>
      </trkpt>
      <trkpt lat="48.264113" lon="16.298194">
        <ele>420.283976</ele>
        <time>2026-05-03T18:07:52.914Z</time>
      </trkpt>
      <trkpt lat="48.264138" lon="16.298397">
        <ele>419.490408</ele>
        <time>2026-05-03T18:07:54.884Z</time>
      </trkpt>
      <trkpt lat="48.264152" lon="16.298595">
        <ele>418.620717</ele>
        <time>2026-05-03T18:07:56.855Z</time>
      </trkpt>
      <trkpt lat="48.264177" lon="16.298760">
        <ele>417.881597</ele>
        <time>2026-05-03T18:07:58.918Z</time>
      </trkpt>
      <trkpt lat="48.264202" lon="16.298925">
        <ele>417.142477</ele>
        <time>2026-05-03T18:08:00.873Z</time>
      </trkpt>
      <trkpt lat="48.264207" lon="16.299084">
        <ele>416.447222</ele>
        <time>2026-05-03T18:08:02.851Z</time>
      </trkpt>
      <trkpt lat="48.264192" lon="16.299240">
        <ele>415.758773</ele>
        <time>2026-05-03T18:08:04.913Z</time>
      </trkpt>
      <trkpt lat="48.264165" lon="16.299397">
        <ele>415.050514</ele>
        <time>2026-05-03T18:08:06.865Z</time>
      </trkpt>
      <trkpt lat="48.264194" lon="16.299558">
        <ele>414.322009</ele>
        <time>2026-05-03T18:08:08.860Z</time>
      </trkpt>
      <trkpt lat="48.264187" lon="16.299743">
        <ele>413.512660</ele>
        <time>2026-05-03T18:08:10.895Z</time>
      </trkpt>
      <trkpt lat="48.264153" lon="16.299937">
        <ele>412.636431</ele>
        <time>2026-05-03T18:08:12.860Z</time>
      </trkpt>
      <trkpt lat="48.264110" lon="16.300146">
        <ele>411.680954</ele>
        <time>2026-05-03T18:08:14.865Z</time>
      </trkpt>
      <trkpt lat="48.264079" lon="16.300377">
        <ele>410.651691</ele>
        <time>2026-05-03T18:08:16.887Z</time>
      </trkpt>
      <trkpt lat="48.264056" lon="16.300618">
        <ele>409.588285</ele>
        <time>2026-05-03T18:08:18.868Z</time>
      </trkpt>
      <trkpt lat="48.264026" lon="16.300871">
        <ele>408.465833</ele>
        <time>2026-05-03T18:08:20.847Z</time>
      </trkpt>
      <trkpt lat="48.263973" lon="16.301116">
        <ele>407.439484</ele>
        <time>2026-05-03T18:08:22.869Z</time>
      </trkpt>
      <trkpt lat="48.263896" lon="16.301345">
        <ele>406.487620</ele>
        <time>2026-05-03T18:08:24.863Z</time>
      </trkpt>
      <trkpt lat="48.263816" lon="16.301552">
        <ele>405.599566</ele>
        <time>2026-05-03T18:08:26.862Z</time>
      </trkpt>
      <trkpt lat="48.263744" lon="16.301757">
        <ele>404.739609</ele>
        <time>2026-05-03T18:08:28.833Z</time>
      </trkpt>
      <trkpt lat="48.263775" lon="16.301977">
        <ele>403.905279</ele>
        <time>2026-05-03T18:08:30.860Z</time>
      </trkpt>
      <trkpt lat="48.263876" lon="16.302109">
        <ele>403.159143</ele>
        <time>2026-05-03T18:08:32.856Z</time>
      </trkpt>
      <trkpt lat="48.264008" lon="16.302165">
        <ele>402.394683</ele>
        <time>2026-05-03T18:08:34.874Z</time>
      </trkpt>
      <trkpt lat="48.264124" lon="16.302265">
        <ele>401.649277</ele>
        <time>2026-05-03T18:08:36.872Z</time>
      </trkpt>
      <trkpt lat="48.264082" lon="16.302416">
        <ele>401.042104</ele>
        <time>2026-05-03T18:08:38.824Z</time>
      </trkpt>
      <trkpt lat="48.263937" lon="16.302471">
        <ele>400.208601</ele>
        <time>2026-05-03T18:08:40.909Z</time>
      </trkpt>
      <trkpt lat="48.263783" lon="16.302460">
        <ele>399.349333</ele>
        <time>2026-05-03T18:08:42.872Z</time>
      </trkpt>
      <trkpt lat="48.263629" lon="16.302445">
        <ele>398.489233</ele>
        <time>2026-05-03T18:08:44.849Z</time>
      </trkpt>
      <trkpt lat="48.263538" lon="16.302435">
        <ele>397.980701</ele>
        <time>2026-05-03T18:08:45.849Z</time>
      </trkpt>
      <trkpt lat="48.263447" lon="16.302440">
        <ele>397.507765</ele>
        <time>2026-05-03T18:08:46.859Z</time>
      </trkpt>
      <trkpt lat="48.263354" lon="16.302418">
        <ele>397.019378</ele>
        <time>2026-05-03T18:08:47.849Z</time>
      </trkpt>
      <trkpt lat="48.263263" lon="16.302409">
        <ele>396.546290</ele>
        <time>2026-05-03T18:08:48.847Z</time>
      </trkpt>
      <trkpt lat="48.263173" lon="16.302368">
        <ele>396.058414</ele>
        <time>2026-05-03T18:08:49.855Z</time>
      </trkpt>
      <trkpt lat="48.263080" lon="16.302359">
        <ele>395.574972</ele>
        <time>2026-05-03T18:08:50.878Z</time>
      </trkpt>
      <trkpt lat="48.262989" lon="16.302343">
        <ele>395.099683</ele>
        <time>2026-05-03T18:08:51.841Z</time>
      </trkpt>
      <trkpt lat="48.262815" lon="16.302325">
        <ele>394.194914</ele>
        <time>2026-05-03T18:08:53.845Z</time>
      </trkpt>
      <trkpt lat="48.262646" lon="16.302297">
        <ele>393.312903</ele>
        <time>2026-05-03T18:08:55.832Z</time>
      </trkpt>
      <trkpt lat="48.262482" lon="16.302274">
        <ele>392.458447</ele>
        <time>2026-05-03T18:08:57.878Z</time>
      </trkpt>
      <trkpt lat="48.262317" lon="16.302268">
        <ele>391.602252</ele>
        <time>2026-05-03T18:08:59.878Z</time>
      </trkpt>
      <trkpt lat="48.262154" lon="16.302265">
        <ele>390.756620</ele>
        <time>2026-05-03T18:09:01.851Z</time>
      </trkpt>
      <trkpt lat="48.261998" lon="16.302290">
        <ele>389.942771</ele>
        <time>2026-05-03T18:09:03.900Z</time>
      </trkpt>
      <trkpt lat="48.261827" lon="16.302295">
        <ele>389.055534</ele>
        <time>2026-05-03T18:09:05.853Z</time>
      </trkpt>
      <trkpt lat="48.261652" lon="16.302304">
        <ele>388.038339</ele>
        <time>2026-05-03T18:09:07.869Z</time>
      </trkpt>
      <trkpt lat="48.261562" lon="16.302325">
        <ele>387.461965</ele>
        <time>2026-05-03T18:09:08.851Z</time>
      </trkpt>
      <trkpt lat="48.261470" lon="16.302363">
        <ele>386.858155</ele>
        <time>2026-05-03T18:09:09.898Z</time>
      </trkpt>
      <trkpt lat="48.261380" lon="16.302398">
        <ele>386.269833</ele>
        <time>2026-05-03T18:09:10.860Z</time>
      </trkpt>
      <trkpt lat="48.261292" lon="16.302436">
        <ele>385.690391</ele>
        <time>2026-05-03T18:09:11.858Z</time>
      </trkpt>
      <trkpt lat="48.261208" lon="16.302484">
        <ele>385.121652</ele>
        <time>2026-05-03T18:09:12.870Z</time>
      </trkpt>
      <trkpt lat="48.261127" lon="16.302546">
        <ele>384.546347</ele>
        <time>2026-05-03T18:09:13.866Z</time>
      </trkpt>
      <trkpt lat="48.260976" lon="16.302677">
        <ele>383.442852</ele>
        <time>2026-05-03T18:09:15.914Z</time>
      </trkpt>
      <trkpt lat="48.260903" lon="16.302761">
        <ele>382.860917</ele>
        <time>2026-05-03T18:09:16.846Z</time>
      </trkpt>
      <trkpt lat="48.260826" lon="16.302855">
        <ele>382.233008</ele>
        <time>2026-05-03T18:09:17.870Z</time>
      </trkpt>
      <trkpt lat="48.260740" lon="16.302939">
        <ele>381.583834</ele>
        <time>2026-05-03T18:09:18.842Z</time>
      </trkpt>
      <trkpt lat="48.260654" lon="16.303016">
        <ele>380.950255</ele>
        <time>2026-05-03T18:09:19.851Z</time>
      </trkpt>
      <trkpt lat="48.260575" lon="16.303103">
        <ele>380.330353</ele>
        <time>2026-05-03T18:09:20.856Z</time>
      </trkpt>
      <trkpt lat="48.260490" lon="16.303184">
        <ele>379.693334</ele>
        <time>2026-05-03T18:09:21.879Z</time>
      </trkpt>
      <trkpt lat="48.260401" lon="16.303262">
        <ele>379.041261</ele>
        <time>2026-05-03T18:09:22.838Z</time>
      </trkpt>
      <trkpt lat="48.260317" lon="16.303317">
        <ele>378.461378</ele>
        <time>2026-05-03T18:09:23.850Z</time>
      </trkpt>
      <trkpt lat="48.260157" lon="16.303434">
        <ele>377.335245</ele>
        <time>2026-05-03T18:09:25.857Z</time>
      </trkpt>
      <trkpt lat="48.260010" lon="16.303600">
        <ele>377.070736</ele>
        <time>2026-05-03T18:09:27.881Z</time>
      </trkpt>
      <trkpt lat="48.259872" lon="16.303743">
        <ele>376.886386</ele>
        <time>2026-05-03T18:09:29.890Z</time>
      </trkpt>
      <trkpt lat="48.259798" lon="16.303828">
        <ele>376.783951</ele>
        <time>2026-05-03T18:09:30.849Z</time>
      </trkpt>
      <trkpt lat="48.259661" lon="16.303950">
        <ele>376.608823</ele>
        <time>2026-05-03T18:09:32.940Z</time>
      </trkpt>
      <trkpt lat="48.259543" lon="16.304096">
        <ele>376.440719</ele>
        <time>2026-05-03T18:09:34.861Z</time>
      </trkpt>
      <trkpt lat="48.259439" lon="16.304275">
        <ele>376.266797</ele>
        <time>2026-05-03T18:09:36.851Z</time>
      </trkpt>
      <trkpt lat="48.259402" lon="16.304439">
        <ele>376.140033</ele>
        <time>2026-05-03T18:09:39.870Z</time>
      </trkpt>
      <trkpt lat="48.259342" lon="16.304593">
        <ele>376.009409</ele>
        <time>2026-05-03T18:09:41.860Z</time>
      </trkpt>
      <trkpt lat="48.259267" lon="16.304706">
        <ele>375.892600</ele>
        <time>2026-05-03T18:09:43.850Z</time>
      </trkpt>
      <trkpt lat="48.259168" lon="16.304871">
        <ele>375.729994</ele>
        <time>2026-05-03T18:09:45.867Z</time>
      </trkpt>
      <trkpt lat="48.259069" lon="16.305044">
        <ele>375.562991</ele>
        <time>2026-05-03T18:09:47.850Z</time>
      </trkpt>
      <trkpt lat="48.258991" lon="16.305181">
        <ele>375.431026</ele>
        <time>2026-05-03T18:09:49.861Z</time>
      </trkpt>
      <trkpt lat="48.258919" lon="16.305314">
        <ele>375.305535</ele>
        <time>2026-05-03T18:09:51.847Z</time>
      </trkpt>
      <trkpt lat="48.258859" lon="16.305442">
        <ele>374.763642</ele>
        <time>2026-05-03T18:09:53.873Z</time>
      </trkpt>
      <trkpt lat="48.258789" lon="16.305597">
        <ele>373.983821</ele>
        <time>2026-05-03T18:09:55.860Z</time>
      </trkpt>
      <trkpt lat="48.258739" lon="16.305710">
        <ele>373.418905</ele>
        <time>2026-05-03T18:09:57.844Z</time>
      </trkpt>
      <trkpt lat="48.258657" lon="16.305830">
        <ele>372.702940</ele>
        <time>2026-05-03T18:09:59.851Z</time>
      </trkpt>
      <trkpt lat="48.258601" lon="16.305958">
        <ele>372.065231</ele>
        <time>2026-05-03T18:10:01.869Z</time>
      </trkpt>
      <trkpt lat="48.258538" lon="16.306103">
        <ele>371.344324</ele>
        <time>2026-05-03T18:10:04.870Z</time>
      </trkpt>
      <trkpt lat="48.258465" lon="16.306250">
        <ele>370.580766</ele>
        <time>2026-05-03T18:10:07.855Z</time>
      </trkpt>
      <trkpt lat="48.258392" lon="16.306394">
        <ele>369.827182</ele>
        <time>2026-05-03T18:10:10.854Z</time>
      </trkpt>
      <trkpt lat="48.258310" lon="16.306542">
        <ele>369.025499</ele>
        <time>2026-05-03T18:10:13.850Z</time>
      </trkpt>
      <trkpt lat="48.258244" lon="16.306655">
        <ele>368.399621</ele>
        <time>2026-05-03T18:10:15.874Z</time>
      </trkpt>
      <trkpt lat="48.258195" lon="16.306776">
        <ele>367.809947</ele>
        <time>2026-05-03T18:10:17.864Z</time>
      </trkpt>
      <trkpt lat="48.258146" lon="16.306904">
        <ele>367.195185</ele>
        <time>2026-05-03T18:10:19.874Z</time>
      </trkpt>
      <trkpt lat="48.258101" lon="16.307026">
        <ele>366.614475</ele>
        <time>2026-05-03T18:10:21.877Z</time>
      </trkpt>
      <trkpt lat="48.258054" lon="16.307148">
        <ele>366.027602</ele>
        <time>2026-05-03T18:10:23.855Z</time>
      </trkpt>
      <trkpt lat="48.257990" lon="16.307318">
        <ele>365.214459</ele>
        <time>2026-05-03T18:10:26.931Z</time>
      </trkpt>
      <trkpt lat="48.257938" lon="16.307486">
        <ele>364.443069</ele>
        <time>2026-05-03T18:10:29.865Z</time>
      </trkpt>
      <trkpt lat="48.257867" lon="16.307704">
        <ele>363.468063</ele>
        <time>2026-05-03T18:10:31.852Z</time>
      </trkpt>
      <trkpt lat="48.257811" lon="16.307853">
        <ele>362.797670</ele>
        <time>2026-05-03T18:10:33.852Z</time>
      </trkpt>
      <trkpt lat="48.257754" lon="16.307985">
        <ele>362.181224</ele>
        <time>2026-05-03T18:10:35.869Z</time>
      </trkpt>
      <trkpt lat="48.257705" lon="16.308116">
        <ele>361.592496</ele>
        <time>2026-05-03T18:10:37.868Z</time>
      </trkpt>
      <trkpt lat="48.257655" lon="16.308318">
        <ele>360.748111</ele>
        <time>2026-05-03T18:10:40.866Z</time>
      </trkpt>
      <trkpt lat="48.257623" lon="16.308445">
        <ele>360.216069</ele>
        <time>2026-05-03T18:10:42.832Z</time>
      </trkpt>
      <trkpt lat="48.257580" lon="16.308576">
        <ele>359.643806</ele>
        <time>2026-05-03T18:10:44.853Z</time>
      </trkpt>
      <trkpt lat="48.257521" lon="16.308712">
        <ele>359.007803</ele>
        <time>2026-05-03T18:10:46.869Z</time>
      </trkpt>
      <trkpt lat="48.257449" lon="16.308847">
        <ele>358.330071</ele>
        <time>2026-05-03T18:10:48.850Z</time>
      </trkpt>
      <trkpt lat="48.257373" lon="16.308997">
        <ele>357.591524</ele>
        <time>2026-05-03T18:10:50.849Z</time>
      </trkpt>
      <trkpt lat="48.257299" lon="16.309141">
        <ele>356.878794</ele>
        <time>2026-05-03T18:10:52.866Z</time>
      </trkpt>
      <trkpt lat="48.257211" lon="16.309293">
        <ele>356.089564</ele>
        <time>2026-05-03T18:10:54.850Z</time>
      </trkpt>
      <trkpt lat="48.257177" lon="16.309469">
        <ele>355.371530</ele>
        <time>2026-05-03T18:10:56.859Z</time>
      </trkpt>
      <trkpt lat="48.257143" lon="16.309677">
        <ele>354.532353</ele>
        <time>2026-05-03T18:10:58.853Z</time>
      </trkpt>
      <trkpt lat="48.257121" lon="16.309866">
        <ele>353.780591</ele>
        <time>2026-05-03T18:11:00.854Z</time>
      </trkpt>
      <trkpt lat="48.257111" lon="16.310032">
        <ele>353.084856</ele>
        <time>2026-05-03T18:11:02.854Z</time>
      </trkpt>
      <trkpt lat="48.257089" lon="16.310197">
        <ele>352.337961</ele>
        <time>2026-05-03T18:11:04.863Z</time>
      </trkpt>
      <trkpt lat="48.257073" lon="16.310341">
        <ele>351.689976</ele>
        <time>2026-05-03T18:11:06.840Z</time>
      </trkpt>
      <trkpt lat="48.257061" lon="16.310478">
        <ele>351.076660</ele>
        <time>2026-05-03T18:11:08.852Z</time>
      </trkpt>
      <trkpt lat="48.257046" lon="16.310662">
        <ele>350.253875</ele>
        <time>2026-05-03T18:11:11.870Z</time>
      </trkpt>
      <trkpt lat="48.257024" lon="16.310827">
        <ele>349.506979</ele>
        <time>2026-05-03T18:11:14.847Z</time>
      </trkpt>
      <trkpt lat="48.257011" lon="16.311001">
        <ele>348.729830</ele>
        <time>2026-05-03T18:11:17.832Z</time>
      </trkpt>
      <trkpt lat="48.256995" lon="16.311199">
        <ele>347.844554</ele>
        <time>2026-05-03T18:11:20.868Z</time>
      </trkpt>
      <trkpt lat="48.256972" lon="16.311359">
        <ele>347.118027</ele>
        <time>2026-05-03T18:11:22.862Z</time>
      </trkpt>
      <trkpt lat="48.256949" lon="16.311518">
        <ele>346.395838</ele>
        <time>2026-05-03T18:11:24.931Z</time>
      </trkpt>
      <trkpt lat="48.256900" lon="16.311690">
        <ele>345.565461</ele>
        <time>2026-05-03T18:11:26.873Z</time>
      </trkpt>
      <trkpt lat="48.256834" lon="16.311872">
        <ele>344.645595</ele>
        <time>2026-05-03T18:11:28.871Z</time>
      </trkpt>
      <trkpt lat="48.256781" lon="16.312065">
        <ele>343.718953</ele>
        <time>2026-05-03T18:11:30.861Z</time>
      </trkpt>
      <trkpt lat="48.256719" lon="16.312261">
        <ele>342.755803</ele>
        <time>2026-05-03T18:11:32.876Z</time>
      </trkpt>
      <trkpt lat="48.256663" lon="16.312449">
        <ele>341.841652</ele>
        <time>2026-05-03T18:11:34.872Z</time>
      </trkpt>
      <trkpt lat="48.256615" lon="16.312623">
        <ele>341.223154</ele>
        <time>2026-05-03T18:11:36.874Z</time>
      </trkpt>
      <trkpt lat="48.256570" lon="16.312795">
        <ele>340.797223</ele>
        <time>2026-05-03T18:11:38.868Z</time>
      </trkpt>
      <trkpt lat="48.256519" lon="16.312969">
        <ele>340.359049</ele>
        <time>2026-05-03T18:11:40.865Z</time>
      </trkpt>
      <trkpt lat="48.256470" lon="16.313144">
        <ele>339.921495</ele>
        <time>2026-05-03T18:11:42.858Z</time>
      </trkpt>
      <trkpt lat="48.256412" lon="16.313312">
        <ele>339.485330</ele>
        <time>2026-05-03T18:11:44.871Z</time>
      </trkpt>
      <trkpt lat="48.256358" lon="16.313466">
        <ele>339.084175</ele>
        <time>2026-05-03T18:11:46.911Z</time>
      </trkpt>
      <trkpt lat="48.256301" lon="16.313601">
        <ele>338.715737</ele>
        <time>2026-05-03T18:11:48.844Z</time>
      </trkpt>
      <trkpt lat="48.256231" lon="16.313758">
        <ele>338.280241</ele>
        <time>2026-05-03T18:11:50.875Z</time>
      </trkpt>
      <trkpt lat="48.256173" lon="16.313934">
        <ele>337.827626</ele>
        <time>2026-05-03T18:11:52.933Z</time>
      </trkpt>
      <trkpt lat="48.256105" lon="16.314101">
        <ele>337.376449</ele>
        <time>2026-05-03T18:11:54.849Z</time>
      </trkpt>
      <trkpt lat="48.256037" lon="16.314258">
        <ele>336.944766</ele>
        <time>2026-05-03T18:11:56.876Z</time>
      </trkpt>
      <trkpt lat="48.255979" lon="16.314429">
        <ele>336.502448</ele>
        <time>2026-05-03T18:11:58.920Z</time>
      </trkpt>
      <trkpt lat="48.255915" lon="16.314592">
        <ele>336.066303</ele>
        <time>2026-05-03T18:12:00.854Z</time>
      </trkpt>
      <trkpt lat="48.255830" lon="16.314718">
        <ele>335.652883</ele>
        <time>2026-05-03T18:12:02.867Z</time>
      </trkpt>
      <trkpt lat="48.255750" lon="16.314845">
        <ele>335.249926</ele>
        <time>2026-05-03T18:12:04.903Z</time>
      </trkpt>
      <trkpt lat="48.255659" lon="16.314984">
        <ele>334.768357</ele>
        <time>2026-05-03T18:12:06.838Z</time>
      </trkpt>
      <trkpt lat="48.255560" lon="16.315122">
        <ele>334.265794</ele>
        <time>2026-05-03T18:12:08.875Z</time>
      </trkpt>
      <trkpt lat="48.255467" lon="16.315274">
        <ele>333.754386</ele>
        <time>2026-05-03T18:12:10.893Z</time>
      </trkpt>
      <trkpt lat="48.255385" lon="16.315420">
        <ele>333.281190</ele>
        <time>2026-05-03T18:12:12.870Z</time>
      </trkpt>
      <trkpt lat="48.255312" lon="16.315611">
        <ele>332.735594</ele>
        <time>2026-05-03T18:12:14.852Z</time>
      </trkpt>
      <trkpt lat="48.255242" lon="16.315787">
        <ele>332.227706</ele>
        <time>2026-05-03T18:12:16.883Z</time>
      </trkpt>
      <trkpt lat="48.255158" lon="16.315949">
        <ele>331.719025</ele>
        <time>2026-05-03T18:12:18.853Z</time>
      </trkpt>
      <trkpt lat="48.255047" lon="16.316082">
        <ele>331.190684</ele>
        <time>2026-05-03T18:12:20.870Z</time>
      </trkpt>
      <trkpt lat="48.254941" lon="16.316227">
        <ele>330.657208</ele>
        <time>2026-05-03T18:12:22.908Z</time>
      </trkpt>
      <trkpt lat="48.254842" lon="16.316359">
        <ele>330.164633</ele>
        <time>2026-05-03T18:12:24.867Z</time>
      </trkpt>
      <trkpt lat="48.254730" lon="16.316476">
        <ele>329.657009</ele>
        <time>2026-05-03T18:12:26.845Z</time>
      </trkpt>
      <trkpt lat="48.254616" lon="16.316575">
        <ele>329.167032</ele>
        <time>2026-05-03T18:12:28.919Z</time>
      </trkpt>
      <trkpt lat="48.254481" lon="16.316641">
        <ele>328.638778</ele>
        <time>2026-05-03T18:12:30.859Z</time>
      </trkpt>
      <trkpt lat="48.254370" lon="16.316698">
        <ele>328.156421</ele>
        <time>2026-05-03T18:12:32.854Z</time>
      </trkpt>
      <trkpt lat="48.254305" lon="16.316852">
        <ele>327.643207</ele>
        <time>2026-05-03T18:12:35.864Z</time>
      </trkpt>
      <trkpt lat="48.254255" lon="16.317034">
        <ele>327.089043</ele>
        <time>2026-05-03T18:12:38.867Z</time>
      </trkpt>
      <trkpt lat="48.254207" lon="16.317160">
        <ele>326.680449</ele>
        <time>2026-05-03T18:12:40.907Z</time>
      </trkpt>
      <trkpt lat="48.254155" lon="16.317290">
        <ele>326.253588</ele>
        <time>2026-05-03T18:12:42.844Z</time>
      </trkpt>
      <trkpt lat="48.254098" lon="16.317428">
        <ele>325.796493</ele>
        <time>2026-05-03T18:12:44.865Z</time>
      </trkpt>
      <trkpt lat="48.254025" lon="16.317563">
        <ele>325.306985</ele>
        <time>2026-05-03T18:12:46.884Z</time>
      </trkpt>
      <trkpt lat="48.253945" lon="16.317668">
        <ele>324.857857</ele>
        <time>2026-05-03T18:12:48.857Z</time>
      </trkpt>
      <trkpt lat="48.253857" lon="16.317746">
        <ele>324.425898</ele>
        <time>2026-05-03T18:12:50.866Z</time>
      </trkpt>
      <trkpt lat="48.253772" lon="16.317849">
        <ele>323.964201</ele>
        <time>2026-05-03T18:12:52.906Z</time>
      </trkpt>
      <trkpt lat="48.253678" lon="16.317935">
        <ele>323.498907</ele>
        <time>2026-05-03T18:12:54.848Z</time>
      </trkpt>
      <trkpt lat="48.253592" lon="16.318036">
        <ele>323.037401</ele>
        <time>2026-05-03T18:12:56.852Z</time>
      </trkpt>
      <trkpt lat="48.253519" lon="16.318159">
        <ele>322.573621</ele>
        <time>2026-05-03T18:12:58.903Z</time>
      </trkpt>
      <trkpt lat="48.253481" lon="16.318318">
        <ele>322.098124</ele>
        <time>2026-05-03T18:13:00.865Z</time>
      </trkpt>
      <trkpt lat="48.253416" lon="16.318492">
        <ele>321.536548</ele>
        <time>2026-05-03T18:13:02.878Z</time>
      </trkpt>
      <trkpt lat="48.253333" lon="16.318622">
        <ele>321.029594</ele>
        <time>2026-05-03T18:13:04.907Z</time>
      </trkpt>
      <trkpt lat="48.253233" lon="16.318735">
        <ele>320.539527</ele>
        <time>2026-05-03T18:13:06.863Z</time>
      </trkpt>
      <trkpt lat="48.253156" lon="16.318826">
        <ele>320.162405</ele>
        <time>2026-05-03T18:13:08.865Z</time>
      </trkpt>
      <trkpt lat="48.253071" lon="16.318916">
        <ele>319.762116</ele>
        <time>2026-05-03T18:13:10.926Z</time>
      </trkpt>
      <trkpt lat="48.252999" lon="16.319003">
        <ele>319.406436</ele>
        <time>2026-05-03T18:13:12.872Z</time>
      </trkpt>
      <trkpt lat="48.252898" lon="16.319100">
        <ele>318.945008</ele>
        <time>2026-05-03T18:13:14.852Z</time>
      </trkpt>
      <trkpt lat="48.252777" lon="16.319164">
        <ele>318.451251</ele>
        <time>2026-05-03T18:13:16.867Z</time>
      </trkpt>
      <trkpt lat="48.252661" lon="16.319213">
        <ele>317.987452</ele>
        <time>2026-05-03T18:13:18.862Z</time>
      </trkpt>
      <trkpt lat="48.252514" lon="16.319265">
        <ele>317.406178</ele>
        <time>2026-05-03T18:13:20.872Z</time>
      </trkpt>
      <trkpt lat="48.252381" lon="16.319306">
        <ele>316.883600</ele>
        <time>2026-05-03T18:13:22.866Z</time>
      </trkpt>
      <trkpt lat="48.252267" lon="16.319376">
        <ele>316.409566</ele>
        <time>2026-05-03T18:13:24.850Z</time>
      </trkpt>
      <trkpt lat="48.252170" lon="16.319464">
        <ele>315.973390</ele>
        <time>2026-05-03T18:13:26.848Z</time>
      </trkpt>
      <trkpt lat="48.252089" lon="16.319581">
        <ele>315.540833</ele>
        <time>2026-05-03T18:13:28.872Z</time>
      </trkpt>
      <trkpt lat="48.252031" lon="16.319726">
        <ele>315.107326</ele>
        <time>2026-05-03T18:13:30.850Z</time>
      </trkpt>
      <trkpt lat="48.252001" lon="16.319870">
        <ele>314.720638</ele>
        <time>2026-05-03T18:13:32.857Z</time>
      </trkpt>
      <trkpt lat="48.251970" lon="16.320029">
        <ele>314.296039</ele>
        <time>2026-05-03T18:13:34.864Z</time>
      </trkpt>
      <trkpt lat="48.251942" lon="16.320190">
        <ele>313.896544</ele>
        <time>2026-05-03T18:13:36.851Z</time>
      </trkpt>
      <trkpt lat="48.251911" lon="16.320358">
        <ele>313.533781</ele>
        <time>2026-05-03T18:13:38.862Z</time>
      </trkpt>
      <trkpt lat="48.251890" lon="16.320533">
        <ele>313.163761</ele>
        <time>2026-05-03T18:13:40.874Z</time>
      </trkpt>
      <trkpt lat="48.251892" lon="16.320716">
        <ele>312.782908</ele>
        <time>2026-05-03T18:13:42.870Z</time>
      </trkpt>
      <trkpt lat="48.251903" lon="16.320893">
        <ele>312.412992</ele>
        <time>2026-05-03T18:13:44.854Z</time>
      </trkpt>
      <trkpt lat="48.251921" lon="16.321081">
        <ele>312.017763</ele>
        <time>2026-05-03T18:13:46.873Z</time>
      </trkpt>
      <trkpt lat="48.251924" lon="16.321290">
        <ele>311.582759</ele>
        <time>2026-05-03T18:13:48.849Z</time>
      </trkpt>
      <trkpt lat="48.251891" lon="16.321492">
        <ele>311.149955</ele>
        <time>2026-05-03T18:13:50.853Z</time>
      </trkpt>
      <trkpt lat="48.251844" lon="16.321682">
        <ele>310.728186</ele>
        <time>2026-05-03T18:13:52.883Z</time>
      </trkpt>
      <trkpt lat="48.251799" lon="16.321861">
        <ele>310.330044</ele>
        <time>2026-05-03T18:13:54.850Z</time>
      </trkpt>
      <trkpt lat="48.251758" lon="16.322039">
        <ele>309.938111</ele>
        <time>2026-05-03T18:13:56.848Z</time>
      </trkpt>
      <trkpt lat="48.251693" lon="16.322201">
        <ele>309.544536</ele>
        <time>2026-05-03T18:13:58.849Z</time>
      </trkpt>
      <trkpt lat="48.251645" lon="16.322364">
        <ele>309.173661</ele>
        <time>2026-05-03T18:14:00.858Z</time>
      </trkpt>
      <trkpt lat="48.251581" lon="16.322513">
        <ele>308.804695</ele>
        <time>2026-05-03T18:14:02.867Z</time>
      </trkpt>
      <trkpt lat="48.251541" lon="16.322674">
        <ele>308.447110</ele>
        <time>2026-05-03T18:14:04.864Z</time>
      </trkpt>
      <trkpt lat="48.251521" lon="16.322840">
        <ele>308.087936</ele>
        <time>2026-05-03T18:14:06.858Z</time>
      </trkpt>
      <trkpt lat="48.251479" lon="16.322994">
        <ele>307.732118</ele>
        <time>2026-05-03T18:14:08.870Z</time>
      </trkpt>
      <trkpt lat="48.251403" lon="16.323108">
        <ele>307.387203</ele>
        <time>2026-05-03T18:14:10.856Z</time>
      </trkpt>
      <trkpt lat="48.251315" lon="16.323211">
        <ele>307.028948</ele>
        <time>2026-05-03T18:14:12.849Z</time>
      </trkpt>
      <trkpt lat="48.251225" lon="16.323296">
        <ele>306.687559</ele>
        <time>2026-05-03T18:14:14.854Z</time>
      </trkpt>
      <trkpt lat="48.251126" lon="16.323391">
        <ele>306.310313</ele>
        <time>2026-05-03T18:14:16.847Z</time>
      </trkpt>
      <trkpt lat="48.251023" lon="16.323470">
        <ele>305.938939</ele>
        <time>2026-05-03T18:14:18.850Z</time>
      </trkpt>
      <trkpt lat="48.250919" lon="16.323546">
        <ele>305.567553</ele>
        <time>2026-05-03T18:14:20.850Z</time>
      </trkpt>
      <trkpt lat="48.250824" lon="16.323614">
        <ele>305.229627</ele>
        <time>2026-05-03T18:14:22.853Z</time>
      </trkpt>
      <trkpt lat="48.250732" lon="16.323695">
        <ele>304.887187</ele>
        <time>2026-05-03T18:14:24.860Z</time>
      </trkpt>
      <trkpt lat="48.250643" lon="16.323771">
        <ele>304.558436</ele>
        <time>2026-05-03T18:14:26.848Z</time>
      </trkpt>
      <trkpt lat="48.250563" lon="16.323857">
        <ele>304.242522</ele>
        <time>2026-05-03T18:14:28.849Z</time>
      </trkpt>
      <trkpt lat="48.250486" lon="16.323953">
        <ele>303.921173</ele>
        <time>2026-05-03T18:14:30.870Z</time>
      </trkpt>
      <trkpt lat="48.250411" lon="16.324051">
        <ele>303.601948</ele>
        <time>2026-05-03T18:14:32.846Z</time>
      </trkpt>
      <trkpt lat="48.250322" lon="16.324188">
        <ele>303.192706</ele>
        <time>2026-05-03T18:14:34.844Z</time>
      </trkpt>
      <trkpt lat="48.250242" lon="16.324294">
        <ele>302.850132</ele>
        <time>2026-05-03T18:14:36.853Z</time>
      </trkpt>
      <trkpt lat="48.250171" lon="16.324412">
        <ele>302.543605</ele>
        <time>2026-05-03T18:14:38.841Z</time>
      </trkpt>
      <trkpt lat="48.250086" lon="16.324527">
        <ele>302.291996</ele>
        <time>2026-05-03T18:14:40.840Z</time>
      </trkpt>
      <trkpt lat="48.250004" lon="16.324624">
        <ele>302.062431</ele>
        <time>2026-05-03T18:14:42.881Z</time>
      </trkpt>
      <trkpt lat="48.249928" lon="16.324715">
        <ele>301.848665</ele>
        <time>2026-05-03T18:14:44.891Z</time>
      </trkpt>
      <trkpt lat="48.249844" lon="16.324821">
        <ele>301.607369</ele>
        <time>2026-05-03T18:14:46.871Z</time>
      </trkpt>
      <trkpt lat="48.249763" lon="16.324916">
        <ele>301.381342</ele>
        <time>2026-05-03T18:14:48.835Z</time>
      </trkpt>
      <trkpt lat="48.249683" lon="16.325028">
        <ele>301.140808</ele>
        <time>2026-05-03T18:14:50.841Z</time>
      </trkpt>
      <trkpt lat="48.249610" lon="16.325129">
        <ele>300.922515</ele>
        <time>2026-05-03T18:14:52.857Z</time>
      </trkpt>
      <trkpt lat="48.249531" lon="16.325242">
        <ele>300.682577</ele>
        <time>2026-05-03T18:14:54.862Z</time>
      </trkpt>
      <trkpt lat="48.249453" lon="16.325360">
        <ele>300.439086</ele>
        <time>2026-05-03T18:14:56.864Z</time>
      </trkpt>
      <trkpt lat="48.249390" lon="16.325468">
        <ele>300.228821</ele>
        <time>2026-05-03T18:14:58.849Z</time>
      </trkpt>
      <trkpt lat="48.249324" lon="16.325603">
        <ele>299.983557</ele>
        <time>2026-05-03T18:15:00.862Z</time>
      </trkpt>
      <trkpt lat="48.249250" lon="16.325695">
        <ele>299.772280</ele>
        <time>2026-05-03T18:15:02.829Z</time>
      </trkpt>
      <trkpt lat="48.249169" lon="16.325792">
        <ele>299.544437</ele>
        <time>2026-05-03T18:15:04.845Z</time>
      </trkpt>
      <trkpt lat="48.249087" lon="16.325899">
        <ele>299.305532</ele>
        <time>2026-05-03T18:15:06.871Z</time>
      </trkpt>
      <trkpt lat="48.249011" lon="16.326014">
        <ele>299.068257</ele>
        <time>2026-05-03T18:15:08.877Z</time>
      </trkpt>
      <trkpt lat="48.248927" lon="16.326131">
        <ele>298.816293</ele>
        <time>2026-05-03T18:15:10.846Z</time>
      </trkpt>
      <trkpt lat="48.248863" lon="16.326268">
        <ele>298.450321</ele>
        <time>2026-05-03T18:15:12.847Z</time>
      </trkpt>
      <trkpt lat="48.248794" lon="16.326407">
        <ele>297.853855</ele>
        <time>2026-05-03T18:15:14.844Z</time>
      </trkpt>
      <trkpt lat="48.248739" lon="16.326566">
        <ele>297.237433</ele>
        <time>2026-05-03T18:15:16.868Z</time>
      </trkpt>
      <trkpt lat="48.248690" lon="16.326733">
        <ele>296.609589</ele>
        <time>2026-05-03T18:15:18.908Z</time>
      </trkpt>
      <trkpt lat="48.248648" lon="16.326919">
        <ele>295.933888</ele>
        <time>2026-05-03T18:15:20.864Z</time>
      </trkpt>
      <trkpt lat="48.248619" lon="16.327084">
        <ele>295.346785</ele>
        <time>2026-05-03T18:15:22.849Z</time>
      </trkpt>
      <trkpt lat="48.248599" lon="16.327261">
        <ele>294.729132</ele>
        <time>2026-05-03T18:15:24.908Z</time>
      </trkpt>
      <trkpt lat="48.248579" lon="16.327423">
        <ele>294.162292</ele>
        <time>2026-05-03T18:15:26.850Z</time>
      </trkpt>
      <trkpt lat="48.248561" lon="16.327579">
        <ele>293.617595</ele>
        <time>2026-05-03T18:15:28.872Z</time>
      </trkpt>
      <trkpt lat="48.248535" lon="16.327739">
        <ele>293.050979</ele>
        <time>2026-05-03T18:15:30.888Z</time>
      </trkpt>
      <trkpt lat="48.248503" lon="16.327919">
        <ele>292.410020</ele>
        <time>2026-05-03T18:15:32.869Z</time>
      </trkpt>
      <trkpt lat="48.248464" lon="16.328084">
        <ele>291.807656</ele>
        <time>2026-05-03T18:15:34.844Z</time>
      </trkpt>
      <trkpt lat="48.248417" lon="16.328233">
        <ele>291.240432</ele>
        <time>2026-05-03T18:15:36.897Z</time>
      </trkpt>
      <trkpt lat="48.248358" lon="16.328384">
        <ele>290.638104</ele>
        <time>2026-05-03T18:15:38.842Z</time>
      </trkpt>
      <trkpt lat="48.248307" lon="16.328544">
        <ele>290.027827</ele>
        <time>2026-05-03T18:15:40.851Z</time>
      </trkpt>
      <trkpt lat="48.248254" lon="16.328695">
        <ele>289.440577</ele>
        <time>2026-05-03T18:15:42.889Z</time>
      </trkpt>
      <trkpt lat="48.248196" lon="16.328842">
        <ele>289.037004</ele>
        <time>2026-05-03T18:15:44.865Z</time>
      </trkpt>
      <trkpt lat="48.248141" lon="16.328995">
        <ele>288.652709</ele>
        <time>2026-05-03T18:15:46.859Z</time>
      </trkpt>
      <trkpt lat="48.248104" lon="16.329159">
        <ele>288.269991</ele>
        <time>2026-05-03T18:15:48.869Z</time>
      </trkpt>
      <trkpt lat="48.248076" lon="16.329326">
        <ele>287.889360</ele>
        <time>2026-05-03T18:15:50.863Z</time>
      </trkpt>
      <trkpt lat="48.248054" lon="16.329485">
        <ele>287.530426</ele>
        <time>2026-05-03T18:15:52.868Z</time>
      </trkpt>
      <trkpt lat="48.248048" lon="16.329700">
        <ele>287.054806</ele>
        <time>2026-05-03T18:15:55.842Z</time>
      </trkpt>
      <trkpt lat="48.248063" lon="16.329859">
        <ele>286.699868</ele>
        <time>2026-05-03T18:15:57.847Z</time>
      </trkpt>
      <trkpt lat="48.248081" lon="16.330008">
        <ele>286.365167</ele>
        <time>2026-05-03T18:15:59.874Z</time>
      </trkpt>
      <trkpt lat="48.248074" lon="16.330167">
        <ele>286.012971</ele>
        <time>2026-05-03T18:16:01.856Z</time>
      </trkpt>
      <trkpt lat="48.248044" lon="16.330311">
        <ele>285.679483</ele>
        <time>2026-05-03T18:16:03.862Z</time>
      </trkpt>
      <trkpt lat="48.248005" lon="16.330466">
        <ele>285.313255</ele>
        <time>2026-05-03T18:16:05.874Z</time>
      </trkpt>
      <trkpt lat="48.247955" lon="16.330619">
        <ele>284.936560</ele>
        <time>2026-05-03T18:16:07.858Z</time>
      </trkpt>
      <trkpt lat="48.247912" lon="16.330767">
        <ele>284.579663</ele>
        <time>2026-05-03T18:16:09.854Z</time>
      </trkpt>
      <trkpt lat="48.247867" lon="16.330905">
        <ele>284.240041</ele>
        <time>2026-05-03T18:16:11.849Z</time>
      </trkpt>
      <trkpt lat="48.247824" lon="16.331045">
        <ele>283.899277</ele>
        <time>2026-05-03T18:16:13.852Z</time>
      </trkpt>
      <trkpt lat="48.247764" lon="16.331172">
        <ele>283.555106</ele>
        <time>2026-05-03T18:16:15.870Z</time>
      </trkpt>
      <trkpt lat="48.247700" lon="16.331297">
        <ele>283.306410</ele>
        <time>2026-05-03T18:16:17.887Z</time>
      </trkpt>
      <trkpt lat="48.247645" lon="16.331428">
        <ele>283.142495</ele>
        <time>2026-05-03T18:16:19.879Z</time>
      </trkpt>
      <trkpt lat="48.247600" lon="16.331565">
        <ele>282.980807</ele>
        <time>2026-05-03T18:16:21.848Z</time>
      </trkpt>
      <trkpt lat="48.247556" lon="16.331695">
        <ele>282.826455</ele>
        <time>2026-05-03T18:16:23.871Z</time>
      </trkpt>
      <trkpt lat="48.247514" lon="16.331833">
        <ele>282.665857</ele>
        <time>2026-05-03T18:16:25.865Z</time>
      </trkpt>
      <trkpt lat="48.247464" lon="16.331952">
        <ele>282.516924</ele>
        <time>2026-05-03T18:16:27.886Z</time>
      </trkpt>
      <trkpt lat="48.247412" lon="16.332089">
        <ele>282.350015</ele>
        <time>2026-05-03T18:16:29.827Z</time>
      </trkpt>
      <trkpt lat="48.247362" lon="16.332230">
        <ele>282.180932</ele>
        <time>2026-05-03T18:16:31.870Z</time>
      </trkpt>
      <trkpt lat="48.247316" lon="16.332348">
        <ele>282.036207</ele>
        <time>2026-05-03T18:16:33.853Z</time>
      </trkpt>
      <trkpt lat="48.247238" lon="16.332520">
        <ele>281.815947</ele>
        <time>2026-05-03T18:16:36.925Z</time>
      </trkpt>
      <trkpt lat="48.247193" lon="16.332642">
        <ele>281.668329</ele>
        <time>2026-05-03T18:16:38.861Z</time>
      </trkpt>
      <trkpt lat="48.247154" lon="16.332779">
        <ele>281.510626</ele>
        <time>2026-05-03T18:16:40.854Z</time>
      </trkpt>
      <trkpt lat="48.247116" lon="16.332906">
        <ele>281.363256</ele>
        <time>2026-05-03T18:16:42.873Z</time>
      </trkpt>
      <trkpt lat="48.247057" lon="16.333092">
        <ele>281.145188</ele>
        <time>2026-05-03T18:16:45.871Z</time>
      </trkpt>
      <trkpt lat="48.247018" lon="16.333216">
        <ele>281.000037</ele>
        <time>2026-05-03T18:16:47.847Z</time>
      </trkpt>
      <trkpt lat="48.246964" lon="16.333396">
        <ele>280.791073</ele>
        <time>2026-05-03T18:16:50.859Z</time>
      </trkpt>
      <trkpt lat="48.246919" lon="16.333513">
        <ele>280.648061</ele>
        <time>2026-05-03T18:16:52.865Z</time>
      </trkpt>
      <trkpt lat="48.246873" lon="16.333650">
        <ele>280.497816</ele>
        <time>2026-05-03T18:16:54.869Z</time>
      </trkpt>
      <trkpt lat="48.246823" lon="16.333770">
        <ele>280.381975</ele>
        <time>2026-05-03T18:16:56.859Z</time>
      </trkpt>
      <trkpt lat="48.246772" lon="16.333903">
        <ele>280.256380</ele>
        <time>2026-05-03T18:16:58.876Z</time>
      </trkpt>
      <trkpt lat="48.246728" lon="16.334045">
        <ele>280.128210</ele>
        <time>2026-05-03T18:17:00.870Z</time>
      </trkpt>
      <trkpt lat="48.246681" lon="16.334198">
        <ele>279.990323</ele>
        <time>2026-05-03T18:17:02.868Z</time>
      </trkpt>
      <trkpt lat="48.246643" lon="16.334345">
        <ele>279.861280</ele>
        <time>2026-05-03T18:17:04.854Z</time>
      </trkpt>
      <trkpt lat="48.246617" lon="16.334508">
        <ele>279.724115</ele>
        <time>2026-05-03T18:17:06.849Z</time>
      </trkpt>
      <trkpt lat="48.246602" lon="16.334688">
        <ele>279.575663</ele>
        <time>2026-05-03T18:17:08.876Z</time>
      </trkpt>
      <trkpt lat="48.246602" lon="16.334875">
        <ele>279.422631</ele>
        <time>2026-05-03T18:17:10.870Z</time>
      </trkpt>
      <trkpt lat="48.246600" lon="16.335060">
        <ele>279.271216</ele>
        <time>2026-05-03T18:17:12.853Z</time>
      </trkpt>
      <trkpt lat="48.246592" lon="16.335257">
        <ele>279.109701</ele>
        <time>2026-05-03T18:17:14.851Z</time>
      </trkpt>
      <trkpt lat="48.246580" lon="16.335451">
        <ele>278.950258</ele>
        <time>2026-05-03T18:17:16.848Z</time>
      </trkpt>
      <trkpt lat="48.246567" lon="16.335642">
        <ele>278.793138</ele>
        <time>2026-05-03T18:17:18.849Z</time>
      </trkpt>
      <trkpt lat="48.246551" lon="16.335823">
        <ele>278.643717</ele>
        <time>2026-05-03T18:17:20.854Z</time>
      </trkpt>
      <trkpt lat="48.246526" lon="16.335994">
        <ele>278.500446</ele>
        <time>2026-05-03T18:17:22.844Z</time>
      </trkpt>
      <trkpt lat="48.246532" lon="16.336179">
        <ele>278.348871</ele>
        <time>2026-05-03T18:17:24.851Z</time>
      </trkpt>
      <trkpt lat="48.246519" lon="16.336364">
        <ele>278.134353</ele>
        <time>2026-05-03T18:17:26.866Z</time>
      </trkpt>
      <trkpt lat="48.246514" lon="16.336549">
        <ele>277.911484</ele>
        <time>2026-05-03T18:17:28.853Z</time>
      </trkpt>
      <trkpt lat="48.246497" lon="16.336733">
        <ele>277.687880</ele>
        <time>2026-05-03T18:17:30.850Z</time>
      </trkpt>
      <trkpt lat="48.246491" lon="16.336913">
        <ele>277.470941</ele>
        <time>2026-05-03T18:17:32.845Z</time>
      </trkpt>
      <trkpt lat="48.246485" lon="16.337099">
        <ele>277.246789</ele>
        <time>2026-05-03T18:17:34.873Z</time>
      </trkpt>
      <trkpt lat="48.246468" lon="16.337288">
        <ele>277.017222</ele>
        <time>2026-05-03T18:17:36.840Z</time>
      </trkpt>
      <trkpt lat="48.246438" lon="16.337474">
        <ele>276.786859</ele>
        <time>2026-05-03T18:17:38.864Z</time>
      </trkpt>
      <trkpt lat="48.246406" lon="16.337659">
        <ele>276.556783</ele>
        <time>2026-05-03T18:17:40.866Z</time>
      </trkpt>
      <trkpt lat="48.246378" lon="16.337846">
        <ele>276.326070</ele>
        <time>2026-05-03T18:17:42.862Z</time>
      </trkpt>
      <trkpt lat="48.246351" lon="16.338036">
        <ele>276.092215</ele>
        <time>2026-05-03T18:17:44.862Z</time>
      </trkpt>
      <trkpt lat="48.246325" lon="16.338232">
        <ele>275.851652</ele>
        <time>2026-05-03T18:17:46.865Z</time>
      </trkpt>
      <trkpt lat="48.246295" lon="16.338429">
        <ele>275.608400</ele>
        <time>2026-05-03T18:17:48.865Z</time>
      </trkpt>
      <trkpt lat="48.246261" lon="16.338626">
        <ele>275.363434</ele>
        <time>2026-05-03T18:17:50.868Z</time>
      </trkpt>
      <trkpt lat="48.246231" lon="16.338824">
        <ele>275.119007</ele>
        <time>2026-05-03T18:17:52.851Z</time>
      </trkpt>
      <trkpt lat="48.246198" lon="16.339018">
        <ele>274.721218</ele>
        <time>2026-05-03T18:17:54.847Z</time>
      </trkpt>
      <trkpt lat="48.246172" lon="16.339207">
        <ele>274.306585</ele>
        <time>2026-05-03T18:17:56.864Z</time>
      </trkpt>
      <trkpt lat="48.246146" lon="16.339394">
        <ele>273.896159</ele>
        <time>2026-05-03T18:17:58.865Z</time>
      </trkpt>
      <trkpt lat="48.246116" lon="16.339578">
        <ele>273.489166</ele>
        <time>2026-05-03T18:18:00.857Z</time>
      </trkpt>
      <trkpt lat="48.246092" lon="16.339759">
        <ele>273.092660</ele>
        <time>2026-05-03T18:18:02.846Z</time>
      </trkpt>
      <trkpt lat="48.246064" lon="16.339935">
        <ele>272.703889</ele>
        <time>2026-05-03T18:18:04.850Z</time>
      </trkpt>
      <trkpt lat="48.246043" lon="16.340104">
        <ele>272.334531</ele>
        <time>2026-05-03T18:18:06.873Z</time>
      </trkpt>
      <trkpt lat="48.246008" lon="16.340265">
        <ele>271.970663</ele>
        <time>2026-05-03T18:18:08.838Z</time>
      </trkpt>
      <trkpt lat="48.245986" lon="16.340430">
        <ele>271.609130</ele>
        <time>2026-05-03T18:18:10.857Z</time>
      </trkpt>
      <trkpt lat="48.245965" lon="16.340596">
        <ele>271.246106</ele>
        <time>2026-05-03T18:18:12.871Z</time>
      </trkpt>
      <trkpt lat="48.245947" lon="16.340762">
        <ele>270.884763</ele>
        <time>2026-05-03T18:18:14.868Z</time>
      </trkpt>
      <trkpt lat="48.245934" lon="16.340922">
        <ele>270.538458</ele>
        <time>2026-05-03T18:18:16.880Z</time>
      </trkpt>
      <trkpt lat="48.245911" lon="16.341078">
        <ele>270.195180</ele>
        <time>2026-05-03T18:18:18.862Z</time>
      </trkpt>
      <trkpt lat="48.245889" lon="16.341233">
        <ele>269.854687</ele>
        <time>2026-05-03T18:18:20.867Z</time>
      </trkpt>
      <trkpt lat="48.245864" lon="16.341383">
        <ele>269.522476</ele>
        <time>2026-05-03T18:18:22.911Z</time>
      </trkpt>
      <trkpt lat="48.245839" lon="16.341527">
        <ele>269.196858</ele>
        <time>2026-05-03T18:18:24.840Z</time>
      </trkpt>
      <trkpt lat="48.245806" lon="16.341664">
        <ele>268.858254</ele>
        <time>2026-05-03T18:18:26.866Z</time>
      </trkpt>
      <trkpt lat="48.245778" lon="16.341804">
        <ele>268.518509</ele>
        <time>2026-05-03T18:18:28.888Z</time>
      </trkpt>
      <trkpt lat="48.245750" lon="16.341974">
        <ele>268.111491</ele>
        <time>2026-05-03T18:18:31.851Z</time>
      </trkpt>
      <trkpt lat="48.245728" lon="16.342114">
        <ele>267.777167</ele>
        <time>2026-05-03T18:18:35.863Z</time>
      </trkpt>
      <trkpt lat="48.245635" lon="16.342581">
        <ele>266.644274</ele>
        <time>2026-05-03T18:19:09.883Z</time>
      </trkpt>
      <trkpt lat="48.245626" lon="16.342777">
        <ele>266.187650</ele>
        <time>2026-05-03T18:19:12.861Z</time>
      </trkpt>
      <trkpt lat="48.245608" lon="16.342966">
        <ele>265.743907</ele>
        <time>2026-05-03T18:19:15.870Z</time>
      </trkpt>
      <trkpt lat="48.245620" lon="16.343123">
        <ele>265.376612</ele>
        <time>2026-05-03T18:19:18.852Z</time>
      </trkpt>
      <trkpt lat="48.245724" lon="16.343061">
        <ele>264.986082</ele>
        <time>2026-05-03T18:19:22.854Z</time>
      </trkpt>
      <trkpt lat="48.245804" lon="16.342939">
        <ele>264.588139</ele>
        <time>2026-05-03T18:19:25.902Z</time>
      </trkpt>
      <trkpt lat="48.245910" lon="16.342849">
        <ele>264.163145</ele>
        <time>2026-05-03T18:19:28.873Z</time>
      </trkpt>
      <trkpt lat="48.246001" lon="16.342798">
        <ele>263.824147</ele>
        <time>2026-05-03T18:19:30.884Z</time>
      </trkpt>
      <trkpt lat="48.246112" lon="16.342746">
        <ele>263.418330</ele>
        <time>2026-05-03T18:19:33.851Z</time>
      </trkpt>
      <trkpt lat="48.246208" lon="16.342731">
        <ele>263.081471</ele>
        <time>2026-05-03T18:19:35.867Z</time>
      </trkpt>
      <trkpt lat="48.246300" lon="16.342704">
        <ele>262.928278</ele>
        <time>2026-05-03T18:19:37.879Z</time>
      </trkpt>
      <trkpt lat="48.246395" lon="16.342670">
        <ele>262.831366</ele>
        <time>2026-05-03T18:19:39.853Z</time>
      </trkpt>
      <trkpt lat="48.246524" lon="16.342621">
        <ele>262.699322</ele>
        <time>2026-05-03T18:19:42.876Z</time>
      </trkpt>
      <trkpt lat="48.246619" lon="16.342599">
        <ele>262.603935</ele>
        <time>2026-05-03T18:19:44.869Z</time>
      </trkpt>
      <trkpt lat="48.246738" lon="16.342564">
        <ele>262.483603</ele>
        <time>2026-05-03T18:19:47.889Z</time>
      </trkpt>
      <trkpt lat="48.246831" lon="16.342544">
        <ele>262.390374</ele>
        <time>2026-05-03T18:19:50.849Z</time>
      </trkpt>
      <trkpt lat="48.246827" lon="16.342741">
        <ele>262.260132</ele>
        <time>2026-05-03T18:19:54.867Z</time>
      </trkpt>
      <trkpt lat="48.246804" lon="16.342934">
        <ele>262.130567</ele>
        <time>2026-05-03T18:19:57.872Z</time>
      </trkpt>
      <trkpt lat="48.246776" lon="16.343126">
        <ele>262.000682</ele>
        <time>2026-05-03T18:20:00.874Z</time>
      </trkpt>
      <trkpt lat="48.246749" lon="16.343276">
        <ele>261.898001</ele>
        <time>2026-05-03T18:20:02.842Z</time>
      </trkpt>
      <trkpt lat="48.246738" lon="16.343439">
        <ele>261.789736</ele>
        <time>2026-05-03T18:20:04.873Z</time>
      </trkpt>
      <trkpt lat="48.246710" lon="16.343642">
        <ele>261.652741</ele>
        <time>2026-05-03T18:20:07.870Z</time>
      </trkpt>
      <trkpt lat="48.246688" lon="16.343795">
        <ele>261.549305</ele>
        <time>2026-05-03T18:20:09.866Z</time>
      </trkpt>
      <trkpt lat="48.246657" lon="16.343961">
        <ele>261.435376</ele>
        <time>2026-05-03T18:20:11.880Z</time>
      </trkpt>
      <trkpt lat="48.246621" lon="16.344133">
        <ele>261.316233</ele>
        <time>2026-05-03T18:20:13.855Z</time>
      </trkpt>
      <trkpt lat="48.246578" lon="16.344296">
        <ele>261.212531</ele>
        <time>2026-05-03T18:20:15.859Z</time>
      </trkpt>
      <trkpt lat="48.246542" lon="16.344464">
        <ele>261.212531</ele>
        <time>2026-05-03T18:20:17.909Z</time>
      </trkpt>
      <trkpt lat="48.246518" lon="16.344620">
        <ele>261.212531</ele>
        <time>2026-05-03T18:20:19.893Z</time>
      </trkpt>
      <trkpt lat="48.246503" lon="16.344782">
        <ele>261.212531</ele>
        <time>2026-05-03T18:20:21.853Z</time>
      </trkpt>
      <trkpt lat="48.246483" lon="16.344942">
        <ele>261.212531</ele>
        <time>2026-05-03T18:20:23.894Z</time>
      </trkpt>
      <trkpt lat="48.246467" lon="16.345100">
        <ele>261.212531</ele>
        <time>2026-05-03T18:20:25.876Z</time>
      </trkpt>
      <trkpt lat="48.246441" lon="16.345258">
        <ele>261.212531</ele>
        <time>2026-05-03T18:20:27.827Z</time>
      </trkpt>
      <trkpt lat="48.246420" lon="16.345416">
        <ele>261.212531</ele>
        <time>2026-05-03T18:20:29.912Z</time>
      </trkpt>
      <trkpt lat="48.246398" lon="16.345576">
        <ele>261.212531</ele>
        <time>2026-05-03T18:20:31.874Z</time>
      </trkpt>
      <trkpt lat="48.246371" lon="16.345744">
        <ele>261.212531</ele>
        <time>2026-05-03T18:20:34.863Z</time>
      </trkpt>
      <trkpt lat="48.246340" lon="16.345934">
        <ele>261.212531</ele>
        <time>2026-05-03T18:20:37.868Z</time>
      </trkpt>
      <trkpt lat="48.246318" lon="16.346129">
        <ele>261.212531</ele>
        <time>2026-05-03T18:20:40.903Z</time>
      </trkpt>
      <trkpt lat="48.246295" lon="16.346318">
        <ele>261.212531</ele>
        <time>2026-05-03T18:20:43.854Z</time>
      </trkpt>
      <trkpt lat="48.246271" lon="16.346460">
        <ele>261.212531</ele>
        <time>2026-05-03T18:20:45.932Z</time>
      </trkpt>
      <trkpt lat="48.246234" lon="16.346642">
        <ele>261.212531</ele>
        <time>2026-05-03T18:20:48.795Z</time>
      </trkpt>
    </trkseg>
  </trk>
</gpx>