<?xml version='1.0' encoding='UTF-8'?>
<gpx version="1.1" creator="https://www.komoot.de" xmlns="http://www.topografix.com/GPX/1/1" xmlns:xsi="http://www.w3.org/2001/XMLSchema-instance" xsi:schemaLocation="http://www.topografix.com/GPX/1/1 http://www.topografix.com/GPX/1/1/gpx.xsd">
  <metadata>
    <name>Altmühltal</name>
    <author>
      <link href="https://www.komoot.de">
        <text>komoot</text>
        <type>text/html</type>
      </link>
    </author>
  </metadata>
  <trk>
    <name>Altmühltal</name>
    <type>touring_bicycle</type>
    <trkseg>
      <trkpt lat="48.948882" lon="11.388399">
        <ele>431.283775</ele>
        <time>2026-09-27T08:51:36.098Z</time>
      </trkpt>
      <trkpt lat="48.948539" lon="11.388620">
        <ele>431.283775</ele>
        <time>2026-09-27T08:53:46.318Z</time>
      </trkpt>
      <trkpt lat="48.948529" lon="11.388805">
        <ele>431.283775</ele>
        <time>2026-09-27T08:54:23.361Z</time>
      </trkpt>
      <trkpt lat="48.948561" lon="11.388939">
        <ele>431.283775</ele>
        <time>2026-09-27T08:54:28.365Z</time>
      </trkpt>
      <trkpt lat="48.948588" lon="11.389074">
        <ele>431.283775</ele>
        <time>2026-09-27T08:54:32.343Z</time>
      </trkpt>
      <trkpt lat="48.948599" lon="11.389221">
        <ele>431.283775</ele>
        <time>2026-09-27T08:54:37.315Z</time>
      </trkpt>
      <trkpt lat="48.948618" lon="11.389384">
        <ele>431.283775</ele>
        <time>2026-09-27T08:54:41.323Z</time>
      </trkpt>
      <trkpt lat="48.948641" lon="11.389559">
        <ele>431.441994</ele>
        <time>2026-09-27T08:54:45.332Z</time>
      </trkpt>
      <trkpt lat="48.948729" lon="11.389646">
        <ele>431.600939</ele>
        <time>2026-09-27T08:54:49.325Z</time>
      </trkpt>
      <trkpt lat="48.948824" lon="11.389613">
        <ele>431.748552</ele>
        <time>2026-09-27T08:54:52.323Z</time>
      </trkpt>
      <trkpt lat="48.948922" lon="11.389568">
        <ele>431.903615</ele>
        <time>2026-09-27T08:54:55.320Z</time>
      </trkpt>
      <trkpt lat="48.949024" lon="11.389545">
        <ele>432.059820</ele>
        <time>2026-09-27T08:54:58.321Z</time>
      </trkpt>
      <trkpt lat="48.949128" lon="11.389528">
        <ele>432.218274</ele>
        <time>2026-09-27T08:55:01.363Z</time>
      </trkpt>
      <trkpt lat="48.949233" lon="11.389506">
        <ele>432.378837</ele>
        <time>2026-09-27T08:55:04.345Z</time>
      </trkpt>
      <trkpt lat="48.949335" lon="11.389481">
        <ele>432.535346</ele>
        <time>2026-09-27T08:55:07.357Z</time>
      </trkpt>
      <trkpt lat="48.949437" lon="11.389459">
        <ele>432.691408</ele>
        <time>2026-09-27T08:55:10.361Z</time>
      </trkpt>
      <trkpt lat="48.949552" lon="11.389456">
        <ele>432.865646</ele>
        <time>2026-09-27T08:55:13.357Z</time>
      </trkpt>
      <trkpt lat="48.949636" lon="11.389526">
        <ele>433.010708</ele>
        <time>2026-09-27T08:55:16.358Z</time>
      </trkpt>
      <trkpt lat="48.949697" lon="11.389637">
        <ele>433.154701</ele>
        <time>2026-09-27T08:55:19.362Z</time>
      </trkpt>
      <trkpt lat="48.949803" lon="11.389748">
        <ele>433.349587</ele>
        <time>2026-09-27T08:56:08.323Z</time>
      </trkpt>
      <trkpt lat="48.949870" lon="11.389887">
        <ele>433.521124</ele>
        <time>2026-09-27T08:56:11.353Z</time>
      </trkpt>
      <trkpt lat="48.949979" lon="11.389990">
        <ele>433.715459</ele>
        <time>2026-09-27T08:56:14.338Z</time>
      </trkpt>
      <trkpt lat="48.950092" lon="11.390007">
        <ele>433.887476</ele>
        <time>2026-09-27T08:56:17.349Z</time>
      </trkpt>
      <trkpt lat="48.950123" lon="11.389850">
        <ele>434.052202</ele>
        <time>2026-09-27T08:56:20.322Z</time>
      </trkpt>
      <trkpt lat="48.950137" lon="11.389713">
        <ele>434.195475</ele>
        <time>2026-09-27T08:56:22.340Z</time>
      </trkpt>
      <trkpt lat="48.950167" lon="11.389534">
        <ele>434.386373</ele>
        <time>2026-09-27T08:56:25.324Z</time>
      </trkpt>
      <trkpt lat="48.950201" lon="11.389358">
        <ele>434.575947</ele>
        <time>2026-09-27T08:56:28.342Z</time>
      </trkpt>
      <trkpt lat="48.950245" lon="11.389191">
        <ele>434.761887</ele>
        <time>2026-09-27T08:56:31.346Z</time>
      </trkpt>
      <trkpt lat="48.950291" lon="11.389025">
        <ele>434.948068</ele>
        <time>2026-09-27T08:56:34.370Z</time>
      </trkpt>
      <trkpt lat="48.950342" lon="11.388872">
        <ele>435.125370</ele>
        <time>2026-09-27T08:56:37.387Z</time>
      </trkpt>
      <trkpt lat="48.950387" lon="11.388714">
        <ele>435.303332</ele>
        <time>2026-09-27T08:56:40.314Z</time>
      </trkpt>
      <trkpt lat="48.950433" lon="11.388564">
        <ele>435.474401</ele>
        <time>2026-09-27T08:56:43.322Z</time>
      </trkpt>
      <trkpt lat="48.950514" lon="11.388437">
        <ele>435.657341</ele>
        <time>2026-09-27T08:56:46.327Z</time>
      </trkpt>
      <trkpt lat="48.950638" lon="11.388376">
        <ele>435.862386</ele>
        <time>2026-09-27T08:56:49.575Z</time>
      </trkpt>
      <trkpt lat="48.950744" lon="11.388341">
        <ele>436.033054</ele>
        <time>2026-09-27T08:56:52.328Z</time>
      </trkpt>
      <trkpt lat="48.950821" lon="11.388416">
        <ele>436.176880</ele>
        <time>2026-09-27T08:56:55.308Z</time>
      </trkpt>
      <trkpt lat="48.950920" lon="11.388549">
        <ele>436.384617</ele>
        <time>2026-09-27T08:56:58.310Z</time>
      </trkpt>
      <trkpt lat="48.951022" lon="11.388674">
        <ele>436.590636</ele>
        <time>2026-09-27T08:57:01.341Z</time>
      </trkpt>
      <trkpt lat="48.951111" lon="11.388770">
        <ele>436.762253</ele>
        <time>2026-09-27T08:57:03.337Z</time>
      </trkpt>
      <trkpt lat="48.951203" lon="11.388850">
        <ele>436.900172</ele>
        <time>2026-09-27T08:57:05.337Z</time>
      </trkpt>
      <trkpt lat="48.951286" lon="11.388914">
        <ele>436.999867</ele>
        <time>2026-09-27T08:57:07.351Z</time>
      </trkpt>
      <trkpt lat="48.951384" lon="11.389004">
        <ele>437.122502</ele>
        <time>2026-09-27T08:57:10.345Z</time>
      </trkpt>
      <trkpt lat="48.951491" lon="11.389086">
        <ele>437.250864</ele>
        <time>2026-09-27T08:57:13.350Z</time>
      </trkpt>
      <trkpt lat="48.951585" lon="11.389189">
        <ele>437.374960</ele>
        <time>2026-09-27T08:57:16.332Z</time>
      </trkpt>
      <trkpt lat="48.951676" lon="11.389283">
        <ele>437.492794</ele>
        <time>2026-09-27T08:57:19.333Z</time>
      </trkpt>
      <trkpt lat="48.951769" lon="11.389365">
        <ele>437.607952</ele>
        <time>2026-09-27T08:57:22.332Z</time>
      </trkpt>
      <trkpt lat="48.951866" lon="11.389463">
        <ele>437.732692</ele>
        <time>2026-09-27T08:57:25.338Z</time>
      </trkpt>
      <trkpt lat="48.951959" lon="11.389566">
        <ele>437.855920</ele>
        <time>2026-09-27T08:57:28.324Z</time>
      </trkpt>
      <trkpt lat="48.952043" lon="11.389655">
        <ele>437.965578</ele>
        <time>2026-09-27T08:57:31.343Z</time>
      </trkpt>
      <trkpt lat="48.952123" lon="11.389746">
        <ele>438.072582</ele>
        <time>2026-09-27T08:57:34.307Z</time>
      </trkpt>
      <trkpt lat="48.952208" lon="11.389853">
        <ele>438.190760</ele>
        <time>2026-09-27T08:57:38.349Z</time>
      </trkpt>
      <trkpt lat="48.952311" lon="11.389954">
        <ele>438.322037</ele>
        <time>2026-09-27T08:57:41.345Z</time>
      </trkpt>
      <trkpt lat="48.952399" lon="11.390060">
        <ele>438.442271</ele>
        <time>2026-09-27T08:57:44.354Z</time>
      </trkpt>
      <trkpt lat="48.952487" lon="11.390163">
        <ele>438.561208</ele>
        <time>2026-09-27T08:57:47.334Z</time>
      </trkpt>
      <trkpt lat="48.952588" lon="11.390280">
        <ele>438.697195</ele>
        <time>2026-09-27T08:57:51.331Z</time>
      </trkpt>
      <trkpt lat="48.952672" lon="11.390334">
        <ele>438.983475</ele>
        <time>2026-09-27T08:57:53.332Z</time>
      </trkpt>
      <trkpt lat="48.952746" lon="11.390430">
        <ele>439.770248</ele>
        <time>2026-09-27T08:57:56.351Z</time>
      </trkpt>
      <trkpt lat="48.952817" lon="11.390543">
        <ele>440.601438</ele>
        <time>2026-09-27T08:57:59.344Z</time>
      </trkpt>
      <trkpt lat="48.952886" lon="11.390642">
        <ele>441.368706</ele>
        <time>2026-09-27T08:58:02.335Z</time>
      </trkpt>
      <trkpt lat="48.952983" lon="11.390755">
        <ele>442.357134</ele>
        <time>2026-09-27T08:58:05.434Z</time>
      </trkpt>
      <trkpt lat="48.953077" lon="11.390856">
        <ele>443.288218</ele>
        <time>2026-09-27T08:58:08.323Z</time>
      </trkpt>
      <trkpt lat="48.953164" lon="11.390948">
        <ele>444.145460</ele>
        <time>2026-09-27T08:58:11.320Z</time>
      </trkpt>
      <trkpt lat="48.953262" lon="11.391046">
        <ele>445.094332</ele>
        <time>2026-09-27T08:58:14.328Z</time>
      </trkpt>
      <trkpt lat="48.953345" lon="11.391131">
        <ele>445.903852</ele>
        <time>2026-09-27T08:58:17.309Z</time>
      </trkpt>
      <trkpt lat="48.953430" lon="11.391213">
        <ele>446.718210</ele>
        <time>2026-09-27T08:58:20.349Z</time>
      </trkpt>
      <trkpt lat="48.953523" lon="11.391294">
        <ele>447.585303</ele>
        <time>2026-09-27T08:58:23.355Z</time>
      </trkpt>
      <trkpt lat="48.953640" lon="11.391414">
        <ele>448.726968</ele>
        <time>2026-09-27T08:58:26.344Z</time>
      </trkpt>
      <trkpt lat="48.953744" lon="11.391514">
        <ele>449.722422</ele>
        <time>2026-09-27T08:58:29.347Z</time>
      </trkpt>
      <trkpt lat="48.953829" lon="11.391568">
        <ele>450.467819</ele>
        <time>2026-09-27T08:58:32.366Z</time>
      </trkpt>
      <trkpt lat="48.953928" lon="11.391673">
        <ele>451.444238</ele>
        <time>2026-09-27T08:58:36.355Z</time>
      </trkpt>
      <trkpt lat="48.954023" lon="11.391755">
        <ele>452.328025</ele>
        <time>2026-09-27T08:58:40.341Z</time>
      </trkpt>
      <trkpt lat="48.954147" lon="11.391833">
        <ele>453.343557</ele>
        <time>2026-09-27T08:58:45.334Z</time>
      </trkpt>
      <trkpt lat="48.954240" lon="11.391895">
        <ele>453.528280</ele>
        <time>2026-09-27T08:58:48.329Z</time>
      </trkpt>
      <trkpt lat="48.954338" lon="11.392002">
        <ele>453.747692</ele>
        <time>2026-09-27T08:58:51.353Z</time>
      </trkpt>
      <trkpt lat="48.954439" lon="11.392131">
        <ele>453.987546</ele>
        <time>2026-09-27T08:58:54.340Z</time>
      </trkpt>
      <trkpt lat="48.954516" lon="11.392239">
        <ele>454.178022</ele>
        <time>2026-09-27T08:58:56.336Z</time>
      </trkpt>
      <trkpt lat="48.954609" lon="11.392336">
        <ele>454.383125</ele>
        <time>2026-09-27T08:58:58.349Z</time>
      </trkpt>
      <trkpt lat="48.954684" lon="11.392420">
        <ele>454.552525</ele>
        <time>2026-09-27T08:59:00.329Z</time>
      </trkpt>
      <trkpt lat="48.954754" lon="11.392512">
        <ele>454.720769</ele>
        <time>2026-09-27T08:59:02.342Z</time>
      </trkpt>
      <trkpt lat="48.954829" lon="11.392598">
        <ele>454.891595</ele>
        <time>2026-09-27T08:59:04.341Z</time>
      </trkpt>
      <trkpt lat="48.954912" lon="11.392687">
        <ele>455.076300</ele>
        <time>2026-09-27T08:59:06.330Z</time>
      </trkpt>
      <trkpt lat="48.955011" lon="11.392799">
        <ele>455.300703</ele>
        <time>2026-09-27T08:59:09.338Z</time>
      </trkpt>
      <trkpt lat="48.955108" lon="11.392911">
        <ele>455.522194</ele>
        <time>2026-09-27T08:59:12.334Z</time>
      </trkpt>
      <trkpt lat="48.955199" lon="11.393017">
        <ele>455.730657</ele>
        <time>2026-09-27T08:59:15.336Z</time>
      </trkpt>
      <trkpt lat="48.955260" lon="11.393126">
        <ele>455.901772</ele>
        <time>2026-09-27T08:59:17.341Z</time>
      </trkpt>
      <trkpt lat="48.955334" lon="11.393221">
        <ele>456.077879</ele>
        <time>2026-09-27T08:59:19.334Z</time>
      </trkpt>
      <trkpt lat="48.955410" lon="11.393301">
        <ele>456.245984</ele>
        <time>2026-09-27T08:59:21.336Z</time>
      </trkpt>
      <trkpt lat="48.955495" lon="11.393417">
        <ele>456.453661</ele>
        <time>2026-09-27T08:59:23.337Z</time>
      </trkpt>
      <trkpt lat="48.955572" lon="11.393510">
        <ele>456.517036</ele>
        <time>2026-09-27T08:59:25.333Z</time>
      </trkpt>
      <trkpt lat="48.955658" lon="11.393585">
        <ele>456.128268</ele>
        <time>2026-09-27T08:59:27.335Z</time>
      </trkpt>
      <trkpt lat="48.955738" lon="11.393673">
        <ele>455.741134</ele>
        <time>2026-09-27T08:59:29.342Z</time>
      </trkpt>
      <trkpt lat="48.955832" lon="11.393760">
        <ele>455.309626</ele>
        <time>2026-09-27T08:59:31.335Z</time>
      </trkpt>
      <trkpt lat="48.955925" lon="11.393847">
        <ele>454.881465</ele>
        <time>2026-09-27T08:59:33.351Z</time>
      </trkpt>
      <trkpt lat="48.956020" lon="11.393935">
        <ele>454.445268</ele>
        <time>2026-09-27T08:59:35.335Z</time>
      </trkpt>
      <trkpt lat="48.956108" lon="11.394014">
        <ele>454.044541</ele>
        <time>2026-09-27T08:59:37.352Z</time>
      </trkpt>
      <trkpt lat="48.956201" lon="11.394083">
        <ele>453.638722</ele>
        <time>2026-09-27T08:59:39.338Z</time>
      </trkpt>
      <trkpt lat="48.956288" lon="11.394201">
        <ele>453.181702</ele>
        <time>2026-09-27T08:59:41.338Z</time>
      </trkpt>
      <trkpt lat="48.956368" lon="11.394311">
        <ele>452.758884</ele>
        <time>2026-09-27T08:59:43.335Z</time>
      </trkpt>
      <trkpt lat="48.956447" lon="11.394393">
        <ele>452.383842</ele>
        <time>2026-09-27T08:59:45.353Z</time>
      </trkpt>
      <trkpt lat="48.956530" lon="11.394462">
        <ele>452.012891</ele>
        <time>2026-09-27T08:59:47.338Z</time>
      </trkpt>
      <trkpt lat="48.956619" lon="11.394541">
        <ele>451.608781</ele>
        <time>2026-09-27T08:59:49.327Z</time>
      </trkpt>
      <trkpt lat="48.956724" lon="11.394662">
        <ele>451.092247</ele>
        <time>2026-09-27T08:59:51.337Z</time>
      </trkpt>
      <trkpt lat="48.956818" lon="11.394779">
        <ele>450.616008</ele>
        <time>2026-09-27T08:59:53.314Z</time>
      </trkpt>
      <trkpt lat="48.956914" lon="11.394875">
        <ele>450.165483</ele>
        <time>2026-09-27T08:59:55.316Z</time>
      </trkpt>
      <trkpt lat="48.957005" lon="11.394962">
        <ele>449.743991</ele>
        <time>2026-09-27T08:59:57.304Z</time>
      </trkpt>
      <trkpt lat="48.957092" lon="11.395042">
        <ele>448.946869</ele>
        <time>2026-09-27T08:59:59.317Z</time>
      </trkpt>
      <trkpt lat="48.957184" lon="11.395114">
        <ele>447.710917</ele>
        <time>2026-09-27T09:00:01.324Z</time>
      </trkpt>
      <trkpt lat="48.957292" lon="11.395183">
        <ele>446.311481</ele>
        <time>2026-09-27T09:00:03.301Z</time>
      </trkpt>
      <trkpt lat="48.957401" lon="11.395239">
        <ele>444.936938</ele>
        <time>2026-09-27T09:00:06.337Z</time>
      </trkpt>
      <trkpt lat="48.957568" lon="11.395362">
        <ele>442.720366</ele>
        <time>2026-09-27T09:01:10.344Z</time>
      </trkpt>
      <trkpt lat="48.957665" lon="11.395406">
        <ele>441.511005</ele>
        <time>2026-09-27T09:01:13.332Z</time>
      </trkpt>
      <trkpt lat="48.957767" lon="11.395439">
        <ele>440.265020</ele>
        <time>2026-09-27T09:01:16.330Z</time>
      </trkpt>
      <trkpt lat="48.957856" lon="11.395479">
        <ele>439.156227</ele>
        <time>2026-09-27T09:01:19.344Z</time>
      </trkpt>
      <trkpt lat="48.957960" lon="11.395538">
        <ele>437.830125</ele>
        <time>2026-09-27T09:01:22.331Z</time>
      </trkpt>
      <trkpt lat="48.958081" lon="11.395594">
        <ele>436.319024</ele>
        <time>2026-09-27T09:01:25.334Z</time>
      </trkpt>
      <trkpt lat="48.958188" lon="11.395663">
        <ele>434.930603</ele>
        <time>2026-09-27T09:01:28.382Z</time>
      </trkpt>
      <trkpt lat="48.958291" lon="11.395746">
        <ele>433.538206</ele>
        <time>2026-09-27T09:01:31.332Z</time>
      </trkpt>
      <trkpt lat="48.958412" lon="11.395817">
        <ele>431.988791</ele>
        <time>2026-09-27T09:01:34.361Z</time>
      </trkpt>
      <trkpt lat="48.958498" lon="11.395870">
        <ele>430.880242</ele>
        <time>2026-09-27T09:01:36.321Z</time>
      </trkpt>
      <trkpt lat="48.958589" lon="11.395901">
        <ele>429.766023</ele>
        <time>2026-09-27T09:01:38.332Z</time>
      </trkpt>
      <trkpt lat="48.958717" lon="11.395941">
        <ele>428.204699</ele>
        <time>2026-09-27T09:01:40.355Z</time>
      </trkpt>
      <trkpt lat="48.958827" lon="11.395976">
        <ele>427.779001</ele>
        <time>2026-09-27T09:01:42.333Z</time>
      </trkpt>
      <trkpt lat="48.958949" lon="11.396027">
        <ele>427.435894</ele>
        <time>2026-09-27T09:01:44.383Z</time>
      </trkpt>
      <trkpt lat="48.959052" lon="11.396062">
        <ele>427.149685</ele>
        <time>2026-09-27T09:01:46.387Z</time>
      </trkpt>
      <trkpt lat="48.959143" lon="11.396083">
        <ele>426.900072</ele>
        <time>2026-09-27T09:01:48.334Z</time>
      </trkpt>
      <trkpt lat="48.959231" lon="11.396112">
        <ele>426.655889</ele>
        <time>2026-09-27T09:01:50.354Z</time>
      </trkpt>
      <trkpt lat="48.959366" lon="11.396151">
        <ele>426.283235</ele>
        <time>2026-09-27T09:01:53.352Z</time>
      </trkpt>
      <trkpt lat="48.959488" lon="11.396201">
        <ele>425.940595</ele>
        <time>2026-09-27T09:01:56.332Z</time>
      </trkpt>
      <trkpt lat="48.959586" lon="11.396213">
        <ele>425.673957</ele>
        <time>2026-09-27T09:01:58.396Z</time>
      </trkpt>
      <trkpt lat="48.959685" lon="11.396225">
        <ele>425.404616</ele>
        <time>2026-09-27T09:02:00.344Z</time>
      </trkpt>
      <trkpt lat="48.959780" lon="11.396238">
        <ele>425.145934</ele>
        <time>2026-09-27T09:02:02.342Z</time>
      </trkpt>
      <trkpt lat="48.959870" lon="11.396256">
        <ele>424.899754</ele>
        <time>2026-09-27T09:02:04.337Z</time>
      </trkpt>
      <trkpt lat="48.959963" lon="11.396278">
        <ele>424.644510</ele>
        <time>2026-09-27T09:02:06.347Z</time>
      </trkpt>
      <trkpt lat="48.960055" lon="11.396291">
        <ele>424.393930</ele>
        <time>2026-09-27T09:02:08.337Z</time>
      </trkpt>
      <trkpt lat="48.960190" lon="11.396304">
        <ele>424.027073</ele>
        <time>2026-09-27T09:02:11.331Z</time>
      </trkpt>
      <trkpt lat="48.960282" lon="11.396303">
        <ele>423.777559</ele>
        <time>2026-09-27T09:02:13.334Z</time>
      </trkpt>
      <trkpt lat="48.960376" lon="11.396297">
        <ele>423.522403</ele>
        <time>2026-09-27T09:02:15.321Z</time>
      </trkpt>
      <trkpt lat="48.960473" lon="11.396296">
        <ele>423.259328</ele>
        <time>2026-09-27T09:02:17.360Z</time>
      </trkpt>
      <trkpt lat="48.960573" lon="11.396296">
        <ele>423.052548</ele>
        <time>2026-09-27T09:02:19.344Z</time>
      </trkpt>
      <trkpt lat="48.960669" lon="11.396287">
        <ele>422.883966</ele>
        <time>2026-09-27T09:02:21.362Z</time>
      </trkpt>
      <trkpt lat="48.960769" lon="11.396279">
        <ele>422.708450</ele>
        <time>2026-09-27T09:02:23.338Z</time>
      </trkpt>
      <trkpt lat="48.960869" lon="11.396263">
        <ele>422.532211</ele>
        <time>2026-09-27T09:02:25.331Z</time>
      </trkpt>
      <trkpt lat="48.960965" lon="11.396247">
        <ele>422.362943</ele>
        <time>2026-09-27T09:02:27.322Z</time>
      </trkpt>
      <trkpt lat="48.961061" lon="11.396231">
        <ele>422.193675</ele>
        <time>2026-09-27T09:02:29.362Z</time>
      </trkpt>
      <trkpt lat="48.961154" lon="11.396211">
        <ele>422.029053</ele>
        <time>2026-09-27T09:02:31.342Z</time>
      </trkpt>
      <trkpt lat="48.961249" lon="11.396184">
        <ele>421.859668</ele>
        <time>2026-09-27T09:02:33.391Z</time>
      </trkpt>
      <trkpt lat="48.961340" lon="11.396163">
        <ele>421.698348</ele>
        <time>2026-09-27T09:02:35.334Z</time>
      </trkpt>
      <trkpt lat="48.961474" lon="11.396127">
        <ele>421.459854</ele>
        <time>2026-09-27T09:02:38.379Z</time>
      </trkpt>
      <trkpt lat="48.961570" lon="11.396092">
        <ele>421.286837</ele>
        <time>2026-09-27T09:02:40.335Z</time>
      </trkpt>
      <trkpt lat="48.961670" lon="11.396055">
        <ele>421.106465</ele>
        <time>2026-09-27T09:02:42.307Z</time>
      </trkpt>
      <trkpt lat="48.961763" lon="11.396021">
        <ele>420.938829</ele>
        <time>2026-09-27T09:02:44.297Z</time>
      </trkpt>
      <trkpt lat="48.961880" lon="11.395971">
        <ele>420.725839</ele>
        <time>2026-09-27T09:02:47.329Z</time>
      </trkpt>
      <trkpt lat="48.962009" lon="11.395918">
        <ele>420.491653</ele>
        <time>2026-09-27T09:02:50.322Z</time>
      </trkpt>
      <trkpt lat="48.962099" lon="11.395876">
        <ele>420.326667</ele>
        <time>2026-09-27T09:02:52.308Z</time>
      </trkpt>
      <trkpt lat="48.962205" lon="11.395811">
        <ele>420.126384</ele>
        <time>2026-09-27T09:02:54.319Z</time>
      </trkpt>
      <trkpt lat="48.962300" lon="11.395754">
        <ele>420.007447</ele>
        <time>2026-09-27T09:02:56.319Z</time>
      </trkpt>
      <trkpt lat="48.962396" lon="11.395708">
        <ele>419.981722</ele>
        <time>2026-09-27T09:02:58.328Z</time>
      </trkpt>
      <trkpt lat="48.962492" lon="11.395660">
        <ele>419.955894</ele>
        <time>2026-09-27T09:03:00.355Z</time>
      </trkpt>
      <trkpt lat="48.962585" lon="11.395601">
        <ele>419.930142</ele>
        <time>2026-09-27T09:03:02.365Z</time>
      </trkpt>
      <trkpt lat="48.962675" lon="11.395551">
        <ele>419.905654</ele>
        <time>2026-09-27T09:03:04.336Z</time>
      </trkpt>
      <trkpt lat="48.962765" lon="11.395497">
        <ele>419.880927</ele>
        <time>2026-09-27T09:03:06.340Z</time>
      </trkpt>
      <trkpt lat="48.962857" lon="11.395443">
        <ele>419.855725</ele>
        <time>2026-09-27T09:03:08.347Z</time>
      </trkpt>
      <trkpt lat="48.962951" lon="11.395388">
        <ele>419.829985</ele>
        <time>2026-09-27T09:03:10.339Z</time>
      </trkpt>
      <trkpt lat="48.963043" lon="11.395334">
        <ele>419.804782</ele>
        <time>2026-09-27T09:03:12.350Z</time>
      </trkpt>
      <trkpt lat="48.963134" lon="11.395276">
        <ele>419.779566</ele>
        <time>2026-09-27T09:03:14.324Z</time>
      </trkpt>
      <trkpt lat="48.963224" lon="11.395221">
        <ele>419.754778</ele>
        <time>2026-09-27T09:03:16.338Z</time>
      </trkpt>
      <trkpt lat="48.963314" lon="11.395172">
        <ele>419.730347</ele>
        <time>2026-09-27T09:03:18.346Z</time>
      </trkpt>
      <trkpt lat="48.963401" lon="11.395124">
        <ele>419.706694</ele>
        <time>2026-09-27T09:03:20.342Z</time>
      </trkpt>
      <trkpt lat="48.963490" lon="11.395071">
        <ele>419.682267</ele>
        <time>2026-09-27T09:03:22.332Z</time>
      </trkpt>
      <trkpt lat="48.963580" lon="11.395023">
        <ele>419.657892</ele>
        <time>2026-09-27T09:03:24.325Z</time>
      </trkpt>
      <trkpt lat="48.963671" lon="11.394966">
        <ele>419.632741</ele>
        <time>2026-09-27T09:03:26.344Z</time>
      </trkpt>
      <trkpt lat="48.963761" lon="11.394914">
        <ele>419.608136</ele>
        <time>2026-09-27T09:03:28.355Z</time>
      </trkpt>
      <trkpt lat="48.963860" lon="11.394859">
        <ele>419.581199</ele>
        <time>2026-09-27T09:03:30.378Z</time>
      </trkpt>
      <trkpt lat="48.963958" lon="11.394808">
        <ele>419.574237</ele>
        <time>2026-09-27T09:03:32.368Z</time>
      </trkpt>
      <trkpt lat="48.964055" lon="11.394757">
        <ele>419.707723</ele>
        <time>2026-09-27T09:03:34.350Z</time>
      </trkpt>
      <trkpt lat="48.964151" lon="11.394701">
        <ele>419.841448</ele>
        <time>2026-09-27T09:03:36.356Z</time>
      </trkpt>
      <trkpt lat="48.964245" lon="11.394644">
        <ele>419.973059</ele>
        <time>2026-09-27T09:03:38.363Z</time>
      </trkpt>
      <trkpt lat="48.964337" lon="11.394589">
        <ele>420.101623</ele>
        <time>2026-09-27T09:03:40.360Z</time>
      </trkpt>
      <trkpt lat="48.964430" lon="11.394535">
        <ele>420.231092</ele>
        <time>2026-09-27T09:03:42.368Z</time>
      </trkpt>
      <trkpt lat="48.964522" lon="11.394482">
        <ele>420.359042</ele>
        <time>2026-09-27T09:03:44.367Z</time>
      </trkpt>
      <trkpt lat="48.964617" lon="11.394428">
        <ele>420.490945</ele>
        <time>2026-09-27T09:03:46.365Z</time>
      </trkpt>
      <trkpt lat="48.964715" lon="11.394373">
        <ele>420.626805</ele>
        <time>2026-09-27T09:03:48.357Z</time>
      </trkpt>
      <trkpt lat="48.964812" lon="11.394321">
        <ele>420.760572</ele>
        <time>2026-09-27T09:03:50.357Z</time>
      </trkpt>
      <trkpt lat="48.964908" lon="11.394267">
        <ele>420.893694</ele>
        <time>2026-09-27T09:03:52.367Z</time>
      </trkpt>
      <trkpt lat="48.965005" lon="11.394208">
        <ele>421.029563</ele>
        <time>2026-09-27T09:03:54.372Z</time>
      </trkpt>
      <trkpt lat="48.965099" lon="11.394152">
        <ele>421.160861</ele>
        <time>2026-09-27T09:03:56.348Z</time>
      </trkpt>
      <trkpt lat="48.965191" lon="11.394097">
        <ele>421.289424</ele>
        <time>2026-09-27T09:03:58.359Z</time>
      </trkpt>
      <trkpt lat="48.965282" lon="11.394044">
        <ele>421.416158</ele>
        <time>2026-09-27T09:04:00.363Z</time>
      </trkpt>
      <trkpt lat="48.965374" lon="11.393989">
        <ele>421.544722</ele>
        <time>2026-09-27T09:04:02.354Z</time>
      </trkpt>
      <trkpt lat="48.965467" lon="11.393933">
        <ele>421.674809</ele>
        <time>2026-09-27T09:04:04.357Z</time>
      </trkpt>
      <trkpt lat="48.965562" lon="11.393876">
        <ele>421.807629</ele>
        <time>2026-09-27T09:04:06.362Z</time>
      </trkpt>
      <trkpt lat="48.965657" lon="11.393818">
        <ele>421.860920</ele>
        <time>2026-09-27T09:04:08.368Z</time>
      </trkpt>
      <trkpt lat="48.965752" lon="11.393769">
        <ele>421.749745</ele>
        <time>2026-09-27T09:04:10.362Z</time>
      </trkpt>
      <trkpt lat="48.965846" lon="11.393715">
        <ele>421.638389</ele>
        <time>2026-09-27T09:04:12.360Z</time>
      </trkpt>
      <trkpt lat="48.965937" lon="11.393663">
        <ele>421.530657</ele>
        <time>2026-09-27T09:04:14.375Z</time>
      </trkpt>
      <trkpt lat="48.966027" lon="11.393612">
        <ele>421.424219</ele>
        <time>2026-09-27T09:04:16.367Z</time>
      </trkpt>
      <trkpt lat="48.966119" lon="11.393559">
        <ele>421.315193</ele>
        <time>2026-09-27T09:04:18.364Z</time>
      </trkpt>
      <trkpt lat="48.966212" lon="11.393506">
        <ele>421.205130</ele>
        <time>2026-09-27T09:04:20.391Z</time>
      </trkpt>
      <trkpt lat="48.966303" lon="11.393458">
        <ele>421.098386</ele>
        <time>2026-09-27T09:04:22.350Z</time>
      </trkpt>
      <trkpt lat="48.966392" lon="11.393406">
        <ele>420.992727</ele>
        <time>2026-09-27T09:04:24.356Z</time>
      </trkpt>
      <trkpt lat="48.966484" lon="11.393343">
        <ele>420.880921</ele>
        <time>2026-09-27T09:04:26.330Z</time>
      </trkpt>
      <trkpt lat="48.966567" lon="11.393287">
        <ele>420.780300</ele>
        <time>2026-09-27T09:04:28.362Z</time>
      </trkpt>
      <trkpt lat="48.966651" lon="11.393230">
        <ele>420.678370</ele>
        <time>2026-09-27T09:04:30.360Z</time>
      </trkpt>
      <trkpt lat="48.966772" lon="11.393166">
        <ele>420.536394</ele>
        <time>2026-09-27T09:04:33.371Z</time>
      </trkpt>
      <trkpt lat="48.966866" lon="11.393101">
        <ele>420.421968</ele>
        <time>2026-09-27T09:04:35.368Z</time>
      </trkpt>
      <trkpt lat="48.966956" lon="11.393041">
        <ele>420.313073</ele>
        <time>2026-09-27T09:04:37.367Z</time>
      </trkpt>
      <trkpt lat="48.967081" lon="11.392975">
        <ele>420.166431</ele>
        <time>2026-09-27T09:04:40.349Z</time>
      </trkpt>
      <trkpt lat="48.967170" lon="11.392922">
        <ele>420.060510</ele>
        <time>2026-09-27T09:04:42.350Z</time>
      </trkpt>
      <trkpt lat="48.967265" lon="11.392864">
        <ele>419.947065</ele>
        <time>2026-09-27T09:04:44.397Z</time>
      </trkpt>
      <trkpt lat="48.967362" lon="11.392808">
        <ele>419.860181</ele>
        <time>2026-09-27T09:04:46.369Z</time>
      </trkpt>
      <trkpt lat="48.967453" lon="11.392759">
        <ele>419.795007</ele>
        <time>2026-09-27T09:04:48.348Z</time>
      </trkpt>
      <trkpt lat="48.967571" lon="11.392684">
        <ele>419.708669</ele>
        <time>2026-09-27T09:04:51.368Z</time>
      </trkpt>
      <trkpt lat="48.967661" lon="11.392638">
        <ele>419.644567</ele>
        <time>2026-09-27T09:04:53.354Z</time>
      </trkpt>
      <trkpt lat="48.967761" lon="11.392582">
        <ele>419.572624</ele>
        <time>2026-09-27T09:04:55.361Z</time>
      </trkpt>
      <trkpt lat="48.967877" lon="11.392515">
        <ele>419.488853</ele>
        <time>2026-09-27T09:04:58.353Z</time>
      </trkpt>
      <trkpt lat="48.968002" lon="11.392439">
        <ele>419.397972</ele>
        <time>2026-09-27T09:05:01.359Z</time>
      </trkpt>
      <trkpt lat="48.968093" lon="11.392389">
        <ele>419.332649</ele>
        <time>2026-09-27T09:05:03.349Z</time>
      </trkpt>
      <trkpt lat="48.968184" lon="11.392335">
        <ele>419.266703</ele>
        <time>2026-09-27T09:05:05.361Z</time>
      </trkpt>
      <trkpt lat="48.968278" lon="11.392283">
        <ele>419.199174</ele>
        <time>2026-09-27T09:05:07.357Z</time>
      </trkpt>
      <trkpt lat="48.968372" lon="11.392232">
        <ele>419.131795</ele>
        <time>2026-09-27T09:05:09.350Z</time>
      </trkpt>
      <trkpt lat="48.968461" lon="11.392179">
        <ele>419.067268</ele>
        <time>2026-09-27T09:05:11.360Z</time>
      </trkpt>
      <trkpt lat="48.968573" lon="11.392118">
        <ele>418.986952</ele>
        <time>2026-09-27T09:05:14.400Z</time>
      </trkpt>
      <trkpt lat="48.968688" lon="11.392038">
        <ele>418.901584</ele>
        <time>2026-09-27T09:05:17.357Z</time>
      </trkpt>
      <trkpt lat="48.968802" lon="11.391968">
        <ele>418.818587</ele>
        <time>2026-09-27T09:05:20.420Z</time>
      </trkpt>
      <trkpt lat="48.968916" lon="11.391907">
        <ele>418.736997</ele>
        <time>2026-09-27T09:05:23.358Z</time>
      </trkpt>
      <trkpt lat="48.969035" lon="11.391843">
        <ele>418.737862</ele>
        <time>2026-09-27T09:05:26.400Z</time>
      </trkpt>
      <trkpt lat="48.969141" lon="11.391784">
        <ele>418.835822</ele>
        <time>2026-09-27T09:05:29.358Z</time>
      </trkpt>
      <trkpt lat="48.969259" lon="11.391725">
        <ele>418.943624</ele>
        <time>2026-09-27T09:05:32.330Z</time>
      </trkpt>
      <trkpt lat="48.969368" lon="11.391647">
        <ele>419.048157</ele>
        <time>2026-09-27T09:05:35.337Z</time>
      </trkpt>
      <trkpt lat="48.969489" lon="11.391598">
        <ele>419.156834</ele>
        <time>2026-09-27T09:05:38.330Z</time>
      </trkpt>
      <trkpt lat="48.969610" lon="11.391617">
        <ele>419.262421</ele>
        <time>2026-09-27T09:05:41.339Z</time>
      </trkpt>
      <trkpt lat="48.969704" lon="11.391571">
        <ele>419.348121</ele>
        <time>2026-09-27T09:05:43.344Z</time>
      </trkpt>
      <trkpt lat="48.969834" lon="11.391502">
        <ele>419.467616</ele>
        <time>2026-09-27T09:05:46.332Z</time>
      </trkpt>
      <trkpt lat="48.969929" lon="11.391450">
        <ele>419.555239</ele>
        <time>2026-09-27T09:05:48.396Z</time>
      </trkpt>
      <trkpt lat="48.970022" lon="11.391394">
        <ele>419.642042</ele>
        <time>2026-09-27T09:05:50.346Z</time>
      </trkpt>
      <trkpt lat="48.970115" lon="11.391341">
        <ele>419.728232</ele>
        <time>2026-09-27T09:05:52.332Z</time>
      </trkpt>
      <trkpt lat="48.970205" lon="11.391293">
        <ele>419.811003</ele>
        <time>2026-09-27T09:05:54.330Z</time>
      </trkpt>
      <trkpt lat="48.970292" lon="11.391248">
        <ele>419.890754</ele>
        <time>2026-09-27T09:05:56.311Z</time>
      </trkpt>
      <trkpt lat="48.970378" lon="11.391211">
        <ele>419.968324</ele>
        <time>2026-09-27T09:05:58.350Z</time>
      </trkpt>
      <trkpt lat="48.970476" lon="11.391158">
        <ele>420.058591</ele>
        <time>2026-09-27T09:06:00.390Z</time>
      </trkpt>
      <trkpt lat="48.970577" lon="11.391119">
        <ele>420.149033</ele>
        <time>2026-09-27T09:06:02.332Z</time>
      </trkpt>
      <trkpt lat="48.970727" lon="11.391073">
        <ele>420.254950</ele>
        <time>2026-09-27T09:06:04.334Z</time>
      </trkpt>
      <trkpt lat="48.970842" lon="11.391030">
        <ele>420.268992</ele>
        <time>2026-09-27T09:06:06.396Z</time>
      </trkpt>
      <trkpt lat="48.970952" lon="11.390986">
        <ele>420.282478</ele>
        <time>2026-09-27T09:06:08.346Z</time>
      </trkpt>
      <trkpt lat="48.971059" lon="11.390944">
        <ele>420.295581</ele>
        <time>2026-09-27T09:06:10.353Z</time>
      </trkpt>
      <trkpt lat="48.971150" lon="11.390910">
        <ele>420.306692</ele>
        <time>2026-09-27T09:06:12.397Z</time>
      </trkpt>
      <trkpt lat="48.971242" lon="11.390879">
        <ele>420.317865</ele>
        <time>2026-09-27T09:06:14.332Z</time>
      </trkpt>
      <trkpt lat="48.971360" lon="11.390843">
        <ele>420.332136</ele>
        <time>2026-09-27T09:06:17.342Z</time>
      </trkpt>
      <trkpt lat="48.971517" lon="11.390800">
        <ele>420.351052</ele>
        <time>2026-09-27T09:06:20.337Z</time>
      </trkpt>
      <trkpt lat="48.971623" lon="11.390776">
        <ele>420.363760</ele>
        <time>2026-09-27T09:06:22.353Z</time>
      </trkpt>
      <trkpt lat="48.971751" lon="11.390759">
        <ele>420.378996</ele>
        <time>2026-09-27T09:06:25.351Z</time>
      </trkpt>
      <trkpt lat="48.971882" lon="11.390737">
        <ele>420.394624</ele>
        <time>2026-09-27T09:06:28.339Z</time>
      </trkpt>
      <trkpt lat="48.972003" lon="11.390695">
        <ele>420.409341</ele>
        <time>2026-09-27T09:06:31.347Z</time>
      </trkpt>
      <trkpt lat="48.972090" lon="11.390659">
        <ele>420.420031</ele>
        <time>2026-09-27T09:06:33.352Z</time>
      </trkpt>
      <trkpt lat="48.972179" lon="11.390621">
        <ele>420.430992</ele>
        <time>2026-09-27T09:06:35.327Z</time>
      </trkpt>
      <trkpt lat="48.972268" lon="11.390584">
        <ele>420.441932</ele>
        <time>2026-09-27T09:06:37.335Z</time>
      </trkpt>
      <trkpt lat="48.972397" lon="11.390511">
        <ele>420.458250</ele>
        <time>2026-09-27T09:06:40.332Z</time>
      </trkpt>
      <trkpt lat="48.972483" lon="11.390447">
        <ele>420.337478</ele>
        <time>2026-09-27T09:06:42.390Z</time>
      </trkpt>
      <trkpt lat="48.972570" lon="11.390400">
        <ele>420.090972</ele>
        <time>2026-09-27T09:06:44.331Z</time>
      </trkpt>
      <trkpt lat="48.972655" lon="11.390352">
        <ele>419.848890</ele>
        <time>2026-09-27T09:06:46.351Z</time>
      </trkpt>
      <trkpt lat="48.972778" lon="11.390288">
        <ele>419.501794</ele>
        <time>2026-09-27T09:06:49.347Z</time>
      </trkpt>
      <trkpt lat="48.972893" lon="11.390231">
        <ele>419.178846</ele>
        <time>2026-09-27T09:06:52.341Z</time>
      </trkpt>
      <trkpt lat="48.973018" lon="11.390177">
        <ele>418.831877</ele>
        <time>2026-09-27T09:06:55.328Z</time>
      </trkpt>
      <trkpt lat="48.973142" lon="11.390132">
        <ele>418.491474</ele>
        <time>2026-09-27T09:06:58.351Z</time>
      </trkpt>
      <trkpt lat="48.973266" lon="11.390089">
        <ele>418.151867</ele>
        <time>2026-09-27T09:07:01.344Z</time>
      </trkpt>
      <trkpt lat="48.973358" lon="11.390051">
        <ele>417.897315</ele>
        <time>2026-09-27T09:07:03.356Z</time>
      </trkpt>
      <trkpt lat="48.973450" lon="11.390009">
        <ele>417.640839</ele>
        <time>2026-09-27T09:07:05.378Z</time>
      </trkpt>
      <trkpt lat="48.973571" lon="11.389962">
        <ele>417.307377</ele>
        <time>2026-09-27T09:07:08.376Z</time>
      </trkpt>
      <trkpt lat="48.973659" lon="11.389925">
        <ele>417.063591</ele>
        <time>2026-09-27T09:07:10.358Z</time>
      </trkpt>
      <trkpt lat="48.973748" lon="11.389888">
        <ele>416.817229</ele>
        <time>2026-09-27T09:07:12.360Z</time>
      </trkpt>
      <trkpt lat="48.973838" lon="11.389853">
        <ele>416.569181</ele>
        <time>2026-09-27T09:07:14.352Z</time>
      </trkpt>
      <trkpt lat="48.973963" lon="11.389792">
        <ele>416.218667</ele>
        <time>2026-09-27T09:07:17.408Z</time>
      </trkpt>
      <trkpt lat="48.974089" lon="11.389749">
        <ele>415.873850</ele>
        <time>2026-09-27T09:07:20.358Z</time>
      </trkpt>
      <trkpt lat="48.974218" lon="11.389717">
        <ele>415.598768</ele>
        <time>2026-09-27T09:07:23.415Z</time>
      </trkpt>
      <trkpt lat="48.974306" lon="11.389678">
        <ele>415.487134</ele>
        <time>2026-09-27T09:07:25.346Z</time>
      </trkpt>
      <trkpt lat="48.974399" lon="11.389646">
        <ele>415.370999</ele>
        <time>2026-09-27T09:07:27.354Z</time>
      </trkpt>
      <trkpt lat="48.974529" lon="11.389604">
        <ele>415.209127</ele>
        <time>2026-09-27T09:07:30.359Z</time>
      </trkpt>
      <trkpt lat="48.974658" lon="11.389556">
        <ele>415.047376</ele>
        <time>2026-09-27T09:07:33.324Z</time>
      </trkpt>
      <trkpt lat="48.974754" lon="11.389509">
        <ele>414.924551</ele>
        <time>2026-09-27T09:07:35.314Z</time>
      </trkpt>
      <trkpt lat="48.974847" lon="11.389484">
        <ele>414.809520</ele>
        <time>2026-09-27T09:07:37.332Z</time>
      </trkpt>
      <trkpt lat="48.974939" lon="11.389460">
        <ele>414.695826</ele>
        <time>2026-09-27T09:07:39.326Z</time>
      </trkpt>
      <trkpt lat="48.975028" lon="11.389431">
        <ele>414.584965</ele>
        <time>2026-09-27T09:07:41.327Z</time>
      </trkpt>
      <trkpt lat="48.975124" lon="11.389387">
        <ele>414.462852</ele>
        <time>2026-09-27T09:07:43.347Z</time>
      </trkpt>
      <trkpt lat="48.975229" lon="11.389356">
        <ele>414.332574</ele>
        <time>2026-09-27T09:07:45.358Z</time>
      </trkpt>
      <trkpt lat="48.975325" lon="11.389324">
        <ele>414.212873</ele>
        <time>2026-09-27T09:07:47.340Z</time>
      </trkpt>
      <trkpt lat="48.975425" lon="11.389288">
        <ele>414.087710</ele>
        <time>2026-09-27T09:07:49.340Z</time>
      </trkpt>
      <trkpt lat="48.975516" lon="11.389254">
        <ele>413.973580</ele>
        <time>2026-09-27T09:07:51.346Z</time>
      </trkpt>
      <trkpt lat="48.975608" lon="11.389201">
        <ele>413.853773</ele>
        <time>2026-09-27T09:07:53.372Z</time>
      </trkpt>
      <trkpt lat="48.975703" lon="11.389153">
        <ele>413.731858</ele>
        <time>2026-09-27T09:07:55.351Z</time>
      </trkpt>
      <trkpt lat="48.975797" lon="11.389109">
        <ele>413.612076</ele>
        <time>2026-09-27T09:07:57.413Z</time>
      </trkpt>
      <trkpt lat="48.975895" lon="11.389057">
        <ele>413.485672</ele>
        <time>2026-09-27T09:07:59.365Z</time>
      </trkpt>
      <trkpt lat="48.975993" lon="11.389009">
        <ele>413.613159</ele>
        <time>2026-09-27T09:08:01.363Z</time>
      </trkpt>
      <trkpt lat="48.976099" lon="11.388942">
        <ele>413.795865</ele>
        <time>2026-09-27T09:08:03.412Z</time>
      </trkpt>
      <trkpt lat="48.976191" lon="11.388866">
        <ele>413.962481</ele>
        <time>2026-09-27T09:08:05.356Z</time>
      </trkpt>
      <trkpt lat="48.976274" lon="11.388805">
        <ele>414.109194</ele>
        <time>2026-09-27T09:08:07.371Z</time>
      </trkpt>
      <trkpt lat="48.976395" lon="11.388702">
        <ele>414.329863</ele>
        <time>2026-09-27T09:08:10.366Z</time>
      </trkpt>
      <trkpt lat="48.976483" lon="11.388631">
        <ele>414.488397</ele>
        <time>2026-09-27T09:08:12.359Z</time>
      </trkpt>
      <trkpt lat="48.976578" lon="11.388552">
        <ele>414.660706</ele>
        <time>2026-09-27T09:08:14.367Z</time>
      </trkpt>
      <trkpt lat="48.976662" lon="11.388465">
        <ele>414.822415</ele>
        <time>2026-09-27T09:08:16.368Z</time>
      </trkpt>
      <trkpt lat="48.976742" lon="11.388359">
        <ele>414.991209</ele>
        <time>2026-09-27T09:08:18.363Z</time>
      </trkpt>
      <trkpt lat="48.976809" lon="11.388262">
        <ele>415.138356</ele>
        <time>2026-09-27T09:08:20.347Z</time>
      </trkpt>
      <trkpt lat="48.976903" lon="11.388127">
        <ele>415.344019</ele>
        <time>2026-09-27T09:08:23.359Z</time>
      </trkpt>
      <trkpt lat="48.976977" lon="11.388032">
        <ele>415.498080</ele>
        <time>2026-09-27T09:08:25.379Z</time>
      </trkpt>
      <trkpt lat="48.977087" lon="11.387926">
        <ele>415.705297</ele>
        <time>2026-09-27T09:08:28.332Z</time>
      </trkpt>
      <trkpt lat="48.977189" lon="11.387824">
        <ele>415.899542</ele>
        <time>2026-09-27T09:08:31.366Z</time>
      </trkpt>
      <trkpt lat="48.977295" lon="11.387716">
        <ele>416.102560</ele>
        <time>2026-09-27T09:08:34.423Z</time>
      </trkpt>
      <trkpt lat="48.977371" lon="11.387640">
        <ele>416.247291</ele>
        <time>2026-09-27T09:08:36.357Z</time>
      </trkpt>
      <trkpt lat="48.977476" lon="11.387539">
        <ele>416.425140</ele>
        <time>2026-09-27T09:08:39.350Z</time>
      </trkpt>
      <trkpt lat="48.977578" lon="11.387451">
        <ele>416.578553</ele>
        <time>2026-09-27T09:08:42.361Z</time>
      </trkpt>
      <trkpt lat="48.977692" lon="11.387370">
        <ele>416.743181</ele>
        <time>2026-09-27T09:08:45.356Z</time>
      </trkpt>
      <trkpt lat="48.977806" lon="11.387292">
        <ele>416.906737</ele>
        <time>2026-09-27T09:08:48.334Z</time>
      </trkpt>
      <trkpt lat="48.977917" lon="11.387209">
        <ele>417.068565</ele>
        <time>2026-09-27T09:08:51.338Z</time>
      </trkpt>
      <trkpt lat="48.978029" lon="11.387119">
        <ele>417.234287</ele>
        <time>2026-09-27T09:08:54.340Z</time>
      </trkpt>
      <trkpt lat="48.978148" lon="11.387015">
        <ele>417.413835</ele>
        <time>2026-09-27T09:08:57.339Z</time>
      </trkpt>
      <trkpt lat="48.978272" lon="11.386913">
        <ele>417.598266</ele>
        <time>2026-09-27T09:09:00.340Z</time>
      </trkpt>
      <trkpt lat="48.978386" lon="11.386786">
        <ele>417.783097</ele>
        <time>2026-09-27T09:09:03.340Z</time>
      </trkpt>
      <trkpt lat="48.978466" lon="11.386698">
        <ele>417.912236</ele>
        <time>2026-09-27T09:09:05.351Z</time>
      </trkpt>
      <trkpt lat="48.978548" lon="11.386619">
        <ele>418.039212</ele>
        <time>2026-09-27T09:09:07.338Z</time>
      </trkpt>
      <trkpt lat="48.978628" lon="11.386517">
        <ele>418.175739</ele>
        <time>2026-09-27T09:09:09.408Z</time>
      </trkpt>
      <trkpt lat="48.978706" lon="11.386435">
        <ele>418.299767</ele>
        <time>2026-09-27T09:09:11.331Z</time>
      </trkpt>
      <trkpt lat="48.978788" lon="11.386348">
        <ele>418.430544</ele>
        <time>2026-09-27T09:09:13.331Z</time>
      </trkpt>
      <trkpt lat="48.978863" lon="11.386255">
        <ele>418.557103</ele>
        <time>2026-09-27T09:09:15.363Z</time>
      </trkpt>
      <trkpt lat="48.978934" lon="11.386167">
        <ele>418.676890</ele>
        <time>2026-09-27T09:09:17.337Z</time>
      </trkpt>
      <trkpt lat="48.979009" lon="11.386074">
        <ele>418.957325</ele>
        <time>2026-09-27T09:09:19.346Z</time>
      </trkpt>
      <trkpt lat="48.979092" lon="11.385979">
        <ele>419.273465</ele>
        <time>2026-09-27T09:09:21.335Z</time>
      </trkpt>
      <trkpt lat="48.979190" lon="11.385841">
        <ele>419.679851</ele>
        <time>2026-09-27T09:09:24.315Z</time>
      </trkpt>
      <trkpt lat="48.979266" lon="11.385735">
        <ele>419.993627</ele>
        <time>2026-09-27T09:09:26.321Z</time>
      </trkpt>
      <trkpt lat="48.979352" lon="11.385659">
        <ele>420.296391</ele>
        <time>2026-09-27T09:09:28.320Z</time>
      </trkpt>
      <trkpt lat="48.979432" lon="11.385564">
        <ele>420.605274</ele>
        <time>2026-09-27T09:09:30.331Z</time>
      </trkpt>
      <trkpt lat="48.979506" lon="11.385476">
        <ele>420.891144</ele>
        <time>2026-09-27T09:09:32.337Z</time>
      </trkpt>
      <trkpt lat="48.979576" lon="11.385373">
        <ele>421.187498</ele>
        <time>2026-09-27T09:09:34.343Z</time>
      </trkpt>
      <trkpt lat="48.979674" lon="11.385250">
        <ele>421.574161</ele>
        <time>2026-09-27T09:09:37.342Z</time>
      </trkpt>
      <trkpt lat="48.979763" lon="11.385183">
        <ele>421.876474</ele>
        <time>2026-09-27T09:09:40.321Z</time>
      </trkpt>
      <trkpt lat="48.979871" lon="11.385095">
        <ele>422.249447</ele>
        <time>2026-09-27T09:09:44.345Z</time>
      </trkpt>
      <trkpt lat="48.979971" lon="11.385003">
        <ele>422.605191</ele>
        <time>2026-09-27T09:09:48.322Z</time>
      </trkpt>
      <trkpt lat="48.980077" lon="11.384906">
        <ele>422.981743</ele>
        <time>2026-09-27T09:09:51.338Z</time>
      </trkpt>
      <trkpt lat="48.980176" lon="11.384834">
        <ele>423.315816</ele>
        <time>2026-09-27T09:09:53.318Z</time>
      </trkpt>
      <trkpt lat="48.980267" lon="11.384735">
        <ele>423.656333</ele>
        <time>2026-09-27T09:09:55.326Z</time>
      </trkpt>
      <trkpt lat="48.980367" lon="11.384625">
        <ele>424.031937</ele>
        <time>2026-09-27T09:09:57.331Z</time>
      </trkpt>
      <trkpt lat="48.980458" lon="11.384511">
        <ele>424.171963</ele>
        <time>2026-09-27T09:09:59.328Z</time>
      </trkpt>
      <trkpt lat="48.980543" lon="11.384418">
        <ele>424.181863</ele>
        <time>2026-09-27T09:10:01.320Z</time>
      </trkpt>
      <trkpt lat="48.980632" lon="11.384304">
        <ele>424.192863</ele>
        <time>2026-09-27T09:10:03.351Z</time>
      </trkpt>
      <trkpt lat="48.980716" lon="11.384197">
        <ele>424.203221</ele>
        <time>2026-09-27T09:10:05.350Z</time>
      </trkpt>
      <trkpt lat="48.980784" lon="11.384102">
        <ele>424.211950</ele>
        <time>2026-09-27T09:10:07.345Z</time>
      </trkpt>
      <trkpt lat="48.980861" lon="11.384014">
        <ele>424.221056</ele>
        <time>2026-09-27T09:10:09.324Z</time>
      </trkpt>
      <trkpt lat="48.980952" lon="11.383893">
        <ele>424.232482</ele>
        <time>2026-09-27T09:10:12.361Z</time>
      </trkpt>
      <trkpt lat="48.981032" lon="11.383782">
        <ele>424.242719</ele>
        <time>2026-09-27T09:10:15.334Z</time>
      </trkpt>
      <trkpt lat="48.981095" lon="11.383679">
        <ele>424.251461</ele>
        <time>2026-09-27T09:10:18.359Z</time>
      </trkpt>
      <trkpt lat="48.981174" lon="11.383576">
        <ele>424.261298</ele>
        <time>2026-09-27T09:10:22.355Z</time>
      </trkpt>
      <trkpt lat="48.981252" lon="11.383485">
        <ele>424.270592</ele>
        <time>2026-09-27T09:10:26.413Z</time>
      </trkpt>
      <trkpt lat="48.981359" lon="11.383422">
        <ele>424.281445</ele>
        <time>2026-09-27T09:10:30.333Z</time>
      </trkpt>
      <trkpt lat="48.981450" lon="11.383327">
        <ele>424.291881</ele>
        <time>2026-09-27T09:10:33.341Z</time>
      </trkpt>
      <trkpt lat="48.981544" lon="11.383231">
        <ele>424.302587</ele>
        <time>2026-09-27T09:10:36.344Z</time>
      </trkpt>
      <trkpt lat="48.981646" lon="11.383111">
        <ele>424.314778</ele>
        <time>2026-09-27T09:10:39.323Z</time>
      </trkpt>
      <trkpt lat="48.981727" lon="11.383043">
        <ele>424.323528</ele>
        <time>2026-09-27T09:10:41.340Z</time>
      </trkpt>
      <trkpt lat="48.981840" lon="11.382930">
        <ele>424.307422</ele>
        <time>2026-09-27T09:10:44.368Z</time>
      </trkpt>
      <trkpt lat="48.981917" lon="11.382857">
        <ele>424.109601</ele>
        <time>2026-09-27T09:10:46.351Z</time>
      </trkpt>
      <trkpt lat="48.981995" lon="11.382775">
        <ele>423.902889</ele>
        <time>2026-09-27T09:10:48.354Z</time>
      </trkpt>
      <trkpt lat="48.982075" lon="11.382688">
        <ele>423.688493</ele>
        <time>2026-09-27T09:10:50.363Z</time>
      </trkpt>
      <trkpt lat="48.982156" lon="11.382602">
        <ele>423.473141</ele>
        <time>2026-09-27T09:10:52.324Z</time>
      </trkpt>
      <trkpt lat="48.982236" lon="11.382511">
        <ele>423.255369</ele>
        <time>2026-09-27T09:10:54.343Z</time>
      </trkpt>
      <trkpt lat="48.982314" lon="11.382420">
        <ele>423.041078</ele>
        <time>2026-09-27T09:10:56.360Z</time>
      </trkpt>
      <trkpt lat="48.982389" lon="11.382329">
        <ele>422.831945</ele>
        <time>2026-09-27T09:10:58.336Z</time>
      </trkpt>
      <trkpt lat="48.982467" lon="11.382238">
        <ele>422.617654</ele>
        <time>2026-09-27T09:11:00.355Z</time>
      </trkpt>
      <trkpt lat="48.982548" lon="11.382154">
        <ele>422.403925</ele>
        <time>2026-09-27T09:11:02.405Z</time>
      </trkpt>
      <trkpt lat="48.982635" lon="11.382072">
        <ele>422.180776</ele>
        <time>2026-09-27T09:11:04.341Z</time>
      </trkpt>
      <trkpt lat="48.982719" lon="11.381986">
        <ele>421.960023</ele>
        <time>2026-09-27T09:11:06.343Z</time>
      </trkpt>
      <trkpt lat="48.982800" lon="11.381894">
        <ele>421.739648</ele>
        <time>2026-09-27T09:11:08.375Z</time>
      </trkpt>
      <trkpt lat="48.982882" lon="11.381800">
        <ele>421.515811</ele>
        <time>2026-09-27T09:11:10.355Z</time>
      </trkpt>
      <trkpt lat="48.982958" lon="11.381720">
        <ele>421.314317</ele>
        <time>2026-09-27T09:11:12.319Z</time>
      </trkpt>
      <trkpt lat="48.983037" lon="11.381633">
        <ele>421.101695</ele>
        <time>2026-09-27T09:11:14.328Z</time>
      </trkpt>
      <trkpt lat="48.983119" lon="11.381538">
        <ele>420.876995</ele>
        <time>2026-09-27T09:11:16.317Z</time>
      </trkpt>
      <trkpt lat="48.983198" lon="11.381455">
        <ele>420.667676</ele>
        <time>2026-09-27T09:11:18.327Z</time>
      </trkpt>
      <trkpt lat="48.983327" lon="11.381320">
        <ele>420.335512</ele>
        <time>2026-09-27T09:11:21.353Z</time>
      </trkpt>
      <trkpt lat="48.983413" lon="11.381241">
        <ele>420.140085</ele>
        <time>2026-09-27T09:11:23.349Z</time>
      </trkpt>
      <trkpt lat="48.983502" lon="11.381156">
        <ele>419.935671</ele>
        <time>2026-09-27T09:11:25.361Z</time>
      </trkpt>
      <trkpt lat="48.983591" lon="11.381067">
        <ele>419.728499</ele>
        <time>2026-09-27T09:11:27.361Z</time>
      </trkpt>
      <trkpt lat="48.983682" lon="11.380972">
        <ele>419.513826</ele>
        <time>2026-09-27T09:11:29.361Z</time>
      </trkpt>
      <trkpt lat="48.983771" lon="11.380881">
        <ele>419.305241</ele>
        <time>2026-09-27T09:11:31.362Z</time>
      </trkpt>
      <trkpt lat="48.983858" lon="11.380791">
        <ele>419.100597</ele>
        <time>2026-09-27T09:11:33.342Z</time>
      </trkpt>
      <trkpt lat="48.983944" lon="11.380705">
        <ele>418.900409</ele>
        <time>2026-09-27T09:11:35.368Z</time>
      </trkpt>
      <trkpt lat="48.984028" lon="11.380623">
        <ele>418.706266</ele>
        <time>2026-09-27T09:11:37.356Z</time>
      </trkpt>
      <trkpt lat="48.984108" lon="11.380540">
        <ele>418.517915</ele>
        <time>2026-09-27T09:11:39.359Z</time>
      </trkpt>
      <trkpt lat="48.984192" lon="11.380464">
        <ele>418.327796</ele>
        <time>2026-09-27T09:11:41.408Z</time>
      </trkpt>
      <trkpt lat="48.984281" lon="11.380374">
        <ele>418.119921</ele>
        <time>2026-09-27T09:11:43.343Z</time>
      </trkpt>
      <trkpt lat="48.984366" lon="11.380286">
        <ele>417.919933</ele>
        <time>2026-09-27T09:11:45.347Z</time>
      </trkpt>
      <trkpt lat="48.984449" lon="11.380201">
        <ele>417.725315</ele>
        <time>2026-09-27T09:11:47.358Z</time>
      </trkpt>
      <trkpt lat="48.984533" lon="11.380123">
        <ele>417.533880</ele>
        <time>2026-09-27T09:11:49.357Z</time>
      </trkpt>
      <trkpt lat="48.984627" lon="11.380080">
        <ele>417.342880</ele>
        <time>2026-09-27T09:11:51.339Z</time>
      </trkpt>
      <trkpt lat="48.984719" lon="11.379995">
        <ele>417.133497</ele>
        <time>2026-09-27T09:11:53.358Z</time>
      </trkpt>
      <trkpt lat="48.984810" lon="11.379906">
        <ele>416.923061</ele>
        <time>2026-09-27T09:11:55.351Z</time>
      </trkpt>
      <trkpt lat="48.984901" lon="11.379822">
        <ele>416.845412</ele>
        <time>2026-09-27T09:11:57.382Z</time>
      </trkpt>
      <trkpt lat="48.984992" lon="11.379730">
        <ele>416.773708</ele>
        <time>2026-09-27T09:11:59.334Z</time>
      </trkpt>
      <trkpt lat="48.985082" lon="11.379637">
        <ele>416.702308</ele>
        <time>2026-09-27T09:12:01.358Z</time>
      </trkpt>
      <trkpt lat="48.985169" lon="11.379543">
        <ele>416.632282</ele>
        <time>2026-09-27T09:12:03.403Z</time>
      </trkpt>
      <trkpt lat="48.985250" lon="11.379464">
        <ele>416.569137</ele>
        <time>2026-09-27T09:12:05.340Z</time>
      </trkpt>
      <trkpt lat="48.985329" lon="11.379383">
        <ele>416.506618</ele>
        <time>2026-09-27T09:12:07.315Z</time>
      </trkpt>
      <trkpt lat="48.985408" lon="11.379291">
        <ele>416.441333</ele>
        <time>2026-09-27T09:12:09.325Z</time>
      </trkpt>
      <trkpt lat="48.985489" lon="11.379193">
        <ele>416.373424</ele>
        <time>2026-09-27T09:12:11.342Z</time>
      </trkpt>
      <trkpt lat="48.985565" lon="11.379090">
        <ele>416.306642</ele>
        <time>2026-09-27T09:12:13.343Z</time>
      </trkpt>
      <trkpt lat="48.985642" lon="11.378978">
        <ele>416.236749</ele>
        <time>2026-09-27T09:12:15.391Z</time>
      </trkpt>
      <trkpt lat="48.985714" lon="11.378883">
        <ele>416.174215</ele>
        <time>2026-09-27T09:12:17.334Z</time>
      </trkpt>
      <trkpt lat="48.985784" lon="11.378793">
        <ele>416.114080</ele>
        <time>2026-09-27T09:12:19.332Z</time>
      </trkpt>
      <trkpt lat="48.985856" lon="11.378709">
        <ele>416.054540</ele>
        <time>2026-09-27T09:12:21.390Z</time>
      </trkpt>
      <trkpt lat="48.985967" lon="11.378606">
        <ele>415.969209</ele>
        <time>2026-09-27T09:12:24.353Z</time>
      </trkpt>
      <trkpt lat="48.986079" lon="11.378513">
        <ele>415.885462</ele>
        <time>2026-09-27T09:12:27.384Z</time>
      </trkpt>
      <trkpt lat="48.986188" lon="11.378422">
        <ele>415.803856</ele>
        <time>2026-09-27T09:12:30.350Z</time>
      </trkpt>
      <trkpt lat="48.986305" lon="11.378325">
        <ele>415.701490</ele>
        <time>2026-09-27T09:12:33.346Z</time>
      </trkpt>
      <trkpt lat="48.986420" lon="11.378233">
        <ele>415.524910</ele>
        <time>2026-09-27T09:12:36.354Z</time>
      </trkpt>
      <trkpt lat="48.986529" lon="11.378134">
        <ele>415.352398</ele>
        <time>2026-09-27T09:12:39.340Z</time>
      </trkpt>
      <trkpt lat="48.986641" lon="11.378048">
        <ele>415.181893</ele>
        <time>2026-09-27T09:12:42.345Z</time>
      </trkpt>
      <trkpt lat="48.986719" lon="11.377974">
        <ele>415.056979</ele>
        <time>2026-09-27T09:12:44.360Z</time>
      </trkpt>
      <trkpt lat="48.986831" lon="11.377866">
        <ele>414.876788</ele>
        <time>2026-09-27T09:12:47.334Z</time>
      </trkpt>
      <trkpt lat="48.986940" lon="11.377764">
        <ele>414.702891</ele>
        <time>2026-09-27T09:12:50.370Z</time>
      </trkpt>
      <trkpt lat="48.987021" lon="11.377682">
        <ele>414.570685</ele>
        <time>2026-09-27T09:12:52.339Z</time>
      </trkpt>
      <trkpt lat="48.987099" lon="11.377596">
        <ele>414.439797</ele>
        <time>2026-09-27T09:12:54.346Z</time>
      </trkpt>
      <trkpt lat="48.987183" lon="11.377511">
        <ele>414.302712</ele>
        <time>2026-09-27T09:12:56.395Z</time>
      </trkpt>
      <trkpt lat="48.987257" lon="11.377417">
        <ele>414.171739</ele>
        <time>2026-09-27T09:12:58.337Z</time>
      </trkpt>
      <trkpt lat="48.987353" lon="11.377312">
        <ele>414.011088</ele>
        <time>2026-09-27T09:13:01.328Z</time>
      </trkpt>
      <trkpt lat="48.987458" lon="11.377210">
        <ele>413.841801</ele>
        <time>2026-09-27T09:13:04.350Z</time>
      </trkpt>
      <trkpt lat="48.987572" lon="11.377123">
        <ele>413.668467</ele>
        <time>2026-09-27T09:13:07.391Z</time>
      </trkpt>
      <trkpt lat="48.987660" lon="11.377065">
        <ele>413.538119</ele>
        <time>2026-09-27T09:13:09.344Z</time>
      </trkpt>
      <trkpt lat="48.987748" lon="11.377008">
        <ele>413.408123</ele>
        <time>2026-09-27T09:13:11.349Z</time>
      </trkpt>
      <trkpt lat="48.987835" lon="11.376966">
        <ele>413.284475</ele>
        <time>2026-09-27T09:13:13.382Z</time>
      </trkpt>
      <trkpt lat="48.987929" lon="11.376929">
        <ele>413.208527</ele>
        <time>2026-09-27T09:13:15.338Z</time>
      </trkpt>
      <trkpt lat="48.988020" lon="11.376883">
        <ele>413.133525</ele>
        <time>2026-09-27T09:13:17.344Z</time>
      </trkpt>
      <trkpt lat="48.988105" lon="11.376810">
        <ele>413.057198</ele>
        <time>2026-09-27T09:13:19.362Z</time>
      </trkpt>
      <trkpt lat="48.988186" lon="11.376727">
        <ele>412.980840</ele>
        <time>2026-09-27T09:13:21.331Z</time>
      </trkpt>
      <trkpt lat="48.988273" lon="11.376635">
        <ele>412.898000</ele>
        <time>2026-09-27T09:13:23.342Z</time>
      </trkpt>
      <trkpt lat="48.988355" lon="11.376569">
        <ele>412.825455</ele>
        <time>2026-09-27T09:13:25.343Z</time>
      </trkpt>
      <trkpt lat="48.988437" lon="11.376496">
        <ele>412.751164</ele>
        <time>2026-09-27T09:13:27.348Z</time>
      </trkpt>
      <trkpt lat="48.988524" lon="11.376414">
        <ele>412.671140</ele>
        <time>2026-09-27T09:13:29.342Z</time>
      </trkpt>
      <trkpt lat="48.988647" lon="11.376332">
        <ele>412.566114</ele>
        <time>2026-09-27T09:13:32.347Z</time>
      </trkpt>
      <trkpt lat="48.988732" lon="11.376274">
        <ele>412.493258</ele>
        <time>2026-09-27T09:13:34.347Z</time>
      </trkpt>
      <trkpt lat="48.988820" lon="11.376204">
        <ele>412.415603</ele>
        <time>2026-09-27T09:13:36.364Z</time>
      </trkpt>
      <trkpt lat="48.988901" lon="11.376145">
        <ele>412.345372</ele>
        <time>2026-09-27T09:13:38.343Z</time>
      </trkpt>
      <trkpt lat="48.989022" lon="11.376060">
        <ele>412.241143</ele>
        <time>2026-09-27T09:13:41.383Z</time>
      </trkpt>
      <trkpt lat="48.989145" lon="11.375980">
        <ele>412.136525</ele>
        <time>2026-09-27T09:13:44.333Z</time>
      </trkpt>
      <trkpt lat="48.989266" lon="11.375897">
        <ele>412.032722</ele>
        <time>2026-09-27T09:13:47.355Z</time>
      </trkpt>
      <trkpt lat="48.989388" lon="11.375819">
        <ele>411.929224</ele>
        <time>2026-09-27T09:13:50.344Z</time>
      </trkpt>
      <trkpt lat="48.989471" lon="11.375765">
        <ele>411.914457</ele>
        <time>2026-09-27T09:13:52.344Z</time>
      </trkpt>
      <trkpt lat="48.989554" lon="11.375708">
        <ele>412.048466</ele>
        <time>2026-09-27T09:13:54.351Z</time>
      </trkpt>
      <trkpt lat="48.989637" lon="11.375649">
        <ele>412.183280</ele>
        <time>2026-09-27T09:13:56.343Z</time>
      </trkpt>
      <trkpt lat="48.989720" lon="11.375591">
        <ele>412.317689</ele>
        <time>2026-09-27T09:13:58.345Z</time>
      </trkpt>
      <trkpt lat="48.989843" lon="11.375509">
        <ele>412.515313</ele>
        <time>2026-09-27T09:14:01.343Z</time>
      </trkpt>
      <trkpt lat="48.989964" lon="11.375437">
        <ele>412.706521</ele>
        <time>2026-09-27T09:14:04.354Z</time>
      </trkpt>
      <trkpt lat="48.990087" lon="11.375376">
        <ele>412.896924</ele>
        <time>2026-09-27T09:14:07.360Z</time>
      </trkpt>
      <trkpt lat="48.990213" lon="11.375326">
        <ele>413.088582</ele>
        <time>2026-09-27T09:14:10.340Z</time>
      </trkpt>
      <trkpt lat="48.990339" lon="11.375280">
        <ele>413.279302</ele>
        <time>2026-09-27T09:14:13.313Z</time>
      </trkpt>
      <trkpt lat="48.990430" lon="11.375252">
        <ele>413.415958</ele>
        <time>2026-09-27T09:14:15.314Z</time>
      </trkpt>
      <trkpt lat="48.990520" lon="11.375220">
        <ele>413.551996</ele>
        <time>2026-09-27T09:14:17.313Z</time>
      </trkpt>
      <trkpt lat="48.990646" lon="11.375180">
        <ele>413.741451</ele>
        <time>2026-09-27T09:14:20.333Z</time>
      </trkpt>
      <trkpt lat="48.990756" lon="11.375150">
        <ele>413.905944</ele>
        <time>2026-09-27T09:14:23.350Z</time>
      </trkpt>
      <trkpt lat="48.990869" lon="11.375186">
        <ele>414.075876</ele>
        <time>2026-09-27T09:14:27.330Z</time>
      </trkpt>
      <trkpt lat="48.990982" lon="11.375286">
        <ele>414.268223</ele>
        <time>2026-09-27T09:14:30.315Z</time>
      </trkpt>
      <trkpt lat="48.991082" lon="11.375294">
        <ele>414.415627</ele>
        <time>2026-09-27T09:14:32.310Z</time>
      </trkpt>
      <trkpt lat="48.991005" lon="11.375207">
        <ele>414.603459</ele>
        <time>2026-09-27T09:15:16.334Z</time>
      </trkpt>
      <trkpt lat="48.990912" lon="11.375107">
        <ele>415.022680</ele>
        <time>2026-09-27T09:15:20.336Z</time>
      </trkpt>
      <trkpt lat="48.990994" lon="11.375002">
        <ele>415.417166</ele>
        <time>2026-09-27T09:15:24.341Z</time>
      </trkpt>
      <trkpt lat="48.991113" lon="11.374980">
        <ele>415.858685</ele>
        <time>2026-09-27T09:15:28.342Z</time>
      </trkpt>
      <trkpt lat="48.991207" lon="11.374975">
        <ele>416.205121</ele>
        <time>2026-09-27T09:15:31.344Z</time>
      </trkpt>
      <trkpt lat="48.991301" lon="11.374955">
        <ele>416.554703</ele>
        <time>2026-09-27T09:15:34.353Z</time>
      </trkpt>
      <trkpt lat="48.991396" lon="11.374932">
        <ele>416.908999</ele>
        <time>2026-09-27T09:15:37.344Z</time>
      </trkpt>
      <trkpt lat="48.991487" lon="11.374908">
        <ele>417.249156</ele>
        <time>2026-09-27T09:15:40.344Z</time>
      </trkpt>
      <trkpt lat="48.991604" lon="11.374877">
        <ele>417.686560</ele>
        <time>2026-09-27T09:15:44.347Z</time>
      </trkpt>
      <trkpt lat="48.991699" lon="11.374855">
        <ele>418.040484</ele>
        <time>2026-09-27T09:15:47.385Z</time>
      </trkpt>
      <trkpt lat="48.991789" lon="11.374821">
        <ele>418.382009</ele>
        <time>2026-09-27T09:15:50.331Z</time>
      </trkpt>
      <trkpt lat="48.991879" lon="11.374791">
        <ele>418.721337</ele>
        <time>2026-09-27T09:15:53.389Z</time>
      </trkpt>
      <trkpt lat="48.991987" lon="11.374738">
        <ele>419.139242</ele>
        <time>2026-09-27T09:15:57.340Z</time>
      </trkpt>
      <trkpt lat="48.992095" lon="11.374676">
        <ele>419.564318</ele>
        <time>2026-09-27T09:16:01.334Z</time>
      </trkpt>
      <trkpt lat="48.992207" lon="11.374618">
        <ele>420.000006</ele>
        <time>2026-09-27T09:16:05.356Z</time>
      </trkpt>
      <trkpt lat="48.992300" lon="11.374570">
        <ele>420.361658</ele>
        <time>2026-09-27T09:16:08.348Z</time>
      </trkpt>
      <trkpt lat="48.992392" lon="11.374554">
        <ele>420.702716</ele>
        <time>2026-09-27T09:16:11.370Z</time>
      </trkpt>
      <trkpt lat="48.992503" lon="11.374504">
        <ele>421.129040</ele>
        <time>2026-09-27T09:16:15.338Z</time>
      </trkpt>
      <trkpt lat="48.992612" lon="11.374458">
        <ele>422.207146</ele>
        <time>2026-09-27T09:16:19.349Z</time>
      </trkpt>
      <trkpt lat="48.992717" lon="11.374411">
        <ele>423.284982</ele>
        <time>2026-09-27T09:16:23.413Z</time>
      </trkpt>
      <trkpt lat="48.992820" lon="11.374360">
        <ele>424.351635</ele>
        <time>2026-09-27T09:16:27.337Z</time>
      </trkpt>
      <trkpt lat="48.992924" lon="11.374309">
        <ele>425.427659</ele>
        <time>2026-09-27T09:16:31.345Z</time>
      </trkpt>
      <trkpt lat="48.993017" lon="11.374255">
        <ele>426.407850</ele>
        <time>2026-09-27T09:16:34.335Z</time>
      </trkpt>
      <trkpt lat="48.993117" lon="11.374211">
        <ele>427.432983</ele>
        <time>2026-09-27T09:16:38.334Z</time>
      </trkpt>
      <trkpt lat="48.993206" lon="11.374153">
        <ele>428.386327</ele>
        <time>2026-09-27T09:16:41.396Z</time>
      </trkpt>
      <trkpt lat="48.993295" lon="11.374076">
        <ele>429.394288</ele>
        <time>2026-09-27T09:16:45.343Z</time>
      </trkpt>
      <trkpt lat="48.993386" lon="11.373960">
        <ele>430.562731</ele>
        <time>2026-09-27T09:16:49.339Z</time>
      </trkpt>
      <trkpt lat="48.993457" lon="11.373853">
        <ele>431.546166</ele>
        <time>2026-09-27T09:16:52.350Z</time>
      </trkpt>
      <trkpt lat="48.993515" lon="11.373724">
        <ele>432.556759</ele>
        <time>2026-09-27T09:16:56.344Z</time>
      </trkpt>
      <trkpt lat="48.993569" lon="11.373608">
        <ele>433.475903</ele>
        <time>2026-09-27T09:16:59.393Z</time>
      </trkpt>
      <trkpt lat="48.993650" lon="11.373489">
        <ele>434.583986</ele>
        <time>2026-09-27T09:17:03.332Z</time>
      </trkpt>
      <trkpt lat="48.993743" lon="11.373398">
        <ele>435.672483</ele>
        <time>2026-09-27T09:17:06.332Z</time>
      </trkpt>
      <trkpt lat="48.993859" lon="11.373371">
        <ele>436.828224</ele>
        <time>2026-09-27T09:17:10.333Z</time>
      </trkpt>
      <trkpt lat="48.993962" lon="11.373416">
        <ele>437.883538</ele>
        <time>2026-09-27T09:17:13.309Z</time>
      </trkpt>
      <trkpt lat="48.994045" lon="11.373491">
        <ele>438.833893</ele>
        <time>2026-09-27T09:17:15.319Z</time>
      </trkpt>
      <trkpt lat="48.994123" lon="11.373573">
        <ele>439.269782</ele>
        <time>2026-09-27T09:17:17.343Z</time>
      </trkpt>
      <trkpt lat="48.994204" lon="11.373672">
        <ele>439.728343</ele>
        <time>2026-09-27T09:17:19.337Z</time>
      </trkpt>
      <trkpt lat="48.994283" lon="11.373782">
        <ele>440.200934</ele>
        <time>2026-09-27T09:17:21.342Z</time>
      </trkpt>
      <trkpt lat="48.994399" lon="11.373904">
        <ele>440.823391</ele>
        <time>2026-09-27T09:17:23.332Z</time>
      </trkpt>
      <trkpt lat="48.994523" lon="11.374005">
        <ele>441.444340</ele>
        <time>2026-09-27T09:17:25.340Z</time>
      </trkpt>
      <trkpt lat="48.994665" lon="11.374065">
        <ele>442.095139</ele>
        <time>2026-09-27T09:17:27.330Z</time>
      </trkpt>
      <trkpt lat="48.994819" lon="11.374100">
        <ele>442.782801</ele>
        <time>2026-09-27T09:17:29.333Z</time>
      </trkpt>
      <trkpt lat="48.994970" lon="11.374093">
        <ele>443.450001</ele>
        <time>2026-09-27T09:17:31.360Z</time>
      </trkpt>
      <trkpt lat="48.995113" lon="11.374078">
        <ele>444.083055</ele>
        <time>2026-09-27T09:17:33.325Z</time>
      </trkpt>
      <trkpt lat="48.995259" lon="11.374073">
        <ele>444.728028</ele>
        <time>2026-09-27T09:17:35.321Z</time>
      </trkpt>
      <trkpt lat="48.995410" lon="11.374067">
        <ele>445.395146</ele>
        <time>2026-09-27T09:17:37.316Z</time>
      </trkpt>
      <trkpt lat="48.995568" lon="11.374064">
        <ele>446.093008</ele>
        <time>2026-09-27T09:17:39.318Z</time>
      </trkpt>
      <trkpt lat="48.995724" lon="11.374066">
        <ele>446.782007</ele>
        <time>2026-09-27T09:17:41.354Z</time>
      </trkpt>
      <trkpt lat="48.995855" lon="11.374086">
        <ele>446.525866</ele>
        <time>2026-09-27T09:17:43.313Z</time>
      </trkpt>
      <trkpt lat="48.995990" lon="11.374074">
        <ele>446.220647</ele>
        <time>2026-09-27T09:17:45.308Z</time>
      </trkpt>
      <trkpt lat="48.996129" lon="11.374112">
        <ele>445.901911</ele>
        <time>2026-09-27T09:17:47.334Z</time>
      </trkpt>
      <trkpt lat="48.996275" lon="11.374196">
        <ele>445.549686</ele>
        <time>2026-09-27T09:17:49.345Z</time>
      </trkpt>
      <trkpt lat="48.996413" lon="11.374309">
        <ele>445.196110</ele>
        <time>2026-09-27T09:17:51.362Z</time>
      </trkpt>
      <trkpt lat="48.996551" lon="11.374422">
        <ele>444.842533</ele>
        <time>2026-09-27T09:17:53.333Z</time>
      </trkpt>
      <trkpt lat="48.996666" lon="11.374588">
        <ele>444.485042</ele>
        <time>2026-09-27T09:17:55.330Z</time>
      </trkpt>
      <trkpt lat="48.996778" lon="11.374737">
        <ele>444.149502</ele>
        <time>2026-09-27T09:17:57.322Z</time>
      </trkpt>
      <trkpt lat="48.996875" lon="11.374885">
        <ele>443.839720</ele>
        <time>2026-09-27T09:17:59.315Z</time>
      </trkpt>
      <trkpt lat="48.997033" lon="11.375015">
        <ele>443.434464</ele>
        <time>2026-09-27T09:18:02.319Z</time>
      </trkpt>
      <trkpt lat="48.997132" lon="11.375063">
        <ele>443.199983</ele>
        <time>2026-09-27T09:18:04.317Z</time>
      </trkpt>
      <trkpt lat="48.997235" lon="11.375180">
        <ele>442.910047</ele>
        <time>2026-09-27T09:18:06.337Z</time>
      </trkpt>
      <trkpt lat="48.997317" lon="11.375353">
        <ele>442.617997</ele>
        <time>2026-09-27T09:18:08.325Z</time>
      </trkpt>
      <trkpt lat="48.997387" lon="11.375522">
        <ele>442.367697</ele>
        <time>2026-09-27T09:18:10.351Z</time>
      </trkpt>
      <trkpt lat="48.997443" lon="11.375679">
        <ele>442.143896</ele>
        <time>2026-09-27T09:18:12.341Z</time>
      </trkpt>
      <trkpt lat="48.997483" lon="11.375844">
        <ele>441.923600</ele>
        <time>2026-09-27T09:18:14.343Z</time>
      </trkpt>
      <trkpt lat="48.997506" lon="11.376014">
        <ele>441.706217</ele>
        <time>2026-09-27T09:18:16.341Z</time>
      </trkpt>
      <trkpt lat="48.997515" lon="11.376174">
        <ele>441.505103</ele>
        <time>2026-09-27T09:18:18.331Z</time>
      </trkpt>
      <trkpt lat="48.997512" lon="11.376326">
        <ele>441.314657</ele>
        <time>2026-09-27T09:18:20.328Z</time>
      </trkpt>
      <trkpt lat="48.997501" lon="11.376476">
        <ele>441.125631</ele>
        <time>2026-09-27T09:18:22.318Z</time>
      </trkpt>
      <trkpt lat="48.997509" lon="11.376626">
        <ele>440.937156</ele>
        <time>2026-09-27T09:18:24.318Z</time>
      </trkpt>
      <trkpt lat="48.997539" lon="11.376764">
        <ele>440.755089</ele>
        <time>2026-09-27T09:18:26.331Z</time>
      </trkpt>
      <trkpt lat="48.997592" lon="11.376879">
        <ele>440.579085</ele>
        <time>2026-09-27T09:18:28.336Z</time>
      </trkpt>
      <trkpt lat="48.997677" lon="11.377034">
        <ele>440.326089</ele>
        <time>2026-09-27T09:18:31.351Z</time>
      </trkpt>
      <trkpt lat="48.997733" lon="11.377202">
        <ele>440.090094</ele>
        <time>2026-09-27T09:18:34.344Z</time>
      </trkpt>
      <trkpt lat="48.997813" lon="11.377343">
        <ele>439.856640</ele>
        <time>2026-09-27T09:18:37.316Z</time>
      </trkpt>
      <trkpt lat="48.997914" lon="11.377411">
        <ele>439.645877</ele>
        <time>2026-09-27T09:18:40.335Z</time>
      </trkpt>
      <trkpt lat="48.998012" lon="11.377387">
        <ele>439.456412</ele>
        <time>2026-09-27T09:18:43.315Z</time>
      </trkpt>
      <trkpt lat="48.998090" lon="11.377315">
        <ele>439.310180</ele>
        <time>2026-09-27T09:18:46.316Z</time>
      </trkpt>
      <trkpt lat="48.998165" lon="11.377204">
        <ele>439.274584</ele>
        <time>2026-09-27T09:18:49.338Z</time>
      </trkpt>
      <trkpt lat="48.998274" lon="11.377177">
        <ele>439.236982</ele>
        <time>2026-09-27T09:18:53.363Z</time>
      </trkpt>
      <trkpt lat="48.998369" lon="11.377295">
        <ele>439.195254</ele>
        <time>2026-09-27T09:18:56.360Z</time>
      </trkpt>
      <trkpt lat="48.998469" lon="11.377416">
        <ele>439.151778</ele>
        <time>2026-09-27T09:18:59.330Z</time>
      </trkpt>
      <trkpt lat="48.998549" lon="11.377494">
        <ele>439.119442</ele>
        <time>2026-09-27T09:19:01.338Z</time>
      </trkpt>
      <trkpt lat="48.998630" lon="11.377578">
        <ele>439.086083</ele>
        <time>2026-09-27T09:19:03.347Z</time>
      </trkpt>
      <trkpt lat="48.998719" lon="11.377659">
        <ele>439.050787</ele>
        <time>2026-09-27T09:19:05.321Z</time>
      </trkpt>
      <trkpt lat="48.998802" lon="11.377743">
        <ele>439.016862</ele>
        <time>2026-09-27T09:19:07.318Z</time>
      </trkpt>
      <trkpt lat="48.998879" lon="11.377819">
        <ele>438.985626</ele>
        <time>2026-09-27T09:19:09.320Z</time>
      </trkpt>
      <trkpt lat="48.998982" lon="11.377924">
        <ele>438.943434</ele>
        <time>2026-09-27T09:19:12.322Z</time>
      </trkpt>
      <trkpt lat="48.999071" lon="11.378020">
        <ele>438.906308</ele>
        <time>2026-09-27T09:19:15.330Z</time>
      </trkpt>
      <trkpt lat="48.999170" lon="11.378101">
        <ele>438.868049</ele>
        <time>2026-09-27T09:19:18.329Z</time>
      </trkpt>
      <trkpt lat="48.999264" lon="11.378195">
        <ele>438.829768</ele>
        <time>2026-09-27T09:19:21.338Z</time>
      </trkpt>
      <trkpt lat="48.999360" lon="11.378280">
        <ele>438.791965</ele>
        <time>2026-09-27T09:19:24.339Z</time>
      </trkpt>
      <trkpt lat="48.999451" lon="11.378377">
        <ele>438.754154</ele>
        <time>2026-09-27T09:19:27.351Z</time>
      </trkpt>
      <trkpt lat="48.999549" lon="11.378453">
        <ele>438.716714</ele>
        <time>2026-09-27T09:19:30.340Z</time>
      </trkpt>
      <trkpt lat="48.999644" lon="11.378540">
        <ele>438.766899</ele>
        <time>2026-09-27T09:19:33.304Z</time>
      </trkpt>
      <trkpt lat="48.999744" lon="11.378639">
        <ele>438.870222</ele>
        <time>2026-09-27T09:19:36.323Z</time>
      </trkpt>
      <trkpt lat="48.999847" lon="11.378740">
        <ele>438.976346</ele>
        <time>2026-09-27T09:19:39.321Z</time>
      </trkpt>
      <trkpt lat="48.999951" lon="11.378847">
        <ele>439.085070</ele>
        <time>2026-09-27T09:19:42.321Z</time>
      </trkpt>
      <trkpt lat="49.000077" lon="11.378948">
        <ele>439.208426</ele>
        <time>2026-09-27T09:19:45.342Z</time>
      </trkpt>
      <trkpt lat="49.000164" lon="11.379044">
        <ele>439.301492</ele>
        <time>2026-09-27T09:19:48.350Z</time>
      </trkpt>
      <trkpt lat="49.000157" lon="11.379183">
        <ele>439.380743</ele>
        <time>2026-09-27T09:19:51.342Z</time>
      </trkpt>
      <trkpt lat="49.000107" lon="11.379325">
        <ele>439.472359</ele>
        <time>2026-09-27T09:19:53.333Z</time>
      </trkpt>
      <trkpt lat="49.000077" lon="11.379476">
        <ele>439.562048</ele>
        <time>2026-09-27T09:19:55.369Z</time>
      </trkpt>
      <trkpt lat="49.000060" lon="11.379626">
        <ele>439.648583</ele>
        <time>2026-09-27T09:19:57.311Z</time>
      </trkpt>
      <trkpt lat="49.000042" lon="11.379768">
        <ele>439.730800</ele>
        <time>2026-09-27T09:19:59.350Z</time>
      </trkpt>
      <trkpt lat="49.000015" lon="11.379913">
        <ele>439.816485</ele>
        <time>2026-09-27T09:20:01.337Z</time>
      </trkpt>
      <trkpt lat="48.999980" lon="11.380086">
        <ele>439.919402</ele>
        <time>2026-09-27T09:20:04.328Z</time>
      </trkpt>
      <trkpt lat="48.999954" lon="11.380267">
        <ele>440.024734</ele>
        <time>2026-09-27T09:20:07.351Z</time>
      </trkpt>
      <trkpt lat="48.999938" lon="11.380425">
        <ele>440.115617</ele>
        <time>2026-09-27T09:20:10.333Z</time>
      </trkpt>
      <trkpt lat="48.999945" lon="11.380585">
        <ele>440.206776</ele>
        <time>2026-09-27T09:20:13.328Z</time>
      </trkpt>
      <trkpt lat="48.999971" lon="11.380761">
        <ele>440.200894</ele>
        <time>2026-09-27T09:20:16.334Z</time>
      </trkpt>
      <trkpt lat="49.000021" lon="11.380912">
        <ele>440.075295</ele>
        <time>2026-09-27T09:20:19.339Z</time>
      </trkpt>
      <trkpt lat="49.000114" lon="11.380988">
        <ele>439.955860</ele>
        <time>2026-09-27T09:20:22.314Z</time>
      </trkpt>
      <trkpt lat="49.000198" lon="11.381099">
        <ele>439.830031</ele>
        <time>2026-09-27T09:20:25.328Z</time>
      </trkpt>
      <trkpt lat="49.000272" lon="11.381225">
        <ele>439.704457</ele>
        <time>2026-09-27T09:20:29.317Z</time>
      </trkpt>
      <trkpt lat="49.000340" lon="11.381394">
        <ele>439.557243</ele>
        <time>2026-09-27T09:20:32.317Z</time>
      </trkpt>
      <trkpt lat="49.000409" lon="11.381570">
        <ele>439.404998</ele>
        <time>2026-09-27T09:20:35.323Z</time>
      </trkpt>
      <trkpt lat="49.000472" lon="11.381738">
        <ele>439.261308</ele>
        <time>2026-09-27T09:20:38.310Z</time>
      </trkpt>
      <trkpt lat="49.000526" lon="11.381884">
        <ele>439.136854</ele>
        <time>2026-09-27T09:20:41.330Z</time>
      </trkpt>
      <trkpt lat="49.000542" lon="11.382061">
        <ele>439.004181</ele>
        <time>2026-09-27T09:20:44.311Z</time>
      </trkpt>
      <trkpt lat="49.000577" lon="11.382218">
        <ele>438.881054</ele>
        <time>2026-09-27T09:20:47.321Z</time>
      </trkpt>
      <trkpt lat="49.000614" lon="11.382372">
        <ele>438.759274</ele>
        <time>2026-09-27T09:20:50.323Z</time>
      </trkpt>
      <trkpt lat="49.000602" lon="11.382548">
        <ele>438.627882</ele>
        <time>2026-09-27T09:20:53.332Z</time>
      </trkpt>
      <trkpt lat="49.000585" lon="11.382725">
        <ele>438.495050</ele>
        <time>2026-09-27T09:20:56.348Z</time>
      </trkpt>
      <trkpt lat="49.000574" lon="11.382863">
        <ele>438.391825</ele>
        <time>2026-09-27T09:20:58.323Z</time>
      </trkpt>
      <trkpt lat="49.000552" lon="11.383020">
        <ele>438.272615</ele>
        <time>2026-09-27T09:21:01.317Z</time>
      </trkpt>
      <trkpt lat="49.000523" lon="11.383206">
        <ele>438.240034</ele>
        <time>2026-09-27T09:21:04.306Z</time>
      </trkpt>
      <trkpt lat="49.000598" lon="11.383292">
        <ele>438.254998</ele>
        <time>2026-09-27T09:21:07.321Z</time>
      </trkpt>
      <trkpt lat="49.000699" lon="11.383309">
        <ele>438.271200</ele>
        <time>2026-09-27T09:21:09.325Z</time>
      </trkpt>
      <trkpt lat="49.000812" lon="11.383295">
        <ele>438.289276</ele>
        <time>2026-09-27T09:21:12.340Z</time>
      </trkpt>
      <trkpt lat="49.000927" lon="11.383244">
        <ele>438.308373</ele>
        <time>2026-09-27T09:21:16.322Z</time>
      </trkpt>
      <trkpt lat="49.001041" lon="11.383211">
        <ele>438.326874</ele>
        <time>2026-09-27T09:21:19.311Z</time>
      </trkpt>
      <trkpt lat="49.001154" lon="11.383255">
        <ele>438.345470</ele>
        <time>2026-09-27T09:21:22.350Z</time>
      </trkpt>
      <trkpt lat="49.001221" lon="11.383355">
        <ele>438.360421</ele>
        <time>2026-09-27T09:21:24.324Z</time>
      </trkpt>
      <trkpt lat="49.001296" lon="11.383455">
        <ele>438.376309</ele>
        <time>2026-09-27T09:21:27.349Z</time>
      </trkpt>
      <trkpt lat="49.001376" lon="11.383538">
        <ele>438.391739</ele>
        <time>2026-09-27T09:21:30.323Z</time>
      </trkpt>
      <trkpt lat="49.001444" lon="11.383688">
        <ele>438.410811</ele>
        <time>2026-09-27T09:21:34.360Z</time>
      </trkpt>
      <trkpt lat="49.001456" lon="11.383826">
        <ele>438.425372</ele>
        <time>2026-09-27T09:21:37.331Z</time>
      </trkpt>
      <trkpt lat="49.001467" lon="11.383975">
        <ele>438.441056</ele>
        <time>2026-09-27T09:21:40.322Z</time>
      </trkpt>
      <trkpt lat="49.001457" lon="11.384171">
        <ele>438.461620</ele>
        <time>2026-09-27T09:21:43.320Z</time>
      </trkpt>
      <trkpt lat="49.001440" lon="11.384342">
        <ele>438.479711</ele>
        <time>2026-09-27T09:21:46.334Z</time>
      </trkpt>
      <trkpt lat="49.001423" lon="11.384489">
        <ele>438.495324</ele>
        <time>2026-09-27T09:21:48.338Z</time>
      </trkpt>
      <trkpt lat="49.001418" lon="11.384662">
        <ele>438.514050</ele>
        <time>2026-09-27T09:21:51.346Z</time>
      </trkpt>
      <trkpt lat="49.001423" lon="11.384826">
        <ele>438.613970</ele>
        <time>2026-09-27T09:21:56.378Z</time>
      </trkpt>
      <trkpt lat="49.001417" lon="11.384993">
        <ele>438.715761</ele>
        <time>2026-09-27T09:22:00.349Z</time>
      </trkpt>
      <trkpt lat="49.001403" lon="11.385133">
        <ele>438.801951</ele>
        <time>2026-09-27T09:22:02.368Z</time>
      </trkpt>
      <trkpt lat="49.001391" lon="11.385312">
        <ele>438.911460</ele>
        <time>2026-09-27T09:22:05.371Z</time>
      </trkpt>
      <trkpt lat="49.001395" lon="11.385470">
        <ele>439.007692</ele>
        <time>2026-09-27T09:22:08.412Z</time>
      </trkpt>
      <trkpt lat="49.001426" lon="11.385625">
        <ele>439.106314</ele>
        <time>2026-09-27T09:22:11.312Z</time>
      </trkpt>
      <trkpt lat="49.001474" lon="11.385786">
        <ele>439.213944</ele>
        <time>2026-09-27T09:22:14.315Z</time>
      </trkpt>
      <trkpt lat="49.001532" lon="11.385937">
        <ele>439.320437</ele>
        <time>2026-09-27T09:22:17.320Z</time>
      </trkpt>
      <trkpt lat="49.001578" lon="11.386092">
        <ele>439.423976</ele>
        <time>2026-09-27T09:22:20.317Z</time>
      </trkpt>
      <trkpt lat="49.001603" lon="11.386230">
        <ele>439.511107</ele>
        <time>2026-09-27T09:22:22.313Z</time>
      </trkpt>
      <trkpt lat="49.001646" lon="11.386400">
        <ele>439.621995</ele>
        <time>2026-09-27T09:22:25.322Z</time>
      </trkpt>
      <trkpt lat="49.001680" lon="11.386560">
        <ele>439.724354</ele>
        <time>2026-09-27T09:22:28.358Z</time>
      </trkpt>
      <trkpt lat="49.001717" lon="11.386713">
        <ele>439.823596</ele>
        <time>2026-09-27T09:22:31.333Z</time>
      </trkpt>
      <trkpt lat="49.001764" lon="11.386890">
        <ele>439.939809</ele>
        <time>2026-09-27T09:22:34.335Z</time>
      </trkpt>
      <trkpt lat="49.001793" lon="11.387022">
        <ele>440.024531</ele>
        <time>2026-09-27T09:22:36.363Z</time>
      </trkpt>
      <trkpt lat="49.001817" lon="11.387189">
        <ele>440.128579</ele>
        <time>2026-09-27T09:22:39.339Z</time>
      </trkpt>
      <trkpt lat="49.001843" lon="11.387365">
        <ele>440.196005</ele>
        <time>2026-09-27T09:22:42.356Z</time>
      </trkpt>
      <trkpt lat="49.001877" lon="11.387534">
        <ele>440.222838</ele>
        <time>2026-09-27T09:22:45.320Z</time>
      </trkpt>
      <trkpt lat="49.001907" lon="11.387696">
        <ele>440.248391</ele>
        <time>2026-09-27T09:22:48.342Z</time>
      </trkpt>
      <trkpt lat="49.001949" lon="11.387873">
        <ele>440.276963</ele>
        <time>2026-09-27T09:22:51.316Z</time>
      </trkpt>
      <trkpt lat="49.001987" lon="11.388052">
        <ele>440.305523</ele>
        <time>2026-09-27T09:22:54.312Z</time>
      </trkpt>
      <trkpt lat="49.002021" lon="11.388225">
        <ele>440.332937</ele>
        <time>2026-09-27T09:22:57.330Z</time>
      </trkpt>
      <trkpt lat="49.002049" lon="11.388356">
        <ele>440.353852</ele>
        <time>2026-09-27T09:22:59.330Z</time>
      </trkpt>
      <trkpt lat="49.002089" lon="11.388533">
        <ele>440.382270</ele>
        <time>2026-09-27T09:23:02.368Z</time>
      </trkpt>
      <trkpt lat="49.002131" lon="11.388696">
        <ele>440.408854</ele>
        <time>2026-09-27T09:23:05.343Z</time>
      </trkpt>
      <trkpt lat="49.002173" lon="11.388844">
        <ele>440.433332</ele>
        <time>2026-09-27T09:23:08.348Z</time>
      </trkpt>
      <trkpt lat="49.002230" lon="11.389033">
        <ele>440.464909</ele>
        <time>2026-09-27T09:23:12.332Z</time>
      </trkpt>
      <trkpt lat="49.002272" lon="11.389202">
        <ele>440.492342</ele>
        <time>2026-09-27T09:23:15.325Z</time>
      </trkpt>
      <trkpt lat="49.002317" lon="11.389371">
        <ele>440.520029</ele>
        <time>2026-09-27T09:23:18.341Z</time>
      </trkpt>
      <trkpt lat="49.002366" lon="11.389555">
        <ele>440.550173</ele>
        <time>2026-09-27T09:23:21.355Z</time>
      </trkpt>
      <trkpt lat="49.002414" lon="11.389733">
        <ele>440.579387</ele>
        <time>2026-09-27T09:23:24.357Z</time>
      </trkpt>
      <trkpt lat="49.002462" lon="11.389885">
        <ele>440.690254</ele>
        <time>2026-09-27T09:23:27.360Z</time>
      </trkpt>
      <trkpt lat="49.002513" lon="11.390028">
        <ele>441.021163</ele>
        <time>2026-09-27T09:23:30.352Z</time>
      </trkpt>
      <trkpt lat="49.002553" lon="11.390171">
        <ele>441.337213</ele>
        <time>2026-09-27T09:23:33.338Z</time>
      </trkpt>
      <trkpt lat="49.002593" lon="11.390304">
        <ele>441.634667</ele>
        <time>2026-09-27T09:23:36.350Z</time>
      </trkpt>
      <trkpt lat="49.002639" lon="11.390436">
        <ele>441.938542</ele>
        <time>2026-09-27T09:23:39.329Z</time>
      </trkpt>
      <trkpt lat="49.002695" lon="11.390600">
        <ele>442.314421</ele>
        <time>2026-09-27T09:23:43.352Z</time>
      </trkpt>
      <trkpt lat="49.002738" lon="11.390732">
        <ele>442.614046</ele>
        <time>2026-09-27T09:23:46.397Z</time>
      </trkpt>
      <trkpt lat="49.002783" lon="11.390854">
        <ele>442.898593</ele>
        <time>2026-09-27T09:23:49.342Z</time>
      </trkpt>
      <trkpt lat="49.002829" lon="11.390990">
        <ele>443.209671</ele>
        <time>2026-09-27T09:23:52.381Z</time>
      </trkpt>
      <trkpt lat="49.002879" lon="11.391143">
        <ele>443.557182</ele>
        <time>2026-09-27T09:23:55.334Z</time>
      </trkpt>
      <trkpt lat="49.002933" lon="11.391291">
        <ele>443.901477</ele>
        <time>2026-09-27T09:23:58.371Z</time>
      </trkpt>
      <trkpt lat="49.002981" lon="11.391431">
        <ele>444.222628</ele>
        <time>2026-09-27T09:24:01.333Z</time>
      </trkpt>
      <trkpt lat="49.003024" lon="11.391572">
        <ele>444.538744</ele>
        <time>2026-09-27T09:24:04.370Z</time>
      </trkpt>
      <trkpt lat="49.003055" lon="11.391703">
        <ele>444.821867</ele>
        <time>2026-09-27T09:24:07.362Z</time>
      </trkpt>
      <trkpt lat="49.003087" lon="11.391849">
        <ele>445.134816</ele>
        <time>2026-09-27T09:24:10.427Z</time>
      </trkpt>
      <trkpt lat="49.003135" lon="11.392013">
        <ele>445.499909</ele>
        <time>2026-09-27T09:24:14.313Z</time>
      </trkpt>
      <trkpt lat="49.003161" lon="11.392170">
        <ele>445.829105</ele>
        <time>2026-09-27T09:24:17.323Z</time>
      </trkpt>
      <trkpt lat="49.003187" lon="11.392329">
        <ele>446.162245</ele>
        <time>2026-09-27T09:24:20.350Z</time>
      </trkpt>
      <trkpt lat="49.003203" lon="11.392530">
        <ele>446.617670</ele>
        <time>2026-09-27T09:24:23.360Z</time>
      </trkpt>
      <trkpt lat="49.003219" lon="11.392669">
        <ele>446.935852</ele>
        <time>2026-09-27T09:24:25.329Z</time>
      </trkpt>
      <trkpt lat="49.003244" lon="11.392817">
        <ele>447.280422</ele>
        <time>2026-09-27T09:24:28.316Z</time>
      </trkpt>
      <trkpt lat="49.003269" lon="11.393002">
        <ele>447.706286</ele>
        <time>2026-09-27T09:24:31.343Z</time>
      </trkpt>
      <trkpt lat="49.003311" lon="11.393164">
        <ele>448.099025</ele>
        <time>2026-09-27T09:24:34.357Z</time>
      </trkpt>
      <trkpt lat="49.003330" lon="11.393345">
        <ele>448.512304</ele>
        <time>2026-09-27T09:24:37.344Z</time>
      </trkpt>
      <trkpt lat="49.003333" lon="11.393502">
        <ele>448.866430</ele>
        <time>2026-09-27T09:24:40.339Z</time>
      </trkpt>
      <trkpt lat="49.003336" lon="11.393666">
        <ele>449.236333</ele>
        <time>2026-09-27T09:24:43.339Z</time>
      </trkpt>
      <trkpt lat="49.003342" lon="11.393832">
        <ele>449.611168</ele>
        <time>2026-09-27T09:24:46.336Z</time>
      </trkpt>
      <trkpt lat="49.003337" lon="11.394020">
        <ele>450.035386</ele>
        <time>2026-09-27T09:24:49.325Z</time>
      </trkpt>
      <trkpt lat="49.003329" lon="11.394201">
        <ele>450.444399</ele>
        <time>2026-09-27T09:24:52.328Z</time>
      </trkpt>
      <trkpt lat="49.003319" lon="11.394339">
        <ele>450.757430</ele>
        <time>2026-09-27T09:24:54.318Z</time>
      </trkpt>
      <trkpt lat="49.003303" lon="11.394522">
        <ele>451.173675</ele>
        <time>2026-09-27T09:24:57.349Z</time>
      </trkpt>
      <trkpt lat="49.003276" lon="11.394719">
        <ele>451.627427</ele>
        <time>2026-09-27T09:25:00.333Z</time>
      </trkpt>
      <trkpt lat="49.003246" lon="11.394858">
        <ele>451.957345</ele>
        <time>2026-09-27T09:25:02.338Z</time>
      </trkpt>
      <trkpt lat="49.003216" lon="11.395067">
        <ele>452.239694</ele>
        <time>2026-09-27T09:25:04.352Z</time>
      </trkpt>
      <trkpt lat="49.003190" lon="11.395266">
        <ele>451.631735</ele>
        <time>2026-09-27T09:25:06.338Z</time>
      </trkpt>
      <trkpt lat="49.003162" lon="11.395472">
        <ele>451.001404</ele>
        <time>2026-09-27T09:25:08.318Z</time>
      </trkpt>
      <trkpt lat="49.003125" lon="11.395687">
        <ele>450.335418</ele>
        <time>2026-09-27T09:25:10.341Z</time>
      </trkpt>
      <trkpt lat="49.003039" lon="11.395880">
        <ele>449.636361</ele>
        <time>2026-09-27T09:25:12.340Z</time>
      </trkpt>
      <trkpt lat="49.002959" lon="11.396066">
        <ele>448.969962</ele>
        <time>2026-09-27T09:25:14.316Z</time>
      </trkpt>
      <trkpt lat="49.002921" lon="11.396211">
        <ele>448.502123</ele>
        <time>2026-09-27T09:25:17.332Z</time>
      </trkpt>
      <trkpt lat="49.002864" lon="11.396346">
        <ele>448.021094</ele>
        <time>2026-09-27T09:25:21.340Z</time>
      </trkpt>
      <trkpt lat="49.002831" lon="11.396523">
        <ele>447.469758</ele>
        <time>2026-09-27T09:25:24.319Z</time>
      </trkpt>
      <trkpt lat="49.002815" lon="11.396659">
        <ele>447.055768</ele>
        <time>2026-09-27T09:25:26.336Z</time>
      </trkpt>
      <trkpt lat="49.002792" lon="11.396792">
        <ele>446.643654</ele>
        <time>2026-09-27T09:25:28.316Z</time>
      </trkpt>
      <trkpt lat="49.002764" lon="11.396924">
        <ele>446.227987</ele>
        <time>2026-09-27T09:25:30.346Z</time>
      </trkpt>
      <trkpt lat="49.002733" lon="11.397055">
        <ele>445.810723</ele>
        <time>2026-09-27T09:25:32.349Z</time>
      </trkpt>
      <trkpt lat="49.002706" lon="11.397188">
        <ele>445.393577</ele>
        <time>2026-09-27T09:25:34.330Z</time>
      </trkpt>
      <trkpt lat="49.002676" lon="11.397317">
        <ele>444.983493</ele>
        <time>2026-09-27T09:25:36.332Z</time>
      </trkpt>
      <trkpt lat="49.002643" lon="11.397449">
        <ele>444.560241</ele>
        <time>2026-09-27T09:25:38.360Z</time>
      </trkpt>
      <trkpt lat="49.002614" lon="11.397582">
        <ele>444.140304</ele>
        <time>2026-09-27T09:25:40.371Z</time>
      </trkpt>
      <trkpt lat="49.002576" lon="11.397707">
        <ele>444.236788</ele>
        <time>2026-09-27T09:25:42.345Z</time>
      </trkpt>
      <trkpt lat="49.002532" lon="11.397828">
        <ele>444.335430</ele>
        <time>2026-09-27T09:25:44.359Z</time>
      </trkpt>
      <trkpt lat="49.002487" lon="11.398012">
        <ele>444.475445</ele>
        <time>2026-09-27T09:25:47.352Z</time>
      </trkpt>
      <trkpt lat="49.002431" lon="11.398178">
        <ele>444.608537</ele>
        <time>2026-09-27T09:25:50.337Z</time>
      </trkpt>
      <trkpt lat="49.002384" lon="11.398344">
        <ele>444.737451</ele>
        <time>2026-09-27T09:25:53.375Z</time>
      </trkpt>
      <trkpt lat="49.002329" lon="11.398516">
        <ele>444.873883</ele>
        <time>2026-09-27T09:25:56.324Z</time>
      </trkpt>
      <trkpt lat="49.002278" lon="11.398697">
        <ele>445.014339</ele>
        <time>2026-09-27T09:25:59.331Z</time>
      </trkpt>
      <trkpt lat="49.002228" lon="11.398881">
        <ele>445.156345</ele>
        <time>2026-09-27T09:26:02.323Z</time>
      </trkpt>
      <trkpt lat="49.002185" lon="11.399064">
        <ele>445.294944</ele>
        <time>2026-09-27T09:26:05.322Z</time>
      </trkpt>
      <trkpt lat="49.002147" lon="11.399237">
        <ele>445.425027</ele>
        <time>2026-09-27T09:26:08.306Z</time>
      </trkpt>
      <trkpt lat="49.002091" lon="11.399413">
        <ele>445.564500</ele>
        <time>2026-09-27T09:26:11.322Z</time>
      </trkpt>
      <trkpt lat="49.002051" lon="11.399608">
        <ele>445.710177</ele>
        <time>2026-09-27T09:26:14.321Z</time>
      </trkpt>
      <trkpt lat="49.002015" lon="11.399798">
        <ele>445.851189</ele>
        <time>2026-09-27T09:26:17.317Z</time>
      </trkpt>
      <trkpt lat="49.001961" lon="11.399963">
        <ele>445.982664</ele>
        <time>2026-09-27T09:26:20.312Z</time>
      </trkpt>
      <trkpt lat="49.001906" lon="11.400130">
        <ele>446.121744</ele>
        <time>2026-09-27T09:26:23.342Z</time>
      </trkpt>
      <trkpt lat="49.001859" lon="11.400304">
        <ele>446.291357</ele>
        <time>2026-09-27T09:26:26.352Z</time>
      </trkpt>
      <trkpt lat="49.001812" lon="11.400476">
        <ele>446.459305</ele>
        <time>2026-09-27T09:26:29.332Z</time>
      </trkpt>
      <trkpt lat="49.001766" lon="11.400656">
        <ele>446.633427</ele>
        <time>2026-09-27T09:26:32.332Z</time>
      </trkpt>
      <trkpt lat="49.001712" lon="11.400834">
        <ele>446.810196</ele>
        <time>2026-09-27T09:26:35.334Z</time>
      </trkpt>
      <trkpt lat="49.001667" lon="11.401011">
        <ele>446.981301</ele>
        <time>2026-09-27T09:26:38.361Z</time>
      </trkpt>
      <trkpt lat="49.001614" lon="11.401190">
        <ele>447.158320</ele>
        <time>2026-09-27T09:26:41.328Z</time>
      </trkpt>
      <trkpt lat="49.001553" lon="11.401356">
        <ele>447.329822</ele>
        <time>2026-09-27T09:26:44.351Z</time>
      </trkpt>
      <trkpt lat="49.001497" lon="11.401517">
        <ele>447.494080</ele>
        <time>2026-09-27T09:26:47.320Z</time>
      </trkpt>
      <trkpt lat="49.001444" lon="11.401675">
        <ele>447.654035</ele>
        <time>2026-09-27T09:26:50.332Z</time>
      </trkpt>
      <trkpt lat="49.001394" lon="11.401833">
        <ele>447.812156</ele>
        <time>2026-09-27T09:26:53.329Z</time>
      </trkpt>
      <trkpt lat="49.001346" lon="11.402004">
        <ele>447.979809</ele>
        <time>2026-09-27T09:26:56.368Z</time>
      </trkpt>
      <trkpt lat="49.001291" lon="11.402182">
        <ele>448.157161</ele>
        <time>2026-09-27T09:26:59.352Z</time>
      </trkpt>
      <trkpt lat="49.001232" lon="11.402365">
        <ele>448.340957</ele>
        <time>2026-09-27T09:27:02.324Z</time>
      </trkpt>
      <trkpt lat="49.001191" lon="11.402488">
        <ele>448.465317</ele>
        <time>2026-09-27T09:27:04.334Z</time>
      </trkpt>
      <trkpt lat="49.001154" lon="11.402622">
        <ele>448.537234</ele>
        <time>2026-09-27T09:27:06.318Z</time>
      </trkpt>
      <trkpt lat="49.001111" lon="11.402752">
        <ele>448.420542</ele>
        <time>2026-09-27T09:27:08.327Z</time>
      </trkpt>
      <trkpt lat="49.001040" lon="11.402918">
        <ele>448.261711</ele>
        <time>2026-09-27T09:27:11.303Z</time>
      </trkpt>
      <trkpt lat="49.000975" lon="11.403094">
        <ele>448.099826</ele>
        <time>2026-09-27T09:27:14.334Z</time>
      </trkpt>
      <trkpt lat="49.000941" lon="11.403231">
        <ele>447.982424</ele>
        <time>2026-09-27T09:27:16.325Z</time>
      </trkpt>
      <trkpt lat="49.000908" lon="11.403376">
        <ele>447.859408</ele>
        <time>2026-09-27T09:27:18.337Z</time>
      </trkpt>
      <trkpt lat="49.000928" lon="11.403529">
        <ele>447.734365</ele>
        <time>2026-09-27T09:27:20.332Z</time>
      </trkpt>
      <trkpt lat="49.000916" lon="11.403672">
        <ele>447.618813</ele>
        <time>2026-09-27T09:27:22.330Z</time>
      </trkpt>
      <trkpt lat="49.000867" lon="11.403799">
        <ele>447.500721</ele>
        <time>2026-09-27T09:27:24.341Z</time>
      </trkpt>
      <trkpt lat="49.000817" lon="11.403919">
        <ele>447.386779</ele>
        <time>2026-09-27T09:27:26.339Z</time>
      </trkpt>
      <trkpt lat="49.000775" lon="11.404044">
        <ele>447.274212</ele>
        <time>2026-09-27T09:27:28.342Z</time>
      </trkpt>
      <trkpt lat="49.000702" lon="11.404210">
        <ele>447.114033</ele>
        <time>2026-09-27T09:27:31.343Z</time>
      </trkpt>
      <trkpt lat="49.000622" lon="11.404337">
        <ele>446.972912</ele>
        <time>2026-09-27T09:27:34.339Z</time>
      </trkpt>
      <trkpt lat="49.000521" lon="11.404294">
        <ele>446.844793</ele>
        <time>2026-09-27T09:27:37.349Z</time>
      </trkpt>
      <trkpt lat="49.000410" lon="11.404360">
        <ele>446.699226</ele>
        <time>2026-09-27T09:27:40.353Z</time>
      </trkpt>
      <trkpt lat="49.000348" lon="11.404524">
        <ele>446.547512</ele>
        <time>2026-09-27T09:27:43.340Z</time>
      </trkpt>
      <trkpt lat="49.000279" lon="11.404694">
        <ele>446.387283</ele>
        <time>2026-09-27T09:27:46.330Z</time>
      </trkpt>
      <trkpt lat="49.000234" lon="11.404820">
        <ele>446.201838</ele>
        <time>2026-09-27T09:27:48.355Z</time>
      </trkpt>
      <trkpt lat="49.000187" lon="11.404950">
        <ele>445.994893</ele>
        <time>2026-09-27T09:27:50.353Z</time>
      </trkpt>
      <trkpt lat="49.000138" lon="11.405079">
        <ele>445.787071</ele>
        <time>2026-09-27T09:27:52.353Z</time>
      </trkpt>
      <trkpt lat="49.000087" lon="11.405211">
        <ele>445.573494</ele>
        <time>2026-09-27T09:27:54.351Z</time>
      </trkpt>
      <trkpt lat="49.000037" lon="11.405341">
        <ele>445.363397</ele>
        <time>2026-09-27T09:27:56.346Z</time>
      </trkpt>
      <trkpt lat="48.999987" lon="11.405467">
        <ele>445.158092</ele>
        <time>2026-09-27T09:27:58.338Z</time>
      </trkpt>
      <trkpt lat="48.999936" lon="11.405589">
        <ele>444.956404</ele>
        <time>2026-09-27T09:28:00.353Z</time>
      </trkpt>
      <trkpt lat="48.999888" lon="11.405709">
        <ele>444.760455</ele>
        <time>2026-09-27T09:28:02.353Z</time>
      </trkpt>
      <trkpt lat="48.999840" lon="11.405826">
        <ele>444.568064</ele>
        <time>2026-09-27T09:28:04.385Z</time>
      </trkpt>
      <trkpt lat="48.999792" lon="11.405942">
        <ele>444.376854</ele>
        <time>2026-09-27T09:28:06.339Z</time>
      </trkpt>
      <trkpt lat="48.999746" lon="11.406062">
        <ele>444.183083</ele>
        <time>2026-09-27T09:28:08.369Z</time>
      </trkpt>
      <trkpt lat="48.999699" lon="11.406185">
        <ele>443.984628</ele>
        <time>2026-09-27T09:28:10.356Z</time>
      </trkpt>
      <trkpt lat="48.999654" lon="11.406310">
        <ele>443.785838</ele>
        <time>2026-09-27T09:28:12.358Z</time>
      </trkpt>
      <trkpt lat="48.999616" lon="11.406438">
        <ele>443.589957</ele>
        <time>2026-09-27T09:28:14.406Z</time>
      </trkpt>
      <trkpt lat="48.999578" lon="11.406633">
        <ele>443.306345</ele>
        <time>2026-09-27T09:28:17.346Z</time>
      </trkpt>
      <trkpt lat="48.999543" lon="11.406820">
        <ele>443.035224</ele>
        <time>2026-09-27T09:28:20.332Z</time>
      </trkpt>
      <trkpt lat="48.999510" lon="11.406999">
        <ele>442.775993</ele>
        <time>2026-09-27T09:28:23.339Z</time>
      </trkpt>
      <trkpt lat="48.999461" lon="11.407180">
        <ele>442.528388</ele>
        <time>2026-09-27T09:28:26.339Z</time>
      </trkpt>
      <trkpt lat="48.999417" lon="11.407302">
        <ele>442.450931</ele>
        <time>2026-09-27T09:28:28.357Z</time>
      </trkpt>
      <trkpt lat="48.999367" lon="11.407422">
        <ele>442.371841</ele>
        <time>2026-09-27T09:28:30.347Z</time>
      </trkpt>
      <trkpt lat="48.999320" lon="11.407545">
        <ele>442.292646</ele>
        <time>2026-09-27T09:28:32.366Z</time>
      </trkpt>
      <trkpt lat="48.999271" lon="11.407672">
        <ele>442.210675</ele>
        <time>2026-09-27T09:28:34.350Z</time>
      </trkpt>
      <trkpt lat="48.999225" lon="11.407807">
        <ele>442.126039</ele>
        <time>2026-09-27T09:28:36.358Z</time>
      </trkpt>
      <trkpt lat="48.999181" lon="11.407949">
        <ele>442.038666</ele>
        <time>2026-09-27T09:28:38.339Z</time>
      </trkpt>
      <trkpt lat="48.999135" lon="11.408084">
        <ele>441.954031</ele>
        <time>2026-09-27T09:28:40.362Z</time>
      </trkpt>
      <trkpt lat="48.999090" lon="11.408233">
        <ele>441.862770</ele>
        <time>2026-09-27T09:28:42.338Z</time>
      </trkpt>
      <trkpt lat="48.999037" lon="11.408374">
        <ele>441.772358</ele>
        <time>2026-09-27T09:28:44.338Z</time>
      </trkpt>
      <trkpt lat="48.998990" lon="11.408517">
        <ele>441.683372</ele>
        <time>2026-09-27T09:28:46.352Z</time>
      </trkpt>
      <trkpt lat="48.998944" lon="11.408659">
        <ele>441.595261</ele>
        <time>2026-09-27T09:28:48.352Z</time>
      </trkpt>
      <trkpt lat="48.998902" lon="11.408803">
        <ele>441.507583</ele>
        <time>2026-09-27T09:28:50.357Z</time>
      </trkpt>
      <trkpt lat="48.998854" lon="11.408941">
        <ele>441.420681</ele>
        <time>2026-09-27T09:28:52.332Z</time>
      </trkpt>
      <trkpt lat="48.998810" lon="11.409083">
        <ele>441.333308</ele>
        <time>2026-09-27T09:28:54.338Z</time>
      </trkpt>
      <trkpt lat="48.998773" lon="11.409226">
        <ele>441.247783</ele>
        <time>2026-09-27T09:28:56.350Z</time>
      </trkpt>
      <trkpt lat="48.998734" lon="11.409361">
        <ele>441.165713</ele>
        <time>2026-09-27T09:28:58.349Z</time>
      </trkpt>
      <trkpt lat="48.998694" lon="11.409487">
        <ele>441.087834</ele>
        <time>2026-09-27T09:29:00.353Z</time>
      </trkpt>
      <trkpt lat="48.998656" lon="11.409611">
        <ele>441.016281</ele>
        <time>2026-09-27T09:29:02.352Z</time>
      </trkpt>
      <trkpt lat="48.998598" lon="11.409795">
        <ele>440.965932</ele>
        <time>2026-09-27T09:29:05.352Z</time>
      </trkpt>
      <trkpt lat="48.998541" lon="11.409975">
        <ele>440.916635</ele>
        <time>2026-09-27T09:29:08.362Z</time>
      </trkpt>
      <trkpt lat="48.998482" lon="11.410151">
        <ele>440.867887</ele>
        <time>2026-09-27T09:29:11.351Z</time>
      </trkpt>
      <trkpt lat="48.998425" lon="11.410324">
        <ele>440.820139</ele>
        <time>2026-09-27T09:29:14.337Z</time>
      </trkpt>
      <trkpt lat="48.998376" lon="11.410504">
        <ele>440.772073</ele>
        <time>2026-09-27T09:29:17.340Z</time>
      </trkpt>
      <trkpt lat="48.998315" lon="11.410669">
        <ele>440.725360</ele>
        <time>2026-09-27T09:29:20.352Z</time>
      </trkpt>
      <trkpt lat="48.998271" lon="11.410845">
        <ele>440.678905</ele>
        <time>2026-09-27T09:29:23.343Z</time>
      </trkpt>
      <trkpt lat="48.998223" lon="11.411020">
        <ele>440.632122</ele>
        <time>2026-09-27T09:29:26.389Z</time>
      </trkpt>
      <trkpt lat="48.998169" lon="11.411190">
        <ele>440.585536</ele>
        <time>2026-09-27T09:29:29.347Z</time>
      </trkpt>
      <trkpt lat="48.998120" lon="11.411362">
        <ele>440.539286</ele>
        <time>2026-09-27T09:29:32.339Z</time>
      </trkpt>
      <trkpt lat="48.998068" lon="11.411533">
        <ele>440.492799</ele>
        <time>2026-09-27T09:29:35.330Z</time>
      </trkpt>
      <trkpt lat="48.998015" lon="11.411708">
        <ele>440.445259</ele>
        <time>2026-09-27T09:29:38.336Z</time>
      </trkpt>
      <trkpt lat="48.997965" lon="11.411887">
        <ele>440.397274</ele>
        <time>2026-09-27T09:29:41.349Z</time>
      </trkpt>
      <trkpt lat="48.997911" lon="11.412064">
        <ele>440.349128</ele>
        <time>2026-09-27T09:29:44.406Z</time>
      </trkpt>
      <trkpt lat="48.997858" lon="11.412243">
        <ele>440.294601</ele>
        <time>2026-09-27T09:29:47.361Z</time>
      </trkpt>
      <trkpt lat="48.997802" lon="11.412415">
        <ele>440.240546</ele>
        <time>2026-09-27T09:29:50.382Z</time>
      </trkpt>
      <trkpt lat="48.997748" lon="11.412587">
        <ele>440.186866</ele>
        <time>2026-09-27T09:29:53.332Z</time>
      </trkpt>
      <trkpt lat="48.997703" lon="11.412758">
        <ele>440.134998</ele>
        <time>2026-09-27T09:29:56.401Z</time>
      </trkpt>
      <trkpt lat="48.997652" lon="11.412924">
        <ele>440.083395</ele>
        <time>2026-09-27T09:29:59.358Z</time>
      </trkpt>
      <trkpt lat="48.997611" lon="11.413098">
        <ele>440.031347</ele>
        <time>2026-09-27T09:30:02.401Z</time>
      </trkpt>
      <trkpt lat="48.997563" lon="11.413273">
        <ele>439.977949</ele>
        <time>2026-09-27T09:30:05.339Z</time>
      </trkpt>
      <trkpt lat="48.997499" lon="11.413434">
        <ele>439.924954</ele>
        <time>2026-09-27T09:30:08.358Z</time>
      </trkpt>
      <trkpt lat="48.997459" lon="11.413611">
        <ele>439.872251</ele>
        <time>2026-09-27T09:30:11.358Z</time>
      </trkpt>
      <trkpt lat="48.997405" lon="11.413771">
        <ele>439.821597</ele>
        <time>2026-09-27T09:30:14.333Z</time>
      </trkpt>
      <trkpt lat="48.997359" lon="11.413948">
        <ele>439.768001</ele>
        <time>2026-09-27T09:30:17.331Z</time>
      </trkpt>
      <trkpt lat="48.997320" lon="11.414072">
        <ele>439.729288</ele>
        <time>2026-09-27T09:30:19.350Z</time>
      </trkpt>
      <trkpt lat="48.997281" lon="11.414220">
        <ele>439.684388</ele>
        <time>2026-09-27T09:30:22.331Z</time>
      </trkpt>
      <trkpt lat="48.997242" lon="11.414398">
        <ele>439.631556</ele>
        <time>2026-09-27T09:30:25.390Z</time>
      </trkpt>
      <trkpt lat="48.997199" lon="11.414539">
        <ele>439.587783</ele>
        <time>2026-09-27T09:30:28.357Z</time>
      </trkpt>
      <trkpt lat="48.997152" lon="11.414696">
        <ele>439.609758</ele>
        <time>2026-09-27T09:30:31.398Z</time>
      </trkpt>
      <trkpt lat="48.997112" lon="11.414854">
        <ele>439.664703</ele>
        <time>2026-09-27T09:30:34.361Z</time>
      </trkpt>
      <trkpt lat="48.997066" lon="11.415006">
        <ele>439.719012</ele>
        <time>2026-09-27T09:30:37.396Z</time>
      </trkpt>
      <trkpt lat="48.997022" lon="11.415162">
        <ele>439.774104</ele>
        <time>2026-09-27T09:30:40.355Z</time>
      </trkpt>
      <trkpt lat="48.996980" lon="11.415325">
        <ele>439.830920</ele>
        <time>2026-09-27T09:30:43.354Z</time>
      </trkpt>
      <trkpt lat="48.996933" lon="11.415485">
        <ele>439.887797</ele>
        <time>2026-09-27T09:30:46.357Z</time>
      </trkpt>
      <trkpt lat="48.996889" lon="11.415651">
        <ele>439.945883</ele>
        <time>2026-09-27T09:30:49.386Z</time>
      </trkpt>
      <trkpt lat="48.996846" lon="11.415825">
        <ele>440.006208</ele>
        <time>2026-09-27T09:30:52.357Z</time>
      </trkpt>
      <trkpt lat="48.996802" lon="11.415992">
        <ele>440.064596</ele>
        <time>2026-09-27T09:30:55.338Z</time>
      </trkpt>
      <trkpt lat="48.996754" lon="11.416168">
        <ele>440.126435</ele>
        <time>2026-09-27T09:30:58.353Z</time>
      </trkpt>
      <trkpt lat="48.996716" lon="11.416326">
        <ele>440.181033</ele>
        <time>2026-09-27T09:31:01.369Z</time>
      </trkpt>
      <trkpt lat="48.996682" lon="11.416470">
        <ele>440.230686</ele>
        <time>2026-09-27T09:31:03.339Z</time>
      </trkpt>
      <trkpt lat="48.996643" lon="11.416623">
        <ele>440.283941</ele>
        <time>2026-09-27T09:31:05.323Z</time>
      </trkpt>
      <trkpt lat="48.996599" lon="11.416806">
        <ele>440.347176</ele>
        <time>2026-09-27T09:31:09.325Z</time>
      </trkpt>
      <trkpt lat="48.996565" lon="11.416987">
        <ele>440.408260</ele>
        <time>2026-09-27T09:31:12.357Z</time>
      </trkpt>
      <trkpt lat="48.996526" lon="11.417163">
        <ele>440.476153</ele>
        <time>2026-09-27T09:31:15.364Z</time>
      </trkpt>
      <trkpt lat="48.996485" lon="11.417337">
        <ele>440.600383</ele>
        <time>2026-09-27T09:31:18.350Z</time>
      </trkpt>
      <trkpt lat="48.996441" lon="11.417507">
        <ele>440.723182</ele>
        <time>2026-09-27T09:31:21.350Z</time>
      </trkpt>
      <trkpt lat="48.996397" lon="11.417678">
        <ele>440.846606</ele>
        <time>2026-09-27T09:31:24.336Z</time>
      </trkpt>
      <trkpt lat="48.996358" lon="11.417843">
        <ele>440.964453</ele>
        <time>2026-09-27T09:31:27.353Z</time>
      </trkpt>
      <trkpt lat="48.996317" lon="11.418004">
        <ele>441.080500</ele>
        <time>2026-09-27T09:31:30.342Z</time>
      </trkpt>
      <trkpt lat="48.996274" lon="11.418174">
        <ele>441.202926</ele>
        <time>2026-09-27T09:31:33.330Z</time>
      </trkpt>
      <trkpt lat="48.996233" lon="11.418352">
        <ele>441.329690</ele>
        <time>2026-09-27T09:31:36.346Z</time>
      </trkpt>
      <trkpt lat="48.996191" lon="11.418525">
        <ele>441.453641</ele>
        <time>2026-09-27T09:31:39.362Z</time>
      </trkpt>
      <trkpt lat="48.996152" lon="11.418694">
        <ele>441.574021</ele>
        <time>2026-09-27T09:31:42.344Z</time>
      </trkpt>
      <trkpt lat="48.996111" lon="11.418853">
        <ele>441.688817</ele>
        <time>2026-09-27T09:31:45.358Z</time>
      </trkpt>
      <trkpt lat="48.996072" lon="11.419013">
        <ele>441.803509</ele>
        <time>2026-09-27T09:31:48.345Z</time>
      </trkpt>
      <trkpt lat="48.996025" lon="11.419195">
        <ele>441.934937</ele>
        <time>2026-09-27T09:31:51.342Z</time>
      </trkpt>
      <trkpt lat="48.995984" lon="11.419369">
        <ele>442.059168</ele>
        <time>2026-09-27T09:31:54.366Z</time>
      </trkpt>
      <trkpt lat="48.995948" lon="11.419533">
        <ele>442.175373</ele>
        <time>2026-09-27T09:31:57.355Z</time>
      </trkpt>
      <trkpt lat="48.995912" lon="11.419708">
        <ele>442.298610</ele>
        <time>2026-09-27T09:32:00.352Z</time>
      </trkpt>
      <trkpt lat="48.995878" lon="11.419880">
        <ele>441.991308</ele>
        <time>2026-09-27T09:32:03.359Z</time>
      </trkpt>
      <trkpt lat="48.995845" lon="11.420066">
        <ele>441.642337</ele>
        <time>2026-09-27T09:32:06.355Z</time>
      </trkpt>
      <trkpt lat="48.995793" lon="11.420281">
        <ele>441.227329</ele>
        <time>2026-09-27T09:32:09.348Z</time>
      </trkpt>
      <trkpt lat="48.995791" lon="11.420467">
        <ele>440.890411</ele>
        <time>2026-09-27T09:32:14.351Z</time>
      </trkpt>
      <trkpt lat="48.995754" lon="11.420653">
        <ele>440.538397</ele>
        <time>2026-09-27T09:32:17.359Z</time>
      </trkpt>
      <trkpt lat="48.995715" lon="11.420834">
        <ele>440.193356</ele>
        <time>2026-09-27T09:32:20.358Z</time>
      </trkpt>
      <trkpt lat="48.995686" lon="11.421021">
        <ele>439.845340</ele>
        <time>2026-09-27T09:32:23.364Z</time>
      </trkpt>
      <trkpt lat="48.995641" lon="11.421235">
        <ele>439.438336</ele>
        <time>2026-09-27T09:32:26.354Z</time>
      </trkpt>
      <trkpt lat="48.995608" lon="11.421373">
        <ele>439.172315</ele>
        <time>2026-09-27T09:32:28.336Z</time>
      </trkpt>
      <trkpt lat="48.995571" lon="11.421531">
        <ele>438.868474</ele>
        <time>2026-09-27T09:32:31.362Z</time>
      </trkpt>
      <trkpt lat="48.995538" lon="11.421672">
        <ele>438.597341</ele>
        <time>2026-09-27T09:32:33.350Z</time>
      </trkpt>
      <trkpt lat="48.995482" lon="11.421797">
        <ele>438.323207</ele>
        <time>2026-09-27T09:32:36.357Z</time>
      </trkpt>
      <trkpt lat="48.995412" lon="11.421903">
        <ele>438.050821</ele>
        <time>2026-09-27T09:32:38.337Z</time>
      </trkpt>
      <trkpt lat="48.995344" lon="11.422013">
        <ele>437.777095</ele>
        <time>2026-09-27T09:32:40.392Z</time>
      </trkpt>
      <trkpt lat="48.995270" lon="11.422177">
        <ele>437.416606</ele>
        <time>2026-09-27T09:32:43.351Z</time>
      </trkpt>
      <trkpt lat="48.995211" lon="11.422351">
        <ele>437.188140</ele>
        <time>2026-09-27T09:32:46.403Z</time>
      </trkpt>
      <trkpt lat="48.995167" lon="11.422506">
        <ele>437.021875</ele>
        <time>2026-09-27T09:32:49.345Z</time>
      </trkpt>
      <trkpt lat="48.995116" lon="11.422680">
        <ele>436.834260</ele>
        <time>2026-09-27T09:32:52.412Z</time>
      </trkpt>
      <trkpt lat="48.995139" lon="11.422868">
        <ele>436.645987</ele>
        <time>2026-09-27T09:32:55.358Z</time>
      </trkpt>
      <trkpt lat="48.995247" lon="11.422984">
        <ele>436.447741</ele>
        <time>2026-09-27T09:32:58.396Z</time>
      </trkpt>
      <trkpt lat="48.995320" lon="11.423120">
        <ele>436.274755</ele>
        <time>2026-09-27T09:33:01.351Z</time>
      </trkpt>
      <trkpt lat="48.995309" lon="11.423262">
        <ele>436.133988</ele>
        <time>2026-09-27T09:33:03.351Z</time>
      </trkpt>
      <trkpt lat="48.995293" lon="11.423398">
        <ele>435.997963</ele>
        <time>2026-09-27T09:33:05.351Z</time>
      </trkpt>
      <trkpt lat="48.995277" lon="11.423534">
        <ele>435.861939</ele>
        <time>2026-09-27T09:33:07.343Z</time>
      </trkpt>
      <trkpt lat="48.995259" lon="11.423738">
        <ele>435.659297</ele>
        <time>2026-09-27T09:33:10.340Z</time>
      </trkpt>
      <trkpt lat="48.995243" lon="11.423930">
        <ele>435.468758</ele>
        <time>2026-09-27T09:33:13.342Z</time>
      </trkpt>
      <trkpt lat="48.995233" lon="11.424067">
        <ele>435.333051</ele>
        <time>2026-09-27T09:33:15.362Z</time>
      </trkpt>
      <trkpt lat="48.995217" lon="11.424267">
        <ele>435.134697</ele>
        <time>2026-09-27T09:33:18.330Z</time>
      </trkpt>
      <trkpt lat="48.995198" lon="11.424468">
        <ele>434.934773</ele>
        <time>2026-09-27T09:33:21.330Z</time>
      </trkpt>
      <trkpt lat="48.995184" lon="11.424663">
        <ele>434.741653</ele>
        <time>2026-09-27T09:33:24.338Z</time>
      </trkpt>
      <trkpt lat="48.995172" lon="11.424804">
        <ele>434.611801</ele>
        <time>2026-09-27T09:33:26.345Z</time>
      </trkpt>
      <trkpt lat="48.995161" lon="11.424968">
        <ele>434.492684</ele>
        <time>2026-09-27T09:33:28.361Z</time>
      </trkpt>
      <trkpt lat="48.995149" lon="11.425130">
        <ele>434.374885</ele>
        <time>2026-09-27T09:33:30.338Z</time>
      </trkpt>
      <trkpt lat="48.995134" lon="11.425312">
        <ele>434.242345</ele>
        <time>2026-09-27T09:33:33.334Z</time>
      </trkpt>
      <trkpt lat="48.995122" lon="11.425519">
        <ele>434.092192</ele>
        <time>2026-09-27T09:33:36.333Z</time>
      </trkpt>
      <trkpt lat="48.995106" lon="11.425717">
        <ele>433.948044</ele>
        <time>2026-09-27T09:33:39.330Z</time>
      </trkpt>
      <trkpt lat="48.995102" lon="11.425909">
        <ele>433.809242</ele>
        <time>2026-09-27T09:33:42.342Z</time>
      </trkpt>
      <trkpt lat="48.995105" lon="11.426105">
        <ele>433.667581</ele>
        <time>2026-09-27T09:33:45.333Z</time>
      </trkpt>
      <trkpt lat="48.995098" lon="11.426273">
        <ele>433.545946</ele>
        <time>2026-09-27T09:33:48.349Z</time>
      </trkpt>
      <trkpt lat="48.995105" lon="11.426448">
        <ele>433.419263</ele>
        <time>2026-09-27T09:33:51.351Z</time>
      </trkpt>
      <trkpt lat="48.995120" lon="11.426597">
        <ele>433.310341</ele>
        <time>2026-09-27T09:33:53.357Z</time>
      </trkpt>
      <trkpt lat="48.995127" lon="11.426747">
        <ele>433.201683</ele>
        <time>2026-09-27T09:33:56.397Z</time>
      </trkpt>
      <trkpt lat="48.995110" lon="11.426962">
        <ele>433.045208</ele>
        <time>2026-09-27T09:33:59.350Z</time>
      </trkpt>
      <trkpt lat="48.995103" lon="11.427148">
        <ele>432.910591</ele>
        <time>2026-09-27T09:34:02.324Z</time>
      </trkpt>
      <trkpt lat="48.995099" lon="11.427286">
        <ele>432.810780</ele>
        <time>2026-09-27T09:34:04.339Z</time>
      </trkpt>
      <trkpt lat="48.995103" lon="11.427423">
        <ele>432.711691</ele>
        <time>2026-09-27T09:34:06.336Z</time>
      </trkpt>
      <trkpt lat="48.995090" lon="11.427561">
        <ele>432.612339</ele>
        <time>2026-09-27T09:34:08.413Z</time>
      </trkpt>
      <trkpt lat="48.995086" lon="11.427699">
        <ele>432.515407</ele>
        <time>2026-09-27T09:34:10.339Z</time>
      </trkpt>
      <trkpt lat="48.995065" lon="11.427884">
        <ele>432.383660</ele>
        <time>2026-09-27T09:34:13.349Z</time>
      </trkpt>
      <trkpt lat="48.995059" lon="11.428078">
        <ele>432.247375</ele>
        <time>2026-09-27T09:34:16.350Z</time>
      </trkpt>
      <trkpt lat="48.995059" lon="11.428264">
        <ele>432.116855</ele>
        <time>2026-09-27T09:34:19.353Z</time>
      </trkpt>
      <trkpt lat="48.995055" lon="11.428453">
        <ele>431.984161</ele>
        <time>2026-09-27T09:34:22.358Z</time>
      </trkpt>
      <trkpt lat="48.995049" lon="11.428590">
        <ele>431.887811</ele>
        <time>2026-09-27T09:34:24.339Z</time>
      </trkpt>
      <trkpt lat="48.995045" lon="11.428728">
        <ele>431.790879</ele>
        <time>2026-09-27T09:34:26.401Z</time>
      </trkpt>
      <trkpt lat="48.995036" lon="11.428933">
        <ele>431.646704</ele>
        <time>2026-09-27T09:34:29.352Z</time>
      </trkpt>
      <trkpt lat="48.995041" lon="11.429126">
        <ele>431.511166</ele>
        <time>2026-09-27T09:34:32.403Z</time>
      </trkpt>
      <trkpt lat="48.995051" lon="11.429318">
        <ele>431.376012</ele>
        <time>2026-09-27T09:34:35.342Z</time>
      </trkpt>
      <trkpt lat="48.995064" lon="11.429493">
        <ele>431.252426</ele>
        <time>2026-09-27T09:34:38.377Z</time>
      </trkpt>
      <trkpt lat="48.995084" lon="11.429679">
        <ele>431.120165</ele>
        <time>2026-09-27T09:34:41.334Z</time>
      </trkpt>
      <trkpt lat="48.995103" lon="11.429874">
        <ele>430.981829</ele>
        <time>2026-09-27T09:34:44.332Z</time>
      </trkpt>
      <trkpt lat="48.995120" lon="11.430063">
        <ele>430.847963</ele>
        <time>2026-09-27T09:34:47.341Z</time>
      </trkpt>
      <trkpt lat="48.995137" lon="11.430252">
        <ele>430.801215</ele>
        <time>2026-09-27T09:34:50.353Z</time>
      </trkpt>
      <trkpt lat="48.995154" lon="11.430445">
        <ele>431.225601</ele>
        <time>2026-09-27T09:34:53.359Z</time>
      </trkpt>
      <trkpt lat="48.995173" lon="11.430627">
        <ele>431.627230</ele>
        <time>2026-09-27T09:34:56.352Z</time>
      </trkpt>
      <trkpt lat="48.995203" lon="11.430808">
        <ele>432.034081</ele>
        <time>2026-09-27T09:34:59.339Z</time>
      </trkpt>
      <trkpt lat="48.995231" lon="11.430967">
        <ele>432.392860</ele>
        <time>2026-09-27T09:35:02.344Z</time>
      </trkpt>
      <trkpt lat="48.995259" lon="11.431160">
        <ele>432.823631</ele>
        <time>2026-09-27T09:35:05.349Z</time>
      </trkpt>
      <trkpt lat="48.995291" lon="11.431330">
        <ele>433.209063</ele>
        <time>2026-09-27T09:35:08.353Z</time>
      </trkpt>
      <trkpt lat="48.995318" lon="11.431498">
        <ele>433.586015</ele>
        <time>2026-09-27T09:35:11.356Z</time>
      </trkpt>
      <trkpt lat="48.995351" lon="11.431665">
        <ele>433.966111</ele>
        <time>2026-09-27T09:35:14.348Z</time>
      </trkpt>
      <trkpt lat="48.995385" lon="11.431823">
        <ele>434.328492</ele>
        <time>2026-09-27T09:35:17.327Z</time>
      </trkpt>
      <trkpt lat="48.995425" lon="11.431984">
        <ele>434.703676</ele>
        <time>2026-09-27T09:35:20.344Z</time>
      </trkpt>
      <trkpt lat="48.995467" lon="11.432147">
        <ele>435.085317</ele>
        <time>2026-09-27T09:35:23.330Z</time>
      </trkpt>
      <trkpt lat="48.995509" lon="11.432317">
        <ele>435.481197</ele>
        <time>2026-09-27T09:35:26.331Z</time>
      </trkpt>
      <trkpt lat="48.995556" lon="11.432492">
        <ele>435.893293</ele>
        <time>2026-09-27T09:35:29.340Z</time>
      </trkpt>
      <trkpt lat="48.995596" lon="11.432679">
        <ele>436.321937</ele>
        <time>2026-09-27T09:35:32.345Z</time>
      </trkpt>
      <trkpt lat="48.995631" lon="11.432849">
        <ele>436.709607</ele>
        <time>2026-09-27T09:35:35.349Z</time>
      </trkpt>
      <trkpt lat="48.995662" lon="11.432979">
        <ele>436.719848</ele>
        <time>2026-09-27T09:35:37.342Z</time>
      </trkpt>
      <trkpt lat="48.995704" lon="11.433163">
        <ele>436.734271</ele>
        <time>2026-09-27T09:35:40.359Z</time>
      </trkpt>
      <trkpt lat="48.995745" lon="11.433342">
        <ele>436.748307</ele>
        <time>2026-09-27T09:35:43.354Z</time>
      </trkpt>
      <trkpt lat="48.995786" lon="11.433521">
        <ele>436.762343</ele>
        <time>2026-09-27T09:35:46.345Z</time>
      </trkpt>
      <trkpt lat="48.995829" lon="11.433673">
        <ele>436.774598</ele>
        <time>2026-09-27T09:35:49.354Z</time>
      </trkpt>
      <trkpt lat="48.995865" lon="11.433808">
        <ele>436.785386</ele>
        <time>2026-09-27T09:35:52.348Z</time>
      </trkpt>
      <trkpt lat="48.995906" lon="11.433971">
        <ele>436.798310</ele>
        <time>2026-09-27T09:35:55.349Z</time>
      </trkpt>
      <trkpt lat="48.995946" lon="11.434137">
        <ele>436.811402</ele>
        <time>2026-09-27T09:35:58.333Z</time>
      </trkpt>
      <trkpt lat="48.995990" lon="11.434296">
        <ele>436.824177</ele>
        <time>2026-09-27T09:36:01.353Z</time>
      </trkpt>
      <trkpt lat="48.996030" lon="11.434456">
        <ele>436.836854</ele>
        <time>2026-09-27T09:36:04.352Z</time>
      </trkpt>
      <trkpt lat="48.996071" lon="11.434618">
        <ele>436.849708</ele>
        <time>2026-09-27T09:36:07.354Z</time>
      </trkpt>
      <trkpt lat="48.996113" lon="11.434777">
        <ele>436.862398</ele>
        <time>2026-09-27T09:36:10.324Z</time>
      </trkpt>
      <trkpt lat="48.996160" lon="11.434932">
        <ele>436.875039</ele>
        <time>2026-09-27T09:36:13.355Z</time>
      </trkpt>
      <trkpt lat="48.996210" lon="11.435086">
        <ele>436.887760</ele>
        <time>2026-09-27T09:36:16.311Z</time>
      </trkpt>
      <trkpt lat="48.996253" lon="11.435268">
        <ele>436.902080</ele>
        <time>2026-09-27T09:36:19.350Z</time>
      </trkpt>
      <trkpt lat="48.996261" lon="11.435453">
        <ele>436.924498</ele>
        <time>2026-09-27T09:36:22.321Z</time>
      </trkpt>
      <trkpt lat="48.996219" lon="11.435612">
        <ele>436.970923</ele>
        <time>2026-09-27T09:36:25.328Z</time>
      </trkpt>
      <trkpt lat="48.996151" lon="11.435740">
        <ele>437.015533</ele>
        <time>2026-09-27T09:36:28.315Z</time>
      </trkpt>
      <trkpt lat="48.996051" lon="11.435844">
        <ele>437.065511</ele>
        <time>2026-09-27T09:36:31.330Z</time>
      </trkpt>
      <trkpt lat="48.995932" lon="11.435848">
        <ele>437.114649</ele>
        <time>2026-09-27T09:36:34.327Z</time>
      </trkpt>
      <trkpt lat="48.995833" lon="11.435820">
        <ele>437.156217</ele>
        <time>2026-09-27T09:36:37.331Z</time>
      </trkpt>
      <trkpt lat="48.995718" lon="11.435791">
        <ele>437.204337</ele>
        <time>2026-09-27T09:36:40.347Z</time>
      </trkpt>
      <trkpt lat="48.995599" lon="11.435759">
        <ele>437.254223</ele>
        <time>2026-09-27T09:36:43.330Z</time>
      </trkpt>
      <trkpt lat="48.995482" lon="11.435721">
        <ele>437.303608</ele>
        <time>2026-09-27T09:36:46.394Z</time>
      </trkpt>
      <trkpt lat="48.995365" lon="11.435677">
        <ele>437.353357</ele>
        <time>2026-09-27T09:36:49.344Z</time>
      </trkpt>
      <trkpt lat="48.995243" lon="11.435639">
        <ele>437.404763</ele>
        <time>2026-09-27T09:36:52.387Z</time>
      </trkpt>
      <trkpt lat="48.995125" lon="11.435596">
        <ele>437.454849</ele>
        <time>2026-09-27T09:36:55.359Z</time>
      </trkpt>
      <trkpt lat="48.995005" lon="11.435558">
        <ele>437.505447</ele>
        <time>2026-09-27T09:36:58.382Z</time>
      </trkpt>
      <trkpt lat="48.994890" lon="11.435509">
        <ele>437.554742</ele>
        <time>2026-09-27T09:37:01.350Z</time>
      </trkpt>
      <trkpt lat="48.994779" lon="11.435457">
        <ele>437.602682</ele>
        <time>2026-09-27T09:37:04.368Z</time>
      </trkpt>
      <trkpt lat="48.994665" lon="11.435409">
        <ele>437.651507</ele>
        <time>2026-09-27T09:37:07.348Z</time>
      </trkpt>
      <trkpt lat="48.994553" lon="11.435345">
        <ele>437.459998</ele>
        <time>2026-09-27T09:37:10.393Z</time>
      </trkpt>
      <trkpt lat="48.994434" lon="11.435285">
        <ele>437.239718</ele>
        <time>2026-09-27T09:37:13.330Z</time>
      </trkpt>
      <trkpt lat="48.994323" lon="11.435207">
        <ele>437.024908</ele>
        <time>2026-09-27T09:37:16.333Z</time>
      </trkpt>
      <trkpt lat="48.994203" lon="11.435130">
        <ele>436.796088</ele>
        <time>2026-09-27T09:37:19.316Z</time>
      </trkpt>
      <trkpt lat="48.994080" lon="11.435045">
        <ele>436.558741</ele>
        <time>2026-09-27T09:37:22.323Z</time>
      </trkpt>
      <trkpt lat="48.993961" lon="11.434971">
        <ele>436.332869</ele>
        <time>2026-09-27T09:37:25.319Z</time>
      </trkpt>
      <trkpt lat="48.993875" lon="11.435081">
        <ele>436.135558</ele>
        <time>2026-09-27T09:37:28.320Z</time>
      </trkpt>
      <trkpt lat="48.993910" lon="11.435255">
        <ele>435.925699</ele>
        <time>2026-09-27T09:37:31.317Z</time>
      </trkpt>
      <trkpt lat="48.993935" lon="11.435427">
        <ele>435.722555</ele>
        <time>2026-09-27T09:37:33.319Z</time>
      </trkpt>
      <trkpt lat="48.993955" lon="11.435604">
        <ele>435.515450</ele>
        <time>2026-09-27T09:37:36.357Z</time>
      </trkpt>
      <trkpt lat="48.993979" lon="11.435793">
        <ele>435.293467</ele>
        <time>2026-09-27T09:37:39.385Z</time>
      </trkpt>
      <trkpt lat="48.994005" lon="11.435976">
        <ele>435.077557</ele>
        <time>2026-09-27T09:37:42.361Z</time>
      </trkpt>
      <trkpt lat="48.994028" lon="11.436149">
        <ele>434.874015</ele>
        <time>2026-09-27T09:37:45.349Z</time>
      </trkpt>
      <trkpt lat="48.994051" lon="11.436320">
        <ele>434.672732</ele>
        <time>2026-09-27T09:37:48.332Z</time>
      </trkpt>
      <trkpt lat="48.994085" lon="11.436487">
        <ele>434.507398</ele>
        <time>2026-09-27T09:37:51.354Z</time>
      </trkpt>
      <trkpt lat="48.994116" lon="11.436644">
        <ele>434.616927</ele>
        <time>2026-09-27T09:37:54.338Z</time>
      </trkpt>
      <trkpt lat="48.994143" lon="11.436808">
        <ele>434.729881</ele>
        <time>2026-09-27T09:37:57.355Z</time>
      </trkpt>
      <trkpt lat="48.994167" lon="11.436977">
        <ele>434.845394</ele>
        <time>2026-09-27T09:38:00.359Z</time>
      </trkpt>
      <trkpt lat="48.994194" lon="11.437155">
        <ele>434.967441</ele>
        <time>2026-09-27T09:38:03.358Z</time>
      </trkpt>
      <trkpt lat="48.994218" lon="11.437320">
        <ele>435.080343</ele>
        <time>2026-09-27T09:38:06.333Z</time>
      </trkpt>
      <trkpt lat="48.994245" lon="11.437478">
        <ele>435.189414</ele>
        <time>2026-09-27T09:38:09.358Z</time>
      </trkpt>
      <trkpt lat="48.994270" lon="11.437647">
        <ele>435.305146</ele>
        <time>2026-09-27T09:38:12.346Z</time>
      </trkpt>
      <trkpt lat="48.994300" lon="11.437809">
        <ele>435.417596</ele>
        <time>2026-09-27T09:38:15.355Z</time>
      </trkpt>
      <trkpt lat="48.994321" lon="11.437971">
        <ele>435.527910</ele>
        <time>2026-09-27T09:38:18.343Z</time>
      </trkpt>
      <trkpt lat="48.994349" lon="11.438133">
        <ele>435.639823</ele>
        <time>2026-09-27T09:38:21.361Z</time>
      </trkpt>
      <trkpt lat="48.994373" lon="11.438302">
        <ele>435.755335</ele>
        <time>2026-09-27T09:38:24.334Z</time>
      </trkpt>
      <trkpt lat="48.994400" lon="11.438462">
        <ele>435.865699</ele>
        <time>2026-09-27T09:38:27.363Z</time>
      </trkpt>
      <trkpt lat="48.994422" lon="11.438636">
        <ele>435.984076</ele>
        <time>2026-09-27T09:38:30.356Z</time>
      </trkpt>
      <trkpt lat="48.994446" lon="11.438798">
        <ele>436.095022</ele>
        <time>2026-09-27T09:38:33.350Z</time>
      </trkpt>
      <trkpt lat="48.994465" lon="11.438947">
        <ele>436.196422</ele>
        <time>2026-09-27T09:38:36.352Z</time>
      </trkpt>
      <trkpt lat="48.994493" lon="11.439107">
        <ele>436.307043</ele>
        <time>2026-09-27T09:38:39.365Z</time>
      </trkpt>
      <trkpt lat="48.994520" lon="11.439248">
        <ele>436.210138</ele>
        <time>2026-09-27T09:38:42.364Z</time>
      </trkpt>
      <trkpt lat="48.994560" lon="11.439420">
        <ele>436.034145</ele>
        <time>2026-09-27T09:38:45.288Z</time>
      </trkpt>
      <trkpt lat="48.994607" lon="11.439584">
        <ele>435.861550</ele>
        <time>2026-09-27T09:38:48.316Z</time>
      </trkpt>
      <trkpt lat="48.994660" lon="11.439739">
        <ele>435.692983</ele>
        <time>2026-09-27T09:38:51.335Z</time>
      </trkpt>
      <trkpt lat="48.994719" lon="11.439908">
        <ele>435.508360</ele>
        <time>2026-09-27T09:38:54.350Z</time>
      </trkpt>
      <trkpt lat="48.994796" lon="11.440041">
        <ele>435.337298</ele>
        <time>2026-09-27T09:38:58.331Z</time>
      </trkpt>
      <trkpt lat="48.994860" lon="11.440164">
        <ele>435.185901</ele>
        <time>2026-09-27T09:39:01.331Z</time>
      </trkpt>
      <trkpt lat="48.994919" lon="11.440278">
        <ele>435.045871</ele>
        <time>2026-09-27T09:39:04.347Z</time>
      </trkpt>
      <trkpt lat="48.994981" lon="11.440401">
        <ele>434.896283</ele>
        <time>2026-09-27T09:39:07.339Z</time>
      </trkpt>
      <trkpt lat="48.995045" lon="11.440522">
        <ele>434.746393</ele>
        <time>2026-09-27T09:39:10.331Z</time>
      </trkpt>
      <trkpt lat="48.995110" lon="11.440638">
        <ele>434.599275</ele>
        <time>2026-09-27T09:39:13.343Z</time>
      </trkpt>
      <trkpt lat="48.995187" lon="11.440769">
        <ele>434.429655</ele>
        <time>2026-09-27T09:39:16.339Z</time>
      </trkpt>
      <trkpt lat="48.995273" lon="11.440887">
        <ele>434.259568</ele>
        <time>2026-09-27T09:39:19.335Z</time>
      </trkpt>
      <trkpt lat="48.995363" lon="11.441009">
        <ele>434.082526</ele>
        <time>2026-09-27T09:39:22.368Z</time>
      </trkpt>
      <trkpt lat="48.995453" lon="11.441143">
        <ele>433.897592</ele>
        <time>2026-09-27T09:39:25.343Z</time>
      </trkpt>
      <trkpt lat="48.995537" lon="11.441273">
        <ele>433.721629</ele>
        <time>2026-09-27T09:39:28.346Z</time>
      </trkpt>
      <trkpt lat="48.995618" lon="11.441398">
        <ele>433.643077</ele>
        <time>2026-09-27T09:39:31.348Z</time>
      </trkpt>
      <trkpt lat="48.995699" lon="11.441502">
        <ele>433.596743</ele>
        <time>2026-09-27T09:39:34.362Z</time>
      </trkpt>
      <trkpt lat="48.995784" lon="11.441619">
        <ele>433.546637</ele>
        <time>2026-09-27T09:39:37.377Z</time>
      </trkpt>
      <trkpt lat="48.995869" lon="11.441751">
        <ele>433.493549</ele>
        <time>2026-09-27T09:39:40.354Z</time>
      </trkpt>
      <trkpt lat="48.995948" lon="11.441868">
        <ele>433.445359</ele>
        <time>2026-09-27T09:39:43.358Z</time>
      </trkpt>
      <trkpt lat="48.996023" lon="11.441981">
        <ele>433.399222</ele>
        <time>2026-09-27T09:39:46.336Z</time>
      </trkpt>
      <trkpt lat="48.996099" lon="11.442099">
        <ele>433.351760</ele>
        <time>2026-09-27T09:39:49.351Z</time>
      </trkpt>
      <trkpt lat="48.996178" lon="11.442217">
        <ele>433.303370</ele>
        <time>2026-09-27T09:39:52.347Z</time>
      </trkpt>
      <trkpt lat="48.996257" lon="11.442339">
        <ele>433.254169</ele>
        <time>2026-09-27T09:39:55.354Z</time>
      </trkpt>
      <trkpt lat="48.996339" lon="11.442449">
        <ele>433.206380</ele>
        <time>2026-09-27T09:39:58.348Z</time>
      </trkpt>
      <trkpt lat="48.996430" lon="11.442569">
        <ele>433.153737</ele>
        <time>2026-09-27T09:40:01.342Z</time>
      </trkpt>
      <trkpt lat="48.996519" lon="11.442704">
        <ele>433.098806</ele>
        <time>2026-09-27T09:40:04.347Z</time>
      </trkpt>
      <trkpt lat="48.996601" lon="11.442835">
        <ele>433.046837</ele>
        <time>2026-09-27T09:40:07.339Z</time>
      </trkpt>
      <trkpt lat="48.996687" lon="11.442957">
        <ele>432.995439</ele>
        <time>2026-09-27T09:40:10.349Z</time>
      </trkpt>
      <trkpt lat="48.996786" lon="11.443044">
        <ele>432.945445</ele>
        <time>2026-09-27T09:40:13.339Z</time>
      </trkpt>
      <trkpt lat="48.996897" lon="11.443106">
        <ele>432.893532</ele>
        <time>2026-09-27T09:40:16.359Z</time>
      </trkpt>
      <trkpt lat="48.996987" lon="11.443218">
        <ele>432.832715</ele>
        <time>2026-09-27T09:40:19.363Z</time>
      </trkpt>
      <trkpt lat="48.997070" lon="11.443294">
        <ele>432.782033</ele>
        <time>2026-09-27T09:40:22.334Z</time>
      </trkpt>
      <trkpt lat="48.997149" lon="11.443391">
        <ele>432.728932</ele>
        <time>2026-09-27T09:40:25.341Z</time>
      </trkpt>
      <trkpt lat="48.997225" lon="11.443489">
        <ele>432.676825</ele>
        <time>2026-09-27T09:40:28.338Z</time>
      </trkpt>
      <trkpt lat="48.997304" lon="11.443598">
        <ele>432.621047</ele>
        <time>2026-09-27T09:40:31.357Z</time>
      </trkpt>
      <trkpt lat="48.997392" lon="11.443703">
        <ele>432.562549</ele>
        <time>2026-09-27T09:40:34.371Z</time>
      </trkpt>
      <trkpt lat="48.997486" lon="11.443799">
        <ele>432.503322</ele>
        <time>2026-09-27T09:40:37.339Z</time>
      </trkpt>
      <trkpt lat="48.997585" lon="11.443917">
        <ele>432.437538</ele>
        <time>2026-09-27T09:40:40.344Z</time>
      </trkpt>
      <trkpt lat="48.997670" lon="11.444049">
        <ele>432.374021</ele>
        <time>2026-09-27T09:40:43.331Z</time>
      </trkpt>
      <trkpt lat="48.997760" lon="11.444171">
        <ele>432.310976</ele>
        <time>2026-09-27T09:40:46.338Z</time>
      </trkpt>
      <trkpt lat="48.997854" lon="11.444287">
        <ele>432.247669</ele>
        <time>2026-09-27T09:40:49.332Z</time>
      </trkpt>
      <trkpt lat="48.997951" lon="11.444391">
        <ele>432.185592</ele>
        <time>2026-09-27T09:40:52.323Z</time>
      </trkpt>
      <trkpt lat="48.998041" lon="11.444496">
        <ele>432.126266</ele>
        <time>2026-09-27T09:40:55.319Z</time>
      </trkpt>
      <trkpt lat="48.998134" lon="11.444584">
        <ele>432.068969</ele>
        <time>2026-09-27T09:40:58.327Z</time>
      </trkpt>
      <trkpt lat="48.998237" lon="11.444560">
        <ele>432.014429</ele>
        <time>2026-09-27T09:41:01.318Z</time>
      </trkpt>
      <trkpt lat="48.998313" lon="11.444475">
        <ele>431.965088</ele>
        <time>2026-09-27T09:41:04.324Z</time>
      </trkpt>
      <trkpt lat="48.998388" lon="11.444373">
        <ele>432.045625</ele>
        <time>2026-09-27T09:41:07.333Z</time>
      </trkpt>
      <trkpt lat="48.998467" lon="11.444245">
        <ele>432.182353</ele>
        <time>2026-09-27T09:41:10.339Z</time>
      </trkpt>
      <trkpt lat="48.998530" lon="11.444146">
        <ele>432.289658</ele>
        <time>2026-09-27T09:41:12.321Z</time>
      </trkpt>
      <trkpt lat="48.998609" lon="11.444034">
        <ele>432.417604</ele>
        <time>2026-09-27T09:41:15.326Z</time>
      </trkpt>
      <trkpt lat="48.998685" lon="11.443935">
        <ele>432.536160</ele>
        <time>2026-09-27T09:41:18.356Z</time>
      </trkpt>
      <trkpt lat="48.998761" lon="11.443828">
        <ele>432.658852</ele>
        <time>2026-09-27T09:41:21.337Z</time>
      </trkpt>
      <trkpt lat="48.998843" lon="11.443721">
        <ele>432.786861</ele>
        <time>2026-09-27T09:41:24.342Z</time>
      </trkpt>
      <trkpt lat="48.998929" lon="11.443606">
        <ele>432.922531</ele>
        <time>2026-09-27T09:41:27.346Z</time>
      </trkpt>
      <trkpt lat="48.998999" lon="11.443515">
        <ele>433.031635</ele>
        <time>2026-09-27T09:41:30.342Z</time>
      </trkpt>
      <trkpt lat="48.999076" lon="11.443398">
        <ele>433.160570</ele>
        <time>2026-09-27T09:41:33.344Z</time>
      </trkpt>
      <trkpt lat="48.999167" lon="11.443301">
        <ele>433.292255</ele>
        <time>2026-09-27T09:41:36.343Z</time>
      </trkpt>
      <trkpt lat="48.999246" lon="11.443201">
        <ele>433.414033</ele>
        <time>2026-09-27T09:41:39.339Z</time>
      </trkpt>
      <trkpt lat="48.999316" lon="11.443091">
        <ele>433.533261</ele>
        <time>2026-09-27T09:41:42.346Z</time>
      </trkpt>
      <trkpt lat="48.999412" lon="11.442997">
        <ele>433.668571</ele>
        <time>2026-09-27T09:41:46.350Z</time>
      </trkpt>
      <trkpt lat="48.999524" lon="11.442993">
        <ele>433.801426</ele>
        <time>2026-09-27T09:41:49.345Z</time>
      </trkpt>
      <trkpt lat="48.999614" lon="11.442905">
        <ele>433.928228</ele>
        <time>2026-09-27T09:41:52.351Z</time>
      </trkpt>
      <trkpt lat="48.999690" lon="11.442798">
        <ele>434.050918</ele>
        <time>2026-09-27T09:41:55.345Z</time>
      </trkpt>
      <trkpt lat="48.999775" lon="11.442691">
        <ele>433.740613</ele>
        <time>2026-09-27T09:41:58.329Z</time>
      </trkpt>
      <trkpt lat="48.999851" lon="11.442568">
        <ele>433.264528</ele>
        <time>2026-09-27T09:42:01.350Z</time>
      </trkpt>
      <trkpt lat="48.999943" lon="11.442446">
        <ele>432.740798</ele>
        <time>2026-09-27T09:42:04.301Z</time>
      </trkpt>
      <trkpt lat="49.000052" lon="11.442461">
        <ele>432.270755</ele>
        <time>2026-09-27T09:42:07.316Z</time>
      </trkpt>
      <trkpt lat="49.000137" lon="11.442579">
        <ele>431.776977</ele>
        <time>2026-09-27T09:42:10.331Z</time>
      </trkpt>
      <trkpt lat="49.000219" lon="11.442688">
        <ele>431.309693</ele>
        <time>2026-09-27T09:42:13.337Z</time>
      </trkpt>
      <trkpt lat="49.000302" lon="11.442792">
        <ele>430.848235</ele>
        <time>2026-09-27T09:42:16.350Z</time>
      </trkpt>
      <trkpt lat="49.000358" lon="11.442907">
        <ele>430.444699</ele>
        <time>2026-09-27T09:42:18.330Z</time>
      </trkpt>
      <trkpt lat="49.000437" lon="11.443035">
        <ele>429.949527</ele>
        <time>2026-09-27T09:42:21.325Z</time>
      </trkpt>
      <trkpt lat="49.000525" lon="11.443169">
        <ele>429.415300</ele>
        <time>2026-09-27T09:42:24.337Z</time>
      </trkpt>
      <trkpt lat="49.000598" lon="11.443264">
        <ele>429.003053</ele>
        <time>2026-09-27T09:42:27.355Z</time>
      </trkpt>
      <trkpt lat="49.000672" lon="11.443371">
        <ele>428.564985</ele>
        <time>2026-09-27T09:42:29.345Z</time>
      </trkpt>
      <trkpt lat="49.000774" lon="11.443485">
        <ele>428.021767</ele>
        <time>2026-09-27T09:42:32.342Z</time>
      </trkpt>
      <trkpt lat="49.000891" lon="11.443595">
        <ele>427.431373</ele>
        <time>2026-09-27T09:42:35.350Z</time>
      </trkpt>
      <trkpt lat="49.000984" lon="11.443678">
        <ele>426.968524</ele>
        <time>2026-09-27T09:42:38.333Z</time>
      </trkpt>
      <trkpt lat="49.001079" lon="11.443787">
        <ele>426.457843</ele>
        <time>2026-09-27T09:42:41.354Z</time>
      </trkpt>
      <trkpt lat="49.001178" lon="11.443893">
        <ele>426.459304</ele>
        <time>2026-09-27T09:42:44.353Z</time>
      </trkpt>
      <trkpt lat="49.001252" lon="11.443988">
        <ele>426.555535</ele>
        <time>2026-09-27T09:42:46.339Z</time>
      </trkpt>
      <trkpt lat="49.001355" lon="11.444098">
        <ele>426.680628</ele>
        <time>2026-09-27T09:42:49.334Z</time>
      </trkpt>
      <trkpt lat="49.001465" lon="11.444181">
        <ele>426.802711</ele>
        <time>2026-09-27T09:42:52.348Z</time>
      </trkpt>
      <trkpt lat="49.001539" lon="11.444267">
        <ele>426.895269</ele>
        <time>2026-09-27T09:42:54.342Z</time>
      </trkpt>
      <trkpt lat="49.001624" lon="11.444415">
        <ele>427.023623</ele>
        <time>2026-09-27T09:42:57.342Z</time>
      </trkpt>
      <trkpt lat="49.001708" lon="11.444511">
        <ele>427.128050</ele>
        <time>2026-09-27T09:43:00.359Z</time>
      </trkpt>
      <trkpt lat="49.001791" lon="11.444627">
        <ele>427.240054</ele>
        <time>2026-09-27T09:43:03.340Z</time>
      </trkpt>
      <trkpt lat="49.001883" lon="11.444723">
        <ele>427.350950</ele>
        <time>2026-09-27T09:43:06.349Z</time>
      </trkpt>
      <trkpt lat="49.001959" lon="11.444850">
        <ele>427.463120</ele>
        <time>2026-09-27T09:43:09.335Z</time>
      </trkpt>
      <trkpt lat="49.002050" lon="11.444960">
        <ele>427.578640</ele>
        <time>2026-09-27T09:43:12.350Z</time>
      </trkpt>
      <trkpt lat="49.002152" lon="11.445065">
        <ele>427.701063</ele>
        <time>2026-09-27T09:43:15.355Z</time>
      </trkpt>
      <trkpt lat="49.002259" lon="11.445165">
        <ele>427.825903</ele>
        <time>2026-09-27T09:43:18.346Z</time>
      </trkpt>
      <trkpt lat="49.002368" lon="11.445260">
        <ele>427.950791</ele>
        <time>2026-09-27T09:43:21.328Z</time>
      </trkpt>
      <trkpt lat="49.002474" lon="11.445363">
        <ele>428.075825</ele>
        <time>2026-09-27T09:43:24.362Z</time>
      </trkpt>
      <trkpt lat="49.002575" lon="11.445476">
        <ele>428.058477</ele>
        <time>2026-09-27T09:43:27.342Z</time>
      </trkpt>
      <trkpt lat="49.002680" lon="11.445592">
        <ele>427.821873</ele>
        <time>2026-09-27T09:43:30.344Z</time>
      </trkpt>
      <trkpt lat="49.002778" lon="11.445688">
        <ele>427.609326</ele>
        <time>2026-09-27T09:43:33.338Z</time>
      </trkpt>
      <trkpt lat="49.002859" lon="11.445767">
        <ele>427.433874</ele>
        <time>2026-09-27T09:43:35.350Z</time>
      </trkpt>
      <trkpt lat="49.002974" lon="11.445853">
        <ele>427.200159</ele>
        <time>2026-09-27T09:43:38.354Z</time>
      </trkpt>
      <trkpt lat="49.003050" lon="11.445929">
        <ele>427.034316</ele>
        <time>2026-09-27T09:43:40.350Z</time>
      </trkpt>
      <trkpt lat="49.003147" lon="11.446016">
        <ele>426.828970</ele>
        <time>2026-09-27T09:43:43.339Z</time>
      </trkpt>
      <trkpt lat="49.003243" lon="11.446113">
        <ele>426.618826</ele>
        <time>2026-09-27T09:43:46.351Z</time>
      </trkpt>
      <trkpt lat="49.003358" lon="11.446208">
        <ele>426.380170</ele>
        <time>2026-09-27T09:43:49.348Z</time>
      </trkpt>
      <trkpt lat="49.003485" lon="11.446283">
        <ele>426.131669</ele>
        <time>2026-09-27T09:43:52.361Z</time>
      </trkpt>
      <trkpt lat="49.003593" lon="11.446371">
        <ele>425.908231</ele>
        <time>2026-09-27T09:43:55.333Z</time>
      </trkpt>
      <trkpt lat="49.003695" lon="11.446443">
        <ele>425.703140</ele>
        <time>2026-09-27T09:43:58.317Z</time>
      </trkpt>
      <trkpt lat="49.003792" lon="11.446529">
        <ele>425.498399</ele>
        <time>2026-09-27T09:44:01.333Z</time>
      </trkpt>
      <trkpt lat="49.003879" lon="11.446589">
        <ele>425.324171</ele>
        <time>2026-09-27T09:44:03.345Z</time>
      </trkpt>
      <trkpt lat="49.003967" lon="11.446631">
        <ele>425.155924</ele>
        <time>2026-09-27T09:44:05.359Z</time>
      </trkpt>
      <trkpt lat="49.004084" lon="11.446692">
        <ele>424.930308</ele>
        <time>2026-09-27T09:44:08.331Z</time>
      </trkpt>
      <trkpt lat="49.004191" lon="11.446742">
        <ele>424.738449</ele>
        <time>2026-09-27T09:44:11.335Z</time>
      </trkpt>
      <trkpt lat="49.004291" lon="11.446795">
        <ele>424.562001</ele>
        <time>2026-09-27T09:44:14.334Z</time>
      </trkpt>
      <trkpt lat="49.004403" lon="11.446857">
        <ele>424.363414</ele>
        <time>2026-09-27T09:44:17.357Z</time>
      </trkpt>
      <trkpt lat="49.004484" lon="11.446936">
        <ele>424.203153</ele>
        <time>2026-09-27T09:44:19.340Z</time>
      </trkpt>
      <trkpt lat="49.004563" lon="11.447069">
        <ele>424.006993</ele>
        <time>2026-09-27T09:44:22.355Z</time>
      </trkpt>
      <trkpt lat="49.004619" lon="11.447220">
        <ele>423.817350</ele>
        <time>2026-09-27T09:44:25.321Z</time>
      </trkpt>
      <trkpt lat="49.004665" lon="11.447376">
        <ele>423.630358</ele>
        <time>2026-09-27T09:44:28.320Z</time>
      </trkpt>
      <trkpt lat="49.004714" lon="11.447505">
        <ele>423.467386</ele>
        <time>2026-09-27T09:44:31.322Z</time>
      </trkpt>
      <trkpt lat="49.004759" lon="11.447633">
        <ele>423.308614</ele>
        <time>2026-09-27T09:44:34.331Z</time>
      </trkpt>
      <trkpt lat="49.004716" lon="11.447785">
        <ele>423.127640</ele>
        <time>2026-09-27T09:44:37.310Z</time>
      </trkpt>
      <trkpt lat="49.004679" lon="11.447916">
        <ele>422.971708</ele>
        <time>2026-09-27T09:44:40.322Z</time>
      </trkpt>
      <trkpt lat="49.004624" lon="11.448055">
        <ele>422.794235</ele>
        <time>2026-09-27T09:44:43.351Z</time>
      </trkpt>
      <trkpt lat="49.004569" lon="11.448188">
        <ele>422.622346</ele>
        <time>2026-09-27T09:44:46.344Z</time>
      </trkpt>
      <trkpt lat="49.004510" lon="11.448337">
        <ele>422.432068</ele>
        <time>2026-09-27T09:44:49.324Z</time>
      </trkpt>
      <trkpt lat="49.004462" lon="11.448481">
        <ele>422.255474</ele>
        <time>2026-09-27T09:44:52.328Z</time>
      </trkpt>
      <trkpt lat="49.004414" lon="11.448606">
        <ele>422.097120</ele>
        <time>2026-09-27T09:44:55.332Z</time>
      </trkpt>
      <trkpt lat="49.004354" lon="11.448737">
        <ele>421.922443</ele>
        <time>2026-09-27T09:44:58.320Z</time>
      </trkpt>
      <trkpt lat="49.004298" lon="11.448881">
        <ele>422.155332</ele>
        <time>2026-09-27T09:45:01.351Z</time>
      </trkpt>
      <trkpt lat="49.004246" lon="11.449008">
        <ele>422.509168</ele>
        <time>2026-09-27T09:45:03.312Z</time>
      </trkpt>
      <trkpt lat="49.004178" lon="11.449167">
        <ele>422.957774</ele>
        <time>2026-09-27T09:45:06.312Z</time>
      </trkpt>
      <trkpt lat="49.004115" lon="11.449302">
        <ele>423.349347</ele>
        <time>2026-09-27T09:45:10.304Z</time>
      </trkpt>
      <trkpt lat="49.004025" lon="11.449439">
        <ele>423.807596</ele>
        <time>2026-09-27T09:45:13.334Z</time>
      </trkpt>
      <trkpt lat="49.003940" lon="11.449547">
        <ele>424.206274</ele>
        <time>2026-09-27T09:45:16.315Z</time>
      </trkpt>
      <trkpt lat="49.003838" lon="11.449652">
        <ele>424.649717</ele>
        <time>2026-09-27T09:45:19.310Z</time>
      </trkpt>
      <trkpt lat="49.003745" lon="11.449741">
        <ele>425.045343</ele>
        <time>2026-09-27T09:45:22.330Z</time>
      </trkpt>
      <trkpt lat="49.003647" lon="11.449834">
        <ele>425.461256</ele>
        <time>2026-09-27T09:45:25.344Z</time>
      </trkpt>
      <trkpt lat="49.003581" lon="11.449932">
        <ele>425.793213</ele>
        <time>2026-09-27T09:45:27.303Z</time>
      </trkpt>
      <trkpt lat="49.003514" lon="11.450095">
        <ele>426.247849</ele>
        <time>2026-09-27T09:45:30.316Z</time>
      </trkpt>
      <trkpt lat="49.003484" lon="11.450229">
        <ele>426.582500</ele>
        <time>2026-09-27T09:45:32.346Z</time>
      </trkpt>
      <trkpt lat="49.003486" lon="11.450372">
        <ele>426.920564</ele>
        <time>2026-09-27T09:45:35.324Z</time>
      </trkpt>
      <trkpt lat="49.003500" lon="11.450540">
        <ele>427.320830</ele>
        <time>2026-09-27T09:45:39.337Z</time>
      </trkpt>
      <trkpt lat="49.003507" lon="11.450707">
        <ele>427.716347</ele>
        <time>2026-09-27T09:45:43.329Z</time>
      </trkpt>
      <trkpt lat="49.003527" lon="11.450851">
        <ele>428.064241</ele>
        <time>2026-09-27T09:45:47.347Z</time>
      </trkpt>
      <trkpt lat="49.003525" lon="11.450999">
        <ele>428.281553</ele>
        <time>2026-09-27T09:45:51.380Z</time>
      </trkpt>
      <trkpt lat="49.003523" lon="11.451175">
        <ele>427.819875</ele>
        <time>2026-09-27T09:45:55.333Z</time>
      </trkpt>
      <trkpt lat="49.003528" lon="11.451339">
        <ele>427.389276</ele>
        <time>2026-09-27T09:45:58.341Z</time>
      </trkpt>
      <trkpt lat="49.003532" lon="11.451518">
        <ele>426.919527</ele>
        <time>2026-09-27T09:46:01.309Z</time>
      </trkpt>
      <trkpt lat="49.003570" lon="11.451728">
        <ele>426.348176</ele>
        <time>2026-09-27T09:46:04.318Z</time>
      </trkpt>
      <trkpt lat="49.003648" lon="11.451860">
        <ele>425.882228</ele>
        <time>2026-09-27T09:46:06.308Z</time>
      </trkpt>
      <trkpt lat="49.003714" lon="11.451981">
        <ele>425.469503</ele>
        <time>2026-09-27T09:46:08.324Z</time>
      </trkpt>
      <trkpt lat="49.003740" lon="11.452136">
        <ele>425.049895</ele>
        <time>2026-09-27T09:46:10.321Z</time>
      </trkpt>
      <trkpt lat="49.003646" lon="11.452277">
        <ele>424.522640</ele>
        <time>2026-09-27T09:46:13.317Z</time>
      </trkpt>
      <trkpt lat="49.003566" lon="11.452342">
        <ele>424.160198</ele>
        <time>2026-09-27T09:46:15.315Z</time>
      </trkpt>
      <trkpt lat="49.003450" lon="11.452354">
        <ele>423.695357</ele>
        <time>2026-09-27T09:46:19.333Z</time>
      </trkpt>
      <trkpt lat="49.003360" lon="11.452416">
        <ele>423.300495</ele>
        <time>2026-09-27T09:46:23.359Z</time>
      </trkpt>
      <trkpt lat="49.003276" lon="11.452517">
        <ele>422.872758</ele>
        <time>2026-09-27T09:46:28.323Z</time>
      </trkpt>
      <trkpt lat="49.003317" lon="11.452647">
        <ele>422.494439</ele>
        <time>2026-09-27T09:46:32.318Z</time>
      </trkpt>
      <trkpt lat="49.003402" lon="11.452692">
        <ele>422.134693</ele>
        <time>2026-09-27T09:46:35.330Z</time>
      </trkpt>
      <trkpt lat="49.003521" lon="11.452739">
        <ele>421.643214</ele>
        <time>2026-09-27T09:46:38.353Z</time>
      </trkpt>
      <trkpt lat="49.003606" lon="11.452783">
        <ele>421.284320</ele>
        <time>2026-09-27T09:46:40.359Z</time>
      </trkpt>
      <trkpt lat="49.003703" lon="11.452823">
        <ele>421.473077</ele>
        <time>2026-09-27T09:46:42.328Z</time>
      </trkpt>
      <trkpt lat="49.003791" lon="11.452862">
        <ele>421.885959</ele>
        <time>2026-09-27T09:46:44.365Z</time>
      </trkpt>
      <trkpt lat="49.003889" lon="11.452890">
        <ele>422.335167</ele>
        <time>2026-09-27T09:46:46.331Z</time>
      </trkpt>
      <trkpt lat="49.003975" lon="11.452938">
        <ele>422.747778</ele>
        <time>2026-09-27T09:46:48.341Z</time>
      </trkpt>
      <trkpt lat="49.004069" lon="11.452985">
        <ele>423.193476</ele>
        <time>2026-09-27T09:46:50.329Z</time>
      </trkpt>
      <trkpt lat="49.004153" lon="11.453040">
        <ele>423.605355</ele>
        <time>2026-09-27T09:46:52.303Z</time>
      </trkpt>
      <trkpt lat="49.004241" lon="11.453079">
        <ele>424.018237</ele>
        <time>2026-09-27T09:46:54.332Z</time>
      </trkpt>
      <trkpt lat="49.004369" lon="11.453145">
        <ele>424.627012</ele>
        <time>2026-09-27T09:46:57.364Z</time>
      </trkpt>
      <trkpt lat="49.004456" lon="11.453209">
        <ele>425.062227</ele>
        <time>2026-09-27T09:46:59.345Z</time>
      </trkpt>
      <trkpt lat="49.004581" lon="11.453264">
        <ele>425.648379</ele>
        <time>2026-09-27T09:47:02.313Z</time>
      </trkpt>
      <trkpt lat="49.004699" lon="11.453292">
        <ele>426.186407</ele>
        <time>2026-09-27T09:47:05.354Z</time>
      </trkpt>
      <trkpt lat="49.004820" lon="11.453319">
        <ele>426.737358</ele>
        <time>2026-09-27T09:47:08.383Z</time>
      </trkpt>
      <trkpt lat="49.004912" lon="11.453351">
        <ele>427.162499</ele>
        <time>2026-09-27T09:47:11.351Z</time>
      </trkpt>
      <trkpt lat="49.005021" lon="11.453386">
        <ele>427.664353</ele>
        <time>2026-09-27T09:47:14.367Z</time>
      </trkpt>
      <trkpt lat="49.005124" lon="11.453416">
        <ele>428.136793</ele>
        <time>2026-09-27T09:47:17.336Z</time>
      </trkpt>
      <trkpt lat="49.005245" lon="11.453449">
        <ele>428.690590</ele>
        <time>2026-09-27T09:47:20.342Z</time>
      </trkpt>
      <trkpt lat="49.005349" lon="11.453489">
        <ele>429.173825</ele>
        <time>2026-09-27T09:47:23.336Z</time>
      </trkpt>
      <trkpt lat="49.005455" lon="11.453538">
        <ele>428.958866</ele>
        <time>2026-09-27T09:47:26.342Z</time>
      </trkpt>
      <trkpt lat="49.005551" lon="11.453583">
        <ele>428.621861</ele>
        <time>2026-09-27T09:47:28.334Z</time>
      </trkpt>
      <trkpt lat="49.005641" lon="11.453615">
        <ele>428.311768</ele>
        <time>2026-09-27T09:47:31.321Z</time>
      </trkpt>
      <trkpt lat="49.005741" lon="11.453636">
        <ele>427.973058</ele>
        <time>2026-09-27T09:47:35.335Z</time>
      </trkpt>
      <trkpt lat="49.005846" lon="11.453685">
        <ele>427.604601</ele>
        <time>2026-09-27T09:47:39.336Z</time>
      </trkpt>
      <trkpt lat="49.005946" lon="11.453731">
        <ele>427.254116</ele>
        <time>2026-09-27T09:47:44.342Z</time>
      </trkpt>
      <trkpt lat="49.006038" lon="11.453762">
        <ele>426.937967</ele>
        <time>2026-09-27T09:47:48.353Z</time>
      </trkpt>
      <trkpt lat="49.006131" lon="11.453803">
        <ele>426.613126</ele>
        <time>2026-09-27T09:47:53.354Z</time>
      </trkpt>
      <trkpt lat="49.006257" lon="11.453784">
        <ele>426.188280</ele>
        <time>2026-09-27T09:47:57.487Z</time>
      </trkpt>
      <trkpt lat="49.006347" lon="11.453768">
        <ele>425.884247</ele>
        <time>2026-09-27T09:47:59.322Z</time>
      </trkpt>
      <trkpt lat="49.006465" lon="11.453759">
        <ele>425.487812</ele>
        <time>2026-09-27T09:48:02.313Z</time>
      </trkpt>
      <trkpt lat="49.006556" lon="11.453755">
        <ele>425.182343</ele>
        <time>2026-09-27T09:48:04.335Z</time>
      </trkpt>
      <trkpt lat="49.006660" lon="11.453729">
        <ele>424.828718</ele>
        <time>2026-09-27T09:48:06.316Z</time>
      </trkpt>
      <trkpt lat="49.006758" lon="11.453724">
        <ele>424.499704</ele>
        <time>2026-09-27T09:48:08.349Z</time>
      </trkpt>
      <trkpt lat="49.006891" lon="11.453706">
        <ele>424.051678</ele>
        <time>2026-09-27T09:48:11.350Z</time>
      </trkpt>
      <trkpt lat="49.006987" lon="11.453699">
        <ele>423.729190</ele>
        <time>2026-09-27T09:48:13.344Z</time>
      </trkpt>
      <trkpt lat="49.007086" lon="11.453675">
        <ele>423.392830</ele>
        <time>2026-09-27T09:48:16.330Z</time>
      </trkpt>
      <trkpt lat="49.007205" lon="11.453675">
        <ele>423.242903</ele>
        <time>2026-09-27T09:48:20.325Z</time>
      </trkpt>
      <trkpt lat="49.007302" lon="11.453656">
        <ele>423.263098</ele>
        <time>2026-09-27T09:48:23.315Z</time>
      </trkpt>
      <trkpt lat="49.007403" lon="11.453614">
        <ele>423.284715</ele>
        <time>2026-09-27T09:48:26.338Z</time>
      </trkpt>
      <trkpt lat="49.007499" lon="11.453593">
        <ele>423.304741</ele>
        <time>2026-09-27T09:48:29.359Z</time>
      </trkpt>
      <trkpt lat="49.007594" lon="11.453572">
        <ele>423.324563</ele>
        <time>2026-09-27T09:48:32.333Z</time>
      </trkpt>
      <trkpt lat="49.007686" lon="11.453563">
        <ele>423.343600</ele>
        <time>2026-09-27T09:48:34.341Z</time>
      </trkpt>
      <trkpt lat="49.007777" lon="11.453649">
        <ele>423.365708</ele>
        <time>2026-09-27T09:48:37.353Z</time>
      </trkpt>
      <trkpt lat="49.007857" lon="11.453735">
        <ele>423.385921</ele>
        <time>2026-09-27T09:48:40.352Z</time>
      </trkpt>
      <trkpt lat="49.007930" lon="11.453817">
        <ele>423.404645</ele>
        <time>2026-09-27T09:48:43.372Z</time>
      </trkpt>
      <trkpt lat="49.008039" lon="11.453808">
        <ele>423.427186</ele>
        <time>2026-09-27T09:48:47.348Z</time>
      </trkpt>
      <trkpt lat="49.008135" lon="11.453826">
        <ele>423.447159</ele>
        <time>2026-09-27T09:48:50.345Z</time>
      </trkpt>
      <trkpt lat="49.008246" lon="11.453795">
        <ele>423.470461</ele>
        <time>2026-09-27T09:48:54.355Z</time>
      </trkpt>
      <trkpt lat="49.008356" lon="11.453787">
        <ele>423.493201</ele>
        <time>2026-09-27T09:48:57.348Z</time>
      </trkpt>
      <trkpt lat="49.008456" lon="11.453780">
        <ele>423.513871</ele>
        <time>2026-09-27T09:49:01.358Z</time>
      </trkpt>
      <trkpt lat="49.008547" lon="11.453693">
        <ele>423.536051</ele>
        <time>2026-09-27T09:49:09.354Z</time>
      </trkpt>
      <trkpt lat="49.008639" lon="11.453734">
        <ele>423.555844</ele>
        <time>2026-09-27T09:49:12.330Z</time>
      </trkpt>
      <trkpt lat="49.008732" lon="11.453770">
        <ele>423.575657</ele>
        <time>2026-09-27T09:49:15.354Z</time>
      </trkpt>
      <trkpt lat="49.008827" lon="11.453817">
        <ele>423.596281</ele>
        <time>2026-09-27T09:49:19.351Z</time>
      </trkpt>
      <trkpt lat="49.008940" lon="11.453854">
        <ele>424.270957</ele>
        <time>2026-09-27T09:49:23.346Z</time>
      </trkpt>
      <trkpt lat="49.009036" lon="11.453879">
        <ele>424.935971</ele>
        <time>2026-09-27T09:49:26.332Z</time>
      </trkpt>
      <trkpt lat="49.009138" lon="11.453904">
        <ele>425.641404</ele>
        <time>2026-09-27T09:49:29.357Z</time>
      </trkpt>
      <trkpt lat="49.009229" lon="11.453924">
        <ele>426.269206</ele>
        <time>2026-09-27T09:49:32.332Z</time>
      </trkpt>
      <trkpt lat="49.009333" lon="11.453935">
        <ele>426.981059</ele>
        <time>2026-09-27T09:49:36.326Z</time>
      </trkpt>
      <trkpt lat="49.009427" lon="11.453925">
        <ele>427.624483</ele>
        <time>2026-09-27T09:49:39.354Z</time>
      </trkpt>
      <trkpt lat="49.009550" lon="11.453920">
        <ele>428.464665</ele>
        <time>2026-09-27T09:49:42.323Z</time>
      </trkpt>
      <trkpt lat="49.009678" lon="11.453917">
        <ele>429.338795</ele>
        <time>2026-09-27T09:49:45.353Z</time>
      </trkpt>
      <trkpt lat="49.009804" lon="11.453911">
        <ele>430.199584</ele>
        <time>2026-09-27T09:49:48.325Z</time>
      </trkpt>
      <trkpt lat="49.009946" lon="11.453908">
        <ele>431.169299</ele>
        <time>2026-09-27T09:49:51.341Z</time>
      </trkpt>
      <trkpt lat="49.010074" lon="11.453907">
        <ele>432.043337</ele>
        <time>2026-09-27T09:49:53.379Z</time>
      </trkpt>
      <trkpt lat="49.010183" lon="11.453908">
        <ele>432.787638</ele>
        <time>2026-09-27T09:49:55.351Z</time>
      </trkpt>
      <trkpt lat="49.010293" lon="11.453911">
        <ele>433.538874</ele>
        <time>2026-09-27T09:49:57.329Z</time>
      </trkpt>
      <trkpt lat="49.010390" lon="11.453916">
        <ele>434.201600</ele>
        <time>2026-09-27T09:49:59.354Z</time>
      </trkpt>
      <trkpt lat="49.010483" lon="11.453918">
        <ele>434.836698</ele>
        <time>2026-09-27T09:50:01.332Z</time>
      </trkpt>
      <trkpt lat="49.010611" lon="11.453921">
        <ele>435.710827</ele>
        <time>2026-09-27T09:50:04.352Z</time>
      </trkpt>
      <trkpt lat="49.010737" lon="11.453925">
        <ele>434.978620</ele>
        <time>2026-09-27T09:50:07.352Z</time>
      </trkpt>
      <trkpt lat="49.010851" lon="11.453924">
        <ele>433.959638</ele>
        <time>2026-09-27T09:50:10.346Z</time>
      </trkpt>
      <trkpt lat="49.010987" lon="11.453924">
        <ele>432.744031</ele>
        <time>2026-09-27T09:50:13.352Z</time>
      </trkpt>
      <trkpt lat="49.011115" lon="11.453938">
        <ele>431.596989</ele>
        <time>2026-09-27T09:50:16.363Z</time>
      </trkpt>
      <trkpt lat="49.011244" lon="11.453954">
        <ele>430.440141</ele>
        <time>2026-09-27T09:50:19.333Z</time>
      </trkpt>
      <trkpt lat="49.011335" lon="11.453971">
        <ele>429.620673</ele>
        <time>2026-09-27T09:50:21.357Z</time>
      </trkpt>
      <trkpt lat="49.011430" lon="11.453982">
        <ele>428.769090</ele>
        <time>2026-09-27T09:50:23.354Z</time>
      </trkpt>
      <trkpt lat="49.011547" lon="11.454018">
        <ele>427.702225</ele>
        <time>2026-09-27T09:50:26.334Z</time>
      </trkpt>
      <trkpt lat="49.011670" lon="11.454057">
        <ele>426.579292</ele>
        <time>2026-09-27T09:50:29.356Z</time>
      </trkpt>
      <trkpt lat="49.011789" lon="11.454091">
        <ele>425.497119</ele>
        <time>2026-09-27T09:50:32.352Z</time>
      </trkpt>
      <trkpt lat="49.011905" lon="11.454129">
        <ele>424.436613</ele>
        <time>2026-09-27T09:50:35.346Z</time>
      </trkpt>
      <trkpt lat="49.012032" lon="11.454157">
        <ele>423.289643</ele>
        <time>2026-09-27T09:50:38.360Z</time>
      </trkpt>
      <trkpt lat="49.012157" lon="11.454179">
        <ele>422.164937</ele>
        <time>2026-09-27T09:50:41.328Z</time>
      </trkpt>
      <trkpt lat="49.012274" lon="11.454219">
        <ele>421.093187</ele>
        <time>2026-09-27T09:50:44.343Z</time>
      </trkpt>
      <trkpt lat="49.012379" lon="11.454264">
        <ele>420.118292</ele>
        <time>2026-09-27T09:50:47.335Z</time>
      </trkpt>
      <trkpt lat="49.012498" lon="11.454284">
        <ele>419.873949</ele>
        <time>2026-09-27T09:50:50.351Z</time>
      </trkpt>
      <trkpt lat="49.012593" lon="11.454298">
        <ele>419.951938</ele>
        <time>2026-09-27T09:50:52.360Z</time>
      </trkpt>
      <trkpt lat="49.012710" lon="11.454316">
        <ele>420.048027</ele>
        <time>2026-09-27T09:50:55.350Z</time>
      </trkpt>
      <trkpt lat="49.012822" lon="11.454334">
        <ele>420.140052</ele>
        <time>2026-09-27T09:50:58.346Z</time>
      </trkpt>
      <trkpt lat="49.012949" lon="11.454333">
        <ele>420.243828</ele>
        <time>2026-09-27T09:51:01.333Z</time>
      </trkpt>
      <trkpt lat="49.013063" lon="11.454351">
        <ele>420.337479</ele>
        <time>2026-09-27T09:51:04.362Z</time>
      </trkpt>
      <trkpt lat="49.013168" lon="11.454373">
        <ele>420.424083</ele>
        <time>2026-09-27T09:51:07.344Z</time>
      </trkpt>
      <trkpt lat="49.013285" lon="11.454411">
        <ele>420.521832</ele>
        <time>2026-09-27T09:51:11.366Z</time>
      </trkpt>
      <trkpt lat="49.013390" lon="11.454454">
        <ele>420.610671</ele>
        <time>2026-09-27T09:51:15.342Z</time>
      </trkpt>
      <trkpt lat="49.013482" lon="11.454498">
        <ele>420.689458</ele>
        <time>2026-09-27T09:51:19.360Z</time>
      </trkpt>
      <trkpt lat="49.013581" lon="11.454550">
        <ele>420.775019</ele>
        <time>2026-09-27T09:51:23.353Z</time>
      </trkpt>
      <trkpt lat="49.013683" lon="11.454596">
        <ele>420.861936</ele>
        <time>2026-09-27T09:51:27.322Z</time>
      </trkpt>
      <trkpt lat="49.013791" lon="11.454628">
        <ele>420.951836</ele>
        <time>2026-09-27T09:51:31.364Z</time>
      </trkpt>
      <trkpt lat="49.013900" lon="11.454663">
        <ele>421.042857</ele>
        <time>2026-09-27T09:51:35.362Z</time>
      </trkpt>
      <trkpt lat="49.013993" lon="11.454676">
        <ele>421.119168</ele>
        <time>2026-09-27T09:51:38.351Z</time>
      </trkpt>
      <trkpt lat="49.014083" lon="11.454699">
        <ele>421.193735</ele>
        <time>2026-09-27T09:51:41.358Z</time>
      </trkpt>
      <trkpt lat="49.014177" lon="11.454722">
        <ele>421.271527</ele>
        <time>2026-09-27T09:51:44.348Z</time>
      </trkpt>
      <trkpt lat="49.014281" lon="11.454736">
        <ele>421.499900</ele>
        <time>2026-09-27T09:51:47.350Z</time>
      </trkpt>
      <trkpt lat="49.014378" lon="11.454766">
        <ele>421.721291</ele>
        <time>2026-09-27T09:51:51.372Z</time>
      </trkpt>
      <trkpt lat="49.014491" lon="11.454798">
        <ele>421.978376</ele>
        <time>2026-09-27T09:51:54.350Z</time>
      </trkpt>
      <trkpt lat="49.014604" lon="11.454827">
        <ele>422.234693</ele>
        <time>2026-09-27T09:51:57.336Z</time>
      </trkpt>
      <trkpt lat="49.014724" lon="11.454857">
        <ele>422.506697</ele>
        <time>2026-09-27T09:52:00.357Z</time>
      </trkpt>
      <trkpt lat="49.014847" lon="11.454893">
        <ele>422.786850</ele>
        <time>2026-09-27T09:52:03.363Z</time>
      </trkpt>
      <trkpt lat="49.014960" lon="11.454921">
        <ele>423.042928</ele>
        <time>2026-09-27T09:52:06.357Z</time>
      </trkpt>
      <trkpt lat="49.015078" lon="11.454954">
        <ele>423.311277</ele>
        <time>2026-09-27T09:52:09.346Z</time>
      </trkpt>
      <trkpt lat="49.015191" lon="11.454988">
        <ele>423.568913</ele>
        <time>2026-09-27T09:52:12.353Z</time>
      </trkpt>
      <trkpt lat="49.015310" lon="11.455046">
        <ele>423.848365</ele>
        <time>2026-09-27T09:52:16.326Z</time>
      </trkpt>
      <trkpt lat="49.015397" lon="11.455130">
        <ele>424.078706</ele>
        <time>2026-09-27T09:52:19.335Z</time>
      </trkpt>
      <trkpt lat="49.015485" lon="11.455221">
        <ele>424.316547</ele>
        <time>2026-09-27T09:52:22.292Z</time>
      </trkpt>
      <trkpt lat="49.015591" lon="11.455274">
        <ele>424.566074</ele>
        <time>2026-09-27T09:52:26.309Z</time>
      </trkpt>
      <trkpt lat="49.015689" lon="11.455326">
        <ele>424.798178</ele>
        <time>2026-09-27T09:52:29.323Z</time>
      </trkpt>
      <trkpt lat="49.015799" lon="11.455358">
        <ele>425.048668</ele>
        <time>2026-09-27T09:52:32.333Z</time>
      </trkpt>
      <trkpt lat="49.015910" lon="11.455382">
        <ele>425.298722</ele>
        <time>2026-09-27T09:52:35.336Z</time>
      </trkpt>
      <trkpt lat="49.016023" lon="11.455411">
        <ele>425.445692</ele>
        <time>2026-09-27T09:52:39.322Z</time>
      </trkpt>
      <trkpt lat="49.016131" lon="11.455482">
        <ele>425.596538</ele>
        <time>2026-09-27T09:52:43.331Z</time>
      </trkpt>
      <trkpt lat="49.016228" lon="11.455543">
        <ele>425.731114</ele>
        <time>2026-09-27T09:52:47.318Z</time>
      </trkpt>
      <trkpt lat="49.016332" lon="11.455585">
        <ele>425.869102</ele>
        <time>2026-09-27T09:52:51.317Z</time>
      </trkpt>
      <trkpt lat="49.016438" lon="11.455634">
        <ele>426.011167</ele>
        <time>2026-09-27T09:52:55.318Z</time>
      </trkpt>
      <trkpt lat="49.016556" lon="11.455687">
        <ele>426.168941</ele>
        <time>2026-09-27T09:52:59.346Z</time>
      </trkpt>
      <trkpt lat="49.016652" lon="11.455731">
        <ele>426.297511</ele>
        <time>2026-09-27T09:53:02.356Z</time>
      </trkpt>
      <trkpt lat="49.016752" lon="11.455797">
        <ele>426.437269</ele>
        <time>2026-09-27T09:53:06.346Z</time>
      </trkpt>
      <trkpt lat="49.016855" lon="11.455865">
        <ele>426.581227</ele>
        <time>2026-09-27T09:53:10.354Z</time>
      </trkpt>
      <trkpt lat="49.016950" lon="11.455912">
        <ele>426.709325</ele>
        <time>2026-09-27T09:53:13.341Z</time>
      </trkpt>
      <trkpt lat="49.017064" lon="11.455950">
        <ele>426.858993</ele>
        <time>2026-09-27T09:53:16.341Z</time>
      </trkpt>
      <trkpt lat="49.017153" lon="11.455981">
        <ele>426.976083</ele>
        <time>2026-09-27T09:53:18.337Z</time>
      </trkpt>
      <trkpt lat="49.017261" lon="11.456034">
        <ele>427.121599</ele>
        <time>2026-09-27T09:53:21.360Z</time>
      </trkpt>
      <trkpt lat="49.017342" lon="11.456109">
        <ele>427.243143</ele>
        <time>2026-09-27T09:53:24.353Z</time>
      </trkpt>
      <trkpt lat="49.017443" lon="11.456178">
        <ele>427.385092</ele>
        <time>2026-09-27T09:53:28.325Z</time>
      </trkpt>
      <trkpt lat="49.017553" lon="11.456250">
        <ele>427.538625</ele>
        <time>2026-09-27T09:53:32.339Z</time>
      </trkpt>
      <trkpt lat="49.017652" lon="11.456223">
        <ele>427.716666</ele>
        <time>2026-09-27T09:53:35.330Z</time>
      </trkpt>
      <trkpt lat="49.017638" lon="11.456064">
        <ele>427.956752</ele>
        <time>2026-09-27T09:53:37.322Z</time>
      </trkpt>
      <trkpt lat="49.017561" lon="11.455884">
        <ele>428.278371</ele>
        <time>2026-09-27T09:53:39.322Z</time>
      </trkpt>
      <trkpt lat="49.017480" lon="11.455683">
        <ele>428.631427</ele>
        <time>2026-09-27T09:53:41.324Z</time>
      </trkpt>
      <trkpt lat="49.017407" lon="11.455471">
        <ele>428.989769</ele>
        <time>2026-09-27T09:53:43.324Z</time>
      </trkpt>
      <trkpt lat="49.017359" lon="11.455237">
        <ele>429.356693</ele>
        <time>2026-09-27T09:53:45.362Z</time>
      </trkpt>
      <trkpt lat="49.017321" lon="11.454979">
        <ele>429.752422</ele>
        <time>2026-09-27T09:53:47.330Z</time>
      </trkpt>
      <trkpt lat="49.017308" lon="11.454709">
        <ele>430.157580</ele>
        <time>2026-09-27T09:53:49.323Z</time>
      </trkpt>
      <trkpt lat="49.017309" lon="11.454441">
        <ele>430.558664</ele>
        <time>2026-09-27T09:53:51.331Z</time>
      </trkpt>
      <trkpt lat="49.017332" lon="11.454182">
        <ele>430.949809</ele>
        <time>2026-09-27T09:53:53.318Z</time>
      </trkpt>
      <trkpt lat="49.017374" lon="11.453924">
        <ele>431.347638</ele>
        <time>2026-09-27T09:53:55.329Z</time>
      </trkpt>
      <trkpt lat="49.017419" lon="11.453663">
        <ele>431.703249</ele>
        <time>2026-09-27T09:53:57.314Z</time>
      </trkpt>
      <trkpt lat="49.017473" lon="11.453412">
        <ele>431.649409</ele>
        <time>2026-09-27T09:53:59.317Z</time>
      </trkpt>
      <trkpt lat="49.017531" lon="11.453182">
        <ele>431.599186</ele>
        <time>2026-09-27T09:54:01.314Z</time>
      </trkpt>
      <trkpt lat="49.017578" lon="11.452960">
        <ele>431.551639</ele>
        <time>2026-09-27T09:54:03.325Z</time>
      </trkpt>
      <trkpt lat="49.017613" lon="11.452744">
        <ele>431.506292</ele>
        <time>2026-09-27T09:54:05.331Z</time>
      </trkpt>
      <trkpt lat="49.017677" lon="11.452567">
        <ele>431.465097</ele>
        <time>2026-09-27T09:54:07.326Z</time>
      </trkpt>
      <trkpt lat="49.017785" lon="11.452519">
        <ele>431.430136</ele>
        <time>2026-09-27T09:54:09.326Z</time>
      </trkpt>
      <trkpt lat="49.017893" lon="11.452604">
        <ele>431.392365</ele>
        <time>2026-09-27T09:54:11.334Z</time>
      </trkpt>
      <trkpt lat="49.018001" lon="11.452668">
        <ele>431.356356</ele>
        <time>2026-09-27T09:54:13.357Z</time>
      </trkpt>
      <trkpt lat="49.018101" lon="11.452726">
        <ele>431.323106</ele>
        <time>2026-09-27T09:54:15.363Z</time>
      </trkpt>
      <trkpt lat="49.018195" lon="11.452773">
        <ele>431.292363</ele>
        <time>2026-09-27T09:54:17.369Z</time>
      </trkpt>
      <trkpt lat="49.018284" lon="11.452820">
        <ele>431.263092</ele>
        <time>2026-09-27T09:54:19.354Z</time>
      </trkpt>
      <trkpt lat="49.018404" lon="11.452876">
        <ele>431.224092</ele>
        <time>2026-09-27T09:54:22.341Z</time>
      </trkpt>
      <trkpt lat="49.018515" lon="11.452947">
        <ele>431.186683</ele>
        <time>2026-09-27T09:54:25.360Z</time>
      </trkpt>
      <trkpt lat="49.018626" lon="11.453016">
        <ele>431.148170</ele>
        <time>2026-09-27T09:54:28.342Z</time>
      </trkpt>
      <trkpt lat="49.018739" lon="11.453083">
        <ele>431.035001</ele>
        <time>2026-09-27T09:54:31.338Z</time>
      </trkpt>
      <trkpt lat="49.018855" lon="11.453146">
        <ele>430.920063</ele>
        <time>2026-09-27T09:54:34.352Z</time>
      </trkpt>
      <trkpt lat="49.018966" lon="11.453210">
        <ele>430.809295</ele>
        <time>2026-09-27T09:54:37.336Z</time>
      </trkpt>
      <trkpt lat="49.019072" lon="11.453261">
        <ele>430.705545</ele>
        <time>2026-09-27T09:54:40.341Z</time>
      </trkpt>
      <trkpt lat="49.019179" lon="11.453326">
        <ele>430.598036</ele>
        <time>2026-09-27T09:54:43.331Z</time>
      </trkpt>
      <trkpt lat="49.019293" lon="11.453396">
        <ele>430.483324</ele>
        <time>2026-09-27T09:54:46.362Z</time>
      </trkpt>
      <trkpt lat="49.019412" lon="11.453460">
        <ele>430.365542</ele>
        <time>2026-09-27T09:54:49.352Z</time>
      </trkpt>
      <trkpt lat="49.019524" lon="11.453525">
        <ele>430.253684</ele>
        <time>2026-09-27T09:54:52.346Z</time>
      </trkpt>
      <trkpt lat="49.019628" lon="11.453588">
        <ele>430.149230</ele>
        <time>2026-09-27T09:54:55.349Z</time>
      </trkpt>
      <trkpt lat="49.019733" lon="11.453646">
        <ele>430.044989</ele>
        <time>2026-09-27T09:54:58.341Z</time>
      </trkpt>
      <trkpt lat="49.019840" lon="11.453704">
        <ele>429.938992</ele>
        <time>2026-09-27T09:55:01.339Z</time>
      </trkpt>
      <trkpt lat="49.019951" lon="11.453761">
        <ele>429.829666</ele>
        <time>2026-09-27T09:55:04.355Z</time>
      </trkpt>
      <trkpt lat="49.020062" lon="11.453824">
        <ele>429.719113</ele>
        <time>2026-09-27T09:55:07.358Z</time>
      </trkpt>
      <trkpt lat="49.020176" lon="11.453897">
        <ele>429.603703</ele>
        <time>2026-09-27T09:55:10.343Z</time>
      </trkpt>
      <trkpt lat="49.020293" lon="11.453960">
        <ele>429.487885</ele>
        <time>2026-09-27T09:55:13.359Z</time>
      </trkpt>
      <trkpt lat="49.020415" lon="11.454019">
        <ele>429.419693</ele>
        <time>2026-09-27T09:55:16.349Z</time>
      </trkpt>
      <trkpt lat="49.020535" lon="11.454092">
        <ele>429.359265</ele>
        <time>2026-09-27T09:55:19.331Z</time>
      </trkpt>
      <trkpt lat="49.020652" lon="11.454154">
        <ele>429.301331</ele>
        <time>2026-09-27T09:55:22.354Z</time>
      </trkpt>
      <trkpt lat="49.020767" lon="11.454214">
        <ele>429.244482</ele>
        <time>2026-09-27T09:55:25.333Z</time>
      </trkpt>
      <trkpt lat="49.020881" lon="11.454282">
        <ele>429.187228</ele>
        <time>2026-09-27T09:55:28.341Z</time>
      </trkpt>
      <trkpt lat="49.020996" lon="11.454347">
        <ele>429.129864</ele>
        <time>2026-09-27T09:55:31.357Z</time>
      </trkpt>
      <trkpt lat="49.021115" lon="11.454416">
        <ele>429.070318</ele>
        <time>2026-09-27T09:55:34.336Z</time>
      </trkpt>
      <trkpt lat="49.021212" lon="11.454549">
        <ele>429.009306</ele>
        <time>2026-09-27T09:55:37.331Z</time>
      </trkpt>
      <trkpt lat="49.021285" lon="11.454719">
        <ele>428.946979</ele>
        <time>2026-09-27T09:55:40.375Z</time>
      </trkpt>
      <trkpt lat="49.021360" lon="11.454886">
        <ele>428.884896</ele>
        <time>2026-09-27T09:55:43.347Z</time>
      </trkpt>
      <trkpt lat="49.021434" lon="11.455053">
        <ele>428.823077</ele>
        <time>2026-09-27T09:55:46.354Z</time>
      </trkpt>
      <trkpt lat="49.021484" lon="11.455167">
        <ele>428.781011</ele>
        <time>2026-09-27T09:55:48.348Z</time>
      </trkpt>
      <trkpt lat="49.021563" lon="11.455333">
        <ele>428.718101</ele>
        <time>2026-09-27T09:55:51.363Z</time>
      </trkpt>
      <trkpt lat="49.021635" lon="11.455502">
        <ele>428.656287</ele>
        <time>2026-09-27T09:55:54.354Z</time>
      </trkpt>
      <trkpt lat="49.021707" lon="11.455668">
        <ele>428.610916</ele>
        <time>2026-09-27T09:55:57.362Z</time>
      </trkpt>
      <trkpt lat="49.021777" lon="11.455835">
        <ele>428.577593</ele>
        <time>2026-09-27T09:56:00.338Z</time>
      </trkpt>
      <trkpt lat="49.021848" lon="11.455994">
        <ele>428.545252</ele>
        <time>2026-09-27T09:56:03.354Z</time>
      </trkpt>
      <trkpt lat="49.021921" lon="11.456143">
        <ele>428.513982</ele>
        <time>2026-09-27T09:56:06.345Z</time>
      </trkpt>
      <trkpt lat="49.021980" lon="11.456302">
        <ele>428.483268</ele>
        <time>2026-09-27T09:56:09.352Z</time>
      </trkpt>
      <trkpt lat="49.022043" lon="11.456462">
        <ele>428.451891</ele>
        <time>2026-09-27T09:56:12.363Z</time>
      </trkpt>
      <trkpt lat="49.022104" lon="11.456623">
        <ele>428.420630</ele>
        <time>2026-09-27T09:56:15.367Z</time>
      </trkpt>
      <trkpt lat="49.022164" lon="11.456785">
        <ele>428.389350</ele>
        <time>2026-09-27T09:56:18.359Z</time>
      </trkpt>
      <trkpt lat="49.022224" lon="11.456954">
        <ele>428.357040</ele>
        <time>2026-09-27T09:56:21.359Z</time>
      </trkpt>
      <trkpt lat="49.022289" lon="11.457120">
        <ele>428.324535</ele>
        <time>2026-09-27T09:56:24.353Z</time>
      </trkpt>
      <trkpt lat="49.022344" lon="11.457292">
        <ele>428.292363</ele>
        <time>2026-09-27T09:56:27.352Z</time>
      </trkpt>
      <trkpt lat="49.022390" lon="11.457463">
        <ele>428.261289</ele>
        <time>2026-09-27T09:56:30.355Z</time>
      </trkpt>
      <trkpt lat="49.022438" lon="11.457636">
        <ele>428.229707</ele>
        <time>2026-09-27T09:56:33.349Z</time>
      </trkpt>
      <trkpt lat="49.022489" lon="11.457810">
        <ele>428.197665</ele>
        <time>2026-09-27T09:56:36.351Z</time>
      </trkpt>
      <trkpt lat="49.022545" lon="11.457985">
        <ele>428.167424</ele>
        <time>2026-09-27T09:56:39.342Z</time>
      </trkpt>
      <trkpt lat="49.022596" lon="11.458163">
        <ele>428.155835</ele>
        <time>2026-09-27T09:56:42.356Z</time>
      </trkpt>
      <trkpt lat="49.022651" lon="11.458336">
        <ele>428.144365</ele>
        <time>2026-09-27T09:56:45.362Z</time>
      </trkpt>
      <trkpt lat="49.022707" lon="11.458512">
        <ele>428.132695</ele>
        <time>2026-09-27T09:56:48.349Z</time>
      </trkpt>
      <trkpt lat="49.022763" lon="11.458690">
        <ele>428.120917</ele>
        <time>2026-09-27T09:56:51.346Z</time>
      </trkpt>
      <trkpt lat="49.022816" lon="11.458871">
        <ele>428.109091</ele>
        <time>2026-09-27T09:56:54.352Z</time>
      </trkpt>
      <trkpt lat="49.022869" lon="11.459052">
        <ele>428.097265</ele>
        <time>2026-09-27T09:56:57.352Z</time>
      </trkpt>
      <trkpt lat="49.022920" lon="11.459231">
        <ele>428.085622</ele>
        <time>2026-09-27T09:57:00.337Z</time>
      </trkpt>
      <trkpt lat="49.022973" lon="11.459406">
        <ele>428.074122</ele>
        <time>2026-09-27T09:57:03.345Z</time>
      </trkpt>
      <trkpt lat="49.023026" lon="11.459576">
        <ele>428.062893</ele>
        <time>2026-09-27T09:57:06.381Z</time>
      </trkpt>
      <trkpt lat="49.023076" lon="11.459752">
        <ele>428.051450</ele>
        <time>2026-09-27T09:57:09.361Z</time>
      </trkpt>
      <trkpt lat="49.023133" lon="11.459928">
        <ele>428.039739</ele>
        <time>2026-09-27T09:57:12.353Z</time>
      </trkpt>
      <trkpt lat="49.023184" lon="11.460110">
        <ele>428.027932</ele>
        <time>2026-09-27T09:57:15.345Z</time>
      </trkpt>
      <trkpt lat="49.023239" lon="11.460292">
        <ele>428.015977</ele>
        <time>2026-09-27T09:57:18.339Z</time>
      </trkpt>
      <trkpt lat="49.023291" lon="11.460477">
        <ele>428.003432</ele>
        <time>2026-09-27T09:57:21.340Z</time>
      </trkpt>
      <trkpt lat="49.023338" lon="11.460663">
        <ele>427.986199</ele>
        <time>2026-09-27T09:57:24.349Z</time>
      </trkpt>
      <trkpt lat="49.023390" lon="11.460854">
        <ele>427.968320</ele>
        <time>2026-09-27T09:57:27.351Z</time>
      </trkpt>
      <trkpt lat="49.023431" lon="11.460979">
        <ele>427.956237</ele>
        <time>2026-09-27T09:57:29.363Z</time>
      </trkpt>
      <trkpt lat="49.023473" lon="11.461102">
        <ele>427.944248</ele>
        <time>2026-09-27T09:57:31.330Z</time>
      </trkpt>
      <trkpt lat="49.023527" lon="11.461283">
        <ele>427.927057</ele>
        <time>2026-09-27T09:57:34.334Z</time>
      </trkpt>
      <trkpt lat="49.023576" lon="11.461467">
        <ele>427.909888</ele>
        <time>2026-09-27T09:57:37.378Z</time>
      </trkpt>
      <trkpt lat="49.023633" lon="11.461646">
        <ele>427.892685</ele>
        <time>2026-09-27T09:57:40.339Z</time>
      </trkpt>
      <trkpt lat="49.023688" lon="11.461831">
        <ele>427.875124</ele>
        <time>2026-09-27T09:57:43.342Z</time>
      </trkpt>
      <trkpt lat="49.023741" lon="11.462015">
        <ele>427.857750</ele>
        <time>2026-09-27T09:57:46.328Z</time>
      </trkpt>
      <trkpt lat="49.023791" lon="11.462193">
        <ele>427.841009</ele>
        <time>2026-09-27T09:57:49.360Z</time>
      </trkpt>
      <trkpt lat="49.023848" lon="11.462360">
        <ele>427.824733</ele>
        <time>2026-09-27T09:57:52.356Z</time>
      </trkpt>
      <trkpt lat="49.023920" lon="11.462516">
        <ele>427.808240</ele>
        <time>2026-09-27T09:57:55.351Z</time>
      </trkpt>
      <trkpt lat="49.024018" lon="11.462647">
        <ele>427.791059</ele>
        <time>2026-09-27T09:57:58.352Z</time>
      </trkpt>
      <trkpt lat="49.024105" lon="11.462781">
        <ele>427.774757</ele>
        <time>2026-09-27T09:58:01.339Z</time>
      </trkpt>
      <trkpt lat="49.024197" lon="11.462903">
        <ele>427.787825</ele>
        <time>2026-09-27T09:58:04.352Z</time>
      </trkpt>
      <trkpt lat="49.024286" lon="11.463032">
        <ele>427.822088</ele>
        <time>2026-09-27T09:58:07.344Z</time>
      </trkpt>
      <trkpt lat="49.024377" lon="11.463160">
        <ele>427.856633</ele>
        <time>2026-09-27T09:58:10.454Z</time>
      </trkpt>
      <trkpt lat="49.024471" lon="11.463292">
        <ele>427.892290</ele>
        <time>2026-09-27T09:58:13.316Z</time>
      </trkpt>
      <trkpt lat="49.024563" lon="11.463421">
        <ele>427.927164</ele>
        <time>2026-09-27T09:58:16.324Z</time>
      </trkpt>
      <trkpt lat="49.024654" lon="11.463538">
        <ele>427.960378</ele>
        <time>2026-09-27T09:58:19.332Z</time>
      </trkpt>
      <trkpt lat="49.024743" lon="11.463653">
        <ele>427.992929</ele>
        <time>2026-09-27T09:58:22.325Z</time>
      </trkpt>
      <trkpt lat="49.024826" lon="11.463769">
        <ele>428.024344</ele>
        <time>2026-09-27T09:58:25.326Z</time>
      </trkpt>
      <trkpt lat="49.024910" lon="11.463897">
        <ele>428.057480</ele>
        <time>2026-09-27T09:58:28.325Z</time>
      </trkpt>
      <trkpt lat="49.025001" lon="11.464021">
        <ele>428.091533</ele>
        <time>2026-09-27T09:58:31.339Z</time>
      </trkpt>
      <trkpt lat="49.025094" lon="11.464147">
        <ele>428.126246</ele>
        <time>2026-09-27T09:58:34.329Z</time>
      </trkpt>
      <trkpt lat="49.025186" lon="11.464272">
        <ele>428.160629</ele>
        <time>2026-09-27T09:58:37.340Z</time>
      </trkpt>
      <trkpt lat="49.025278" lon="11.464402">
        <ele>428.195627</ele>
        <time>2026-09-27T09:58:40.331Z</time>
      </trkpt>
      <trkpt lat="49.025368" lon="11.464530">
        <ele>428.229967</ele>
        <time>2026-09-27T09:58:43.317Z</time>
      </trkpt>
      <trkpt lat="49.025464" lon="11.464652">
        <ele>428.264838</ele>
        <time>2026-09-27T09:58:46.308Z</time>
      </trkpt>
      <trkpt lat="49.025557" lon="11.464787">
        <ele>428.185978</ele>
        <time>2026-09-27T09:58:49.318Z</time>
      </trkpt>
      <trkpt lat="49.025648" lon="11.464919">
        <ele>428.090233</ele>
        <time>2026-09-27T09:58:52.316Z</time>
      </trkpt>
      <trkpt lat="49.025763" lon="11.464978">
        <ele>427.997732</ele>
        <time>2026-09-27T09:58:55.295Z</time>
      </trkpt>
      <trkpt lat="49.025874" lon="11.464899">
        <ele>427.904348</ele>
        <time>2026-09-27T09:58:58.327Z</time>
      </trkpt>
      <trkpt lat="49.025971" lon="11.464790">
        <ele>427.812492</ele>
        <time>2026-09-27T09:59:01.326Z</time>
      </trkpt>
      <trkpt lat="49.026061" lon="11.464670">
        <ele>427.721353</ele>
        <time>2026-09-27T09:59:04.311Z</time>
      </trkpt>
      <trkpt lat="49.026141" lon="11.464537">
        <ele>427.631131</ele>
        <time>2026-09-27T09:59:07.335Z</time>
      </trkpt>
      <trkpt lat="49.026233" lon="11.464402">
        <ele>427.533799</ele>
        <time>2026-09-27T09:59:10.328Z</time>
      </trkpt>
      <trkpt lat="49.026319" lon="11.464267">
        <ele>427.439709</ele>
        <time>2026-09-27T09:59:13.375Z</time>
      </trkpt>
      <trkpt lat="49.026407" lon="11.464127">
        <ele>427.342762</ele>
        <time>2026-09-27T09:59:16.332Z</time>
      </trkpt>
      <trkpt lat="49.026492" lon="11.463993">
        <ele>427.249562</ele>
        <time>2026-09-27T09:59:19.329Z</time>
      </trkpt>
      <trkpt lat="49.026629" lon="11.463792">
        <ele>427.104633</ele>
        <time>2026-09-27T09:59:23.341Z</time>
      </trkpt>
      <trkpt lat="49.026706" lon="11.463699">
        <ele>427.029751</ele>
        <time>2026-09-27T09:59:25.303Z</time>
      </trkpt>
      <trkpt lat="49.026828" lon="11.463632">
        <ele>426.930896</ele>
        <time>2026-09-27T09:59:28.307Z</time>
      </trkpt>
      <trkpt lat="49.026935" lon="11.463573">
        <ele>426.858640</ele>
        <time>2026-09-27T09:59:31.331Z</time>
      </trkpt>
      <trkpt lat="49.027021" lon="11.463456">
        <ele>426.794109</ele>
        <time>2026-09-27T09:59:34.312Z</time>
      </trkpt>
      <trkpt lat="49.027081" lon="11.463314">
        <ele>426.732085</ele>
        <time>2026-09-27T09:59:37.336Z</time>
      </trkpt>
      <trkpt lat="49.027150" lon="11.463164">
        <ele>426.664810</ele>
        <time>2026-09-27T09:59:40.354Z</time>
      </trkpt>
      <trkpt lat="49.027223" lon="11.463003">
        <ele>426.592941</ele>
        <time>2026-09-27T09:59:43.370Z</time>
      </trkpt>
      <trkpt lat="49.027296" lon="11.462837">
        <ele>426.519555</ele>
        <time>2026-09-27T09:59:46.360Z</time>
      </trkpt>
      <trkpt lat="49.027361" lon="11.462690">
        <ele>426.454458</ele>
        <time>2026-09-27T09:59:49.323Z</time>
      </trkpt>
      <trkpt lat="49.027425" lon="11.462550">
        <ele>426.391797</ele>
        <time>2026-09-27T09:59:52.349Z</time>
      </trkpt>
      <trkpt lat="49.027492" lon="11.462396">
        <ele>426.323940</ele>
        <time>2026-09-27T09:59:55.319Z</time>
      </trkpt>
      <trkpt lat="49.027563" lon="11.462271">
        <ele>426.263221</ele>
        <time>2026-09-27T09:59:58.319Z</time>
      </trkpt>
      <trkpt lat="49.027672" lon="11.462202">
        <ele>426.197138</ele>
        <time>2026-09-27T10:00:01.327Z</time>
      </trkpt>
      <trkpt lat="49.027771" lon="11.462236">
        <ele>426.140315</ele>
        <time>2026-09-27T10:00:04.329Z</time>
      </trkpt>
      <trkpt lat="49.027826" lon="11.462348">
        <ele>426.088940</ele>
        <time>2026-09-27T10:00:09.319Z</time>
      </trkpt>
      <trkpt lat="49.027878" lon="11.462485">
        <ele>426.030820</ele>
        <time>2026-09-27T10:00:13.323Z</time>
      </trkpt>
      <trkpt lat="49.027957" lon="11.462591">
        <ele>425.971901</ele>
        <time>2026-09-27T10:00:16.340Z</time>
      </trkpt>
      <trkpt lat="49.028039" lon="11.462702">
        <ele>425.910508</ele>
        <time>2026-09-27T10:00:19.424Z</time>
      </trkpt>
      <trkpt lat="49.028117" lon="11.462828">
        <ele>426.048431</ele>
        <time>2026-09-27T10:00:22.316Z</time>
      </trkpt>
      <trkpt lat="49.028170" lon="11.462947">
        <ele>426.233866</ele>
        <time>2026-09-27T10:00:25.305Z</time>
      </trkpt>
      <trkpt lat="49.028244" lon="11.463098">
        <ele>426.476869</ele>
        <time>2026-09-27T10:00:28.317Z</time>
      </trkpt>
      <trkpt lat="49.028309" lon="11.463247">
        <ele>426.707559</ele>
        <time>2026-09-27T10:00:31.319Z</time>
      </trkpt>
      <trkpt lat="49.028375" lon="11.463385">
        <ele>426.927738</ele>
        <time>2026-09-27T10:00:34.322Z</time>
      </trkpt>
      <trkpt lat="49.028447" lon="11.463524">
        <ele>427.156078</ele>
        <time>2026-09-27T10:00:37.301Z</time>
      </trkpt>
      <trkpt lat="49.028504" lon="11.463661">
        <ele>427.365226</ele>
        <time>2026-09-27T10:00:40.316Z</time>
      </trkpt>
      <trkpt lat="49.028564" lon="11.463811">
        <ele>427.591719</ele>
        <time>2026-09-27T10:00:43.327Z</time>
      </trkpt>
      <trkpt lat="49.028632" lon="11.463959">
        <ele>427.824670</ele>
        <time>2026-09-27T10:00:46.330Z</time>
      </trkpt>
      <trkpt lat="49.028705" lon="11.464117">
        <ele>428.073820</ele>
        <time>2026-09-27T10:00:49.319Z</time>
      </trkpt>
      <trkpt lat="49.028772" lon="11.464274">
        <ele>428.315285</ele>
        <time>2026-09-27T10:00:52.330Z</time>
      </trkpt>
      <trkpt lat="49.028837" lon="11.464418">
        <ele>428.540636</ele>
        <time>2026-09-27T10:00:55.312Z</time>
      </trkpt>
      <trkpt lat="49.028911" lon="11.464561">
        <ele>428.775457</ele>
        <time>2026-09-27T10:00:58.317Z</time>
      </trkpt>
      <trkpt lat="49.028988" lon="11.464702">
        <ele>429.011991</ele>
        <time>2026-09-27T10:01:01.318Z</time>
      </trkpt>
      <trkpt lat="49.029051" lon="11.464854">
        <ele>429.243784</ele>
        <time>2026-09-27T10:01:04.317Z</time>
      </trkpt>
      <trkpt lat="49.029124" lon="11.465017">
        <ele>429.459992</ele>
        <time>2026-09-27T10:01:07.321Z</time>
      </trkpt>
      <trkpt lat="49.029202" lon="11.465180">
        <ele>429.579363</ele>
        <time>2026-09-27T10:01:10.318Z</time>
      </trkpt>
      <trkpt lat="49.029283" lon="11.465322">
        <ele>429.690703</ele>
        <time>2026-09-27T10:01:13.338Z</time>
      </trkpt>
      <trkpt lat="49.029356" lon="11.465479">
        <ele>429.804558</ele>
        <time>2026-09-27T10:01:16.332Z</time>
      </trkpt>
      <trkpt lat="49.029424" lon="11.465628">
        <ele>429.911948</ele>
        <time>2026-09-27T10:01:19.318Z</time>
      </trkpt>
      <trkpt lat="49.029500" lon="11.465785">
        <ele>430.027390</ele>
        <time>2026-09-27T10:01:22.358Z</time>
      </trkpt>
      <trkpt lat="49.029581" lon="11.465937">
        <ele>430.143257</ele>
        <time>2026-09-27T10:01:25.341Z</time>
      </trkpt>
      <trkpt lat="49.029667" lon="11.466089">
        <ele>430.262021</ele>
        <time>2026-09-27T10:01:28.341Z</time>
      </trkpt>
      <trkpt lat="49.029756" lon="11.466227">
        <ele>430.376526</ele>
        <time>2026-09-27T10:01:31.366Z</time>
      </trkpt>
      <trkpt lat="49.029840" lon="11.466362">
        <ele>430.486620</ele>
        <time>2026-09-27T10:01:34.322Z</time>
      </trkpt>
      <trkpt lat="49.029927" lon="11.466497">
        <ele>430.598595</ele>
        <time>2026-09-27T10:01:37.317Z</time>
      </trkpt>
      <trkpt lat="49.030022" lon="11.466631">
        <ele>430.715339</ele>
        <time>2026-09-27T10:01:40.324Z</time>
      </trkpt>
      <trkpt lat="49.030087" lon="11.466725">
        <ele>430.796153</ele>
        <time>2026-09-27T10:01:42.326Z</time>
      </trkpt>
      <trkpt lat="49.030152" lon="11.466827">
        <ele>430.880293</ele>
        <time>2026-09-27T10:01:44.332Z</time>
      </trkpt>
      <trkpt lat="49.030245" lon="11.466975">
        <ele>431.001556</ele>
        <time>2026-09-27T10:01:47.342Z</time>
      </trkpt>
      <trkpt lat="49.030309" lon="11.467076">
        <ele>431.050383</ele>
        <time>2026-09-27T10:01:49.354Z</time>
      </trkpt>
      <trkpt lat="49.030405" lon="11.467220">
        <ele>431.050672</ele>
        <time>2026-09-27T10:01:52.370Z</time>
      </trkpt>
      <trkpt lat="49.030498" lon="11.467366">
        <ele>431.050957</ele>
        <time>2026-09-27T10:01:55.369Z</time>
      </trkpt>
      <trkpt lat="49.030584" lon="11.467500">
        <ele>431.051220</ele>
        <time>2026-09-27T10:01:58.331Z</time>
      </trkpt>
      <trkpt lat="49.030670" lon="11.467648">
        <ele>431.051498</ele>
        <time>2026-09-27T10:02:01.322Z</time>
      </trkpt>
      <trkpt lat="49.030756" lon="11.467784">
        <ele>431.051763</ele>
        <time>2026-09-27T10:02:04.329Z</time>
      </trkpt>
      <trkpt lat="49.030841" lon="11.467916">
        <ele>431.052023</ele>
        <time>2026-09-27T10:02:07.326Z</time>
      </trkpt>
      <trkpt lat="49.030922" lon="11.468059">
        <ele>431.052288</ele>
        <time>2026-09-27T10:02:10.338Z</time>
      </trkpt>
      <trkpt lat="49.031013" lon="11.468179">
        <ele>431.052546</ele>
        <time>2026-09-27T10:02:13.314Z</time>
      </trkpt>
      <trkpt lat="49.031097" lon="11.468317">
        <ele>431.052810</ele>
        <time>2026-09-27T10:02:16.315Z</time>
      </trkpt>
      <trkpt lat="49.031185" lon="11.468446">
        <ele>431.053071</ele>
        <time>2026-09-27T10:02:19.325Z</time>
      </trkpt>
      <trkpt lat="49.031292" lon="11.468457">
        <ele>431.053301</ele>
        <time>2026-09-27T10:02:22.319Z</time>
      </trkpt>
      <trkpt lat="49.031363" lon="11.468360">
        <ele>431.053505</ele>
        <time>2026-09-27T10:02:24.327Z</time>
      </trkpt>
      <trkpt lat="49.031443" lon="11.468211">
        <ele>431.053775</ele>
        <time>2026-09-27T10:02:27.307Z</time>
      </trkpt>
      <trkpt lat="49.031497" lon="11.468095">
        <ele>431.053975</ele>
        <time>2026-09-27T10:02:29.308Z</time>
      </trkpt>
      <trkpt lat="49.031575" lon="11.467931">
        <ele>431.035457</ele>
        <time>2026-09-27T10:02:32.349Z</time>
      </trkpt>
      <trkpt lat="49.031633" lon="11.467809">
        <ele>430.998503</ele>
        <time>2026-09-27T10:02:34.371Z</time>
      </trkpt>
      <trkpt lat="49.031692" lon="11.467693">
        <ele>430.962502</ele>
        <time>2026-09-27T10:02:36.360Z</time>
      </trkpt>
      <trkpt lat="49.031757" lon="11.467590">
        <ele>430.927445</ele>
        <time>2026-09-27T10:02:38.366Z</time>
      </trkpt>
      <trkpt lat="49.031821" lon="11.467482">
        <ele>430.891746</ele>
        <time>2026-09-27T10:02:40.378Z</time>
      </trkpt>
      <trkpt lat="49.031880" lon="11.467372">
        <ele>430.856896</ele>
        <time>2026-09-27T10:02:42.358Z</time>
      </trkpt>
      <trkpt lat="49.031937" lon="11.467258">
        <ele>430.821739</ele>
        <time>2026-09-27T10:02:44.357Z</time>
      </trkpt>
      <trkpt lat="49.032007" lon="11.467103">
        <ele>430.775586</ele>
        <time>2026-09-27T10:02:47.337Z</time>
      </trkpt>
      <trkpt lat="49.032120" lon="11.466892">
        <ele>430.708778</ele>
        <time>2026-09-27T10:02:51.374Z</time>
      </trkpt>
      <trkpt lat="49.032195" lon="11.466752">
        <ele>430.664444</ele>
        <time>2026-09-27T10:02:54.337Z</time>
      </trkpt>
      <trkpt lat="49.032285" lon="11.466633">
        <ele>430.619895</ele>
        <time>2026-09-27T10:02:57.323Z</time>
      </trkpt>
      <trkpt lat="49.032410" lon="11.466774">
        <ele>430.561747</ele>
        <time>2026-09-27T10:03:02.320Z</time>
      </trkpt>
      <trkpt lat="49.032473" lon="11.466931">
        <ele>430.516609</ele>
        <time>2026-09-27T10:03:04.329Z</time>
      </trkpt>
      <trkpt lat="49.032563" lon="11.467085">
        <ele>430.466021</ele>
        <time>2026-09-27T10:03:07.351Z</time>
      </trkpt>
      <trkpt lat="49.032647" lon="11.467236">
        <ele>430.417461</ele>
        <time>2026-09-27T10:03:09.310Z</time>
      </trkpt>
      <trkpt lat="49.032712" lon="11.467347">
        <ele>430.379918</ele>
        <time>2026-09-27T10:03:11.335Z</time>
      </trkpt>
      <trkpt lat="49.032794" lon="11.467511">
        <ele>430.215278</ele>
        <time>2026-09-27T10:03:14.321Z</time>
      </trkpt>
      <trkpt lat="49.032876" lon="11.467668">
        <ele>430.055045</ele>
        <time>2026-09-27T10:03:17.338Z</time>
      </trkpt>
      <trkpt lat="49.032928" lon="11.467783">
        <ele>429.943530</ele>
        <time>2026-09-27T10:03:19.316Z</time>
      </trkpt>
      <trkpt lat="49.033000" lon="11.467940">
        <ele>429.790588</ele>
        <time>2026-09-27T10:03:22.313Z</time>
      </trkpt>
      <trkpt lat="49.033059" lon="11.468073">
        <ele>429.662401</ele>
        <time>2026-09-27T10:03:25.325Z</time>
      </trkpt>
      <trkpt lat="49.033122" lon="11.468205">
        <ele>429.532069</ele>
        <time>2026-09-27T10:03:28.348Z</time>
      </trkpt>
      <trkpt lat="49.033181" lon="11.468334">
        <ele>429.406514</ele>
        <time>2026-09-27T10:03:31.319Z</time>
      </trkpt>
      <trkpt lat="49.033256" lon="11.468491">
        <ele>429.251449</ele>
        <time>2026-09-27T10:03:34.320Z</time>
      </trkpt>
      <trkpt lat="49.033317" lon="11.468611">
        <ele>429.130240</ele>
        <time>2026-09-27T10:03:36.320Z</time>
      </trkpt>
      <trkpt lat="49.033367" lon="11.468733">
        <ele>429.015391</ele>
        <time>2026-09-27T10:03:38.327Z</time>
      </trkpt>
      <trkpt lat="49.033439" lon="11.468884">
        <ele>428.866349</ele>
        <time>2026-09-27T10:03:41.326Z</time>
      </trkpt>
      <trkpt lat="49.033508" lon="11.469032">
        <ele>428.721384</ele>
        <time>2026-09-27T10:03:44.324Z</time>
      </trkpt>
      <trkpt lat="49.033574" lon="11.469175">
        <ele>428.581786</ele>
        <time>2026-09-27T10:03:47.350Z</time>
      </trkpt>
      <trkpt lat="49.033640" lon="11.469338">
        <ele>428.428858</ele>
        <time>2026-09-27T10:03:50.366Z</time>
      </trkpt>
      <trkpt lat="49.033713" lon="11.469500">
        <ele>428.271943</ele>
        <time>2026-09-27T10:03:53.323Z</time>
      </trkpt>
      <trkpt lat="49.033784" lon="11.469673">
        <ele>428.195738</ele>
        <time>2026-09-27T10:03:56.320Z</time>
      </trkpt>
      <trkpt lat="49.033865" lon="11.469815">
        <ele>428.203464</ele>
        <time>2026-09-27T10:03:59.326Z</time>
      </trkpt>
      <trkpt lat="49.033971" lon="11.469778">
        <ele>428.210272</ele>
        <time>2026-09-27T10:04:02.315Z</time>
      </trkpt>
      <trkpt lat="49.034005" lon="11.469634">
        <ele>428.216554</ele>
        <time>2026-09-27T10:04:04.323Z</time>
      </trkpt>
      <trkpt lat="49.034026" lon="11.469499">
        <ele>428.222249</ele>
        <time>2026-09-27T10:04:06.324Z</time>
      </trkpt>
      <trkpt lat="49.034056" lon="11.469325">
        <ele>428.229634</ele>
        <time>2026-09-27T10:04:09.319Z</time>
      </trkpt>
      <trkpt lat="49.034087" lon="11.469176">
        <ele>428.236050</ele>
        <time>2026-09-27T10:04:12.326Z</time>
      </trkpt>
      <trkpt lat="49.034184" lon="11.469221">
        <ele>428.242397</ele>
        <time>2026-09-27T10:04:16.328Z</time>
      </trkpt>
      <trkpt lat="49.034251" lon="11.469352">
        <ele>428.249217</ele>
        <time>2026-09-27T10:04:19.357Z</time>
      </trkpt>
      <trkpt lat="49.034323" lon="11.469490">
        <ele>428.256456</ele>
        <time>2026-09-27T10:04:22.360Z</time>
      </trkpt>
      <trkpt lat="49.034409" lon="11.469626">
        <ele>428.264211</ele>
        <time>2026-09-27T10:04:26.352Z</time>
      </trkpt>
      <trkpt lat="49.034470" lon="11.469739">
        <ele>428.270219</ele>
        <time>2026-09-27T10:04:29.352Z</time>
      </trkpt>
      <trkpt lat="49.034550" lon="11.469887">
        <ele>428.278092</ele>
        <time>2026-09-27T10:04:32.341Z</time>
      </trkpt>
      <trkpt lat="49.034620" lon="11.470009">
        <ele>428.284747</ele>
        <time>2026-09-27T10:04:35.342Z</time>
      </trkpt>
      <trkpt lat="49.034678" lon="11.470132">
        <ele>428.290966</ele>
        <time>2026-09-27T10:04:38.339Z</time>
      </trkpt>
      <trkpt lat="49.034732" lon="11.470259">
        <ele>428.297179</ele>
        <time>2026-09-27T10:04:41.360Z</time>
      </trkpt>
      <trkpt lat="49.034780" lon="11.470389">
        <ele>428.303302</ele>
        <time>2026-09-27T10:04:44.347Z</time>
      </trkpt>
      <trkpt lat="49.034817" lon="11.470562">
        <ele>428.065868</ele>
        <time>2026-09-27T10:04:48.308Z</time>
      </trkpt>
      <trkpt lat="49.034853" lon="11.470702">
        <ele>427.845338</ele>
        <time>2026-09-27T10:04:51.312Z</time>
      </trkpt>
      <trkpt lat="49.034892" lon="11.470855">
        <ele>427.604608</ele>
        <time>2026-09-27T10:04:54.320Z</time>
      </trkpt>
      <trkpt lat="49.034953" lon="11.470973">
        <ele>427.384244</ele>
        <time>2026-09-27T10:04:58.343Z</time>
      </trkpt>
      <trkpt lat="49.035053" lon="11.471010">
        <ele>427.154076</ele>
        <time>2026-09-27T10:05:01.315Z</time>
      </trkpt>
      <trkpt lat="49.035143" lon="11.471067">
        <ele>426.936100</ele>
        <time>2026-09-27T10:05:04.339Z</time>
      </trkpt>
      <trkpt lat="49.035238" lon="11.471146">
        <ele>426.694075</ele>
        <time>2026-09-27T10:05:07.319Z</time>
      </trkpt>
      <trkpt lat="49.035343" lon="11.471212">
        <ele>426.440050</ele>
        <time>2026-09-27T10:05:11.344Z</time>
      </trkpt>
      <trkpt lat="49.035432" lon="11.471311">
        <ele>426.193660</ele>
        <time>2026-09-27T10:05:14.351Z</time>
      </trkpt>
      <trkpt lat="49.035509" lon="11.471433">
        <ele>425.945323</ele>
        <time>2026-09-27T10:05:18.366Z</time>
      </trkpt>
      <trkpt lat="49.035605" lon="11.471535">
        <ele>425.683629</ele>
        <time>2026-09-27T10:05:22.339Z</time>
      </trkpt>
      <trkpt lat="49.035712" lon="11.471628">
        <ele>425.408162</ele>
        <time>2026-09-27T10:05:26.339Z</time>
      </trkpt>
      <trkpt lat="49.035819" lon="11.471660">
        <ele>425.164267</ele>
        <time>2026-09-27T10:05:30.326Z</time>
      </trkpt>
      <trkpt lat="49.035906" lon="11.471695">
        <ele>424.963010</ele>
        <time>2026-09-27T10:05:32.310Z</time>
      </trkpt>
      <trkpt lat="49.036014" lon="11.471759">
        <ele>424.703845</ele>
        <time>2026-09-27T10:05:35.313Z</time>
      </trkpt>
      <trkpt lat="49.036104" lon="11.471782">
        <ele>424.499726</ele>
        <time>2026-09-27T10:05:39.325Z</time>
      </trkpt>
      <trkpt lat="49.036070" lon="11.471976">
        <ele>424.151375</ele>
        <time>2026-09-27T10:10:11.339Z</time>
      </trkpt>
      <trkpt lat="49.036019" lon="11.472111">
        <ele>423.760127</ele>
        <time>2026-09-27T10:10:14.353Z</time>
      </trkpt>
      <trkpt lat="49.035976" lon="11.472263">
        <ele>423.344426</ele>
        <time>2026-09-27T10:10:18.367Z</time>
      </trkpt>
      <trkpt lat="49.035941" lon="11.472402">
        <ele>422.970529</ele>
        <time>2026-09-27T10:10:21.355Z</time>
      </trkpt>
      <trkpt lat="49.035911" lon="11.472543">
        <ele>422.598290</ele>
        <time>2026-09-27T10:10:24.359Z</time>
      </trkpt>
      <trkpt lat="49.035839" lon="11.472706">
        <ele>422.104748</ele>
        <time>2026-09-27T10:10:28.343Z</time>
      </trkpt>
      <trkpt lat="49.035779" lon="11.472854">
        <ele>421.667793</ele>
        <time>2026-09-27T10:10:32.366Z</time>
      </trkpt>
      <trkpt lat="49.035708" lon="11.473024">
        <ele>421.161647</ele>
        <time>2026-09-27T10:10:35.340Z</time>
      </trkpt>
      <trkpt lat="49.035657" lon="11.473143">
        <ele>420.804644</ele>
        <time>2026-09-27T10:10:38.361Z</time>
      </trkpt>
      <trkpt lat="49.035590" lon="11.473265">
        <ele>420.405008</ele>
        <time>2026-09-27T10:10:41.375Z</time>
      </trkpt>
      <trkpt lat="49.035524" lon="11.473376">
        <ele>420.028714</ele>
        <time>2026-09-27T10:10:44.348Z</time>
      </trkpt>
      <trkpt lat="49.035449" lon="11.473493">
        <ele>419.617812</ele>
        <time>2026-09-27T10:10:47.352Z</time>
      </trkpt>
      <trkpt lat="49.035380" lon="11.473608">
        <ele>419.226355</ele>
        <time>2026-09-27T10:10:50.353Z</time>
      </trkpt>
      <trkpt lat="49.035313" lon="11.473716">
        <ele>418.852984</ele>
        <time>2026-09-27T10:10:53.347Z</time>
      </trkpt>
      <trkpt lat="49.035246" lon="11.473836">
        <ele>418.457183</ele>
        <time>2026-09-27T10:10:56.499Z</time>
      </trkpt>
      <trkpt lat="49.035183" lon="11.473959">
        <ele>418.065231</ele>
        <time>2026-09-27T10:10:59.335Z</time>
      </trkpt>
      <trkpt lat="49.035093" lon="11.474070">
        <ele>417.621919</ele>
        <time>2026-09-27T10:11:03.300Z</time>
      </trkpt>
      <trkpt lat="49.035007" lon="11.474173">
        <ele>417.390302</ele>
        <time>2026-09-27T10:11:07.336Z</time>
      </trkpt>
      <trkpt lat="49.034920" lon="11.474259">
        <ele>417.387540</ele>
        <time>2026-09-27T10:11:10.343Z</time>
      </trkpt>
      <trkpt lat="49.034846" lon="11.474343">
        <ele>417.385083</ele>
        <time>2026-09-27T10:11:14.344Z</time>
      </trkpt>
      <trkpt lat="49.034749" lon="11.474429">
        <ele>417.382094</ele>
        <time>2026-09-27T10:11:19.323Z</time>
      </trkpt>
      <trkpt lat="49.034694" lon="11.474543">
        <ele>417.379622</ele>
        <time>2026-09-27T10:11:25.318Z</time>
      </trkpt>
      <trkpt lat="49.034787" lon="11.474470">
        <ele>417.376835</ele>
        <time>2026-09-27T10:11:30.313Z</time>
      </trkpt>
      <trkpt lat="49.034719" lon="11.474210">
        <ele>417.371946</ele>
        <time>2026-09-27T10:12:10.367Z</time>
      </trkpt>
      <trkpt lat="49.034607" lon="11.474235">
        <ele>417.368931</ele>
        <time>2026-09-27T10:12:14.347Z</time>
      </trkpt>
      <trkpt lat="49.034470" lon="11.474375">
        <ele>417.364538</ele>
        <time>2026-09-27T10:12:18.313Z</time>
      </trkpt>
      <trkpt lat="49.034370" lon="11.474491">
        <ele>417.361191</ele>
        <time>2026-09-27T10:12:21.316Z</time>
      </trkpt>
      <trkpt lat="49.034261" lon="11.474542">
        <ele>417.358153</ele>
        <time>2026-09-27T10:12:24.324Z</time>
      </trkpt>
      <trkpt lat="49.034142" lon="11.474562">
        <ele>417.354964</ele>
        <time>2026-09-27T10:12:27.337Z</time>
      </trkpt>
      <trkpt lat="49.034052" lon="11.474597">
        <ele>417.352489</ele>
        <time>2026-09-27T10:12:29.343Z</time>
      </trkpt>
      <trkpt lat="49.033966" lon="11.474636">
        <ele>417.350099</ele>
        <time>2026-09-27T10:12:31.367Z</time>
      </trkpt>
      <trkpt lat="49.033861" lon="11.474669">
        <ele>417.347243</ele>
        <time>2026-09-27T10:12:34.369Z</time>
      </trkpt>
      <trkpt lat="49.033769" lon="11.474716">
        <ele>417.344658</ele>
        <time>2026-09-27T10:12:38.347Z</time>
      </trkpt>
      <trkpt lat="49.033673" lon="11.474742">
        <ele>417.252401</ele>
        <time>2026-09-27T10:12:41.325Z</time>
      </trkpt>
      <trkpt lat="49.033575" lon="11.474758">
        <ele>417.105808</ele>
        <time>2026-09-27T10:12:44.318Z</time>
      </trkpt>
      <trkpt lat="49.033463" lon="11.474780">
        <ele>416.937850</ele>
        <time>2026-09-27T10:12:47.307Z</time>
      </trkpt>
      <trkpt lat="49.033373" lon="11.474818">
        <ele>416.798955</ele>
        <time>2026-09-27T10:12:51.329Z</time>
      </trkpt>
      <trkpt lat="49.033354" lon="11.474991">
        <ele>416.627907</ele>
        <time>2026-09-27T10:13:20.321Z</time>
      </trkpt>
      <trkpt lat="49.033365" lon="11.475172">
        <ele>416.450651</ele>
        <time>2026-09-27T10:13:25.315Z</time>
      </trkpt>
      <trkpt lat="49.033360" lon="11.475323">
        <ele>416.303219</ele>
        <time>2026-09-27T10:13:28.322Z</time>
      </trkpt>
      <trkpt lat="49.033407" lon="11.475474">
        <ele>416.140223</ele>
        <time>2026-09-27T10:13:31.343Z</time>
      </trkpt>
      <trkpt lat="49.033430" lon="11.475640">
        <ele>415.974776</ele>
        <time>2026-09-27T10:13:35.348Z</time>
      </trkpt>
      <trkpt lat="49.033475" lon="11.475795">
        <ele>415.809474</ele>
        <time>2026-09-27T10:13:39.328Z</time>
      </trkpt>
      <trkpt lat="49.033524" lon="11.475932">
        <ele>415.657295</ele>
        <time>2026-09-27T10:13:43.334Z</time>
      </trkpt>
      <trkpt lat="49.033560" lon="11.476065">
        <ele>415.516985</ele>
        <time>2026-09-27T10:13:47.334Z</time>
      </trkpt>
      <trkpt lat="49.033520" lon="11.476209">
        <ele>415.364483</ele>
        <time>2026-09-27T10:13:52.344Z</time>
      </trkpt>
      <trkpt lat="49.033529" lon="11.476352">
        <ele>415.224399</ele>
        <time>2026-09-27T10:13:59.344Z</time>
      </trkpt>
      <trkpt lat="49.033550" lon="11.476522">
        <ele>415.055710</ele>
        <time>2026-09-27T10:14:04.344Z</time>
      </trkpt>
      <trkpt lat="49.033561" lon="11.476671">
        <ele>414.909498</ele>
        <time>2026-09-27T10:14:09.361Z</time>
      </trkpt>
      <trkpt lat="49.033497" lon="11.476770">
        <ele>414.773922</ele>
        <time>2026-09-27T10:14:13.323Z</time>
      </trkpt>
      <trkpt lat="49.033389" lon="11.476741">
        <ele>414.588015</ele>
        <time>2026-09-27T10:14:18.319Z</time>
      </trkpt>
      <trkpt lat="49.033338" lon="11.476617">
        <ele>414.388838</ele>
        <time>2026-09-27T10:14:21.327Z</time>
      </trkpt>
      <trkpt lat="49.033242" lon="11.476688">
        <ele>414.167411</ele>
        <time>2026-09-27T10:14:25.345Z</time>
      </trkpt>
      <trkpt lat="49.033168" lon="11.476790">
        <ele>413.960410</ele>
        <time>2026-09-27T10:14:30.350Z</time>
      </trkpt>
      <trkpt lat="49.033220" lon="11.476644">
        <ele>413.734328</ele>
        <time>2026-09-27T10:14:37.344Z</time>
      </trkpt>
      <trkpt lat="49.033346" lon="11.476674">
        <ele>413.469658</ele>
        <time>2026-09-27T10:14:40.345Z</time>
      </trkpt>
      <trkpt lat="49.033429" lon="11.476779">
        <ele>413.245860</ele>
        <time>2026-09-27T10:14:43.334Z</time>
      </trkpt>
      <trkpt lat="49.033344" lon="11.476645">
        <ele>412.992157</ele>
        <time>2026-09-27T10:14:53.372Z</time>
      </trkpt>
      <trkpt lat="49.033232" lon="11.476677">
        <ele>412.755668</ele>
        <time>2026-09-27T10:14:56.369Z</time>
      </trkpt>
      <trkpt lat="49.033141" lon="11.476787">
        <ele>412.514686</ele>
        <time>2026-09-27T10:15:00.368Z</time>
      </trkpt>
      <trkpt lat="49.033069" lon="11.476869">
        <ele>412.328196</ele>
        <time>2026-09-27T10:15:02.367Z</time>
      </trkpt>
      <trkpt lat="49.032983" lon="11.476974">
        <ele>412.099570</ele>
        <time>2026-09-27T10:15:05.356Z</time>
      </trkpt>
      <trkpt lat="49.032911" lon="11.477072">
        <ele>411.899293</ele>
        <time>2026-09-27T10:15:07.378Z</time>
      </trkpt>
      <trkpt lat="49.032811" lon="11.477183">
        <ele>411.642611</ele>
        <time>2026-09-27T10:15:10.372Z</time>
      </trkpt>
      <trkpt lat="49.032694" lon="11.477256">
        <ele>411.380256</ele>
        <time>2026-09-27T10:15:13.362Z</time>
      </trkpt>
      <trkpt lat="49.032617" lon="11.477350">
        <ele>411.175566</ele>
        <time>2026-09-27T10:15:16.358Z</time>
      </trkpt>
      <trkpt lat="49.032599" lon="11.477537">
        <ele>410.926740</ele>
        <time>2026-09-27T10:15:20.352Z</time>
      </trkpt>
      <trkpt lat="49.032579" lon="11.477677">
        <ele>410.826586</ele>
        <time>2026-09-27T10:15:23.352Z</time>
      </trkpt>
      <trkpt lat="49.032457" lon="11.477756">
        <ele>410.685283</ele>
        <time>2026-09-27T10:15:26.338Z</time>
      </trkpt>
      <trkpt lat="49.032366" lon="11.477806">
        <ele>410.582163</ele>
        <time>2026-09-27T10:15:28.327Z</time>
      </trkpt>
      <trkpt lat="49.032274" lon="11.477854">
        <ele>410.478500</ele>
        <time>2026-09-27T10:15:30.329Z</time>
      </trkpt>
      <trkpt lat="49.032184" lon="11.477905">
        <ele>410.376141</ele>
        <time>2026-09-27T10:15:32.338Z</time>
      </trkpt>
      <trkpt lat="49.032096" lon="11.477957">
        <ele>410.275527</ele>
        <time>2026-09-27T10:15:34.320Z</time>
      </trkpt>
      <trkpt lat="49.032006" lon="11.478007">
        <ele>410.173409</ele>
        <time>2026-09-27T10:15:36.338Z</time>
      </trkpt>
      <trkpt lat="49.031884" lon="11.478068">
        <ele>410.036532</ele>
        <time>2026-09-27T10:15:39.335Z</time>
      </trkpt>
      <trkpt lat="49.031768" lon="11.478125">
        <ele>409.906602</ele>
        <time>2026-09-27T10:15:42.346Z</time>
      </trkpt>
      <trkpt lat="49.031648" lon="11.478164">
        <ele>409.775795</ele>
        <time>2026-09-27T10:15:45.361Z</time>
      </trkpt>
      <trkpt lat="49.031524" lon="11.478224">
        <ele>409.637103</ele>
        <time>2026-09-27T10:15:48.350Z</time>
      </trkpt>
      <trkpt lat="49.031417" lon="11.478288">
        <ele>409.514569</ele>
        <time>2026-09-27T10:15:51.351Z</time>
      </trkpt>
      <trkpt lat="49.031323" lon="11.478326">
        <ele>409.410894</ele>
        <time>2026-09-27T10:15:54.364Z</time>
      </trkpt>
      <trkpt lat="49.031188" lon="11.478397">
        <ele>409.258651</ele>
        <time>2026-09-27T10:15:57.367Z</time>
      </trkpt>
      <trkpt lat="49.031098" lon="11.478442">
        <ele>409.157675</ele>
        <time>2026-09-27T10:15:59.342Z</time>
      </trkpt>
      <trkpt lat="49.030993" lon="11.478501">
        <ele>409.038377</ele>
        <time>2026-09-27T10:16:01.345Z</time>
      </trkpt>
      <trkpt lat="49.030900" lon="11.478563">
        <ele>409.063186</ele>
        <time>2026-09-27T10:16:04.347Z</time>
      </trkpt>
      <trkpt lat="49.030806" lon="11.478649">
        <ele>409.123330</ele>
        <time>2026-09-27T10:16:07.341Z</time>
      </trkpt>
      <trkpt lat="49.030711" lon="11.478759">
        <ele>409.188774</ele>
        <time>2026-09-27T10:16:10.327Z</time>
      </trkpt>
      <trkpt lat="49.030608" lon="11.478818">
        <ele>409.249142</ele>
        <time>2026-09-27T10:16:13.355Z</time>
      </trkpt>
      <trkpt lat="49.030482" lon="11.478855">
        <ele>409.319546</ele>
        <time>2026-09-27T10:16:16.333Z</time>
      </trkpt>
      <trkpt lat="49.030355" lon="11.478888">
        <ele>409.390232</ele>
        <time>2026-09-27T10:16:19.367Z</time>
      </trkpt>
      <trkpt lat="49.030237" lon="11.478909">
        <ele>409.455416</ele>
        <time>2026-09-27T10:16:22.352Z</time>
      </trkpt>
      <trkpt lat="49.030172" lon="11.478787">
        <ele>409.511969</ele>
        <time>2026-09-27T10:16:26.338Z</time>
      </trkpt>
      <trkpt lat="49.030121" lon="11.478640">
        <ele>409.571799</ele>
        <time>2026-09-27T10:16:30.319Z</time>
      </trkpt>
      <trkpt lat="49.030054" lon="11.478491">
        <ele>409.636796</ele>
        <time>2026-09-27T10:16:34.328Z</time>
      </trkpt>
      <trkpt lat="49.030004" lon="11.478373">
        <ele>409.687340</ele>
        <time>2026-09-27T10:16:37.431Z</time>
      </trkpt>
      <trkpt lat="49.029915" lon="11.478292">
        <ele>409.744206</ele>
        <time>2026-09-27T10:16:42.346Z</time>
      </trkpt>
      <trkpt lat="49.029814" lon="11.478348">
        <ele>409.803171</ele>
        <time>2026-09-27T10:16:47.366Z</time>
      </trkpt>
      <trkpt lat="49.029736" lon="11.478435">
        <ele>409.856192</ele>
        <time>2026-09-27T10:16:52.360Z</time>
      </trkpt>
      <trkpt lat="49.029645" lon="11.478481">
        <ele>409.908793</ele>
        <time>2026-09-27T10:16:57.345Z</time>
      </trkpt>
      <trkpt lat="49.029553" lon="11.478496">
        <ele>409.959559</ele>
        <time>2026-09-27T10:17:01.362Z</time>
      </trkpt>
      <trkpt lat="49.029472" lon="11.478411">
        <ele>410.015674</ele>
        <time>2026-09-27T10:17:05.315Z</time>
      </trkpt>
      <trkpt lat="49.029387" lon="11.478348">
        <ele>410.080547</ele>
        <time>2026-09-27T10:17:11.358Z</time>
      </trkpt>
      <trkpt lat="49.029285" lon="11.478355">
        <ele>410.150636</ele>
        <time>2026-09-27T10:17:16.341Z</time>
      </trkpt>
      <trkpt lat="49.029186" lon="11.478385">
        <ele>410.219923</ele>
        <time>2026-09-27T10:17:21.333Z</time>
      </trkpt>
      <trkpt lat="49.029094" lon="11.478388">
        <ele>410.283090</ele>
        <time>2026-09-27T10:17:27.325Z</time>
      </trkpt>
      <trkpt lat="49.028981" lon="11.478384">
        <ele>410.360680</ele>
        <time>2026-09-27T10:17:33.335Z</time>
      </trkpt>
      <trkpt lat="49.028889" lon="11.478354">
        <ele>410.425261</ele>
        <time>2026-09-27T10:17:36.331Z</time>
      </trkpt>
      <trkpt lat="49.028790" lon="11.478319">
        <ele>410.495021</ele>
        <time>2026-09-27T10:17:39.339Z</time>
      </trkpt>
      <trkpt lat="49.028672" lon="11.478285">
        <ele>410.577455</ele>
        <time>2026-09-27T10:17:42.333Z</time>
      </trkpt>
      <trkpt lat="49.028558" lon="11.478269">
        <ele>410.656041</ele>
        <time>2026-09-27T10:17:45.321Z</time>
      </trkpt>
      <trkpt lat="49.028445" lon="11.478208">
        <ele>410.738325</ele>
        <time>2026-09-27T10:17:48.309Z</time>
      </trkpt>
      <trkpt lat="49.028341" lon="11.478159">
        <ele>410.813045</ele>
        <time>2026-09-27T10:17:51.319Z</time>
      </trkpt>
      <trkpt lat="49.028246" lon="11.478124">
        <ele>410.880133</ele>
        <time>2026-09-27T10:17:54.344Z</time>
      </trkpt>
      <trkpt lat="49.028132" lon="11.478069">
        <ele>410.962210</ele>
        <time>2026-09-27T10:17:57.315Z</time>
      </trkpt>
      <trkpt lat="49.028023" lon="11.478007">
        <ele>411.042068</ele>
        <time>2026-09-27T10:18:00.324Z</time>
      </trkpt>
      <trkpt lat="49.027936" lon="11.477963">
        <ele>411.104987</ele>
        <time>2026-09-27T10:18:02.340Z</time>
      </trkpt>
      <trkpt lat="49.027839" lon="11.477938">
        <ele>411.172517</ele>
        <time>2026-09-27T10:18:04.334Z</time>
      </trkpt>
      <trkpt lat="49.027728" lon="11.477894">
        <ele>411.232884</ele>
        <time>2026-09-27T10:18:06.310Z</time>
      </trkpt>
      <trkpt lat="49.027629" lon="11.477846">
        <ele>411.192260</ele>
        <time>2026-09-27T10:18:08.344Z</time>
      </trkpt>
      <trkpt lat="49.027508" lon="11.477783">
        <ele>411.142261</ele>
        <time>2026-09-27T10:18:11.317Z</time>
      </trkpt>
      <trkpt lat="49.027394" lon="11.477718">
        <ele>411.094667</ele>
        <time>2026-09-27T10:18:14.318Z</time>
      </trkpt>
      <trkpt lat="49.027276" lon="11.477649">
        <ele>411.045247</ele>
        <time>2026-09-27T10:18:17.343Z</time>
      </trkpt>
      <trkpt lat="49.027155" lon="11.477587">
        <ele>410.995330</ele>
        <time>2026-09-27T10:18:20.351Z</time>
      </trkpt>
      <trkpt lat="49.027067" lon="11.477539">
        <ele>410.958783</ele>
        <time>2026-09-27T10:18:23.351Z</time>
      </trkpt>
      <trkpt lat="49.026957" lon="11.477476">
        <ele>410.912834</ele>
        <time>2026-09-27T10:18:26.328Z</time>
      </trkpt>
      <trkpt lat="49.026846" lon="11.477424">
        <ele>410.867425</ele>
        <time>2026-09-27T10:18:29.321Z</time>
      </trkpt>
      <trkpt lat="49.026726" lon="11.477378">
        <ele>410.819039</ele>
        <time>2026-09-27T10:18:32.328Z</time>
      </trkpt>
      <trkpt lat="49.026598" lon="11.477341">
        <ele>410.768093</ele>
        <time>2026-09-27T10:18:35.328Z</time>
      </trkpt>
      <trkpt lat="49.026469" lon="11.477330">
        <ele>410.717568</ele>
        <time>2026-09-27T10:18:38.327Z</time>
      </trkpt>
      <trkpt lat="49.026338" lon="11.477327">
        <ele>410.666334</ele>
        <time>2026-09-27T10:18:41.339Z</time>
      </trkpt>
      <trkpt lat="49.026219" lon="11.477332">
        <ele>410.619781</ele>
        <time>2026-09-27T10:18:44.345Z</time>
      </trkpt>
      <trkpt lat="49.026102" lon="11.477332">
        <ele>410.574028</ele>
        <time>2026-09-27T10:18:47.312Z</time>
      </trkpt>
      <trkpt lat="49.026012" lon="11.477335">
        <ele>410.538824</ele>
        <time>2026-09-27T10:18:51.318Z</time>
      </trkpt>
      <trkpt lat="49.025902" lon="11.477321">
        <ele>410.799620</ele>
        <time>2026-09-27T10:18:55.325Z</time>
      </trkpt>
      <trkpt lat="49.025784" lon="11.477316">
        <ele>411.099731</ele>
        <time>2026-09-27T10:18:58.330Z</time>
      </trkpt>
      <trkpt lat="49.025687" lon="11.477305">
        <ele>411.347017</ele>
        <time>2026-09-27T10:19:00.321Z</time>
      </trkpt>
      <trkpt lat="49.025572" lon="11.477293">
        <ele>411.640069</ele>
        <time>2026-09-27T10:19:02.314Z</time>
      </trkpt>
      <trkpt lat="49.025455" lon="11.477291">
        <ele>411.937540</ele>
        <time>2026-09-27T10:19:04.339Z</time>
      </trkpt>
      <trkpt lat="49.025333" lon="11.477291">
        <ele>412.247704</ele>
        <time>2026-09-27T10:19:06.339Z</time>
      </trkpt>
      <trkpt lat="49.025230" lon="11.477290">
        <ele>412.509569</ele>
        <time>2026-09-27T10:19:08.337Z</time>
      </trkpt>
      <trkpt lat="49.025107" lon="11.477295">
        <ele>412.822386</ele>
        <time>2026-09-27T10:19:11.338Z</time>
      </trkpt>
      <trkpt lat="49.024997" lon="11.477285">
        <ele>413.102539</ele>
        <time>2026-09-27T10:19:14.333Z</time>
      </trkpt>
      <trkpt lat="49.024906" lon="11.477290">
        <ele>413.334041</ele>
        <time>2026-09-27T10:19:17.330Z</time>
      </trkpt>
      <trkpt lat="49.024811" lon="11.477284">
        <ele>413.575769</ele>
        <time>2026-09-27T10:19:20.337Z</time>
      </trkpt>
      <trkpt lat="49.024707" lon="11.477269">
        <ele>413.841351</ele>
        <time>2026-09-27T10:19:24.454Z</time>
      </trkpt>
      <trkpt lat="49.024610" lon="11.477232">
        <ele>414.095554</ele>
        <time>2026-09-27T10:19:27.313Z</time>
      </trkpt>
      <trkpt lat="49.024510" lon="11.477233">
        <ele>414.349792</ele>
        <time>2026-09-27T10:19:30.330Z</time>
      </trkpt>
      <trkpt lat="49.024403" lon="11.477229">
        <ele>414.621903</ele>
        <time>2026-09-27T10:19:33.352Z</time>
      </trkpt>
      <trkpt lat="49.024293" lon="11.477232">
        <ele>414.901604</ele>
        <time>2026-09-27T10:19:36.327Z</time>
      </trkpt>
      <trkpt lat="49.024175" lon="11.477240">
        <ele>415.122930</ele>
        <time>2026-09-27T10:19:39.345Z</time>
      </trkpt>
      <trkpt lat="49.024036" lon="11.477241">
        <ele>415.176173</ele>
        <time>2026-09-27T10:19:42.328Z</time>
      </trkpt>
      <trkpt lat="49.023915" lon="11.477235">
        <ele>415.222546</ele>
        <time>2026-09-27T10:19:45.338Z</time>
      </trkpt>
      <trkpt lat="49.023790" lon="11.477229">
        <ele>415.270450</ele>
        <time>2026-09-27T10:19:48.342Z</time>
      </trkpt>
      <trkpt lat="49.023668" lon="11.477212">
        <ele>415.317375</ele>
        <time>2026-09-27T10:19:51.329Z</time>
      </trkpt>
      <trkpt lat="49.023556" lon="11.477195">
        <ele>415.360488</ele>
        <time>2026-09-27T10:19:54.348Z</time>
      </trkpt>
      <trkpt lat="49.023444" lon="11.477183">
        <ele>415.403495</ele>
        <time>2026-09-27T10:19:57.324Z</time>
      </trkpt>
      <trkpt lat="49.023332" lon="11.477169">
        <ele>415.446539</ele>
        <time>2026-09-27T10:20:00.343Z</time>
      </trkpt>
      <trkpt lat="49.023232" lon="11.477161">
        <ele>415.484896</ele>
        <time>2026-09-27T10:20:03.330Z</time>
      </trkpt>
      <trkpt lat="49.023126" lon="11.477145">
        <ele>415.525697</ele>
        <time>2026-09-27T10:20:06.322Z</time>
      </trkpt>
      <trkpt lat="49.022980" lon="11.477153">
        <ele>415.581657</ele>
        <time>2026-09-27T10:20:09.312Z</time>
      </trkpt>
      <trkpt lat="49.022872" lon="11.477153">
        <ele>415.623025</ele>
        <time>2026-09-27T10:20:11.315Z</time>
      </trkpt>
      <trkpt lat="49.022761" lon="11.477144">
        <ele>415.665603</ele>
        <time>2026-09-27T10:20:13.329Z</time>
      </trkpt>
      <trkpt lat="49.022643" lon="11.477147">
        <ele>415.710808</ele>
        <time>2026-09-27T10:20:15.329Z</time>
      </trkpt>
      <trkpt lat="49.022521" lon="11.477157">
        <ele>415.757607</ele>
        <time>2026-09-27T10:20:17.327Z</time>
      </trkpt>
      <trkpt lat="49.022406" lon="11.477175">
        <ele>415.791154</ele>
        <time>2026-09-27T10:20:19.344Z</time>
      </trkpt>
      <trkpt lat="49.022292" lon="11.477185">
        <ele>415.717830</ele>
        <time>2026-09-27T10:20:21.312Z</time>
      </trkpt>
      <trkpt lat="49.022185" lon="11.477204">
        <ele>415.648658</ele>
        <time>2026-09-27T10:20:23.313Z</time>
      </trkpt>
      <trkpt lat="49.022058" lon="11.477236">
        <ele>415.566001</ele>
        <time>2026-09-27T10:20:26.333Z</time>
      </trkpt>
      <trkpt lat="49.021933" lon="11.477241">
        <ele>415.485707</ele>
        <time>2026-09-27T10:20:29.352Z</time>
      </trkpt>
      <trkpt lat="49.021806" lon="11.477243">
        <ele>415.404152</ele>
        <time>2026-09-27T10:20:32.315Z</time>
      </trkpt>
      <trkpt lat="49.021698" lon="11.477260">
        <ele>415.334434</ele>
        <time>2026-09-27T10:20:35.321Z</time>
      </trkpt>
      <trkpt lat="49.021600" lon="11.477261">
        <ele>415.271504</ele>
        <time>2026-09-27T10:20:38.358Z</time>
      </trkpt>
      <trkpt lat="49.021494" lon="11.477283">
        <ele>415.202810</ele>
        <time>2026-09-27T10:20:41.336Z</time>
      </trkpt>
      <trkpt lat="49.021401" lon="11.477297">
        <ele>415.142802</ele>
        <time>2026-09-27T10:20:44.332Z</time>
      </trkpt>
      <trkpt lat="49.021294" lon="11.477333">
        <ele>415.072441</ele>
        <time>2026-09-27T10:20:48.321Z</time>
      </trkpt>
      <trkpt lat="49.021200" lon="11.477356">
        <ele>415.011309</ele>
        <time>2026-09-27T10:20:52.361Z</time>
      </trkpt>
      <trkpt lat="49.021108" lon="11.477411">
        <ele>414.947855</ele>
        <time>2026-09-27T10:20:55.343Z</time>
      </trkpt>
      <trkpt lat="49.021019" lon="11.477473">
        <ele>414.885025</ele>
        <time>2026-09-27T10:20:58.322Z</time>
      </trkpt>
      <trkpt lat="49.020945" lon="11.477578">
        <ele>414.820118</ele>
        <time>2026-09-27T10:21:02.315Z</time>
      </trkpt>
      <trkpt lat="49.020965" lon="11.477748">
        <ele>414.747388</ele>
        <time>2026-09-27T10:21:06.335Z</time>
      </trkpt>
      <trkpt lat="49.020972" lon="11.477924">
        <ele>414.673139</ele>
        <time>2026-09-27T10:21:09.337Z</time>
      </trkpt>
      <trkpt lat="49.020995" lon="11.478124">
        <ele>414.518617</ele>
        <time>2026-09-27T10:21:11.313Z</time>
      </trkpt>
      <trkpt lat="49.021018" lon="11.478342">
        <ele>414.309553</ele>
        <time>2026-09-27T10:21:13.339Z</time>
      </trkpt>
      <trkpt lat="49.021051" lon="11.478554">
        <ele>414.103246</ele>
        <time>2026-09-27T10:21:15.338Z</time>
      </trkpt>
      <trkpt lat="49.021076" lon="11.478754">
        <ele>413.910470</ele>
        <time>2026-09-27T10:21:17.347Z</time>
      </trkpt>
      <trkpt lat="49.021094" lon="11.478937">
        <ele>413.735261</ele>
        <time>2026-09-27T10:21:19.340Z</time>
      </trkpt>
      <trkpt lat="49.021115" lon="11.479103">
        <ele>413.575189</ele>
        <time>2026-09-27T10:21:21.335Z</time>
      </trkpt>
      <trkpt lat="49.021122" lon="11.479262">
        <ele>413.424304</ele>
        <time>2026-09-27T10:21:23.359Z</time>
      </trkpt>
      <trkpt lat="49.021131" lon="11.479418">
        <ele>413.276027</ele>
        <time>2026-09-27T10:21:25.337Z</time>
      </trkpt>
      <trkpt lat="49.021125" lon="11.479571">
        <ele>413.130903</ele>
        <time>2026-09-27T10:21:27.358Z</time>
      </trkpt>
      <trkpt lat="49.021109" lon="11.479716">
        <ele>412.991682</ele>
        <time>2026-09-27T10:21:29.339Z</time>
      </trkpt>
      <trkpt lat="49.021083" lon="11.479860">
        <ele>412.850264</ele>
        <time>2026-09-27T10:21:31.345Z</time>
      </trkpt>
      <trkpt lat="49.021058" lon="11.480001">
        <ele>412.711967</ele>
        <time>2026-09-27T10:21:33.342Z</time>
      </trkpt>
      <trkpt lat="49.021026" lon="11.480136">
        <ele>412.576051</ele>
        <time>2026-09-27T10:21:35.335Z</time>
      </trkpt>
      <trkpt lat="49.020994" lon="11.480271">
        <ele>412.440134</ele>
        <time>2026-09-27T10:21:37.342Z</time>
      </trkpt>
      <trkpt lat="49.020962" lon="11.480405">
        <ele>412.305107</ele>
        <time>2026-09-27T10:21:39.339Z</time>
      </trkpt>
      <trkpt lat="49.020919" lon="11.480596">
        <ele>412.113901</ele>
        <time>2026-09-27T10:21:42.353Z</time>
      </trkpt>
      <trkpt lat="49.020879" lon="11.480780">
        <ele>412.011904</ele>
        <time>2026-09-27T10:21:45.338Z</time>
      </trkpt>
      <trkpt lat="49.020847" lon="11.480948">
        <ele>411.963078</ele>
        <time>2026-09-27T10:21:48.338Z</time>
      </trkpt>
      <trkpt lat="49.020824" lon="11.481101">
        <ele>411.919270</ele>
        <time>2026-09-27T10:21:51.331Z</time>
      </trkpt>
      <trkpt lat="49.020794" lon="11.481238">
        <ele>411.878959</ele>
        <time>2026-09-27T10:21:54.337Z</time>
      </trkpt>
      <trkpt lat="49.020754" lon="11.481393">
        <ele>411.832470</ele>
        <time>2026-09-27T10:21:58.347Z</time>
      </trkpt>
      <trkpt lat="49.020717" lon="11.481526">
        <ele>411.792149</ele>
        <time>2026-09-27T10:22:02.338Z</time>
      </trkpt>
      <trkpt lat="49.020678" lon="11.481656">
        <ele>411.752251</ele>
        <time>2026-09-27T10:22:07.348Z</time>
      </trkpt>
      <trkpt lat="49.020646" lon="11.481795">
        <ele>411.711136</ele>
        <time>2026-09-27T10:22:13.348Z</time>
      </trkpt>
      <trkpt lat="49.020607" lon="11.481955">
        <ele>411.663496</ele>
        <time>2026-09-27T10:22:19.341Z</time>
      </trkpt>
      <trkpt lat="49.020574" lon="11.482114">
        <ele>411.616951</ele>
        <time>2026-09-27T10:22:23.346Z</time>
      </trkpt>
      <trkpt lat="49.020544" lon="11.482249">
        <ele>411.577169</ele>
        <time>2026-09-27T10:22:26.485Z</time>
      </trkpt>
      <trkpt lat="49.020512" lon="11.482398">
        <ele>411.533411</ele>
        <time>2026-09-27T10:22:29.326Z</time>
      </trkpt>
      <trkpt lat="49.020489" lon="11.482551">
        <ele>411.489602</ele>
        <time>2026-09-27T10:22:32.319Z</time>
      </trkpt>
      <trkpt lat="49.020459" lon="11.482687">
        <ele>411.449555</ele>
        <time>2026-09-27T10:22:35.323Z</time>
      </trkpt>
      <trkpt lat="49.020433" lon="11.482826">
        <ele>411.409214</ele>
        <time>2026-09-27T10:22:38.313Z</time>
      </trkpt>
      <trkpt lat="49.020398" lon="11.482962">
        <ele>411.368439</ele>
        <time>2026-09-27T10:22:41.336Z</time>
      </trkpt>
      <trkpt lat="49.020361" lon="11.483099">
        <ele>411.327087</ele>
        <time>2026-09-27T10:22:44.340Z</time>
      </trkpt>
      <trkpt lat="49.020337" lon="11.483236">
        <ele>411.287511</ele>
        <time>2026-09-27T10:22:47.330Z</time>
      </trkpt>
      <trkpt lat="49.020299" lon="11.483414">
        <ele>411.248809</ele>
        <time>2026-09-27T10:22:51.362Z</time>
      </trkpt>
      <trkpt lat="49.020268" lon="11.483572">
        <ele>411.216559</ele>
        <time>2026-09-27T10:22:54.341Z</time>
      </trkpt>
      <trkpt lat="49.020238" lon="11.483730">
        <ele>411.184394</ele>
        <time>2026-09-27T10:22:57.352Z</time>
      </trkpt>
      <trkpt lat="49.020229" lon="11.483896">
        <ele>411.151822</ele>
        <time>2026-09-27T10:23:00.356Z</time>
      </trkpt>
      <trkpt lat="49.020209" lon="11.484060">
        <ele>411.119202</ele>
        <time>2026-09-27T10:23:03.337Z</time>
      </trkpt>
      <trkpt lat="49.020181" lon="11.484222">
        <ele>411.086441</ele>
        <time>2026-09-27T10:23:06.342Z</time>
      </trkpt>
      <trkpt lat="49.020155" lon="11.484385">
        <ele>411.053637</ele>
        <time>2026-09-27T10:23:09.353Z</time>
      </trkpt>
      <trkpt lat="49.020128" lon="11.484559">
        <ele>411.018672</ele>
        <time>2026-09-27T10:23:12.345Z</time>
      </trkpt>
      <trkpt lat="49.020100" lon="11.484731">
        <ele>410.984017</ele>
        <time>2026-09-27T10:23:15.327Z</time>
      </trkpt>
      <trkpt lat="49.020071" lon="11.484897">
        <ele>410.950423</ele>
        <time>2026-09-27T10:23:18.338Z</time>
      </trkpt>
      <trkpt lat="49.020049" lon="11.485074">
        <ele>410.915195</ele>
        <time>2026-09-27T10:23:21.346Z</time>
      </trkpt>
      <trkpt lat="49.020023" lon="11.485254">
        <ele>410.879152</ele>
        <time>2026-09-27T10:23:24.334Z</time>
      </trkpt>
      <trkpt lat="49.019997" lon="11.485422">
        <ele>410.845397</ele>
        <time>2026-09-27T10:23:27.364Z</time>
      </trkpt>
      <trkpt lat="49.019972" lon="11.485589">
        <ele>410.811900</ele>
        <time>2026-09-27T10:23:30.338Z</time>
      </trkpt>
      <trkpt lat="49.019946" lon="11.485756">
        <ele>410.778335</ele>
        <time>2026-09-27T10:23:33.346Z</time>
      </trkpt>
      <trkpt lat="49.019920" lon="11.485926">
        <ele>410.744200</ele>
        <time>2026-09-27T10:23:36.329Z</time>
      </trkpt>
      <trkpt lat="49.019895" lon="11.486099">
        <ele>410.682174</ele>
        <time>2026-09-27T10:23:39.327Z</time>
      </trkpt>
      <trkpt lat="49.019865" lon="11.486272">
        <ele>410.619501</ele>
        <time>2026-09-27T10:23:42.336Z</time>
      </trkpt>
      <trkpt lat="49.019839" lon="11.486447">
        <ele>410.556657</ele>
        <time>2026-09-27T10:23:45.316Z</time>
      </trkpt>
      <trkpt lat="49.019816" lon="11.486622">
        <ele>410.494147</ele>
        <time>2026-09-27T10:23:48.351Z</time>
      </trkpt>
      <trkpt lat="49.019790" lon="11.486792">
        <ele>410.433009</ele>
        <time>2026-09-27T10:23:51.322Z</time>
      </trkpt>
      <trkpt lat="49.019768" lon="11.486960">
        <ele>410.373008</ele>
        <time>2026-09-27T10:23:54.360Z</time>
      </trkpt>
      <trkpt lat="49.019735" lon="11.487127">
        <ele>410.311921</ele>
        <time>2026-09-27T10:23:57.338Z</time>
      </trkpt>
      <trkpt lat="49.019675" lon="11.487277">
        <ele>410.250384</ele>
        <time>2026-09-27T10:24:00.339Z</time>
      </trkpt>
      <trkpt lat="49.019604" lon="11.487415">
        <ele>410.188953</ele>
        <time>2026-09-27T10:24:03.333Z</time>
      </trkpt>
      <trkpt lat="49.019594" lon="11.487583">
        <ele>410.129871</ele>
        <time>2026-09-27T10:24:06.348Z</time>
      </trkpt>
      <trkpt lat="49.019594" lon="11.487747">
        <ele>410.072432</ele>
        <time>2026-09-27T10:24:09.336Z</time>
      </trkpt>
      <trkpt lat="49.019594" lon="11.487909">
        <ele>410.015694</ele>
        <time>2026-09-27T10:24:12.340Z</time>
      </trkpt>
      <trkpt lat="49.019589" lon="11.488075">
        <ele>409.957493</ele>
        <time>2026-09-27T10:24:15.357Z</time>
      </trkpt>
      <trkpt lat="49.019567" lon="11.488246">
        <ele>409.896461</ele>
        <time>2026-09-27T10:24:18.382Z</time>
      </trkpt>
      <trkpt lat="49.019534" lon="11.488427">
        <ele>409.830664</ele>
        <time>2026-09-27T10:24:21.336Z</time>
      </trkpt>
      <trkpt lat="49.019498" lon="11.488608">
        <ele>409.773609</ele>
        <time>2026-09-27T10:24:24.352Z</time>
      </trkpt>
      <trkpt lat="49.019462" lon="11.488787">
        <ele>409.739461</ele>
        <time>2026-09-27T10:24:27.362Z</time>
      </trkpt>
      <trkpt lat="49.019424" lon="11.488968">
        <ele>409.704799</ele>
        <time>2026-09-27T10:24:30.343Z</time>
      </trkpt>
      <trkpt lat="49.019386" lon="11.489147">
        <ele>409.670484</ele>
        <time>2026-09-27T10:24:33.342Z</time>
      </trkpt>
      <trkpt lat="49.019342" lon="11.489322">
        <ele>409.636301</ele>
        <time>2026-09-27T10:24:36.342Z</time>
      </trkpt>
      <trkpt lat="49.019296" lon="11.489502">
        <ele>409.601067</ele>
        <time>2026-09-27T10:24:39.350Z</time>
      </trkpt>
      <trkpt lat="49.019257" lon="11.489697">
        <ele>409.563885</ele>
        <time>2026-09-27T10:24:42.350Z</time>
      </trkpt>
      <trkpt lat="49.019224" lon="11.489891">
        <ele>409.527331</ele>
        <time>2026-09-27T10:24:45.360Z</time>
      </trkpt>
      <trkpt lat="49.019202" lon="11.490088">
        <ele>409.490884</ele>
        <time>2026-09-27T10:24:48.368Z</time>
      </trkpt>
      <trkpt lat="49.019184" lon="11.490284">
        <ele>409.454787</ele>
        <time>2026-09-27T10:24:51.339Z</time>
      </trkpt>
      <trkpt lat="49.019163" lon="11.490479">
        <ele>409.418745</ele>
        <time>2026-09-27T10:24:54.358Z</time>
      </trkpt>
      <trkpt lat="49.019144" lon="11.490674">
        <ele>409.382790</ele>
        <time>2026-09-27T10:24:57.348Z</time>
      </trkpt>
      <trkpt lat="49.019125" lon="11.490868">
        <ele>409.347014</ele>
        <time>2026-09-27T10:25:00.341Z</time>
      </trkpt>
      <trkpt lat="49.019114" lon="11.491066">
        <ele>409.310772</ele>
        <time>2026-09-27T10:25:03.342Z</time>
      </trkpt>
      <trkpt lat="49.019105" lon="11.491261">
        <ele>409.281402</ele>
        <time>2026-09-27T10:25:06.342Z</time>
      </trkpt>
      <trkpt lat="49.019100" lon="11.491455">
        <ele>409.272946</ele>
        <time>2026-09-27T10:25:09.353Z</time>
      </trkpt>
      <trkpt lat="49.019111" lon="11.491655">
        <ele>409.264205</ele>
        <time>2026-09-27T10:25:12.342Z</time>
      </trkpt>
      <trkpt lat="49.019131" lon="11.491848">
        <ele>409.255696</ele>
        <time>2026-09-27T10:25:15.354Z</time>
      </trkpt>
      <trkpt lat="49.019151" lon="11.492036">
        <ele>409.247401</ele>
        <time>2026-09-27T10:25:18.358Z</time>
      </trkpt>
      <trkpt lat="49.019168" lon="11.492172">
        <ele>409.241372</ele>
        <time>2026-09-27T10:25:20.351Z</time>
      </trkpt>
      <trkpt lat="49.019179" lon="11.492314">
        <ele>409.235144</ele>
        <time>2026-09-27T10:25:22.336Z</time>
      </trkpt>
      <trkpt lat="49.019187" lon="11.492451">
        <ele>409.229154</ele>
        <time>2026-09-27T10:25:24.351Z</time>
      </trkpt>
      <trkpt lat="49.019179" lon="11.492639">
        <ele>409.220949</ele>
        <time>2026-09-27T10:25:27.350Z</time>
      </trkpt>
      <trkpt lat="49.019166" lon="11.492807">
        <ele>409.213582</ele>
        <time>2026-09-27T10:25:30.357Z</time>
      </trkpt>
      <trkpt lat="49.019146" lon="11.492973">
        <ele>409.206232</ele>
        <time>2026-09-27T10:25:33.346Z</time>
      </trkpt>
      <trkpt lat="49.019121" lon="11.493147">
        <ele>409.198474</ele>
        <time>2026-09-27T10:25:36.341Z</time>
      </trkpt>
      <trkpt lat="49.019082" lon="11.493322">
        <ele>409.190424</ele>
        <time>2026-09-27T10:25:39.349Z</time>
      </trkpt>
      <trkpt lat="49.019046" lon="11.493500">
        <ele>409.182312</ele>
        <time>2026-09-27T10:25:42.369Z</time>
      </trkpt>
      <trkpt lat="49.019006" lon="11.493676">
        <ele>409.174200</ele>
        <time>2026-09-27T10:25:45.361Z</time>
      </trkpt>
      <trkpt lat="49.018973" lon="11.493857">
        <ele>409.166018</ele>
        <time>2026-09-27T10:25:48.339Z</time>
      </trkpt>
      <trkpt lat="49.018957" lon="11.494052">
        <ele>409.220211</ele>
        <time>2026-09-27T10:25:51.343Z</time>
      </trkpt>
      <trkpt lat="49.018951" lon="11.494250">
        <ele>409.295328</ele>
        <time>2026-09-27T10:25:54.324Z</time>
      </trkpt>
      <trkpt lat="49.018968" lon="11.494443">
        <ele>409.369128</ele>
        <time>2026-09-27T10:25:57.351Z</time>
      </trkpt>
      <trkpt lat="49.018995" lon="11.494633">
        <ele>409.442804</ele>
        <time>2026-09-27T10:26:00.340Z</time>
      </trkpt>
      <trkpt lat="49.019034" lon="11.494818">
        <ele>409.516448</ele>
        <time>2026-09-27T10:26:03.327Z</time>
      </trkpt>
      <trkpt lat="49.019053" lon="11.495000">
        <ele>409.586290</ele>
        <time>2026-09-27T10:26:06.356Z</time>
      </trkpt>
      <trkpt lat="49.019041" lon="11.495184">
        <ele>409.656366</ele>
        <time>2026-09-27T10:26:09.341Z</time>
      </trkpt>
      <trkpt lat="49.019004" lon="11.495373">
        <ele>409.731116</ele>
        <time>2026-09-27T10:26:12.341Z</time>
      </trkpt>
      <trkpt lat="49.018964" lon="11.495562">
        <ele>409.806380</ele>
        <time>2026-09-27T10:26:15.371Z</time>
      </trkpt>
      <trkpt lat="49.018937" lon="11.495747">
        <ele>409.878205</ele>
        <time>2026-09-27T10:26:18.353Z</time>
      </trkpt>
      <trkpt lat="49.018906" lon="11.495937">
        <ele>409.952406</ele>
        <time>2026-09-27T10:26:21.338Z</time>
      </trkpt>
      <trkpt lat="49.018873" lon="11.496090">
        <ele>410.013445</ele>
        <time>2026-09-27T10:26:24.338Z</time>
      </trkpt>
      <trkpt lat="49.018841" lon="11.496263">
        <ele>410.081566</ele>
        <time>2026-09-27T10:26:27.339Z</time>
      </trkpt>
      <trkpt lat="49.018802" lon="11.496468">
        <ele>410.162459</ele>
        <time>2026-09-27T10:26:30.347Z</time>
      </trkpt>
      <trkpt lat="49.018766" lon="11.496655">
        <ele>410.171645</ele>
        <time>2026-09-27T10:26:33.344Z</time>
      </trkpt>
      <trkpt lat="49.018728" lon="11.496857">
        <ele>410.095193</ele>
        <time>2026-09-27T10:26:36.327Z</time>
      </trkpt>
      <trkpt lat="49.018701" lon="11.497001">
        <ele>410.040707</ele>
        <time>2026-09-27T10:26:38.344Z</time>
      </trkpt>
      <trkpt lat="49.018675" lon="11.497142">
        <ele>409.987422</ele>
        <time>2026-09-27T10:26:40.326Z</time>
      </trkpt>
      <trkpt lat="49.018648" lon="11.497274">
        <ele>409.937118</ele>
        <time>2026-09-27T10:26:42.337Z</time>
      </trkpt>
      <trkpt lat="49.018620" lon="11.497406">
        <ele>409.886647</ele>
        <time>2026-09-27T10:26:44.341Z</time>
      </trkpt>
      <trkpt lat="49.018594" lon="11.497544">
        <ele>409.834411</ele>
        <time>2026-09-27T10:26:46.339Z</time>
      </trkpt>
      <trkpt lat="49.018553" lon="11.497729">
        <ele>409.763369</ele>
        <time>2026-09-27T10:26:49.356Z</time>
      </trkpt>
      <trkpt lat="49.018525" lon="11.497863">
        <ele>409.712205</ele>
        <time>2026-09-27T10:26:51.341Z</time>
      </trkpt>
      <trkpt lat="49.018482" lon="11.498059">
        <ele>409.637015</ele>
        <time>2026-09-27T10:26:54.362Z</time>
      </trkpt>
      <trkpt lat="49.018451" lon="11.498189">
        <ele>409.586691</ele>
        <time>2026-09-27T10:26:56.350Z</time>
      </trkpt>
      <trkpt lat="49.018413" lon="11.498364">
        <ele>409.519627</ele>
        <time>2026-09-27T10:26:59.343Z</time>
      </trkpt>
      <trkpt lat="49.018369" lon="11.498548">
        <ele>409.448376</ele>
        <time>2026-09-27T10:27:02.340Z</time>
      </trkpt>
      <trkpt lat="49.018337" lon="11.498684">
        <ele>409.395810</ele>
        <time>2026-09-27T10:27:04.350Z</time>
      </trkpt>
      <trkpt lat="49.018301" lon="11.498857">
        <ele>409.329780</ele>
        <time>2026-09-27T10:27:07.364Z</time>
      </trkpt>
      <trkpt lat="49.018298" lon="11.498998">
        <ele>409.278456</ele>
        <time>2026-09-27T10:27:09.345Z</time>
      </trkpt>
      <trkpt lat="49.018300" lon="11.499136">
        <ele>409.228239</ele>
        <time>2026-09-27T10:27:11.332Z</time>
      </trkpt>
      <trkpt lat="49.018304" lon="11.499328">
        <ele>409.255651</ele>
        <time>2026-09-27T10:27:14.309Z</time>
      </trkpt>
      <trkpt lat="49.018315" lon="11.499530">
        <ele>409.333922</ele>
        <time>2026-09-27T10:27:17.296Z</time>
      </trkpt>
      <trkpt lat="49.018317" lon="11.499705">
        <ele>409.401509</ele>
        <time>2026-09-27T10:27:20.323Z</time>
      </trkpt>
      <trkpt lat="49.018317" lon="11.499872">
        <ele>409.465996</ele>
        <time>2026-09-27T10:27:23.325Z</time>
      </trkpt>
      <trkpt lat="49.018309" lon="11.500065">
        <ele>409.540672</ele>
        <time>2026-09-27T10:27:26.325Z</time>
      </trkpt>
      <trkpt lat="49.018311" lon="11.500258">
        <ele>409.615208</ele>
        <time>2026-09-27T10:27:29.316Z</time>
      </trkpt>
      <trkpt lat="49.018311" lon="11.500450">
        <ele>409.689349</ele>
        <time>2026-09-27T10:27:32.326Z</time>
      </trkpt>
      <trkpt lat="49.018315" lon="11.500645">
        <ele>409.764685</ele>
        <time>2026-09-27T10:27:35.284Z</time>
      </trkpt>
      <trkpt lat="49.018316" lon="11.500844">
        <ele>409.841532</ele>
        <time>2026-09-27T10:27:38.313Z</time>
      </trkpt>
      <trkpt lat="49.018319" lon="11.500998">
        <ele>409.901025</ele>
        <time>2026-09-27T10:27:40.344Z</time>
      </trkpt>
      <trkpt lat="49.018323" lon="11.501207">
        <ele>409.981765</ele>
        <time>2026-09-27T10:27:43.325Z</time>
      </trkpt>
      <trkpt lat="49.018331" lon="11.501391">
        <ele>410.052973</ele>
        <time>2026-09-27T10:27:46.323Z</time>
      </trkpt>
      <trkpt lat="49.018327" lon="11.501579">
        <ele>410.125607</ele>
        <time>2026-09-27T10:27:49.324Z</time>
      </trkpt>
      <trkpt lat="49.018327" lon="11.501781">
        <ele>410.203610</ele>
        <time>2026-09-27T10:27:52.332Z</time>
      </trkpt>
      <trkpt lat="49.018331" lon="11.501986">
        <ele>410.271576</ele>
        <time>2026-09-27T10:27:55.309Z</time>
      </trkpt>
      <trkpt lat="49.018333" lon="11.502127">
        <ele>410.292429</ele>
        <time>2026-09-27T10:27:57.313Z</time>
      </trkpt>
      <trkpt lat="49.018334" lon="11.502266">
        <ele>410.312982</ele>
        <time>2026-09-27T10:27:59.330Z</time>
      </trkpt>
      <trkpt lat="49.018335" lon="11.502404">
        <ele>410.333388</ele>
        <time>2026-09-27T10:28:01.358Z</time>
      </trkpt>
      <trkpt lat="49.018343" lon="11.502594">
        <ele>410.361538</ele>
        <time>2026-09-27T10:28:04.310Z</time>
      </trkpt>
      <trkpt lat="49.018351" lon="11.502788">
        <ele>410.390279</ele>
        <time>2026-09-27T10:28:07.323Z</time>
      </trkpt>
      <trkpt lat="49.018354" lon="11.502994">
        <ele>410.420745</ele>
        <time>2026-09-27T10:28:10.333Z</time>
      </trkpt>
      <trkpt lat="49.018354" lon="11.503138">
        <ele>410.442036</ele>
        <time>2026-09-27T10:28:12.341Z</time>
      </trkpt>
      <trkpt lat="49.018357" lon="11.503318">
        <ele>410.468658</ele>
        <time>2026-09-27T10:28:15.365Z</time>
      </trkpt>
      <trkpt lat="49.018362" lon="11.503515">
        <ele>410.497808</ele>
        <time>2026-09-27T10:28:18.338Z</time>
      </trkpt>
      <trkpt lat="49.018368" lon="11.503719">
        <ele>410.528001</ele>
        <time>2026-09-27T10:28:21.352Z</time>
      </trkpt>
      <trkpt lat="49.018373" lon="11.503858">
        <ele>410.548584</ele>
        <time>2026-09-27T10:28:23.378Z</time>
      </trkpt>
      <trkpt lat="49.018375" lon="11.504053">
        <ele>410.577419</ele>
        <time>2026-09-27T10:28:26.366Z</time>
      </trkpt>
      <trkpt lat="49.018379" lon="11.504197">
        <ele>410.598729</ele>
        <time>2026-09-27T10:28:28.358Z</time>
      </trkpt>
      <trkpt lat="49.018389" lon="11.504343">
        <ele>410.620434</ele>
        <time>2026-09-27T10:28:30.377Z</time>
      </trkpt>
      <trkpt lat="49.018408" lon="11.504525">
        <ele>410.647682</ele>
        <time>2026-09-27T10:28:33.333Z</time>
      </trkpt>
      <trkpt lat="49.018413" lon="11.504732">
        <ele>410.695514</ele>
        <time>2026-09-27T10:28:36.319Z</time>
      </trkpt>
      <trkpt lat="49.018402" lon="11.504870">
        <ele>410.759241</ele>
        <time>2026-09-27T10:28:38.331Z</time>
      </trkpt>
      <trkpt lat="49.018379" lon="11.505032">
        <ele>410.835225</ele>
        <time>2026-09-27T10:28:40.321Z</time>
      </trkpt>
      <trkpt lat="49.018365" lon="11.505181">
        <ele>410.904226</ele>
        <time>2026-09-27T10:28:42.327Z</time>
      </trkpt>
      <trkpt lat="49.018355" lon="11.505330">
        <ele>410.972887</ele>
        <time>2026-09-27T10:28:44.317Z</time>
      </trkpt>
      <trkpt lat="49.018343" lon="11.505522">
        <ele>411.061301</ele>
        <time>2026-09-27T10:28:47.337Z</time>
      </trkpt>
      <trkpt lat="49.018323" lon="11.505720">
        <ele>411.153138</ele>
        <time>2026-09-27T10:28:50.321Z</time>
      </trkpt>
      <trkpt lat="49.018306" lon="11.505856">
        <ele>411.216605</ele>
        <time>2026-09-27T10:28:52.335Z</time>
      </trkpt>
      <trkpt lat="49.018271" lon="11.506055">
        <ele>411.311054</ele>
        <time>2026-09-27T10:28:55.347Z</time>
      </trkpt>
      <trkpt lat="49.018235" lon="11.506187">
        <ele>411.376589</ele>
        <time>2026-09-27T10:28:57.346Z</time>
      </trkpt>
      <trkpt lat="49.018194" lon="11.506328">
        <ele>411.447294</ele>
        <time>2026-09-27T10:28:59.332Z</time>
      </trkpt>
      <trkpt lat="49.018153" lon="11.506467">
        <ele>411.517162</ele>
        <time>2026-09-27T10:29:01.328Z</time>
      </trkpt>
      <trkpt lat="49.018114" lon="11.506598">
        <ele>411.583113</ele>
        <time>2026-09-27T10:29:03.343Z</time>
      </trkpt>
      <trkpt lat="49.018080" lon="11.506729">
        <ele>411.647698</ele>
        <time>2026-09-27T10:29:05.329Z</time>
      </trkpt>
      <trkpt lat="49.018047" lon="11.506869">
        <ele>411.715896</ele>
        <time>2026-09-27T10:29:07.350Z</time>
      </trkpt>
      <trkpt lat="49.018000" lon="11.507052">
        <ele>411.805990</ele>
        <time>2026-09-27T10:29:10.333Z</time>
      </trkpt>
      <trkpt lat="49.017966" lon="11.507186">
        <ele>411.871855</ele>
        <time>2026-09-27T10:29:12.362Z</time>
      </trkpt>
      <trkpt lat="49.017932" lon="11.507323">
        <ele>411.914417</ele>
        <time>2026-09-27T10:29:14.349Z</time>
      </trkpt>
      <trkpt lat="49.017899" lon="11.507451">
        <ele>411.844230</ele>
        <time>2026-09-27T10:29:16.359Z</time>
      </trkpt>
      <trkpt lat="49.017865" lon="11.507581">
        <ele>411.772808</ele>
        <time>2026-09-27T10:29:18.351Z</time>
      </trkpt>
      <trkpt lat="49.017830" lon="11.507716">
        <ele>411.698728</ele>
        <time>2026-09-27T10:29:20.341Z</time>
      </trkpt>
      <trkpt lat="49.017794" lon="11.507848">
        <ele>411.625773</ele>
        <time>2026-09-27T10:29:22.352Z</time>
      </trkpt>
      <trkpt lat="49.017761" lon="11.507978">
        <ele>411.554636</ele>
        <time>2026-09-27T10:29:24.335Z</time>
      </trkpt>
      <trkpt lat="49.017716" lon="11.508161">
        <ele>411.454899</ele>
        <time>2026-09-27T10:29:27.346Z</time>
      </trkpt>
      <trkpt lat="49.017679" lon="11.508302">
        <ele>411.377397</ele>
        <time>2026-09-27T10:29:29.329Z</time>
      </trkpt>
      <trkpt lat="49.017638" lon="11.508438">
        <ele>411.301013</ele>
        <time>2026-09-27T10:29:31.339Z</time>
      </trkpt>
      <trkpt lat="49.017602" lon="11.508573">
        <ele>411.226642</ele>
        <time>2026-09-27T10:29:33.323Z</time>
      </trkpt>
      <trkpt lat="49.017564" lon="11.508765">
        <ele>411.124296</ele>
        <time>2026-09-27T10:29:36.339Z</time>
      </trkpt>
      <trkpt lat="49.017532" lon="11.508960">
        <ele>411.021716</ele>
        <time>2026-09-27T10:29:39.338Z</time>
      </trkpt>
      <trkpt lat="49.017512" lon="11.509097">
        <ele>410.950091</ele>
        <time>2026-09-27T10:29:41.326Z</time>
      </trkpt>
      <trkpt lat="49.017486" lon="11.509240">
        <ele>410.874362</ele>
        <time>2026-09-27T10:29:43.341Z</time>
      </trkpt>
      <trkpt lat="49.017445" lon="11.509433">
        <ele>410.770832</ele>
        <time>2026-09-27T10:29:46.334Z</time>
      </trkpt>
      <trkpt lat="49.017430" lon="11.509576">
        <ele>410.696929</ele>
        <time>2026-09-27T10:29:48.331Z</time>
      </trkpt>
      <trkpt lat="49.017401" lon="11.509760">
        <ele>410.600356</ele>
        <time>2026-09-27T10:29:51.330Z</time>
      </trkpt>
      <trkpt lat="49.017367" lon="11.509957">
        <ele>410.524227</ele>
        <time>2026-09-27T10:29:54.378Z</time>
      </trkpt>
      <trkpt lat="49.017343" lon="11.510102">
        <ele>410.515567</ele>
        <time>2026-09-27T10:29:56.330Z</time>
      </trkpt>
      <trkpt lat="49.017315" lon="11.510235">
        <ele>410.507478</ele>
        <time>2026-09-27T10:29:58.331Z</time>
      </trkpt>
      <trkpt lat="49.017283" lon="11.510373">
        <ele>410.499002</ele>
        <time>2026-09-27T10:30:00.335Z</time>
      </trkpt>
      <trkpt lat="49.017234" lon="11.510521">
        <ele>410.489401</ele>
        <time>2026-09-27T10:30:02.336Z</time>
      </trkpt>
      <trkpt lat="49.017198" lon="11.510656">
        <ele>410.480962</ele>
        <time>2026-09-27T10:30:04.325Z</time>
      </trkpt>
      <trkpt lat="49.017152" lon="11.510839">
        <ele>410.469613</ele>
        <time>2026-09-27T10:30:07.335Z</time>
      </trkpt>
      <trkpt lat="49.017122" lon="11.510972">
        <ele>410.461468</ele>
        <time>2026-09-27T10:30:09.322Z</time>
      </trkpt>
      <trkpt lat="49.017100" lon="11.511179">
        <ele>410.449325</ele>
        <time>2026-09-27T10:30:12.331Z</time>
      </trkpt>
      <trkpt lat="49.017089" lon="11.511375">
        <ele>410.437933</ele>
        <time>2026-09-27T10:30:15.340Z</time>
      </trkpt>
      <trkpt lat="49.017092" lon="11.511557">
        <ele>410.427390</ele>
        <time>2026-09-27T10:30:18.338Z</time>
      </trkpt>
      <trkpt lat="49.017098" lon="11.511698">
        <ele>410.419208</ele>
        <time>2026-09-27T10:30:20.325Z</time>
      </trkpt>
      <trkpt lat="49.017102" lon="11.511848">
        <ele>410.410514</ele>
        <time>2026-09-27T10:30:22.329Z</time>
      </trkpt>
      <trkpt lat="49.017112" lon="11.512047">
        <ele>410.398957</ele>
        <time>2026-09-27T10:30:25.344Z</time>
      </trkpt>
      <trkpt lat="49.017121" lon="11.512187">
        <ele>410.390811</ele>
        <time>2026-09-27T10:30:27.321Z</time>
      </trkpt>
      <trkpt lat="49.017142" lon="11.512391">
        <ele>410.378852</ele>
        <time>2026-09-27T10:30:30.341Z</time>
      </trkpt>
      <trkpt lat="49.017161" lon="11.512573">
        <ele>410.355332</ele>
        <time>2026-09-27T10:30:33.342Z</time>
      </trkpt>
      <trkpt lat="49.017187" lon="11.512753">
        <ele>410.171393</ele>
        <time>2026-09-27T10:30:36.328Z</time>
      </trkpt>
      <trkpt lat="49.017215" lon="11.512954">
        <ele>409.966326</ele>
        <time>2026-09-27T10:30:39.330Z</time>
      </trkpt>
      <trkpt lat="49.017241" lon="11.513148">
        <ele>409.768720</ele>
        <time>2026-09-27T10:30:42.338Z</time>
      </trkpt>
      <trkpt lat="49.017265" lon="11.513341">
        <ele>409.572680</ele>
        <time>2026-09-27T10:30:45.332Z</time>
      </trkpt>
      <trkpt lat="49.017278" lon="11.513482">
        <ele>409.430584</ele>
        <time>2026-09-27T10:30:47.329Z</time>
      </trkpt>
      <trkpt lat="49.017293" lon="11.513618">
        <ele>409.292954</ele>
        <time>2026-09-27T10:30:49.351Z</time>
      </trkpt>
      <trkpt lat="49.017309" lon="11.513753">
        <ele>409.156047</ele>
        <time>2026-09-27T10:30:51.349Z</time>
      </trkpt>
      <trkpt lat="49.017335" lon="11.513945">
        <ele>408.960396</ele>
        <time>2026-09-27T10:30:54.353Z</time>
      </trkpt>
      <trkpt lat="49.017356" lon="11.514128">
        <ele>408.774993</ele>
        <time>2026-09-27T10:30:57.342Z</time>
      </trkpt>
      <trkpt lat="49.017381" lon="11.514313">
        <ele>408.586491</ele>
        <time>2026-09-27T10:31:00.338Z</time>
      </trkpt>
      <trkpt lat="49.017408" lon="11.514503">
        <ele>408.392478</ele>
        <time>2026-09-27T10:31:03.321Z</time>
      </trkpt>
      <trkpt lat="49.017423" lon="11.514639">
        <ele>408.254849</ele>
        <time>2026-09-27T10:31:05.332Z</time>
      </trkpt>
      <trkpt lat="49.017438" lon="11.514808">
        <ele>408.084656</ele>
        <time>2026-09-27T10:31:08.343Z</time>
      </trkpt>
      <trkpt lat="49.017454" lon="11.514992">
        <ele>407.899424</ele>
        <time>2026-09-27T10:31:11.330Z</time>
      </trkpt>
      <trkpt lat="49.017465" lon="11.515162">
        <ele>407.728947</ele>
        <time>2026-09-27T10:31:14.348Z</time>
      </trkpt>
      <trkpt lat="49.017475" lon="11.515324">
        <ele>407.597635</ele>
        <time>2026-09-27T10:31:17.335Z</time>
      </trkpt>
      <trkpt lat="49.017497" lon="11.515491">
        <ele>407.508351</ele>
        <time>2026-09-27T10:31:20.319Z</time>
      </trkpt>
      <trkpt lat="49.017521" lon="11.515655">
        <ele>407.420273</ele>
        <time>2026-09-27T10:31:23.315Z</time>
      </trkpt>
      <trkpt lat="49.017550" lon="11.515823">
        <ele>407.329214</ele>
        <time>2026-09-27T10:31:26.323Z</time>
      </trkpt>
      <trkpt lat="49.017578" lon="11.515986">
        <ele>407.240893</ele>
        <time>2026-09-27T10:31:29.337Z</time>
      </trkpt>
      <trkpt lat="49.017592" lon="11.516165">
        <ele>407.146402</ele>
        <time>2026-09-27T10:31:32.341Z</time>
      </trkpt>
      <trkpt lat="49.017607" lon="11.516304">
        <ele>407.072564</ele>
        <time>2026-09-27T10:31:34.309Z</time>
      </trkpt>
      <trkpt lat="49.017625" lon="11.516484">
        <ele>406.977123</ele>
        <time>2026-09-27T10:31:37.310Z</time>
      </trkpt>
      <trkpt lat="49.017626" lon="11.516669">
        <ele>406.880150</ele>
        <time>2026-09-27T10:31:40.331Z</time>
      </trkpt>
      <trkpt lat="49.017607" lon="11.516851">
        <ele>406.783550</ele>
        <time>2026-09-27T10:31:43.335Z</time>
      </trkpt>
      <trkpt lat="49.017569" lon="11.517040">
        <ele>406.679932</ele>
        <time>2026-09-27T10:31:46.358Z</time>
      </trkpt>
      <trkpt lat="49.017533" lon="11.517231">
        <ele>406.575764</ele>
        <time>2026-09-27T10:31:49.331Z</time>
      </trkpt>
      <trkpt lat="49.017515" lon="11.517399">
        <ele>406.486536</ele>
        <time>2026-09-27T10:31:52.346Z</time>
      </trkpt>
      <trkpt lat="49.017503" lon="11.517588">
        <ele>406.387006</ele>
        <time>2026-09-27T10:31:55.326Z</time>
      </trkpt>
      <trkpt lat="49.017480" lon="11.517750">
        <ele>406.300124</ele>
        <time>2026-09-27T10:31:58.354Z</time>
      </trkpt>
      <trkpt lat="49.017448" lon="11.517977">
        <ele>406.256986</ele>
        <time>2026-09-27T10:32:02.319Z</time>
      </trkpt>
      <trkpt lat="49.017433" lon="11.518144">
        <ele>406.601463</ele>
        <time>2026-09-27T10:32:05.315Z</time>
      </trkpt>
      <trkpt lat="49.017403" lon="11.518318">
        <ele>406.969142</ele>
        <time>2026-09-27T10:32:08.333Z</time>
      </trkpt>
      <trkpt lat="49.017378" lon="11.518497">
        <ele>407.343161</ele>
        <time>2026-09-27T10:32:11.341Z</time>
      </trkpt>
      <trkpt lat="49.017433" lon="11.518624">
        <ele>407.654187</ele>
        <time>2026-09-27T10:32:19.320Z</time>
      </trkpt>
      <trkpt lat="49.017539" lon="11.518665">
        <ele>407.994959</ele>
        <time>2026-09-27T10:32:24.326Z</time>
      </trkpt>
      <trkpt lat="49.017639" lon="11.518643">
        <ele>408.309800</ele>
        <time>2026-09-27T10:32:27.318Z</time>
      </trkpt>
      <trkpt lat="49.017738" lon="11.518623">
        <ele>408.620994</ele>
        <time>2026-09-27T10:32:31.312Z</time>
      </trkpt>
      <trkpt lat="49.017839" lon="11.518675">
        <ele>408.953182</ele>
        <time>2026-09-27T10:32:35.351Z</time>
      </trkpt>
      <trkpt lat="49.017945" lon="11.518723">
        <ele>409.297751</ele>
        <time>2026-09-27T10:32:39.343Z</time>
      </trkpt>
      <trkpt lat="49.018044" lon="11.518786">
        <ele>409.632037</ele>
        <time>2026-09-27T10:32:43.335Z</time>
      </trkpt>
      <trkpt lat="49.018131" lon="11.518836">
        <ele>409.921759</ele>
        <time>2026-09-27T10:32:47.341Z</time>
      </trkpt>
      <trkpt lat="49.018980" lon="11.520116">
        <ele>413.723016</ele>
        <time>2026-09-27T10:47:53.295Z</time>
      </trkpt>
      <trkpt lat="49.018960" lon="11.520331">
        <ele>414.186245</ele>
        <time>2026-09-27T10:48:27.361Z</time>
      </trkpt>
      <trkpt lat="49.018962" lon="11.520513">
        <ele>414.574541</ele>
        <time>2026-09-27T10:48:30.334Z</time>
      </trkpt>
      <trkpt lat="49.018987" lon="11.520710">
        <ele>415.002577</ele>
        <time>2026-09-27T10:48:33.330Z</time>
      </trkpt>
      <trkpt lat="49.019013" lon="11.520890">
        <ele>415.395756</ele>
        <time>2026-09-27T10:48:36.330Z</time>
      </trkpt>
      <trkpt lat="49.018917" lon="11.520797">
        <ele>415.765713</ele>
        <time>2026-09-27T10:48:47.322Z</time>
      </trkpt>
      <trkpt lat="49.018819" lon="11.520784">
        <ele>416.085689</ele>
        <time>2026-09-27T10:48:50.340Z</time>
      </trkpt>
      <trkpt lat="49.018747" lon="11.520880">
        <ele>416.396796</ele>
        <time>2026-09-27T10:48:54.349Z</time>
      </trkpt>
      <trkpt lat="49.018688" lon="11.521040">
        <ele>416.788364</ele>
        <time>2026-09-27T10:48:57.351Z</time>
      </trkpt>
      <trkpt lat="49.018641" lon="11.521231">
        <ele>417.223546</ele>
        <time>2026-09-27T10:49:00.352Z</time>
      </trkpt>
      <trkpt lat="49.018602" lon="11.521360">
        <ele>417.526563</ele>
        <time>2026-09-27T10:49:02.362Z</time>
      </trkpt>
      <trkpt lat="49.018551" lon="11.521506">
        <ele>417.798519</ele>
        <time>2026-09-27T10:49:04.335Z</time>
      </trkpt>
      <trkpt lat="49.018505" lon="11.521644">
        <ele>418.012348</ele>
        <time>2026-09-27T10:49:06.358Z</time>
      </trkpt>
      <trkpt lat="49.018453" lon="11.521757">
        <ele>418.203027</ele>
        <time>2026-09-27T10:49:08.343Z</time>
      </trkpt>
      <trkpt lat="49.018390" lon="11.521901">
        <ele>418.442133</ele>
        <time>2026-09-27T10:49:11.313Z</time>
      </trkpt>
      <trkpt lat="49.018332" lon="11.522043">
        <ele>418.673209</ele>
        <time>2026-09-27T10:49:13.329Z</time>
      </trkpt>
      <trkpt lat="49.018285" lon="11.522186">
        <ele>418.894153</ele>
        <time>2026-09-27T10:49:16.321Z</time>
      </trkpt>
      <trkpt lat="49.018226" lon="11.522344">
        <ele>419.145299</ele>
        <time>2026-09-27T10:49:19.315Z</time>
      </trkpt>
      <trkpt lat="49.018167" lon="11.522518">
        <ele>419.415871</ele>
        <time>2026-09-27T10:49:22.322Z</time>
      </trkpt>
      <trkpt lat="49.018120" lon="11.522648">
        <ele>419.620920</ele>
        <time>2026-09-27T10:49:24.333Z</time>
      </trkpt>
      <trkpt lat="49.018061" lon="11.522832">
        <ele>419.903834</ele>
        <time>2026-09-27T10:49:27.310Z</time>
      </trkpt>
      <trkpt lat="49.018018" lon="11.522955">
        <ele>420.096367</ele>
        <time>2026-09-27T10:49:30.347Z</time>
      </trkpt>
      <trkpt lat="49.017956" lon="11.523107">
        <ele>420.343624</ele>
        <time>2026-09-27T10:49:33.345Z</time>
      </trkpt>
      <trkpt lat="49.017908" lon="11.523228">
        <ele>420.538961</ele>
        <time>2026-09-27T10:49:35.350Z</time>
      </trkpt>
      <trkpt lat="49.017845" lon="11.523387">
        <ele>420.795563</ele>
        <time>2026-09-27T10:49:37.344Z</time>
      </trkpt>
      <trkpt lat="49.017794" lon="11.523512">
        <ele>420.998914</ele>
        <time>2026-09-27T10:49:39.351Z</time>
      </trkpt>
      <trkpt lat="49.017735" lon="11.523686">
        <ele>421.269488</ele>
        <time>2026-09-27T10:49:42.371Z</time>
      </trkpt>
      <trkpt lat="49.017679" lon="11.523846">
        <ele>421.396618</ele>
        <time>2026-09-27T10:49:45.345Z</time>
      </trkpt>
      <trkpt lat="49.017620" lon="11.523994">
        <ele>421.274882</ele>
        <time>2026-09-27T10:49:48.354Z</time>
      </trkpt>
      <trkpt lat="49.017559" lon="11.524134">
        <ele>421.156741</ele>
        <time>2026-09-27T10:49:51.360Z</time>
      </trkpt>
      <trkpt lat="49.017506" lon="11.524266">
        <ele>421.047955</ele>
        <time>2026-09-27T10:49:53.358Z</time>
      </trkpt>
      <trkpt lat="49.017429" lon="11.524428">
        <ele>420.907329</ele>
        <time>2026-09-27T10:49:56.342Z</time>
      </trkpt>
      <trkpt lat="49.017378" lon="11.524555">
        <ele>420.802658</ele>
        <time>2026-09-27T10:49:58.341Z</time>
      </trkpt>
      <trkpt lat="49.017331" lon="11.524675">
        <ele>420.704416</ele>
        <time>2026-09-27T10:50:00.356Z</time>
      </trkpt>
      <trkpt lat="49.017274" lon="11.524826">
        <ele>420.581956</ele>
        <time>2026-09-27T10:50:03.365Z</time>
      </trkpt>
      <trkpt lat="49.017216" lon="11.524991">
        <ele>420.450373</ele>
        <time>2026-09-27T10:50:06.353Z</time>
      </trkpt>
      <trkpt lat="49.017155" lon="11.525158">
        <ele>420.316014</ele>
        <time>2026-09-27T10:50:09.351Z</time>
      </trkpt>
      <trkpt lat="49.017101" lon="11.525289">
        <ele>420.207259</ele>
        <time>2026-09-27T10:50:11.343Z</time>
      </trkpt>
      <trkpt lat="49.017045" lon="11.525401">
        <ele>420.108267</ele>
        <time>2026-09-27T10:50:13.351Z</time>
      </trkpt>
      <trkpt lat="49.016989" lon="11.525526">
        <ele>420.001864</ele>
        <time>2026-09-27T10:50:15.350Z</time>
      </trkpt>
      <trkpt lat="49.016908" lon="11.525698">
        <ele>419.853029</ele>
        <time>2026-09-27T10:50:18.366Z</time>
      </trkpt>
      <trkpt lat="49.016821" lon="11.525847">
        <ele>419.712806</ele>
        <time>2026-09-27T10:50:21.358Z</time>
      </trkpt>
      <trkpt lat="49.016745" lon="11.525975">
        <ele>419.591444</ele>
        <time>2026-09-27T10:50:24.354Z</time>
      </trkpt>
      <trkpt lat="49.016655" lon="11.526121">
        <ele>419.540046</ele>
        <time>2026-09-27T10:50:27.340Z</time>
      </trkpt>
      <trkpt lat="49.016589" lon="11.526233">
        <ele>419.592116</ele>
        <time>2026-09-27T10:50:29.346Z</time>
      </trkpt>
      <trkpt lat="49.016503" lon="11.526359">
        <ele>419.655003</ele>
        <time>2026-09-27T10:50:32.345Z</time>
      </trkpt>
      <trkpt lat="49.016444" lon="11.526465">
        <ele>419.703082</ele>
        <time>2026-09-27T10:50:34.353Z</time>
      </trkpt>
      <trkpt lat="49.016381" lon="11.526569">
        <ele>419.752041</ele>
        <time>2026-09-27T10:50:36.340Z</time>
      </trkpt>
      <trkpt lat="49.016313" lon="11.526672">
        <ele>419.802581</ele>
        <time>2026-09-27T10:50:38.344Z</time>
      </trkpt>
      <trkpt lat="49.016223" lon="11.526814">
        <ele>419.870870</ele>
        <time>2026-09-27T10:50:41.359Z</time>
      </trkpt>
      <trkpt lat="49.016127" lon="11.526948">
        <ele>419.939497</ele>
        <time>2026-09-27T10:50:44.375Z</time>
      </trkpt>
      <trkpt lat="49.016041" lon="11.527081">
        <ele>420.004086</ele>
        <time>2026-09-27T10:50:47.352Z</time>
      </trkpt>
      <trkpt lat="49.015977" lon="11.527183">
        <ele>420.052903</ele>
        <time>2026-09-27T10:50:49.394Z</time>
      </trkpt>
      <trkpt lat="49.015907" lon="11.527294">
        <ele>420.106155</ele>
        <time>2026-09-27T10:50:51.359Z</time>
      </trkpt>
      <trkpt lat="49.015842" lon="11.527392">
        <ele>420.154355</ele>
        <time>2026-09-27T10:50:53.356Z</time>
      </trkpt>
      <trkpt lat="49.015778" lon="11.527493">
        <ele>420.202922</ele>
        <time>2026-09-27T10:50:55.346Z</time>
      </trkpt>
      <trkpt lat="49.015718" lon="11.527605">
        <ele>420.252933</ele>
        <time>2026-09-27T10:50:57.349Z</time>
      </trkpt>
      <trkpt lat="49.015631" lon="11.527749">
        <ele>420.320640</ele>
        <time>2026-09-27T10:51:00.343Z</time>
      </trkpt>
      <trkpt lat="49.015568" lon="11.527849">
        <ele>420.368593</ele>
        <time>2026-09-27T10:51:02.350Z</time>
      </trkpt>
      <trkpt lat="49.015473" lon="11.527997">
        <ele>420.440208</ele>
        <time>2026-09-27T10:51:05.353Z</time>
      </trkpt>
      <trkpt lat="49.015379" lon="11.528136">
        <ele>420.477917</ele>
        <time>2026-09-27T10:51:08.347Z</time>
      </trkpt>
      <trkpt lat="49.015294" lon="11.528275">
        <ele>420.502696</ele>
        <time>2026-09-27T10:51:11.362Z</time>
      </trkpt>
      <trkpt lat="49.015232" lon="11.528390">
        <ele>420.522107</ele>
        <time>2026-09-27T10:51:13.345Z</time>
      </trkpt>
      <trkpt lat="49.015157" lon="11.528527">
        <ele>420.545375</ele>
        <time>2026-09-27T10:51:16.345Z</time>
      </trkpt>
      <trkpt lat="49.015084" lon="11.528665">
        <ele>420.568492</ele>
        <time>2026-09-27T10:51:19.345Z</time>
      </trkpt>
      <trkpt lat="49.015011" lon="11.528822">
        <ele>420.593585</ele>
        <time>2026-09-27T10:51:22.345Z</time>
      </trkpt>
      <trkpt lat="49.014962" lon="11.528941">
        <ele>420.611906</ele>
        <time>2026-09-27T10:51:25.361Z</time>
      </trkpt>
      <trkpt lat="49.014897" lon="11.529072">
        <ele>420.633324</ele>
        <time>2026-09-27T10:51:27.349Z</time>
      </trkpt>
      <trkpt lat="49.014842" lon="11.529189">
        <ele>420.652093</ele>
        <time>2026-09-27T10:51:29.334Z</time>
      </trkpt>
      <trkpt lat="49.014787" lon="11.529302">
        <ele>420.670441</ele>
        <time>2026-09-27T10:51:31.356Z</time>
      </trkpt>
      <trkpt lat="49.014703" lon="11.529454">
        <ele>420.696358</ele>
        <time>2026-09-27T10:51:34.364Z</time>
      </trkpt>
      <trkpt lat="49.014630" lon="11.529606">
        <ele>420.720922</ele>
        <time>2026-09-27T10:51:37.351Z</time>
      </trkpt>
      <trkpt lat="49.014575" lon="11.529721">
        <ele>420.739480</ele>
        <time>2026-09-27T10:51:39.335Z</time>
      </trkpt>
      <trkpt lat="49.014515" lon="11.529844">
        <ele>420.759467</ele>
        <time>2026-09-27T10:51:41.367Z</time>
      </trkpt>
      <trkpt lat="49.014448" lon="11.529985">
        <ele>420.782170</ele>
        <time>2026-09-27T10:51:44.333Z</time>
      </trkpt>
      <trkpt lat="49.014387" lon="11.530100">
        <ele>420.801455</ele>
        <time>2026-09-27T10:51:46.353Z</time>
      </trkpt>
      <trkpt lat="49.014313" lon="11.530249">
        <ele>420.797362</ele>
        <time>2026-09-27T10:51:49.349Z</time>
      </trkpt>
      <trkpt lat="49.014243" lon="11.530358">
        <ele>420.756352</ele>
        <time>2026-09-27T10:51:51.360Z</time>
      </trkpt>
      <trkpt lat="49.014166" lon="11.530521">
        <ele>420.702351</ele>
        <time>2026-09-27T10:51:54.352Z</time>
      </trkpt>
      <trkpt lat="49.014096" lon="11.530665">
        <ele>420.654167</ele>
        <time>2026-09-27T10:51:57.359Z</time>
      </trkpt>
      <trkpt lat="49.014022" lon="11.530820">
        <ele>420.602629</ele>
        <time>2026-09-27T10:52:00.359Z</time>
      </trkpt>
      <trkpt lat="49.013939" lon="11.530978">
        <ele>420.548210</ele>
        <time>2026-09-27T10:52:03.342Z</time>
      </trkpt>
      <trkpt lat="49.013883" lon="11.531090">
        <ele>420.510350</ele>
        <time>2026-09-27T10:52:05.348Z</time>
      </trkpt>
      <trkpt lat="49.013820" lon="11.531210">
        <ele>420.469029</ele>
        <time>2026-09-27T10:52:07.349Z</time>
      </trkpt>
      <trkpt lat="49.013762" lon="11.531327">
        <ele>420.429603</ele>
        <time>2026-09-27T10:52:09.344Z</time>
      </trkpt>
      <trkpt lat="49.013687" lon="11.531497">
        <ele>420.374525</ele>
        <time>2026-09-27T10:52:12.348Z</time>
      </trkpt>
      <trkpt lat="49.013645" lon="11.531626">
        <ele>420.335808</ele>
        <time>2026-09-27T10:52:14.354Z</time>
      </trkpt>
      <trkpt lat="49.013616" lon="11.531761">
        <ele>420.297620</ele>
        <time>2026-09-27T10:52:16.339Z</time>
      </trkpt>
      <trkpt lat="49.013586" lon="11.531899">
        <ele>420.258537</ele>
        <time>2026-09-27T10:52:18.356Z</time>
      </trkpt>
      <trkpt lat="49.013551" lon="11.532083">
        <ele>420.207034</ele>
        <time>2026-09-27T10:52:21.332Z</time>
      </trkpt>
      <trkpt lat="49.013524" lon="11.532222">
        <ele>420.168062</ele>
        <time>2026-09-27T10:52:23.345Z</time>
      </trkpt>
      <trkpt lat="49.013493" lon="11.532353">
        <ele>420.130624</ele>
        <time>2026-09-27T10:52:25.361Z</time>
      </trkpt>
      <trkpt lat="49.013463" lon="11.532483">
        <ele>420.093576</ele>
        <time>2026-09-27T10:52:27.358Z</time>
      </trkpt>
      <trkpt lat="49.013427" lon="11.532613">
        <ele>420.093796</ele>
        <time>2026-09-27T10:52:29.384Z</time>
      </trkpt>
      <trkpt lat="49.013400" lon="11.532744">
        <ele>420.116388</ele>
        <time>2026-09-27T10:52:31.363Z</time>
      </trkpt>
      <trkpt lat="49.013364" lon="11.532932">
        <ele>420.148611</ele>
        <time>2026-09-27T10:52:34.362Z</time>
      </trkpt>
      <trkpt lat="49.013329" lon="11.533134">
        <ele>420.182985</ele>
        <time>2026-09-27T10:52:37.360Z</time>
      </trkpt>
      <trkpt lat="49.013297" lon="11.533274">
        <ele>420.207378</ele>
        <time>2026-09-27T10:52:39.334Z</time>
      </trkpt>
      <trkpt lat="49.013258" lon="11.533457">
        <ele>420.239036</ele>
        <time>2026-09-27T10:52:42.312Z</time>
      </trkpt>
      <trkpt lat="49.013233" lon="11.533591">
        <ele>420.261958</ele>
        <time>2026-09-27T10:52:44.346Z</time>
      </trkpt>
      <trkpt lat="49.013205" lon="11.533723">
        <ele>420.284783</ele>
        <time>2026-09-27T10:52:46.338Z</time>
      </trkpt>
      <trkpt lat="49.013157" lon="11.533868">
        <ele>420.311506</ele>
        <time>2026-09-27T10:52:48.333Z</time>
      </trkpt>
      <trkpt lat="49.013116" lon="11.534015">
        <ele>420.337788</ele>
        <time>2026-09-27T10:52:50.372Z</time>
      </trkpt>
      <trkpt lat="49.013086" lon="11.534152">
        <ele>420.361551</ele>
        <time>2026-09-27T10:52:52.333Z</time>
      </trkpt>
      <trkpt lat="49.013059" lon="11.534286">
        <ele>420.384615</ele>
        <time>2026-09-27T10:52:54.365Z</time>
      </trkpt>
      <trkpt lat="49.013039" lon="11.534421">
        <ele>420.407386</ele>
        <time>2026-09-27T10:52:56.341Z</time>
      </trkpt>
      <trkpt lat="49.012984" lon="11.534604">
        <ele>420.440505</ele>
        <time>2026-09-27T10:52:59.342Z</time>
      </trkpt>
      <trkpt lat="49.012964" lon="11.534791">
        <ele>420.471679</ele>
        <time>2026-09-27T10:53:02.362Z</time>
      </trkpt>
      <trkpt lat="49.012931" lon="11.534977">
        <ele>420.503381</ele>
        <time>2026-09-27T10:53:05.331Z</time>
      </trkpt>
      <trkpt lat="49.012899" lon="11.535143">
        <ele>420.530306</ele>
        <time>2026-09-27T10:53:08.363Z</time>
      </trkpt>
      <trkpt lat="49.012860" lon="11.535329">
        <ele>420.525727</ele>
        <time>2026-09-27T10:53:11.349Z</time>
      </trkpt>
      <trkpt lat="49.012827" lon="11.535506">
        <ele>420.521413</ele>
        <time>2026-09-27T10:53:14.330Z</time>
      </trkpt>
      <trkpt lat="49.012785" lon="11.535695">
        <ele>420.516733</ele>
        <time>2026-09-27T10:53:17.321Z</time>
      </trkpt>
      <trkpt lat="49.012760" lon="11.535853">
        <ele>420.512922</ele>
        <time>2026-09-27T10:53:20.347Z</time>
      </trkpt>
      <trkpt lat="49.012730" lon="11.535997">
        <ele>420.509379</ele>
        <time>2026-09-27T10:53:22.331Z</time>
      </trkpt>
      <trkpt lat="49.012690" lon="11.536181">
        <ele>420.504834</ele>
        <time>2026-09-27T10:53:25.340Z</time>
      </trkpt>
      <trkpt lat="49.012657" lon="11.536353">
        <ele>420.500632</ele>
        <time>2026-09-27T10:53:28.343Z</time>
      </trkpt>
      <trkpt lat="49.012625" lon="11.536492">
        <ele>420.497177</ele>
        <time>2026-09-27T10:53:30.353Z</time>
      </trkpt>
      <trkpt lat="49.012590" lon="11.536671">
        <ele>420.492798</ele>
        <time>2026-09-27T10:53:33.334Z</time>
      </trkpt>
      <trkpt lat="49.012552" lon="11.536851">
        <ele>420.488364</ele>
        <time>2026-09-27T10:53:36.331Z</time>
      </trkpt>
      <trkpt lat="49.012519" lon="11.536994">
        <ele>420.484809</ele>
        <time>2026-09-27T10:53:38.335Z</time>
      </trkpt>
      <trkpt lat="49.012479" lon="11.537183">
        <ele>420.480152</ele>
        <time>2026-09-27T10:53:41.332Z</time>
      </trkpt>
      <trkpt lat="49.012444" lon="11.537355">
        <ele>420.475929</ele>
        <time>2026-09-27T10:53:44.338Z</time>
      </trkpt>
      <trkpt lat="49.012404" lon="11.537527">
        <ele>420.471650</ele>
        <time>2026-09-27T10:53:47.351Z</time>
      </trkpt>
      <trkpt lat="49.012358" lon="11.537717">
        <ele>420.466901</ele>
        <time>2026-09-27T10:53:50.356Z</time>
      </trkpt>
      <trkpt lat="49.012320" lon="11.537896">
        <ele>420.508475</ele>
        <time>2026-09-27T10:53:53.325Z</time>
      </trkpt>
      <trkpt lat="49.012271" lon="11.538073">
        <ele>420.559865</ele>
        <time>2026-09-27T10:53:56.325Z</time>
      </trkpt>
      <trkpt lat="49.012236" lon="11.538244">
        <ele>420.607781</ele>
        <time>2026-09-27T10:53:59.330Z</time>
      </trkpt>
      <trkpt lat="49.012207" lon="11.538377">
        <ele>420.645271</ele>
        <time>2026-09-27T10:54:01.328Z</time>
      </trkpt>
      <trkpt lat="49.012166" lon="11.538563">
        <ele>420.697759</ele>
        <time>2026-09-27T10:54:04.329Z</time>
      </trkpt>
      <trkpt lat="49.012133" lon="11.538725">
        <ele>420.743134</ele>
        <time>2026-09-27T10:54:07.336Z</time>
      </trkpt>
      <trkpt lat="49.012107" lon="11.538917">
        <ele>420.795575</ele>
        <time>2026-09-27T10:54:10.332Z</time>
      </trkpt>
      <trkpt lat="49.012070" lon="11.539103">
        <ele>420.847565</ele>
        <time>2026-09-27T10:54:13.338Z</time>
      </trkpt>
      <trkpt lat="49.012021" lon="11.539288">
        <ele>420.900933</ele>
        <time>2026-09-27T10:54:16.331Z</time>
      </trkpt>
      <trkpt lat="49.011989" lon="11.539460">
        <ele>420.948757</ele>
        <time>2026-09-27T10:54:19.359Z</time>
      </trkpt>
      <trkpt lat="49.011949" lon="11.539633">
        <ele>420.997823</ele>
        <time>2026-09-27T10:54:22.343Z</time>
      </trkpt>
      <trkpt lat="49.011913" lon="11.539824">
        <ele>421.050982</ele>
        <time>2026-09-27T10:54:25.333Z</time>
      </trkpt>
      <trkpt lat="49.011876" lon="11.540000">
        <ele>421.100419</ele>
        <time>2026-09-27T10:54:28.342Z</time>
      </trkpt>
      <trkpt lat="49.011840" lon="11.540186">
        <ele>421.152293</ele>
        <time>2026-09-27T10:54:31.332Z</time>
      </trkpt>
      <trkpt lat="49.011795" lon="11.540377">
        <ele>421.207641</ele>
        <time>2026-09-27T10:54:34.324Z</time>
      </trkpt>
      <trkpt lat="49.011758" lon="11.540574">
        <ele>421.270927</ele>
        <time>2026-09-27T10:54:37.333Z</time>
      </trkpt>
      <trkpt lat="49.011728" lon="11.540751">
        <ele>421.327388</ele>
        <time>2026-09-27T10:54:40.330Z</time>
      </trkpt>
      <trkpt lat="49.011691" lon="11.540941">
        <ele>421.388599</ele>
        <time>2026-09-27T10:54:43.333Z</time>
      </trkpt>
      <trkpt lat="49.011648" lon="11.541126">
        <ele>421.449216</ele>
        <time>2026-09-27T10:54:46.325Z</time>
      </trkpt>
      <trkpt lat="49.011605" lon="11.541311">
        <ele>421.509833</ele>
        <time>2026-09-27T10:54:49.356Z</time>
      </trkpt>
      <trkpt lat="49.011562" lon="11.541494">
        <ele>421.569868</ele>
        <time>2026-09-27T10:54:52.331Z</time>
      </trkpt>
      <trkpt lat="49.011534" lon="11.541627">
        <ele>421.613008</ele>
        <time>2026-09-27T10:54:54.335Z</time>
      </trkpt>
      <trkpt lat="49.011525" lon="11.541824">
        <ele>421.673997</ele>
        <time>2026-09-27T10:54:57.342Z</time>
      </trkpt>
      <trkpt lat="49.011508" lon="11.542015">
        <ele>421.733527</ele>
        <time>2026-09-27T10:55:00.343Z</time>
      </trkpt>
      <trkpt lat="49.011496" lon="11.542151">
        <ele>421.775908</ele>
        <time>2026-09-27T10:55:02.327Z</time>
      </trkpt>
      <trkpt lat="49.011495" lon="11.542344">
        <ele>421.835516</ele>
        <time>2026-09-27T10:55:05.352Z</time>
      </trkpt>
      <trkpt lat="49.011483" lon="11.542525">
        <ele>421.891701</ele>
        <time>2026-09-27T10:55:08.339Z</time>
      </trkpt>
      <trkpt lat="49.011471" lon="11.542661">
        <ele>421.934082</ele>
        <time>2026-09-27T10:55:10.322Z</time>
      </trkpt>
      <trkpt lat="49.011454" lon="11.542858">
        <ele>421.995448</ele>
        <time>2026-09-27T10:55:13.358Z</time>
      </trkpt>
      <trkpt lat="49.011442" lon="11.542999">
        <ele>422.039360</ele>
        <time>2026-09-27T10:55:15.338Z</time>
      </trkpt>
      <trkpt lat="49.011427" lon="11.543196">
        <ele>422.070349</ele>
        <time>2026-09-27T10:55:18.321Z</time>
      </trkpt>
      <trkpt lat="49.011416" lon="11.543389">
        <ele>422.096638</ele>
        <time>2026-09-27T10:55:21.341Z</time>
      </trkpt>
      <trkpt lat="49.011400" lon="11.543584">
        <ele>422.123306</ele>
        <time>2026-09-27T10:55:24.343Z</time>
      </trkpt>
      <trkpt lat="49.011383" lon="11.543778">
        <ele>422.149866</ele>
        <time>2026-09-27T10:55:27.339Z</time>
      </trkpt>
      <trkpt lat="49.011365" lon="11.543975">
        <ele>422.176857</ele>
        <time>2026-09-27T10:55:30.330Z</time>
      </trkpt>
      <trkpt lat="49.011354" lon="11.544161">
        <ele>422.202200</ele>
        <time>2026-09-27T10:55:33.329Z</time>
      </trkpt>
      <trkpt lat="49.011341" lon="11.544356">
        <ele>422.228798</ele>
        <time>2026-09-27T10:55:36.339Z</time>
      </trkpt>
      <trkpt lat="49.011326" lon="11.544553">
        <ele>422.255711</ele>
        <time>2026-09-27T10:55:39.330Z</time>
      </trkpt>
      <trkpt lat="49.011313" lon="11.544748">
        <ele>422.282309</ele>
        <time>2026-09-27T10:55:42.324Z</time>
      </trkpt>
      <trkpt lat="49.011299" lon="11.544953">
        <ele>422.310279</ele>
        <time>2026-09-27T10:55:45.330Z</time>
      </trkpt>
      <trkpt lat="49.011282" lon="11.545147">
        <ele>422.336839</ele>
        <time>2026-09-27T10:55:48.329Z</time>
      </trkpt>
      <trkpt lat="49.011265" lon="11.545348">
        <ele>422.364341</ele>
        <time>2026-09-27T10:55:51.347Z</time>
      </trkpt>
      <trkpt lat="49.011255" lon="11.545486">
        <ele>422.383181</ele>
        <time>2026-09-27T10:55:53.324Z</time>
      </trkpt>
      <trkpt lat="49.011242" lon="11.545679">
        <ele>422.409510</ele>
        <time>2026-09-27T10:55:56.323Z</time>
      </trkpt>
      <trkpt lat="49.011235" lon="11.545884">
        <ele>422.371899</ele>
        <time>2026-09-27T10:55:59.323Z</time>
      </trkpt>
      <trkpt lat="49.011260" lon="11.546082">
        <ele>422.303019</ele>
        <time>2026-09-27T10:56:02.365Z</time>
      </trkpt>
      <trkpt lat="49.011289" lon="11.546263">
        <ele>422.239370</ele>
        <time>2026-09-27T10:56:05.339Z</time>
      </trkpt>
      <trkpt lat="49.011326" lon="11.546456">
        <ele>422.170680</ele>
        <time>2026-09-27T10:56:08.331Z</time>
      </trkpt>
      <trkpt lat="49.011360" lon="11.546640">
        <ele>422.105378</ele>
        <time>2026-09-27T10:56:11.333Z</time>
      </trkpt>
      <trkpt lat="49.011397" lon="11.546830">
        <ele>422.037672</ele>
        <time>2026-09-27T10:56:14.328Z</time>
      </trkpt>
      <trkpt lat="49.011440" lon="11.547007">
        <ele>421.973193</ele>
        <time>2026-09-27T10:56:17.333Z</time>
      </trkpt>
      <trkpt lat="49.011479" lon="11.547195">
        <ele>421.905835</ele>
        <time>2026-09-27T10:56:20.321Z</time>
      </trkpt>
      <trkpt lat="49.011521" lon="11.547386">
        <ele>421.837019</ele>
        <time>2026-09-27T10:56:23.332Z</time>
      </trkpt>
      <trkpt lat="49.011562" lon="11.547577">
        <ele>421.768366</ele>
        <time>2026-09-27T10:56:26.329Z</time>
      </trkpt>
      <trkpt lat="49.011602" lon="11.547761">
        <ele>421.702148</ele>
        <time>2026-09-27T10:56:29.346Z</time>
      </trkpt>
      <trkpt lat="49.011629" lon="11.547896">
        <ele>421.653935</ele>
        <time>2026-09-27T10:56:31.339Z</time>
      </trkpt>
      <trkpt lat="49.011658" lon="11.548082">
        <ele>421.588626</ele>
        <time>2026-09-27T10:56:34.316Z</time>
      </trkpt>
      <trkpt lat="49.011688" lon="11.548268">
        <ele>421.523194</ele>
        <time>2026-09-27T10:56:37.322Z</time>
      </trkpt>
      <trkpt lat="49.011712" lon="11.548405">
        <ele>421.482987</ele>
        <time>2026-09-27T10:56:39.346Z</time>
      </trkpt>
      <trkpt lat="49.011736" lon="11.548539">
        <ele>421.489527</ele>
        <time>2026-09-27T10:56:41.343Z</time>
      </trkpt>
      <trkpt lat="49.011771" lon="11.548725">
        <ele>421.498637</ele>
        <time>2026-09-27T10:56:44.331Z</time>
      </trkpt>
      <trkpt lat="49.011798" lon="11.548856">
        <ele>421.505102</ele>
        <time>2026-09-27T10:56:46.352Z</time>
      </trkpt>
      <trkpt lat="49.011818" lon="11.548996">
        <ele>421.511848</ele>
        <time>2026-09-27T10:56:48.339Z</time>
      </trkpt>
      <trkpt lat="49.011852" lon="11.549175">
        <ele>421.520622</ele>
        <time>2026-09-27T10:56:51.334Z</time>
      </trkpt>
      <trkpt lat="49.011880" lon="11.549315">
        <ele>421.527513</ele>
        <time>2026-09-27T10:56:53.321Z</time>
      </trkpt>
      <trkpt lat="49.011913" lon="11.549503">
        <ele>421.536676</ele>
        <time>2026-09-27T10:56:56.330Z</time>
      </trkpt>
      <trkpt lat="49.011942" lon="11.549635">
        <ele>421.543230</ele>
        <time>2026-09-27T10:56:58.483Z</time>
      </trkpt>
      <trkpt lat="49.011973" lon="11.549819">
        <ele>421.552174</ele>
        <time>2026-09-27T10:57:01.323Z</time>
      </trkpt>
      <trkpt lat="49.012007" lon="11.549959">
        <ele>421.559203</ele>
        <time>2026-09-27T10:57:03.300Z</time>
      </trkpt>
      <trkpt lat="49.012042" lon="11.550147">
        <ele>421.568404</ele>
        <time>2026-09-27T10:57:06.313Z</time>
      </trkpt>
      <trkpt lat="49.012071" lon="11.550280">
        <ele>421.575002</ele>
        <time>2026-09-27T10:57:08.293Z</time>
      </trkpt>
      <trkpt lat="49.012104" lon="11.550469">
        <ele>421.584211</ele>
        <time>2026-09-27T10:57:11.308Z</time>
      </trkpt>
      <trkpt lat="49.012130" lon="11.550657">
        <ele>421.593256</ele>
        <time>2026-09-27T10:57:14.334Z</time>
      </trkpt>
      <trkpt lat="49.012179" lon="11.550848">
        <ele>421.602912</ele>
        <time>2026-09-27T10:57:17.329Z</time>
      </trkpt>
      <trkpt lat="49.012225" lon="11.551046">
        <ele>421.591951</ele>
        <time>2026-09-27T10:57:20.349Z</time>
      </trkpt>
      <trkpt lat="49.012267" lon="11.551232">
        <ele>421.487876</ele>
        <time>2026-09-27T10:57:23.343Z</time>
      </trkpt>
      <trkpt lat="49.012289" lon="11.551373">
        <ele>421.411195</ele>
        <time>2026-09-27T10:57:25.328Z</time>
      </trkpt>
      <trkpt lat="49.012332" lon="11.551556">
        <ele>421.308350</ele>
        <time>2026-09-27T10:57:28.334Z</time>
      </trkpt>
      <trkpt lat="49.012373" lon="11.551757">
        <ele>421.196983</ele>
        <time>2026-09-27T10:57:31.332Z</time>
      </trkpt>
      <trkpt lat="49.012393" lon="11.551893">
        <ele>421.123244</ele>
        <time>2026-09-27T10:57:33.330Z</time>
      </trkpt>
      <trkpt lat="49.012429" lon="11.552071">
        <ele>421.024694</ele>
        <time>2026-09-27T10:57:36.327Z</time>
      </trkpt>
      <trkpt lat="49.012471" lon="11.552245">
        <ele>420.926601</ele>
        <time>2026-09-27T10:57:39.353Z</time>
      </trkpt>
      <trkpt lat="49.012506" lon="11.552431">
        <ele>420.824224</ele>
        <time>2026-09-27T10:57:42.331Z</time>
      </trkpt>
      <trkpt lat="49.012537" lon="11.552624">
        <ele>420.719097</ele>
        <time>2026-09-27T10:57:45.321Z</time>
      </trkpt>
      <trkpt lat="49.012570" lon="11.552802">
        <ele>420.621234</ele>
        <time>2026-09-27T10:57:48.338Z</time>
      </trkpt>
      <trkpt lat="49.012599" lon="11.552975">
        <ele>420.526764</ele>
        <time>2026-09-27T10:57:51.358Z</time>
      </trkpt>
      <trkpt lat="49.012629" lon="11.553158">
        <ele>420.426966</ele>
        <time>2026-09-27T10:57:54.338Z</time>
      </trkpt>
      <trkpt lat="49.012665" lon="11.553325">
        <ele>420.333963</ele>
        <time>2026-09-27T10:57:57.340Z</time>
      </trkpt>
      <trkpt lat="49.012710" lon="11.553480">
        <ele>420.244283</ele>
        <time>2026-09-27T10:58:00.326Z</time>
      </trkpt>
      <trkpt lat="49.012744" lon="11.553637">
        <ele>420.161165</ele>
        <time>2026-09-27T10:58:03.329Z</time>
      </trkpt>
      <trkpt lat="49.012766" lon="11.553801">
        <ele>420.184665</ele>
        <time>2026-09-27T10:58:06.345Z</time>
      </trkpt>
      <trkpt lat="49.012795" lon="11.553951">
        <ele>420.206620</ele>
        <time>2026-09-27T10:58:09.328Z</time>
      </trkpt>
      <trkpt lat="49.012830" lon="11.554122">
        <ele>420.231768</ele>
        <time>2026-09-27T10:58:12.317Z</time>
      </trkpt>
      <trkpt lat="49.012868" lon="11.554315">
        <ele>420.260058</ele>
        <time>2026-09-27T10:58:15.330Z</time>
      </trkpt>
      <trkpt lat="49.012909" lon="11.554481">
        <ele>420.284960</ele>
        <time>2026-09-27T10:58:18.333Z</time>
      </trkpt>
      <trkpt lat="49.012952" lon="11.554659">
        <ele>420.311591</ele>
        <time>2026-09-27T10:58:21.331Z</time>
      </trkpt>
      <trkpt lat="49.012976" lon="11.554791">
        <ele>420.330821</ele>
        <time>2026-09-27T10:58:23.319Z</time>
      </trkpt>
      <trkpt lat="49.013007" lon="11.554985">
        <ele>420.358853</ele>
        <time>2026-09-27T10:58:26.347Z</time>
      </trkpt>
      <trkpt lat="49.013043" lon="11.555170">
        <ele>420.385944</ele>
        <time>2026-09-27T10:58:29.316Z</time>
      </trkpt>
      <trkpt lat="49.013077" lon="11.555299">
        <ele>420.405462</ele>
        <time>2026-09-27T10:58:31.341Z</time>
      </trkpt>
      <trkpt lat="49.013119" lon="11.555434">
        <ele>420.426438</ele>
        <time>2026-09-27T10:58:33.325Z</time>
      </trkpt>
      <trkpt lat="49.013180" lon="11.555602">
        <ele>420.453397</ele>
        <time>2026-09-27T10:58:36.350Z</time>
      </trkpt>
      <trkpt lat="49.013269" lon="11.555702">
        <ele>420.477061</ele>
        <time>2026-09-27T10:58:39.333Z</time>
      </trkpt>
      <trkpt lat="49.013383" lon="11.555749">
        <ele>420.502338</ele>
        <time>2026-09-27T10:58:42.332Z</time>
      </trkpt>
      <trkpt lat="49.013498" lon="11.555794">
        <ele>420.527751</ele>
        <time>2026-09-27T10:58:45.322Z</time>
      </trkpt>
      <trkpt lat="49.013587" lon="11.555849">
        <ele>420.558738</ele>
        <time>2026-09-27T10:58:47.349Z</time>
      </trkpt>
      <trkpt lat="49.013673" lon="11.555895">
        <ele>420.644643</ele>
        <time>2026-09-27T10:58:49.319Z</time>
      </trkpt>
      <trkpt lat="49.013793" lon="11.555955">
        <ele>420.763679</ele>
        <time>2026-09-27T10:58:52.339Z</time>
      </trkpt>
      <trkpt lat="49.013878" lon="11.556010">
        <ele>420.850714</ele>
        <time>2026-09-27T10:58:54.333Z</time>
      </trkpt>
      <trkpt lat="49.014008" lon="11.556078">
        <ele>420.980260</ele>
        <time>2026-09-27T10:58:57.319Z</time>
      </trkpt>
      <trkpt lat="49.014095" lon="11.556123">
        <ele>421.066854</ele>
        <time>2026-09-27T10:58:59.346Z</time>
      </trkpt>
      <trkpt lat="49.014188" lon="11.556171">
        <ele>421.159400</ele>
        <time>2026-09-27T10:59:01.326Z</time>
      </trkpt>
      <trkpt lat="49.014301" lon="11.556238">
        <ele>421.273681</ele>
        <time>2026-09-27T10:59:04.323Z</time>
      </trkpt>
      <trkpt lat="49.014386" lon="11.556297">
        <ele>421.361712</ele>
        <time>2026-09-27T10:59:06.339Z</time>
      </trkpt>
      <trkpt lat="49.014506" lon="11.556380">
        <ele>421.485916</ele>
        <time>2026-09-27T10:59:09.322Z</time>
      </trkpt>
      <trkpt lat="49.014585" lon="11.556451">
        <ele>421.572353</ele>
        <time>2026-09-27T10:59:11.322Z</time>
      </trkpt>
      <trkpt lat="49.014663" lon="11.556534">
        <ele>421.662008</ele>
        <time>2026-09-27T10:59:13.320Z</time>
      </trkpt>
      <trkpt lat="49.014737" lon="11.556619">
        <ele>421.749338</ele>
        <time>2026-09-27T10:59:15.315Z</time>
      </trkpt>
      <trkpt lat="49.014851" lon="11.556726">
        <ele>421.875519</ele>
        <time>2026-09-27T10:59:18.313Z</time>
      </trkpt>
      <trkpt lat="49.014975" lon="11.556774">
        <ele>421.996107</ele>
        <time>2026-09-27T10:59:21.302Z</time>
      </trkpt>
      <trkpt lat="49.015101" lon="11.556825">
        <ele>422.118985</ele>
        <time>2026-09-27T10:59:24.315Z</time>
      </trkpt>
      <trkpt lat="49.015189" lon="11.556856">
        <ele>422.204117</ele>
        <time>2026-09-27T10:59:26.325Z</time>
      </trkpt>
      <trkpt lat="49.015317" lon="11.556909">
        <ele>422.191689</ele>
        <time>2026-09-27T10:59:29.313Z</time>
      </trkpt>
      <trkpt lat="49.015442" lon="11.556969">
        <ele>422.123451</ele>
        <time>2026-09-27T10:59:32.329Z</time>
      </trkpt>
      <trkpt lat="49.015575" lon="11.557031">
        <ele>422.051031</ele>
        <time>2026-09-27T10:59:35.314Z</time>
      </trkpt>
      <trkpt lat="49.015709" lon="11.557076">
        <ele>421.979583</ele>
        <time>2026-09-27T10:59:38.326Z</time>
      </trkpt>
      <trkpt lat="49.015833" lon="11.557126">
        <ele>421.912794</ele>
        <time>2026-09-27T10:59:41.336Z</time>
      </trkpt>
      <trkpt lat="49.015962" lon="11.557176">
        <ele>421.843485</ele>
        <time>2026-09-27T10:59:44.318Z</time>
      </trkpt>
      <trkpt lat="49.016050" lon="11.557199">
        <ele>421.796994</ele>
        <time>2026-09-27T10:59:46.339Z</time>
      </trkpt>
      <trkpt lat="49.016138" lon="11.557234">
        <ele>421.749637</ele>
        <time>2026-09-27T10:59:48.342Z</time>
      </trkpt>
      <trkpt lat="49.016226" lon="11.557271">
        <ele>421.702104</ele>
        <time>2026-09-27T10:59:50.330Z</time>
      </trkpt>
      <trkpt lat="49.016320" lon="11.557304">
        <ele>421.651876</ele>
        <time>2026-09-27T10:59:52.337Z</time>
      </trkpt>
      <trkpt lat="49.016438" lon="11.557351">
        <ele>421.588370</ele>
        <time>2026-09-27T10:59:55.346Z</time>
      </trkpt>
      <trkpt lat="49.016562" lon="11.557396">
        <ele>421.521997</ele>
        <time>2026-09-27T10:59:58.338Z</time>
      </trkpt>
      <trkpt lat="49.016651" lon="11.557420">
        <ele>421.474934</ele>
        <time>2026-09-27T11:00:00.317Z</time>
      </trkpt>
      <trkpt lat="49.016770" lon="11.557451">
        <ele>421.412071</ele>
        <time>2026-09-27T11:00:03.312Z</time>
      </trkpt>
      <trkpt lat="49.016883" lon="11.557507">
        <ele>421.350200</ele>
        <time>2026-09-27T11:00:06.318Z</time>
      </trkpt>
      <trkpt lat="49.017002" lon="11.557555">
        <ele>421.356363</ele>
        <time>2026-09-27T11:00:09.342Z</time>
      </trkpt>
      <trkpt lat="49.017115" lon="11.557601">
        <ele>421.534328</ele>
        <time>2026-09-27T11:00:12.301Z</time>
      </trkpt>
      <trkpt lat="49.017224" lon="11.557648">
        <ele>421.706688</ele>
        <time>2026-09-27T11:00:15.321Z</time>
      </trkpt>
      <trkpt lat="49.017318" lon="11.557689">
        <ele>421.855456</ele>
        <time>2026-09-27T11:00:18.329Z</time>
      </trkpt>
      <trkpt lat="49.017425" lon="11.557676">
        <ele>422.018785</ele>
        <time>2026-09-27T11:00:22.334Z</time>
      </trkpt>
      <trkpt lat="49.017522" lon="11.557648">
        <ele>422.169003</ele>
        <time>2026-09-27T11:00:25.323Z</time>
      </trkpt>
      <trkpt lat="49.017627" lon="11.557744">
        <ele>422.355293</ele>
        <time>2026-09-27T11:00:28.320Z</time>
      </trkpt>
      <trkpt lat="49.017731" lon="11.557739">
        <ele>422.513619</ele>
        <time>2026-09-27T11:00:31.327Z</time>
      </trkpt>
      <trkpt lat="49.017852" lon="11.557696">
        <ele>422.702669</ele>
        <time>2026-09-27T11:00:35.346Z</time>
      </trkpt>
      <trkpt lat="49.017957" lon="11.557675">
        <ele>422.863807</ele>
        <time>2026-09-27T11:00:38.308Z</time>
      </trkpt>
      <trkpt lat="49.018073" lon="11.557688">
        <ele>423.040790</ele>
        <time>2026-09-27T11:00:41.365Z</time>
      </trkpt>
      <trkpt lat="49.018188" lon="11.557735">
        <ele>423.221952</ele>
        <time>2026-09-27T11:00:45.372Z</time>
      </trkpt>
      <trkpt lat="49.018276" lon="11.557815">
        <ele>423.377846</ele>
        <time>2026-09-27T11:00:48.349Z</time>
      </trkpt>
      <trkpt lat="49.018360" lon="11.557892">
        <ele>423.526980</ele>
        <time>2026-09-27T11:00:51.338Z</time>
      </trkpt>
      <trkpt lat="49.018434" lon="11.557986">
        <ele>423.673532</ele>
        <time>2026-09-27T11:00:54.333Z</time>
      </trkpt>
      <trkpt lat="49.018511" lon="11.558091">
        <ele>423.830714</ele>
        <time>2026-09-27T11:00:59.332Z</time>
      </trkpt>
      <trkpt lat="49.018598" lon="11.558171">
        <ele>423.985303</ele>
        <time>2026-09-27T11:01:01.346Z</time>
      </trkpt>
      <trkpt lat="49.018708" lon="11.558245">
        <ele>424.227729</ele>
        <time>2026-09-27T11:01:04.323Z</time>
      </trkpt>
      <trkpt lat="49.018806" lon="11.558314">
        <ele>424.468670</ele>
        <time>2026-09-27T11:01:07.365Z</time>
      </trkpt>
      <trkpt lat="49.018895" lon="11.558383">
        <ele>424.691531</ele>
        <time>2026-09-27T11:01:10.424Z</time>
      </trkpt>
      <trkpt lat="49.018996" lon="11.558445">
        <ele>424.934558</ele>
        <time>2026-09-27T11:01:14.316Z</time>
      </trkpt>
      <trkpt lat="49.019079" lon="11.558531">
        <ele>425.158548</ele>
        <time>2026-09-27T11:01:17.294Z</time>
      </trkpt>
      <trkpt lat="49.019185" lon="11.558630">
        <ele>425.436007</ele>
        <time>2026-09-27T11:01:21.313Z</time>
      </trkpt>
      <trkpt lat="49.019265" lon="11.558703">
        <ele>425.644108</ele>
        <time>2026-09-27T11:01:24.313Z</time>
      </trkpt>
      <trkpt lat="49.019348" lon="11.558759">
        <ele>425.846699</ele>
        <time>2026-09-27T11:01:27.352Z</time>
      </trkpt>
      <trkpt lat="49.019463" lon="11.558830">
        <ele>426.123635</ele>
        <time>2026-09-27T11:01:31.339Z</time>
      </trkpt>
      <trkpt lat="49.019559" lon="11.558897">
        <ele>426.359296</ele>
        <time>2026-09-27T11:01:34.330Z</time>
      </trkpt>
      <trkpt lat="49.019655" lon="11.558948">
        <ele>426.586211</ele>
        <time>2026-09-27T11:01:37.330Z</time>
      </trkpt>
      <trkpt lat="49.019763" lon="11.559008">
        <ele>426.842781</ele>
        <time>2026-09-27T11:01:40.331Z</time>
      </trkpt>
      <trkpt lat="49.019867" lon="11.559050">
        <ele>427.082924</ele>
        <time>2026-09-27T11:01:43.353Z</time>
      </trkpt>
      <trkpt lat="49.019983" lon="11.559114">
        <ele>427.358277</ele>
        <time>2026-09-27T11:01:47.353Z</time>
      </trkpt>
      <trkpt lat="49.020105" lon="11.559173">
        <ele>427.643962</ele>
        <time>2026-09-27T11:01:50.351Z</time>
      </trkpt>
      <trkpt lat="49.020198" lon="11.559209">
        <ele>427.858133</ele>
        <time>2026-09-27T11:01:53.461Z</time>
      </trkpt>
      <trkpt lat="49.020284" lon="11.559259">
        <ele>428.061589</ele>
        <time>2026-09-27T11:01:57.311Z</time>
      </trkpt>
      <trkpt lat="49.020404" lon="11.559325">
        <ele>428.275106</ele>
        <time>2026-09-27T11:02:01.312Z</time>
      </trkpt>
      <trkpt lat="49.020523" lon="11.559357">
        <ele>428.477357</ele>
        <time>2026-09-27T11:02:05.318Z</time>
      </trkpt>
      <trkpt lat="49.020618" lon="11.559377">
        <ele>428.637873</ele>
        <time>2026-09-27T11:02:09.314Z</time>
      </trkpt>
      <trkpt lat="49.020708" lon="11.559402">
        <ele>428.790990</ele>
        <time>2026-09-27T11:02:11.305Z</time>
      </trkpt>
      <trkpt lat="49.020824" lon="11.559434">
        <ele>428.988298</ele>
        <time>2026-09-27T11:02:14.301Z</time>
      </trkpt>
      <trkpt lat="49.020941" lon="11.559394">
        <ele>429.188990</ele>
        <time>2026-09-27T11:02:18.330Z</time>
      </trkpt>
      <trkpt lat="49.021048" lon="11.559345">
        <ele>429.375984</ele>
        <time>2026-09-27T11:02:21.323Z</time>
      </trkpt>
      <trkpt lat="49.021142" lon="11.559366">
        <ele>429.534997</ele>
        <time>2026-09-27T11:02:24.323Z</time>
      </trkpt>
      <trkpt lat="49.021273" lon="11.559443">
        <ele>429.769985</ele>
        <time>2026-09-27T11:02:27.323Z</time>
      </trkpt>
      <trkpt lat="49.021358" lon="11.559529">
        <ele>429.940722</ele>
        <time>2026-09-27T11:02:29.324Z</time>
      </trkpt>
      <trkpt lat="49.021467" lon="11.559608">
        <ele>430.142720</ele>
        <time>2026-09-27T11:02:32.358Z</time>
      </trkpt>
      <trkpt lat="49.021568" lon="11.559682">
        <ele>430.330270</ele>
        <time>2026-09-27T11:02:35.343Z</time>
      </trkpt>
      <trkpt lat="49.021655" lon="11.559738">
        <ele>430.488329</ele>
        <time>2026-09-27T11:02:38.350Z</time>
      </trkpt>
      <trkpt lat="49.021749" lon="11.559815">
        <ele>430.666926</ele>
        <time>2026-09-27T11:02:42.333Z</time>
      </trkpt>
      <trkpt lat="49.021839" lon="11.559886">
        <ele>430.836528</ele>
        <time>2026-09-27T11:02:45.353Z</time>
      </trkpt>
      <trkpt lat="49.021931" lon="11.559963">
        <ele>431.012183</ele>
        <time>2026-09-27T11:02:48.362Z</time>
      </trkpt>
      <trkpt lat="49.022032" lon="11.560050">
        <ele>431.024215</ele>
        <time>2026-09-27T11:02:51.338Z</time>
      </trkpt>
      <trkpt lat="49.022136" lon="11.560138">
        <ele>430.964687</ele>
        <time>2026-09-27T11:02:54.347Z</time>
      </trkpt>
      <trkpt lat="49.022235" lon="11.560220">
        <ele>430.908301</ele>
        <time>2026-09-27T11:02:57.346Z</time>
      </trkpt>
      <trkpt lat="49.022332" lon="11.560297">
        <ele>430.853570</ele>
        <time>2026-09-27T11:03:00.352Z</time>
      </trkpt>
      <trkpt lat="49.022427" lon="11.560379">
        <ele>430.798935</ele>
        <time>2026-09-27T11:03:03.351Z</time>
      </trkpt>
      <trkpt lat="49.022527" lon="11.560452">
        <ele>430.743447</ele>
        <time>2026-09-27T11:03:06.324Z</time>
      </trkpt>
      <trkpt lat="49.022630" lon="11.560541">
        <ele>430.684195</ele>
        <time>2026-09-27T11:03:09.363Z</time>
      </trkpt>
      <trkpt lat="49.022725" lon="11.560618">
        <ele>430.630350</ele>
        <time>2026-09-27T11:03:12.328Z</time>
      </trkpt>
      <trkpt lat="49.022810" lon="11.560692">
        <ele>430.581363</ele>
        <time>2026-09-27T11:03:15.357Z</time>
      </trkpt>
      <trkpt lat="49.022908" lon="11.560770">
        <ele>430.526037</ele>
        <time>2026-09-27T11:03:18.335Z</time>
      </trkpt>
      <trkpt lat="49.023011" lon="11.560859">
        <ele>430.466786</ele>
        <time>2026-09-27T11:03:21.325Z</time>
      </trkpt>
      <trkpt lat="49.023090" lon="11.560928">
        <ele>430.421221</ele>
        <time>2026-09-27T11:03:24.315Z</time>
      </trkpt>
      <trkpt lat="49.023184" lon="11.561004">
        <ele>430.367971</ele>
        <time>2026-09-27T11:03:27.323Z</time>
      </trkpt>
      <trkpt lat="49.023275" lon="11.561083">
        <ele>430.315563</ele>
        <time>2026-09-27T11:03:30.331Z</time>
      </trkpt>
      <trkpt lat="49.023366" lon="11.561177">
        <ele>430.260554</ele>
        <time>2026-09-27T11:03:33.329Z</time>
      </trkpt>
      <trkpt lat="49.023477" lon="11.561264">
        <ele>430.198091</ele>
        <time>2026-09-27T11:03:36.306Z</time>
      </trkpt>
      <trkpt lat="49.023564" lon="11.561334">
        <ele>430.127000</ele>
        <time>2026-09-27T11:03:39.393Z</time>
      </trkpt>
      <trkpt lat="49.023678" lon="11.561438">
        <ele>429.975391</ele>
        <time>2026-09-27T11:03:42.317Z</time>
      </trkpt>
      <trkpt lat="49.023764" lon="11.561510">
        <ele>429.863422</ele>
        <time>2026-09-27T11:03:45.313Z</time>
      </trkpt>
      <trkpt lat="49.023866" lon="11.561578">
        <ele>429.736374</ele>
        <time>2026-09-27T11:03:47.336Z</time>
      </trkpt>
      <trkpt lat="49.023991" lon="11.561653">
        <ele>429.583069</ele>
        <time>2026-09-27T11:03:49.339Z</time>
      </trkpt>
      <trkpt lat="49.024080" lon="11.561703">
        <ele>429.474821</ele>
        <time>2026-09-27T11:03:51.297Z</time>
      </trkpt>
      <trkpt lat="49.024161" lon="11.561783">
        <ele>429.364683</ele>
        <time>2026-09-27T11:03:53.311Z</time>
      </trkpt>
      <trkpt lat="49.024245" lon="11.561874">
        <ele>429.247088</ele>
        <time>2026-09-27T11:03:55.337Z</time>
      </trkpt>
      <trkpt lat="49.024343" lon="11.561985">
        <ele>429.107768</ele>
        <time>2026-09-27T11:03:57.357Z</time>
      </trkpt>
      <trkpt lat="49.024464" lon="11.562097">
        <ele>428.946226</ele>
        <time>2026-09-27T11:04:00.316Z</time>
      </trkpt>
      <trkpt lat="49.024554" lon="11.562183">
        <ele>428.825013</ele>
        <time>2026-09-27T11:04:02.322Z</time>
      </trkpt>
      <trkpt lat="49.024659" lon="11.562262">
        <ele>428.691387</ele>
        <time>2026-09-27T11:04:04.319Z</time>
      </trkpt>
      <trkpt lat="49.024762" lon="11.562343">
        <ele>428.559126</ele>
        <time>2026-09-27T11:04:06.340Z</time>
      </trkpt>
      <trkpt lat="49.024855" lon="11.562430">
        <ele>428.434608</ele>
        <time>2026-09-27T11:04:08.305Z</time>
      </trkpt>
      <trkpt lat="49.024950" lon="11.562521">
        <ele>428.306573</ele>
        <time>2026-09-27T11:04:10.324Z</time>
      </trkpt>
      <trkpt lat="49.025046" lon="11.562598">
        <ele>428.182780</ele>
        <time>2026-09-27T11:04:12.361Z</time>
      </trkpt>
      <trkpt lat="49.025157" lon="11.562684">
        <ele>427.995230</ele>
        <time>2026-09-27T11:04:14.340Z</time>
      </trkpt>
      <trkpt lat="49.025258" lon="11.562768">
        <ele>427.781598</ele>
        <time>2026-09-27T11:04:16.356Z</time>
      </trkpt>
      <trkpt lat="49.025346" lon="11.562838">
        <ele>427.597290</ele>
        <time>2026-09-27T11:04:19.350Z</time>
      </trkpt>
      <trkpt lat="49.025426" lon="11.562909">
        <ele>427.425407</ele>
        <time>2026-09-27T11:04:24.359Z</time>
      </trkpt>
      <trkpt lat="49.025525" lon="11.562985">
        <ele>427.219589</ele>
        <time>2026-09-27T11:04:28.374Z</time>
      </trkpt>
      <trkpt lat="49.025617" lon="11.563061">
        <ele>427.025293</ele>
        <time>2026-09-27T11:04:31.357Z</time>
      </trkpt>
      <trkpt lat="49.025723" lon="11.563152">
        <ele>426.799409</ele>
        <time>2026-09-27T11:04:34.351Z</time>
      </trkpt>
      <trkpt lat="49.025807" lon="11.563223">
        <ele>426.621067</ele>
        <time>2026-09-27T11:04:36.361Z</time>
      </trkpt>
      <trkpt lat="49.025920" lon="11.563317">
        <ele>426.382042</ele>
        <time>2026-09-27T11:04:39.341Z</time>
      </trkpt>
      <trkpt lat="49.026029" lon="11.563409">
        <ele>426.150701</ele>
        <time>2026-09-27T11:04:42.351Z</time>
      </trkpt>
      <trkpt lat="49.026113" lon="11.563477">
        <ele>425.974101</ele>
        <time>2026-09-27T11:04:44.367Z</time>
      </trkpt>
      <trkpt lat="49.026196" lon="11.563549">
        <ele>425.796783</ele>
        <time>2026-09-27T11:04:46.350Z</time>
      </trkpt>
      <trkpt lat="49.026283" lon="11.563620">
        <ele>425.613549</ele>
        <time>2026-09-27T11:04:48.358Z</time>
      </trkpt>
      <trkpt lat="49.026363" lon="11.563689">
        <ele>425.442879</ele>
        <time>2026-09-27T11:04:50.355Z</time>
      </trkpt>
      <trkpt lat="49.026484" lon="11.563786">
        <ele>425.189034</ele>
        <time>2026-09-27T11:04:53.347Z</time>
      </trkpt>
      <trkpt lat="49.026571" lon="11.563854">
        <ele>425.007496</ele>
        <time>2026-09-27T11:04:55.350Z</time>
      </trkpt>
      <trkpt lat="49.026674" lon="11.563952">
        <ele>424.782057</ele>
        <time>2026-09-27T11:04:58.355Z</time>
      </trkpt>
      <trkpt lat="49.026777" lon="11.564041">
        <ele>424.810754</ele>
        <time>2026-09-27T11:05:01.350Z</time>
      </trkpt>
      <trkpt lat="49.026880" lon="11.564126">
        <ele>424.849532</ele>
        <time>2026-09-27T11:05:04.344Z</time>
      </trkpt>
      <trkpt lat="49.026989" lon="11.564222">
        <ele>424.891211</ele>
        <time>2026-09-27T11:05:07.337Z</time>
      </trkpt>
      <trkpt lat="49.027067" lon="11.564291">
        <ele>424.921069</ele>
        <time>2026-09-27T11:05:09.357Z</time>
      </trkpt>
      <trkpt lat="49.027147" lon="11.564361">
        <ele>424.951609</ele>
        <time>2026-09-27T11:05:11.337Z</time>
      </trkpt>
      <trkpt lat="49.027231" lon="11.564430">
        <ele>424.983201</ele>
        <time>2026-09-27T11:05:13.360Z</time>
      </trkpt>
      <trkpt lat="49.027313" lon="11.564497">
        <ele>425.014004</ele>
        <time>2026-09-27T11:05:15.339Z</time>
      </trkpt>
      <trkpt lat="49.027433" lon="11.564597">
        <ele>425.059284</ele>
        <time>2026-09-27T11:05:18.360Z</time>
      </trkpt>
      <trkpt lat="49.027544" lon="11.564683">
        <ele>425.100509</ele>
        <time>2026-09-27T11:05:21.323Z</time>
      </trkpt>
      <trkpt lat="49.027651" lon="11.564774">
        <ele>425.141076</ele>
        <time>2026-09-27T11:05:24.361Z</time>
      </trkpt>
      <trkpt lat="49.027743" lon="11.564853">
        <ele>425.176036</ele>
        <time>2026-09-27T11:05:27.332Z</time>
      </trkpt>
      <trkpt lat="49.027844" lon="11.564943">
        <ele>425.214769</ele>
        <time>2026-09-27T11:05:30.339Z</time>
      </trkpt>
      <trkpt lat="49.027948" lon="11.565033">
        <ele>425.254363</ele>
        <time>2026-09-27T11:05:33.324Z</time>
      </trkpt>
      <trkpt lat="49.028055" lon="11.565123">
        <ele>425.294825</ele>
        <time>2026-09-27T11:05:36.331Z</time>
      </trkpt>
      <trkpt lat="49.028161" lon="11.565211">
        <ele>425.334787</ele>
        <time>2026-09-27T11:05:39.329Z</time>
      </trkpt>
      <trkpt lat="49.028242" lon="11.565274">
        <ele>425.364894</ele>
        <time>2026-09-27T11:05:41.317Z</time>
      </trkpt>
      <trkpt lat="49.028347" lon="11.565357">
        <ele>425.368714</ele>
        <time>2026-09-27T11:05:44.330Z</time>
      </trkpt>
      <trkpt lat="49.028452" lon="11.565446">
        <ele>425.368714</ele>
        <time>2026-09-27T11:05:47.323Z</time>
      </trkpt>
      <trkpt lat="49.028566" lon="11.565542">
        <ele>425.368714</ele>
        <time>2026-09-27T11:05:50.316Z</time>
      </trkpt>
      <trkpt lat="49.028675" lon="11.565626">
        <ele>425.368714</ele>
        <time>2026-09-27T11:05:53.306Z</time>
      </trkpt>
      <trkpt lat="49.028768" lon="11.565693">
        <ele>425.368714</ele>
        <time>2026-09-27T11:05:56.324Z</time>
      </trkpt>
      <trkpt lat="49.028859" lon="11.565773">
        <ele>425.368714</ele>
        <time>2026-09-27T11:05:59.318Z</time>
      </trkpt>
      <trkpt lat="49.028953" lon="11.565848">
        <ele>425.368714</ele>
        <time>2026-09-27T11:06:02.332Z</time>
      </trkpt>
      <trkpt lat="49.029042" lon="11.565934">
        <ele>425.368714</ele>
        <time>2026-09-27T11:06:05.338Z</time>
      </trkpt>
      <trkpt lat="49.029153" lon="11.566021">
        <ele>425.368714</ele>
        <time>2026-09-27T11:06:08.333Z</time>
      </trkpt>
      <trkpt lat="49.029260" lon="11.566119">
        <ele>425.368714</ele>
        <time>2026-09-27T11:06:11.318Z</time>
      </trkpt>
      <trkpt lat="49.029350" lon="11.566245">
        <ele>425.368714</ele>
        <time>2026-09-27T11:06:14.338Z</time>
      </trkpt>
      <trkpt lat="49.029410" lon="11.566370">
        <ele>425.368714</ele>
        <time>2026-09-27T11:06:17.317Z</time>
      </trkpt>
      <trkpt lat="49.029356" lon="11.566226">
        <ele>425.368714</ele>
        <time>2026-09-27T11:07:51.300Z</time>
      </trkpt>
      <trkpt lat="49.029308" lon="11.566096">
        <ele>425.368714</ele>
        <time>2026-09-27T11:07:58.294Z</time>
      </trkpt>
      <trkpt lat="49.029378" lon="11.566204">
        <ele>425.368714</ele>
        <time>2026-09-27T11:08:57.325Z</time>
      </trkpt>
    </trkseg>
  </trk>
</gpx>