<?xml version='1.0' encoding='UTF-8'?>
<gpx version="1.1" creator="https://www.komoot.de" xmlns="http://www.topografix.com/GPX/1/1" xmlns:xsi="http://www.w3.org/2001/XMLSchema-instance" xsi:schemaLocation="http://www.topografix.com/GPX/1/1 http://www.topografix.com/GPX/1/1/gpx.xsd">
  <metadata>
    <name>Altmühltal</name>
    <author>
      <link href="https://www.komoot.de">
        <text>komoot</text>
        <type>text/html</type>
      </link>
    </author>
  </metadata>
  <trk>
    <name>Altmühltal</name>
    <type>touring_bicycle</type>
    <trkseg>
      <trkpt lat="49.453039" lon="10.273708">
        <ele>432.296086</ele>
        <time>2026-09-25T07:40:11.942Z</time>
      </trkpt>
      <trkpt lat="49.452915" lon="10.273769">
        <ele>432.296086</ele>
        <time>2026-09-25T07:45:58.334Z</time>
      </trkpt>
      <trkpt lat="49.452588" lon="10.274162">
        <ele>432.296086</ele>
        <time>2026-09-25T07:51:46.390Z</time>
      </trkpt>
      <trkpt lat="49.452402" lon="10.274219">
        <ele>432.296086</ele>
        <time>2026-09-25T07:51:51.382Z</time>
      </trkpt>
      <trkpt lat="49.452220" lon="10.274312">
        <ele>432.036163</ele>
        <time>2026-09-25T07:51:57.412Z</time>
      </trkpt>
      <trkpt lat="49.452053" lon="10.274419">
        <ele>430.311650</ele>
        <time>2026-09-25T07:52:03.360Z</time>
      </trkpt>
      <trkpt lat="49.451699" lon="10.274645">
        <ele>426.658032</ele>
        <time>2026-09-25T07:52:09.442Z</time>
      </trkpt>
      <trkpt lat="49.451597" lon="10.274719">
        <ele>425.582993</ele>
        <time>2026-09-25T07:52:12.407Z</time>
      </trkpt>
      <trkpt lat="49.451523" lon="10.274829">
        <ele>424.602033</ele>
        <time>2026-09-25T07:52:14.407Z</time>
      </trkpt>
      <trkpt lat="49.451423" lon="10.274885">
        <ele>423.587571</ele>
        <time>2026-09-25T07:52:17.433Z</time>
      </trkpt>
      <trkpt lat="49.451289" lon="10.274970">
        <ele>422.205859</ele>
        <time>2026-09-25T07:52:20.357Z</time>
      </trkpt>
      <trkpt lat="49.451199" lon="10.275033">
        <ele>421.263271</ele>
        <time>2026-09-25T07:52:22.371Z</time>
      </trkpt>
      <trkpt lat="49.451087" lon="10.275138">
        <ele>420.012960</ele>
        <time>2026-09-25T07:52:25.383Z</time>
      </trkpt>
      <trkpt lat="49.451016" lon="10.275255">
        <ele>419.021098</ele>
        <time>2026-09-25T07:52:27.391Z</time>
      </trkpt>
      <trkpt lat="49.450898" lon="10.275369">
        <ele>417.692800</ele>
        <time>2026-09-25T07:52:30.388Z</time>
      </trkpt>
      <trkpt lat="49.450806" lon="10.275415">
        <ele>416.770636</ele>
        <time>2026-09-25T07:52:32.390Z</time>
      </trkpt>
      <trkpt lat="49.450716" lon="10.275437">
        <ele>415.901938</ele>
        <time>2026-09-25T07:52:34.395Z</time>
      </trkpt>
      <trkpt lat="49.450597" lon="10.275355">
        <ele>415.422348</ele>
        <time>2026-09-25T07:52:37.383Z</time>
      </trkpt>
      <trkpt lat="49.450494" lon="10.275273">
        <ele>416.034173</ele>
        <time>2026-09-25T07:52:39.386Z</time>
      </trkpt>
      <trkpt lat="49.450388" lon="10.275154">
        <ele>416.726454</ele>
        <time>2026-09-25T07:52:42.370Z</time>
      </trkpt>
      <trkpt lat="49.450304" lon="10.275053">
        <ele>417.288902</ele>
        <time>2026-09-25T07:52:45.387Z</time>
      </trkpt>
      <trkpt lat="49.450271" lon="10.274881">
        <ele>417.903938</ele>
        <time>2026-09-25T07:52:48.391Z</time>
      </trkpt>
      <trkpt lat="49.450238" lon="10.274725">
        <ele>418.466561</ele>
        <time>2026-09-25T07:52:52.390Z</time>
      </trkpt>
      <trkpt lat="49.450192" lon="10.274598">
        <ele>418.965154</ele>
        <time>2026-09-25T07:52:57.375Z</time>
      </trkpt>
      <trkpt lat="49.450080" lon="10.274651">
        <ele>419.583324</ele>
        <time>2026-09-25T07:53:01.383Z</time>
      </trkpt>
      <trkpt lat="49.449992" lon="10.274741">
        <ele>420.140804</ele>
        <time>2026-09-25T07:53:05.385Z</time>
      </trkpt>
      <trkpt lat="49.449961" lon="10.274879">
        <ele>420.641544</ele>
        <time>2026-09-25T07:53:09.371Z</time>
      </trkpt>
      <trkpt lat="49.449963" lon="10.275034">
        <ele>421.173234</ele>
        <time>2026-09-25T07:53:12.385Z</time>
      </trkpt>
      <trkpt lat="49.449932" lon="10.274885">
        <ele>421.709772</ele>
        <time>2026-09-25T07:53:38.386Z</time>
      </trkpt>
      <trkpt lat="49.449869" lon="10.274765">
        <ele>422.238761</ele>
        <time>2026-09-25T07:53:43.395Z</time>
      </trkpt>
      <trkpt lat="49.449812" lon="10.274652">
        <ele>422.729280</ele>
        <time>2026-09-25T07:53:47.404Z</time>
      </trkpt>
      <trkpt lat="49.449764" lon="10.274528">
        <ele>423.224228</ele>
        <time>2026-09-25T07:53:53.406Z</time>
      </trkpt>
      <trkpt lat="49.449734" lon="10.274324">
        <ele>423.941542</ele>
        <time>2026-09-25T07:56:39.427Z</time>
      </trkpt>
      <trkpt lat="49.449686" lon="10.274203">
        <ele>424.427679</ele>
        <time>2026-09-25T07:56:43.412Z</time>
      </trkpt>
      <trkpt lat="49.449654" lon="10.274045">
        <ele>425.107157</ele>
        <time>2026-09-25T07:56:47.403Z</time>
      </trkpt>
      <trkpt lat="49.449600" lon="10.273907">
        <ele>425.833050</ele>
        <time>2026-09-25T07:56:51.428Z</time>
      </trkpt>
      <trkpt lat="49.449560" lon="10.273783">
        <ele>426.456895</ele>
        <time>2026-09-25T07:56:54.452Z</time>
      </trkpt>
      <trkpt lat="49.449528" lon="10.273628">
        <ele>427.189813</ele>
        <time>2026-09-25T07:56:58.394Z</time>
      </trkpt>
      <trkpt lat="49.449453" lon="10.273519">
        <ele>427.905088</ele>
        <time>2026-09-25T07:57:02.432Z</time>
      </trkpt>
      <trkpt lat="49.449371" lon="10.273450">
        <ele>428.553023</ele>
        <time>2026-09-25T07:57:06.400Z</time>
      </trkpt>
      <trkpt lat="49.449286" lon="10.273379">
        <ele>429.223532</ele>
        <time>2026-09-25T07:57:09.433Z</time>
      </trkpt>
      <trkpt lat="49.449204" lon="10.273313">
        <ele>429.865089</ele>
        <time>2026-09-25T07:57:12.389Z</time>
      </trkpt>
      <trkpt lat="49.449112" lon="10.273233">
        <ele>430.597705</ele>
        <time>2026-09-25T07:57:16.403Z</time>
      </trkpt>
      <trkpt lat="49.449029" lon="10.273165">
        <ele>431.249600</ele>
        <time>2026-09-25T07:57:21.404Z</time>
      </trkpt>
      <trkpt lat="49.448943" lon="10.273072">
        <ele>431.978355</ele>
        <time>2026-09-25T07:57:26.413Z</time>
      </trkpt>
      <trkpt lat="49.448859" lon="10.272992">
        <ele>432.663239</ele>
        <time>2026-09-25T07:57:30.403Z</time>
      </trkpt>
      <trkpt lat="49.448759" lon="10.272935">
        <ele>433.402522</ele>
        <time>2026-09-25T07:57:35.413Z</time>
      </trkpt>
      <trkpt lat="49.448659" lon="10.272876">
        <ele>434.144986</ele>
        <time>2026-09-25T07:57:40.395Z</time>
      </trkpt>
      <trkpt lat="49.448569" lon="10.272827">
        <ele>434.806810</ele>
        <time>2026-09-25T07:57:45.445Z</time>
      </trkpt>
      <trkpt lat="49.448486" lon="10.272765">
        <ele>435.446441</ele>
        <time>2026-09-25T07:57:50.434Z</time>
      </trkpt>
      <trkpt lat="49.448393" lon="10.272687">
        <ele>436.180744</ele>
        <time>2026-09-25T07:57:55.399Z</time>
      </trkpt>
      <trkpt lat="49.448314" lon="10.272617">
        <ele>436.812754</ele>
        <time>2026-09-25T07:57:59.407Z</time>
      </trkpt>
      <trkpt lat="49.448231" lon="10.272558">
        <ele>437.194180</ele>
        <time>2026-09-25T07:58:03.434Z</time>
      </trkpt>
      <trkpt lat="49.448153" lon="10.272476">
        <ele>437.361761</ele>
        <time>2026-09-25T07:58:09.400Z</time>
      </trkpt>
      <trkpt lat="49.448079" lon="10.272362">
        <ele>437.547532</ele>
        <time>2026-09-25T07:58:16.430Z</time>
      </trkpt>
      <trkpt lat="49.448028" lon="10.272242">
        <ele>437.712859</ele>
        <time>2026-09-25T07:58:20.417Z</time>
      </trkpt>
      <trkpt lat="49.447963" lon="10.272139">
        <ele>437.878392</ele>
        <time>2026-09-25T07:58:24.425Z</time>
      </trkpt>
      <trkpt lat="49.447887" lon="10.272035">
        <ele>438.058825</ele>
        <time>2026-09-25T07:58:29.402Z</time>
      </trkpt>
      <trkpt lat="49.447823" lon="10.271933">
        <ele>438.222295</ele>
        <time>2026-09-25T07:58:33.421Z</time>
      </trkpt>
      <trkpt lat="49.447750" lon="10.271807">
        <ele>438.416920</ele>
        <time>2026-09-25T07:58:37.382Z</time>
      </trkpt>
      <trkpt lat="49.447689" lon="10.271664">
        <ele>438.614154</ele>
        <time>2026-09-25T07:58:40.415Z</time>
      </trkpt>
      <trkpt lat="49.447629" lon="10.271548">
        <ele>438.785096</ele>
        <time>2026-09-25T07:58:42.443Z</time>
      </trkpt>
      <trkpt lat="49.447563" lon="10.271432">
        <ele>438.962858</ele>
        <time>2026-09-25T07:58:44.406Z</time>
      </trkpt>
      <trkpt lat="49.447493" lon="10.271317">
        <ele>439.144528</ele>
        <time>2026-09-25T07:58:46.409Z</time>
      </trkpt>
      <trkpt lat="49.447419" lon="10.271188">
        <ele>439.342919</ele>
        <time>2026-09-25T07:58:48.426Z</time>
      </trkpt>
      <trkpt lat="49.447354" lon="10.271054">
        <ele>439.535719</ele>
        <time>2026-09-25T07:58:50.412Z</time>
      </trkpt>
      <trkpt lat="49.447292" lon="10.270917">
        <ele>439.728215</ele>
        <time>2026-09-25T07:58:52.423Z</time>
      </trkpt>
      <trkpt lat="49.447204" lon="10.270799">
        <ele>439.935293</ele>
        <time>2026-09-25T07:58:55.381Z</time>
      </trkpt>
      <trkpt lat="49.447125" lon="10.270728">
        <ele>440.097587</ele>
        <time>2026-09-25T07:58:59.410Z</time>
      </trkpt>
      <trkpt lat="49.447059" lon="10.270628">
        <ele>440.261916</ele>
        <time>2026-09-25T07:59:05.389Z</time>
      </trkpt>
      <trkpt lat="49.447025" lon="10.270493">
        <ele>440.255897</ele>
        <time>2026-09-25T07:59:10.410Z</time>
      </trkpt>
      <trkpt lat="49.447010" lon="10.270346">
        <ele>440.201141</ele>
        <time>2026-09-25T07:59:18.387Z</time>
      </trkpt>
      <trkpt lat="49.447457" lon="10.269876">
        <ele>439.894676</ele>
        <time>2026-09-25T08:00:50.376Z</time>
      </trkpt>
      <trkpt lat="49.447688" lon="10.269603">
        <ele>439.729794</ele>
        <time>2026-09-25T08:00:53.402Z</time>
      </trkpt>
      <trkpt lat="49.447752" lon="10.269500">
        <ele>439.677366</ele>
        <time>2026-09-25T08:00:55.393Z</time>
      </trkpt>
      <trkpt lat="49.447817" lon="10.269385">
        <ele>439.621293</ele>
        <time>2026-09-25T08:00:57.387Z</time>
      </trkpt>
      <trkpt lat="49.447872" lon="10.269267">
        <ele>439.567866</ele>
        <time>2026-09-25T08:00:59.384Z</time>
      </trkpt>
      <trkpt lat="49.447928" lon="10.269157">
        <ele>439.516455</ele>
        <time>2026-09-25T08:01:01.402Z</time>
      </trkpt>
      <trkpt lat="49.447990" lon="10.269047">
        <ele>439.462884</ele>
        <time>2026-09-25T08:01:03.383Z</time>
      </trkpt>
      <trkpt lat="49.448058" lon="10.268946">
        <ele>439.409381</ele>
        <time>2026-09-25T08:01:05.391Z</time>
      </trkpt>
      <trkpt lat="49.448127" lon="10.268841">
        <ele>439.354445</ele>
        <time>2026-09-25T08:01:07.386Z</time>
      </trkpt>
      <trkpt lat="49.448201" lon="10.268739">
        <ele>439.298204</ele>
        <time>2026-09-25T08:01:09.403Z</time>
      </trkpt>
      <trkpt lat="49.448287" lon="10.268659">
        <ele>439.181376</ele>
        <time>2026-09-25T08:01:11.380Z</time>
      </trkpt>
      <trkpt lat="49.448379" lon="10.268597">
        <ele>439.035776</ele>
        <time>2026-09-25T08:01:13.385Z</time>
      </trkpt>
      <trkpt lat="49.448466" lon="10.268549">
        <ele>438.901795</ele>
        <time>2026-09-25T08:01:15.388Z</time>
      </trkpt>
      <trkpt lat="49.448600" lon="10.268474">
        <ele>438.695090</ele>
        <time>2026-09-25T08:01:18.396Z</time>
      </trkpt>
      <trkpt lat="49.448683" lon="10.268397">
        <ele>438.554585</ele>
        <time>2026-09-25T08:01:20.420Z</time>
      </trkpt>
      <trkpt lat="49.448737" lon="10.268283">
        <ele>438.421658</ele>
        <time>2026-09-25T08:01:22.368Z</time>
      </trkpt>
      <trkpt lat="49.448751" lon="10.268146">
        <ele>438.290962</ele>
        <time>2026-09-25T08:01:24.398Z</time>
      </trkpt>
      <trkpt lat="49.448762" lon="10.267960">
        <ele>438.114949</ele>
        <time>2026-09-25T08:01:27.404Z</time>
      </trkpt>
      <trkpt lat="49.448769" lon="10.267781">
        <ele>437.945952</ele>
        <time>2026-09-25T08:01:30.392Z</time>
      </trkpt>
      <trkpt lat="49.448763" lon="10.267641">
        <ele>437.813727</ele>
        <time>2026-09-25T08:01:33.407Z</time>
      </trkpt>
      <trkpt lat="49.448750" lon="10.267500">
        <ele>437.679517</ele>
        <time>2026-09-25T08:01:36.387Z</time>
      </trkpt>
      <trkpt lat="49.448729" lon="10.267348">
        <ele>437.533071</ele>
        <time>2026-09-25T08:01:39.410Z</time>
      </trkpt>
      <trkpt lat="49.448704" lon="10.267178">
        <ele>437.368813</ele>
        <time>2026-09-25T08:01:43.404Z</time>
      </trkpt>
      <trkpt lat="49.448710" lon="10.267014">
        <ele>437.214012</ele>
        <time>2026-09-25T08:01:46.388Z</time>
      </trkpt>
      <trkpt lat="49.448713" lon="10.266856">
        <ele>437.065047</ele>
        <time>2026-09-25T08:01:49.361Z</time>
      </trkpt>
      <trkpt lat="49.448705" lon="10.266690">
        <ele>436.908177</ele>
        <time>2026-09-25T08:01:52.381Z</time>
      </trkpt>
      <trkpt lat="49.448692" lon="10.266510">
        <ele>436.737498</ele>
        <time>2026-09-25T08:01:55.386Z</time>
      </trkpt>
      <trkpt lat="49.448669" lon="10.266354">
        <ele>436.726440</ele>
        <time>2026-09-25T08:01:58.403Z</time>
      </trkpt>
      <trkpt lat="49.448652" lon="10.266200">
        <ele>436.819225</ele>
        <time>2026-09-25T08:02:01.387Z</time>
      </trkpt>
      <trkpt lat="49.448627" lon="10.266043">
        <ele>436.915240</ele>
        <time>2026-09-25T08:02:04.409Z</time>
      </trkpt>
      <trkpt lat="49.448612" lon="10.265883">
        <ele>437.011263</ele>
        <time>2026-09-25T08:02:07.401Z</time>
      </trkpt>
      <trkpt lat="49.448578" lon="10.265703">
        <ele>437.122605</ele>
        <time>2026-09-25T08:02:11.385Z</time>
      </trkpt>
      <trkpt lat="49.448553" lon="10.265504">
        <ele>437.242998</ele>
        <time>2026-09-25T08:02:14.389Z</time>
      </trkpt>
      <trkpt lat="49.448537" lon="10.265363">
        <ele>437.328018</ele>
        <time>2026-09-25T08:02:16.382Z</time>
      </trkpt>
      <trkpt lat="49.448518" lon="10.265208">
        <ele>437.421711</ele>
        <time>2026-09-25T08:02:18.395Z</time>
      </trkpt>
      <trkpt lat="49.448484" lon="10.265065">
        <ele>437.512156</ele>
        <time>2026-09-25T08:02:20.395Z</time>
      </trkpt>
      <trkpt lat="49.448389" lon="10.264902">
        <ele>437.642188</ele>
        <time>2026-09-25T08:02:22.395Z</time>
      </trkpt>
      <trkpt lat="49.448280" lon="10.264890">
        <ele>437.742033</ele>
        <time>2026-09-25T08:02:24.386Z</time>
      </trkpt>
      <trkpt lat="49.448175" lon="10.264925">
        <ele>437.840195</ele>
        <time>2026-09-25T08:02:26.390Z</time>
      </trkpt>
      <trkpt lat="49.448077" lon="10.264971">
        <ele>437.933810</ele>
        <time>2026-09-25T08:02:28.413Z</time>
      </trkpt>
      <trkpt lat="49.447961" lon="10.264969">
        <ele>438.039802</ele>
        <time>2026-09-25T08:02:31.404Z</time>
      </trkpt>
      <trkpt lat="49.447856" lon="10.264951">
        <ele>438.136331</ele>
        <time>2026-09-25T08:02:34.391Z</time>
      </trkpt>
      <trkpt lat="49.447764" lon="10.264946">
        <ele>438.220441</ele>
        <time>2026-09-25T08:02:37.412Z</time>
      </trkpt>
      <trkpt lat="49.447670" lon="10.264938">
        <ele>438.306457</ele>
        <time>2026-09-25T08:02:40.422Z</time>
      </trkpt>
      <trkpt lat="49.447571" lon="10.264931">
        <ele>438.570179</ele>
        <time>2026-09-25T08:02:43.351Z</time>
      </trkpt>
      <trkpt lat="49.447469" lon="10.264926">
        <ele>438.862242</ele>
        <time>2026-09-25T08:02:46.407Z</time>
      </trkpt>
      <trkpt lat="49.447369" lon="10.264924">
        <ele>439.148457</ele>
        <time>2026-09-25T08:02:49.422Z</time>
      </trkpt>
      <trkpt lat="49.447275" lon="10.264935">
        <ele>439.418254</ele>
        <time>2026-09-25T08:02:52.385Z</time>
      </trkpt>
      <trkpt lat="49.447163" lon="10.264938">
        <ele>439.738836</ele>
        <time>2026-09-25T08:02:56.384Z</time>
      </trkpt>
      <trkpt lat="49.447069" lon="10.264911">
        <ele>440.012506</ele>
        <time>2026-09-25T08:03:00.393Z</time>
      </trkpt>
      <trkpt lat="49.447017" lon="10.264790">
        <ele>440.282387</ele>
        <time>2026-09-25T08:03:04.413Z</time>
      </trkpt>
      <trkpt lat="49.446986" lon="10.264653">
        <ele>440.552297</ele>
        <time>2026-09-25T08:03:07.393Z</time>
      </trkpt>
      <trkpt lat="49.446959" lon="10.264503">
        <ele>440.841897</ele>
        <time>2026-09-25T08:03:10.421Z</time>
      </trkpt>
      <trkpt lat="49.446931" lon="10.264359">
        <ele>441.121561</ele>
        <time>2026-09-25T08:03:13.410Z</time>
      </trkpt>
      <trkpt lat="49.446899" lon="10.264209">
        <ele>441.415303</ele>
        <time>2026-09-25T08:03:16.372Z</time>
      </trkpt>
      <trkpt lat="49.446869" lon="10.264060">
        <ele>441.705534</ele>
        <time>2026-09-25T08:03:19.395Z</time>
      </trkpt>
      <trkpt lat="49.446836" lon="10.263911">
        <ele>441.998420</ele>
        <time>2026-09-25T08:03:22.384Z</time>
      </trkpt>
      <trkpt lat="49.446802" lon="10.263773">
        <ele>442.273013</ele>
        <time>2026-09-25T08:03:25.404Z</time>
      </trkpt>
      <trkpt lat="49.446771" lon="10.263605">
        <ele>442.597953</ele>
        <time>2026-09-25T08:03:29.405Z</time>
      </trkpt>
      <trkpt lat="49.446740" lon="10.263445">
        <ele>442.908601</ele>
        <time>2026-09-25T08:03:33.403Z</time>
      </trkpt>
      <trkpt lat="49.446710" lon="10.263299">
        <ele>443.193505</ele>
        <time>2026-09-25T08:03:37.384Z</time>
      </trkpt>
      <trkpt lat="49.446698" lon="10.263151">
        <ele>443.462434</ele>
        <time>2026-09-25T08:03:41.382Z</time>
      </trkpt>
      <trkpt lat="49.446689" lon="10.262987">
        <ele>443.426132</ele>
        <time>2026-09-25T08:03:45.377Z</time>
      </trkpt>
      <trkpt lat="49.446688" lon="10.262821">
        <ele>443.389516</ele>
        <time>2026-09-25T08:03:49.391Z</time>
      </trkpt>
      <trkpt lat="49.446683" lon="10.262656">
        <ele>443.353083</ele>
        <time>2026-09-25T08:03:53.406Z</time>
      </trkpt>
      <trkpt lat="49.446672" lon="10.262506">
        <ele>443.319787</ele>
        <time>2026-09-25T08:03:57.370Z</time>
      </trkpt>
      <trkpt lat="49.446671" lon="10.262332">
        <ele>443.281407</ele>
        <time>2026-09-25T08:04:01.391Z</time>
      </trkpt>
      <trkpt lat="49.446666" lon="10.262167">
        <ele>443.244973</ele>
        <time>2026-09-25T08:04:05.412Z</time>
      </trkpt>
      <trkpt lat="49.446662" lon="10.262002">
        <ele>443.208554</ele>
        <time>2026-09-25T08:04:08.402Z</time>
      </trkpt>
      <trkpt lat="49.446660" lon="10.261851">
        <ele>443.175241</ele>
        <time>2026-09-25T08:04:11.406Z</time>
      </trkpt>
      <trkpt lat="49.446653" lon="10.261704">
        <ele>443.142730</ele>
        <time>2026-09-25T08:04:14.416Z</time>
      </trkpt>
      <trkpt lat="49.446648" lon="10.261559">
        <ele>443.110703</ele>
        <time>2026-09-25T08:04:17.404Z</time>
      </trkpt>
      <trkpt lat="49.446642" lon="10.261414">
        <ele>443.078656</ele>
        <time>2026-09-25T08:04:20.408Z</time>
      </trkpt>
      <trkpt lat="49.446636" lon="10.261265">
        <ele>443.045728</ele>
        <time>2026-09-25T08:04:23.423Z</time>
      </trkpt>
      <trkpt lat="49.446627" lon="10.261114">
        <ele>443.012282</ele>
        <time>2026-09-25T08:04:26.442Z</time>
      </trkpt>
      <trkpt lat="49.446610" lon="10.260964">
        <ele>442.978698</ele>
        <time>2026-09-25T08:04:29.393Z</time>
      </trkpt>
      <trkpt lat="49.446581" lon="10.260812">
        <ele>442.943757</ele>
        <time>2026-09-25T08:04:32.459Z</time>
      </trkpt>
      <trkpt lat="49.446546" lon="10.260645">
        <ele>442.905055</ele>
        <time>2026-09-25T08:04:35.388Z</time>
      </trkpt>
      <trkpt lat="49.446501" lon="10.260487">
        <ele>442.867008</ele>
        <time>2026-09-25T08:04:38.382Z</time>
      </trkpt>
      <trkpt lat="49.446460" lon="10.260284">
        <ele>442.679373</ele>
        <time>2026-09-25T08:04:41.382Z</time>
      </trkpt>
      <trkpt lat="49.446427" lon="10.260134">
        <ele>442.495564</ele>
        <time>2026-09-25T08:04:43.369Z</time>
      </trkpt>
      <trkpt lat="49.446390" lon="10.259979">
        <ele>442.303906</ele>
        <time>2026-09-25T08:04:45.388Z</time>
      </trkpt>
      <trkpt lat="49.446332" lon="10.259764">
        <ele>442.033716</ele>
        <time>2026-09-25T08:04:48.384Z</time>
      </trkpt>
      <trkpt lat="49.446305" lon="10.259578">
        <ele>441.812502</ele>
        <time>2026-09-25T08:04:50.390Z</time>
      </trkpt>
      <trkpt lat="49.446310" lon="10.259388">
        <ele>441.591781</ele>
        <time>2026-09-25T08:04:52.406Z</time>
      </trkpt>
      <trkpt lat="49.446330" lon="10.259235">
        <ele>441.410633</ele>
        <time>2026-09-25T08:04:54.393Z</time>
      </trkpt>
      <trkpt lat="49.446306" lon="10.259085">
        <ele>441.231327</ele>
        <time>2026-09-25T08:04:56.405Z</time>
      </trkpt>
      <trkpt lat="49.446247" lon="10.258965">
        <ele>441.056694</ele>
        <time>2026-09-25T08:04:58.409Z</time>
      </trkpt>
      <trkpt lat="49.446168" lon="10.258863">
        <ele>440.872547</ele>
        <time>2026-09-25T08:05:01.401Z</time>
      </trkpt>
      <trkpt lat="49.446091" lon="10.258775">
        <ele>440.701282</ele>
        <time>2026-09-25T08:05:04.412Z</time>
      </trkpt>
      <trkpt lat="49.446022" lon="10.258649">
        <ele>440.510061</ele>
        <time>2026-09-25T08:05:07.395Z</time>
      </trkpt>
      <trkpt lat="49.445955" lon="10.258522">
        <ele>440.320221</ele>
        <time>2026-09-25T08:05:10.393Z</time>
      </trkpt>
      <trkpt lat="49.445887" lon="10.258378">
        <ele>440.113637</ele>
        <time>2026-09-25T08:05:13.388Z</time>
      </trkpt>
      <trkpt lat="49.445813" lon="10.258236">
        <ele>439.902398</ele>
        <time>2026-09-25T08:05:16.414Z</time>
      </trkpt>
      <trkpt lat="49.445743" lon="10.258098">
        <ele>439.699230</ele>
        <time>2026-09-25T08:05:19.465Z</time>
      </trkpt>
      <trkpt lat="49.445674" lon="10.257957">
        <ele>439.782175</ele>
        <time>2026-09-25T08:05:22.388Z</time>
      </trkpt>
      <trkpt lat="49.445610" lon="10.257790">
        <ele>439.995877</ele>
        <time>2026-09-25T08:05:25.408Z</time>
      </trkpt>
      <trkpt lat="49.445548" lon="10.257634">
        <ele>440.197436</ele>
        <time>2026-09-25T08:05:28.412Z</time>
      </trkpt>
      <trkpt lat="49.445488" lon="10.257502">
        <ele>440.374987</ele>
        <time>2026-09-25T08:05:31.408Z</time>
      </trkpt>
      <trkpt lat="49.445420" lon="10.257367">
        <ele>440.563248</ele>
        <time>2026-09-25T08:05:34.419Z</time>
      </trkpt>
      <trkpt lat="49.445354" lon="10.257215">
        <ele>440.764745</ele>
        <time>2026-09-25T08:05:37.412Z</time>
      </trkpt>
      <trkpt lat="49.445286" lon="10.257070">
        <ele>440.961836</ele>
        <time>2026-09-25T08:05:40.412Z</time>
      </trkpt>
      <trkpt lat="49.445243" lon="10.256914">
        <ele>441.148627</ele>
        <time>2026-09-25T08:05:43.435Z</time>
      </trkpt>
      <trkpt lat="49.445208" lon="10.256758">
        <ele>441.330553</ele>
        <time>2026-09-25T08:05:46.413Z</time>
      </trkpt>
      <trkpt lat="49.445164" lon="10.256622">
        <ele>441.498016</ele>
        <time>2026-09-25T08:05:49.439Z</time>
      </trkpt>
      <trkpt lat="49.445116" lon="10.256496">
        <ele>441.659007</ele>
        <time>2026-09-25T08:05:52.405Z</time>
      </trkpt>
      <trkpt lat="49.445052" lon="10.256381">
        <ele>441.825883</ele>
        <time>2026-09-25T08:05:55.489Z</time>
      </trkpt>
      <trkpt lat="49.444978" lon="10.256273">
        <ele>441.998852</ele>
        <time>2026-09-25T08:05:58.432Z</time>
      </trkpt>
      <trkpt lat="49.444919" lon="10.256165">
        <ele>442.154361</ele>
        <time>2026-09-25T08:06:01.448Z</time>
      </trkpt>
      <trkpt lat="49.444876" lon="10.256035">
        <ele>442.315154</ele>
        <time>2026-09-25T08:06:04.392Z</time>
      </trkpt>
      <trkpt lat="49.444834" lon="10.255901">
        <ele>442.479146</ele>
        <time>2026-09-25T08:06:07.462Z</time>
      </trkpt>
      <trkpt lat="49.444770" lon="10.255768">
        <ele>442.661555</ele>
        <time>2026-09-25T08:06:11.411Z</time>
      </trkpt>
      <trkpt lat="49.444698" lon="10.255643">
        <ele>442.884254</ele>
        <time>2026-09-25T08:06:15.404Z</time>
      </trkpt>
      <trkpt lat="49.444622" lon="10.255565">
        <ele>443.078006</ele>
        <time>2026-09-25T08:06:18.390Z</time>
      </trkpt>
      <trkpt lat="49.444535" lon="10.255482">
        <ele>443.295108</ele>
        <time>2026-09-25T08:06:21.413Z</time>
      </trkpt>
      <trkpt lat="49.444420" lon="10.255424">
        <ele>443.551754</ele>
        <time>2026-09-25T08:06:24.403Z</time>
      </trkpt>
      <trkpt lat="49.444311" lon="10.255363">
        <ele>443.797725</ele>
        <time>2026-09-25T08:06:27.389Z</time>
      </trkpt>
      <trkpt lat="49.444195" lon="10.255304">
        <ele>444.056815</ele>
        <time>2026-09-25T08:06:30.416Z</time>
      </trkpt>
      <trkpt lat="49.444067" lon="10.255269">
        <ele>444.332508</ele>
        <time>2026-09-25T08:06:33.403Z</time>
      </trkpt>
      <trkpt lat="49.443948" lon="10.255222">
        <ele>444.593046</ele>
        <time>2026-09-25T08:06:36.419Z</time>
      </trkpt>
      <trkpt lat="49.443832" lon="10.255181">
        <ele>444.845447</ele>
        <time>2026-09-25T08:06:39.403Z</time>
      </trkpt>
      <trkpt lat="49.443711" lon="10.255154">
        <ele>445.104725</ele>
        <time>2026-09-25T08:06:42.408Z</time>
      </trkpt>
      <trkpt lat="49.443599" lon="10.255142">
        <ele>445.342808</ele>
        <time>2026-09-25T08:06:45.390Z</time>
      </trkpt>
      <trkpt lat="49.443485" lon="10.255111">
        <ele>445.588305</ele>
        <time>2026-09-25T08:06:48.472Z</time>
      </trkpt>
      <trkpt lat="49.443382" lon="10.255088">
        <ele>445.809016</ele>
        <time>2026-09-25T08:06:51.402Z</time>
      </trkpt>
      <trkpt lat="49.443267" lon="10.255042">
        <ele>446.060997</ele>
        <time>2026-09-25T08:06:55.401Z</time>
      </trkpt>
      <trkpt lat="49.443174" lon="10.255010">
        <ele>446.263088</ele>
        <time>2026-09-25T08:06:58.419Z</time>
      </trkpt>
      <trkpt lat="49.443083" lon="10.254977">
        <ele>446.461354</ele>
        <time>2026-09-25T08:07:01.598Z</time>
      </trkpt>
      <trkpt lat="49.442993" lon="10.254952">
        <ele>446.981944</ele>
        <time>2026-09-25T08:07:04.381Z</time>
      </trkpt>
      <trkpt lat="49.442897" lon="10.254921">
        <ele>447.644695</ele>
        <time>2026-09-25T08:07:07.408Z</time>
      </trkpt>
      <trkpt lat="49.442794" lon="10.254862">
        <ele>448.387298</ele>
        <time>2026-09-25T08:07:10.384Z</time>
      </trkpt>
      <trkpt lat="49.442711" lon="10.254734">
        <ele>449.181438</ele>
        <time>2026-09-25T08:07:13.387Z</time>
      </trkpt>
      <trkpt lat="49.442664" lon="10.254603">
        <ele>449.838722</ele>
        <time>2026-09-25T08:07:17.384Z</time>
      </trkpt>
      <trkpt lat="49.442637" lon="10.254460">
        <ele>450.492875</ele>
        <time>2026-09-25T08:07:21.412Z</time>
      </trkpt>
      <trkpt lat="49.442620" lon="10.254317">
        <ele>451.131493</ele>
        <time>2026-09-25T08:07:25.402Z</time>
      </trkpt>
      <trkpt lat="49.442536" lon="10.254381">
        <ele>451.764850</ele>
        <time>2026-09-25T08:07:28.384Z</time>
      </trkpt>
      <trkpt lat="49.442432" lon="10.254483">
        <ele>452.598225</ele>
        <time>2026-09-25T08:07:31.387Z</time>
      </trkpt>
      <trkpt lat="49.442345" lon="10.254545">
        <ele>453.246065</ele>
        <time>2026-09-25T08:07:33.396Z</time>
      </trkpt>
      <trkpt lat="49.442241" lon="10.254645">
        <ele>454.074750</ele>
        <time>2026-09-25T08:07:36.412Z</time>
      </trkpt>
      <trkpt lat="49.442159" lon="10.254737">
        <ele>454.760524</ele>
        <time>2026-09-25T08:07:39.381Z</time>
      </trkpt>
      <trkpt lat="49.442061" lon="10.254763">
        <ele>455.432425</ele>
        <time>2026-09-25T08:07:42.384Z</time>
      </trkpt>
      <trkpt lat="49.441969" lon="10.254744">
        <ele>456.059587</ele>
        <time>2026-09-25T08:07:45.380Z</time>
      </trkpt>
      <trkpt lat="49.441871" lon="10.254705">
        <ele>456.743516</ele>
        <time>2026-09-25T08:07:48.404Z</time>
      </trkpt>
      <trkpt lat="49.441776" lon="10.254675">
        <ele>457.398759</ele>
        <time>2026-09-25T08:07:51.383Z</time>
      </trkpt>
      <trkpt lat="49.441677" lon="10.254635">
        <ele>458.090334</ele>
        <time>2026-09-25T08:07:54.390Z</time>
      </trkpt>
      <trkpt lat="49.441581" lon="10.254599">
        <ele>458.669450</ele>
        <time>2026-09-25T08:07:57.392Z</time>
      </trkpt>
      <trkpt lat="49.441480" lon="10.254552">
        <ele>458.750411</ele>
        <time>2026-09-25T08:08:00.384Z</time>
      </trkpt>
      <trkpt lat="49.441396" lon="10.254501">
        <ele>458.819700</ele>
        <time>2026-09-25T08:08:03.374Z</time>
      </trkpt>
      <trkpt lat="49.441307" lon="10.254464">
        <ele>458.890436</ele>
        <time>2026-09-25T08:08:06.398Z</time>
      </trkpt>
      <trkpt lat="49.441210" lon="10.254420">
        <ele>458.968028</ele>
        <time>2026-09-25T08:08:09.404Z</time>
      </trkpt>
      <trkpt lat="49.441120" lon="10.254384">
        <ele>459.039377</ele>
        <time>2026-09-25T08:08:12.401Z</time>
      </trkpt>
      <trkpt lat="49.441029" lon="10.254354">
        <ele>459.110783</ele>
        <time>2026-09-25T08:08:15.395Z</time>
      </trkpt>
      <trkpt lat="49.440922" lon="10.254313">
        <ele>459.195388</ele>
        <time>2026-09-25T08:08:18.411Z</time>
      </trkpt>
      <trkpt lat="49.440826" lon="10.254288">
        <ele>459.270091</ele>
        <time>2026-09-25T08:08:21.410Z</time>
      </trkpt>
      <trkpt lat="49.440719" lon="10.254260">
        <ele>459.353366</ele>
        <time>2026-09-25T08:08:24.403Z</time>
      </trkpt>
      <trkpt lat="49.440618" lon="10.254234">
        <ele>459.431936</ele>
        <time>2026-09-25T08:08:27.409Z</time>
      </trkpt>
      <trkpt lat="49.440493" lon="10.254195">
        <ele>459.529795</ele>
        <time>2026-09-25T08:08:30.385Z</time>
      </trkpt>
      <trkpt lat="49.440368" lon="10.254155">
        <ele>459.627755</ele>
        <time>2026-09-25T08:08:33.404Z</time>
      </trkpt>
      <trkpt lat="49.440242" lon="10.254105">
        <ele>459.727594</ele>
        <time>2026-09-25T08:08:36.418Z</time>
      </trkpt>
      <trkpt lat="49.440116" lon="10.254046">
        <ele>459.828649</ele>
        <time>2026-09-25T08:08:39.393Z</time>
      </trkpt>
      <trkpt lat="49.440034" lon="10.253986">
        <ele>459.898321</ele>
        <time>2026-09-25T08:08:41.401Z</time>
      </trkpt>
      <trkpt lat="49.439945" lon="10.253908">
        <ele>459.976915</ele>
        <time>2026-09-25T08:08:43.440Z</time>
      </trkpt>
      <trkpt lat="49.439851" lon="10.253784">
        <ele>459.995695</ele>
        <time>2026-09-25T08:08:46.395Z</time>
      </trkpt>
      <trkpt lat="49.439773" lon="10.253663">
        <ele>459.889096</ele>
        <time>2026-09-25T08:08:48.450Z</time>
      </trkpt>
      <trkpt lat="49.439717" lon="10.253529">
        <ele>459.789437</ele>
        <time>2026-09-25T08:08:51.383Z</time>
      </trkpt>
      <trkpt lat="49.439648" lon="10.253372">
        <ele>459.670878</ele>
        <time>2026-09-25T08:08:54.387Z</time>
      </trkpt>
      <trkpt lat="49.439611" lon="10.253202">
        <ele>459.558717</ele>
        <time>2026-09-25T08:08:57.392Z</time>
      </trkpt>
      <trkpt lat="49.439597" lon="10.253035">
        <ele>459.453368</ele>
        <time>2026-09-25T08:09:00.380Z</time>
      </trkpt>
      <trkpt lat="49.439645" lon="10.252868">
        <ele>459.339132</ele>
        <time>2026-09-25T08:09:03.382Z</time>
      </trkpt>
      <trkpt lat="49.439668" lon="10.252701">
        <ele>459.232330</ele>
        <time>2026-09-25T08:09:06.389Z</time>
      </trkpt>
      <trkpt lat="49.439663" lon="10.252539">
        <ele>459.130860</ele>
        <time>2026-09-25T08:09:09.392Z</time>
      </trkpt>
      <trkpt lat="49.439636" lon="10.252355">
        <ele>459.012845</ele>
        <time>2026-09-25T08:09:12.382Z</time>
      </trkpt>
      <trkpt lat="49.439608" lon="10.252205">
        <ele>458.915207</ele>
        <time>2026-09-25T08:09:15.410Z</time>
      </trkpt>
      <trkpt lat="49.439545" lon="10.252024">
        <ele>458.786761</ele>
        <time>2026-09-25T08:09:18.419Z</time>
      </trkpt>
      <trkpt lat="49.439498" lon="10.251901">
        <ele>458.697502</ele>
        <time>2026-09-25T08:09:20.401Z</time>
      </trkpt>
      <trkpt lat="49.439464" lon="10.251773">
        <ele>458.610994</ele>
        <time>2026-09-25T08:09:23.401Z</time>
      </trkpt>
      <trkpt lat="49.439420" lon="10.251612">
        <ele>458.501728</ele>
        <time>2026-09-25T08:09:26.415Z</time>
      </trkpt>
      <trkpt lat="49.439370" lon="10.251471">
        <ele>458.401246</ele>
        <time>2026-09-25T08:09:29.396Z</time>
      </trkpt>
      <trkpt lat="49.439330" lon="10.251340">
        <ele>458.310698</ele>
        <time>2026-09-25T08:09:32.474Z</time>
      </trkpt>
      <trkpt lat="49.439290" lon="10.251196">
        <ele>458.555647</ele>
        <time>2026-09-25T08:09:34.424Z</time>
      </trkpt>
      <trkpt lat="49.439262" lon="10.251024">
        <ele>458.846097</ele>
        <time>2026-09-25T08:09:37.395Z</time>
      </trkpt>
      <trkpt lat="49.439252" lon="10.250853">
        <ele>459.127345</ele>
        <time>2026-09-25T08:09:40.400Z</time>
      </trkpt>
      <trkpt lat="49.439239" lon="10.250677">
        <ele>459.417506</ele>
        <time>2026-09-25T08:09:43.401Z</time>
      </trkpt>
      <trkpt lat="49.439224" lon="10.250504">
        <ele>459.703407</ele>
        <time>2026-09-25T08:09:46.408Z</time>
      </trkpt>
      <trkpt lat="49.439218" lon="10.250326">
        <ele>459.995383</ele>
        <time>2026-09-25T08:09:49.397Z</time>
      </trkpt>
      <trkpt lat="49.439210" lon="10.250153">
        <ele>460.279492</ele>
        <time>2026-09-25T08:09:52.406Z</time>
      </trkpt>
      <trkpt lat="49.439199" lon="10.249977">
        <ele>460.569128</ele>
        <time>2026-09-25T08:09:55.403Z</time>
      </trkpt>
      <trkpt lat="49.439186" lon="10.249806">
        <ele>460.851153</ele>
        <time>2026-09-25T08:09:58.407Z</time>
      </trkpt>
      <trkpt lat="49.439186" lon="10.249616">
        <ele>461.162394</ele>
        <time>2026-09-25T08:10:01.410Z</time>
      </trkpt>
      <trkpt lat="49.439272" lon="10.249538">
        <ele>461.413916</ele>
        <time>2026-09-25T08:10:04.409Z</time>
      </trkpt>
      <trkpt lat="49.439381" lon="10.249486">
        <ele>461.701416</ele>
        <time>2026-09-25T08:10:07.389Z</time>
      </trkpt>
      <trkpt lat="49.439470" lon="10.249408">
        <ele>461.959475</ele>
        <time>2026-09-25T08:10:10.368Z</time>
      </trkpt>
      <trkpt lat="49.439536" lon="10.249249">
        <ele>462.268478</ele>
        <time>2026-09-25T08:10:14.384Z</time>
      </trkpt>
      <trkpt lat="49.439402" lon="10.249259">
        <ele>462.606446</ele>
        <time>2026-09-25T08:12:57.424Z</time>
      </trkpt>
      <trkpt lat="49.439284" lon="10.249266">
        <ele>462.992095</ele>
        <time>2026-09-25T08:13:01.404Z</time>
      </trkpt>
      <trkpt lat="49.439192" lon="10.249274">
        <ele>463.537581</ele>
        <time>2026-09-25T08:13:04.482Z</time>
      </trkpt>
      <trkpt lat="49.439078" lon="10.249278">
        <ele>464.212608</ele>
        <time>2026-09-25T08:13:08.403Z</time>
      </trkpt>
      <trkpt lat="49.438970" lon="10.249273">
        <ele>464.852230</ele>
        <time>2026-09-25T08:13:12.421Z</time>
      </trkpt>
      <trkpt lat="49.438872" lon="10.249273">
        <ele>465.432365</ele>
        <time>2026-09-25T08:13:16.416Z</time>
      </trkpt>
      <trkpt lat="49.438756" lon="10.249229">
        <ele>466.139635</ele>
        <time>2026-09-25T08:13:20.412Z</time>
      </trkpt>
      <trkpt lat="49.438655" lon="10.249174">
        <ele>466.773907</ele>
        <time>2026-09-25T08:13:23.415Z</time>
      </trkpt>
      <trkpt lat="49.438574" lon="10.249104">
        <ele>467.323931</ele>
        <time>2026-09-25T08:13:26.446Z</time>
      </trkpt>
      <trkpt lat="49.438487" lon="10.249032">
        <ele>467.908789</ele>
        <time>2026-09-25T08:13:29.402Z</time>
      </trkpt>
      <trkpt lat="49.438404" lon="10.248962">
        <ele>468.469166</ele>
        <time>2026-09-25T08:13:32.389Z</time>
      </trkpt>
      <trkpt lat="49.438304" lon="10.248874">
        <ele>469.151210</ele>
        <time>2026-09-25T08:13:36.409Z</time>
      </trkpt>
      <trkpt lat="49.438210" lon="10.248788">
        <ele>469.798695</ele>
        <time>2026-09-25T08:13:40.404Z</time>
      </trkpt>
      <trkpt lat="49.438117" lon="10.248711">
        <ele>470.423952</ele>
        <time>2026-09-25T08:13:44.468Z</time>
      </trkpt>
      <trkpt lat="49.438036" lon="10.248645">
        <ele>470.966600</ele>
        <time>2026-09-25T08:13:47.410Z</time>
      </trkpt>
      <trkpt lat="49.437932" lon="10.248551">
        <ele>471.680717</ele>
        <time>2026-09-25T08:13:51.407Z</time>
      </trkpt>
      <trkpt lat="49.437827" lon="10.248465">
        <ele>472.384953</ele>
        <time>2026-09-25T08:13:55.422Z</time>
      </trkpt>
      <trkpt lat="49.437740" lon="10.248394">
        <ele>472.967999</ele>
        <time>2026-09-25T08:13:58.445Z</time>
      </trkpt>
      <trkpt lat="49.437645" lon="10.248326">
        <ele>473.526217</ele>
        <time>2026-09-25T08:14:01.393Z</time>
      </trkpt>
      <trkpt lat="49.437547" lon="10.248245">
        <ele>473.784609</ele>
        <time>2026-09-25T08:14:04.398Z</time>
      </trkpt>
      <trkpt lat="49.437446" lon="10.248152">
        <ele>474.058013</ele>
        <time>2026-09-25T08:14:07.388Z</time>
      </trkpt>
      <trkpt lat="49.437345" lon="10.248065">
        <ele>474.326874</ele>
        <time>2026-09-25T08:14:10.394Z</time>
      </trkpt>
      <trkpt lat="49.437248" lon="10.247970">
        <ele>474.593960</ele>
        <time>2026-09-25T08:14:13.382Z</time>
      </trkpt>
      <trkpt lat="49.437148" lon="10.247868">
        <ele>474.872651</ele>
        <time>2026-09-25T08:14:16.397Z</time>
      </trkpt>
      <trkpt lat="49.437057" lon="10.247760">
        <ele>475.139616</ele>
        <time>2026-09-25T08:14:19.384Z</time>
      </trkpt>
      <trkpt lat="49.436982" lon="10.247662">
        <ele>475.368189</ele>
        <time>2026-09-25T08:14:22.396Z</time>
      </trkpt>
      <trkpt lat="49.436891" lon="10.247530">
        <ele>475.658721</ele>
        <time>2026-09-25T08:14:25.388Z</time>
      </trkpt>
      <trkpt lat="49.436817" lon="10.247433">
        <ele>475.884547</ele>
        <time>2026-09-25T08:14:28.405Z</time>
      </trkpt>
      <trkpt lat="49.436737" lon="10.247335">
        <ele>476.122089</ele>
        <time>2026-09-25T08:14:32.402Z</time>
      </trkpt>
      <trkpt lat="49.436643" lon="10.247224">
        <ele>476.397340</ele>
        <time>2026-09-25T08:14:36.422Z</time>
      </trkpt>
      <trkpt lat="49.436580" lon="10.247115">
        <ele>476.617585</ele>
        <time>2026-09-25T08:14:38.373Z</time>
      </trkpt>
      <trkpt lat="49.436501" lon="10.247026">
        <ele>476.845027</ele>
        <time>2026-09-25T08:14:42.384Z</time>
      </trkpt>
      <trkpt lat="49.436403" lon="10.246938">
        <ele>477.108591</ele>
        <time>2026-09-25T08:14:45.386Z</time>
      </trkpt>
      <trkpt lat="49.436271" lon="10.246977">
        <ele>477.420763</ele>
        <time>2026-09-25T08:14:48.384Z</time>
      </trkpt>
      <trkpt lat="49.436165" lon="10.247008">
        <ele>477.660355</ele>
        <time>2026-09-25T08:14:50.388Z</time>
      </trkpt>
      <trkpt lat="49.436037" lon="10.247031">
        <ele>477.545411</ele>
        <time>2026-09-25T08:14:53.425Z</time>
      </trkpt>
      <trkpt lat="49.435947" lon="10.247055">
        <ele>477.463940</ele>
        <time>2026-09-25T08:14:55.408Z</time>
      </trkpt>
      <trkpt lat="49.435835" lon="10.247089">
        <ele>477.362116</ele>
        <time>2026-09-25T08:14:58.407Z</time>
      </trkpt>
      <trkpt lat="49.435744" lon="10.247110">
        <ele>477.280042</ele>
        <time>2026-09-25T08:15:01.431Z</time>
      </trkpt>
      <trkpt lat="49.435635" lon="10.247107">
        <ele>477.182807</ele>
        <time>2026-09-25T08:15:05.404Z</time>
      </trkpt>
      <trkpt lat="49.435544" lon="10.247093">
        <ele>477.101236</ele>
        <time>2026-09-25T08:15:08.400Z</time>
      </trkpt>
      <trkpt lat="49.435450" lon="10.247066">
        <ele>477.015945</ele>
        <time>2026-09-25T08:15:11.433Z</time>
      </trkpt>
      <trkpt lat="49.435349" lon="10.247042">
        <ele>476.924791</ele>
        <time>2026-09-25T08:15:15.405Z</time>
      </trkpt>
      <trkpt lat="49.435226" lon="10.247028">
        <ele>476.814784</ele>
        <time>2026-09-25T08:15:19.447Z</time>
      </trkpt>
      <trkpt lat="49.435130" lon="10.247020">
        <ele>476.729033</ele>
        <time>2026-09-25T08:15:22.425Z</time>
      </trkpt>
      <trkpt lat="49.435025" lon="10.247006">
        <ele>476.635030</ele>
        <time>2026-09-25T08:15:25.396Z</time>
      </trkpt>
      <trkpt lat="49.434923" lon="10.246990">
        <ele>476.543581</ele>
        <time>2026-09-25T08:15:28.427Z</time>
      </trkpt>
      <trkpt lat="49.434814" lon="10.246979">
        <ele>476.446152</ele>
        <time>2026-09-25T08:15:31.434Z</time>
      </trkpt>
      <trkpt lat="49.434716" lon="10.246955">
        <ele>476.357642</ele>
        <time>2026-09-25T08:15:34.415Z</time>
      </trkpt>
      <trkpt lat="49.434603" lon="10.246958">
        <ele>476.256839</ele>
        <time>2026-09-25T08:15:37.390Z</time>
      </trkpt>
      <trkpt lat="49.434494" lon="10.246971">
        <ele>476.159327</ele>
        <time>2026-09-25T08:15:40.382Z</time>
      </trkpt>
      <trkpt lat="49.434372" lon="10.246990">
        <ele>476.082792</ele>
        <time>2026-09-25T08:15:43.391Z</time>
      </trkpt>
      <trkpt lat="49.434266" lon="10.247028">
        <ele>476.332409</ele>
        <time>2026-09-25T08:15:46.388Z</time>
      </trkpt>
      <trkpt lat="49.434159" lon="10.247089">
        <ele>476.594123</ele>
        <time>2026-09-25T08:15:49.390Z</time>
      </trkpt>
      <trkpt lat="49.434077" lon="10.247149">
        <ele>476.802385</ele>
        <time>2026-09-25T08:15:51.419Z</time>
      </trkpt>
      <trkpt lat="49.433981" lon="10.247229">
        <ele>477.052802</ele>
        <time>2026-09-25T08:15:54.392Z</time>
      </trkpt>
      <trkpt lat="49.433894" lon="10.247313">
        <ele>477.288397</ele>
        <time>2026-09-25T08:15:57.392Z</time>
      </trkpt>
      <trkpt lat="49.433809" lon="10.247390">
        <ele>477.514647</ele>
        <time>2026-09-25T08:16:00.386Z</time>
      </trkpt>
      <trkpt lat="49.433708" lon="10.247486">
        <ele>477.786958</ele>
        <time>2026-09-25T08:16:03.374Z</time>
      </trkpt>
      <trkpt lat="49.433639" lon="10.247599">
        <ele>478.018139</ele>
        <time>2026-09-25T08:16:07.418Z</time>
      </trkpt>
      <trkpt lat="49.433569" lon="10.247724">
        <ele>478.264164</ele>
        <time>2026-09-25T08:16:11.440Z</time>
      </trkpt>
      <trkpt lat="49.433510" lon="10.247838">
        <ele>478.481460</ele>
        <time>2026-09-25T08:16:15.395Z</time>
      </trkpt>
      <trkpt lat="49.433472" lon="10.247965">
        <ele>478.689961</ele>
        <time>2026-09-25T08:16:20.423Z</time>
      </trkpt>
      <trkpt lat="49.433382" lon="10.248033">
        <ele>478.919936</ele>
        <time>2026-09-25T08:16:25.396Z</time>
      </trkpt>
      <trkpt lat="49.433289" lon="10.248110">
        <ele>479.162173</ele>
        <time>2026-09-25T08:16:29.423Z</time>
      </trkpt>
      <trkpt lat="49.433210" lon="10.248181">
        <ele>479.372027</ele>
        <time>2026-09-25T08:16:32.399Z</time>
      </trkpt>
      <trkpt lat="49.433100" lon="10.248245">
        <ele>479.641753</ele>
        <time>2026-09-25T08:16:35.401Z</time>
      </trkpt>
      <trkpt lat="49.433001" lon="10.248298">
        <ele>479.882165</ele>
        <time>2026-09-25T08:16:38.422Z</time>
      </trkpt>
      <trkpt lat="49.432900" lon="10.248354">
        <ele>480.128395</ele>
        <time>2026-09-25T08:16:42.409Z</time>
      </trkpt>
      <trkpt lat="49.432810" lon="10.248400">
        <ele>480.338769</ele>
        <time>2026-09-25T08:16:46.456Z</time>
      </trkpt>
      <trkpt lat="49.432716" lon="10.248418">
        <ele>480.546434</ele>
        <time>2026-09-25T08:16:49.418Z</time>
      </trkpt>
      <trkpt lat="49.432612" lon="10.248457">
        <ele>480.781111</ele>
        <time>2026-09-25T08:16:56.401Z</time>
      </trkpt>
      <trkpt lat="49.432523" lon="10.248535">
        <ele>481.005688</ele>
        <time>2026-09-25T08:17:01.405Z</time>
      </trkpt>
      <trkpt lat="49.432428" lon="10.248663">
        <ele>481.282596</ele>
        <time>2026-09-25T08:17:04.426Z</time>
      </trkpt>
      <trkpt lat="49.432348" lon="10.248820">
        <ele>481.566958</ele>
        <time>2026-09-25T08:17:07.424Z</time>
      </trkpt>
      <trkpt lat="49.432249" lon="10.248965">
        <ele>481.866693</ele>
        <time>2026-09-25T08:17:10.406Z</time>
      </trkpt>
      <trkpt lat="49.432163" lon="10.249058">
        <ele>482.097184</ele>
        <time>2026-09-25T08:17:13.420Z</time>
      </trkpt>
      <trkpt lat="49.432072" lon="10.249102">
        <ele>482.306310</ele>
        <time>2026-09-25T08:17:15.421Z</time>
      </trkpt>
      <trkpt lat="49.431977" lon="10.249137">
        <ele>482.520470</ele>
        <time>2026-09-25T08:17:18.406Z</time>
      </trkpt>
      <trkpt lat="49.431885" lon="10.249171">
        <ele>482.727901</ele>
        <time>2026-09-25T08:17:21.417Z</time>
      </trkpt>
      <trkpt lat="49.431791" lon="10.249208">
        <ele>482.940619</ele>
        <time>2026-09-25T08:17:24.409Z</time>
      </trkpt>
      <trkpt lat="49.431701" lon="10.249259">
        <ele>483.150894</ele>
        <time>2026-09-25T08:17:28.426Z</time>
      </trkpt>
      <trkpt lat="49.431616" lon="10.249339">
        <ele>483.369373</ele>
        <time>2026-09-25T08:17:32.421Z</time>
      </trkpt>
      <trkpt lat="49.431554" lon="10.249450">
        <ele>483.577987</ele>
        <time>2026-09-25T08:17:37.402Z</time>
      </trkpt>
      <trkpt lat="49.431468" lon="10.249538">
        <ele>483.804453</ele>
        <time>2026-09-25T08:17:41.371Z</time>
      </trkpt>
      <trkpt lat="49.431382" lon="10.249628">
        <ele>484.032511</ele>
        <time>2026-09-25T08:17:46.388Z</time>
      </trkpt>
      <trkpt lat="49.431296" lon="10.249707">
        <ele>484.167904</ele>
        <time>2026-09-25T08:17:50.368Z</time>
      </trkpt>
      <trkpt lat="49.431205" lon="10.249764">
        <ele>484.238075</ele>
        <time>2026-09-25T08:17:54.403Z</time>
      </trkpt>
      <trkpt lat="49.431117" lon="10.249814">
        <ele>484.305072</ele>
        <time>2026-09-25T08:17:58.397Z</time>
      </trkpt>
      <trkpt lat="49.431017" lon="10.249877">
        <ele>484.382247</ele>
        <time>2026-09-25T08:18:04.392Z</time>
      </trkpt>
      <trkpt lat="49.430914" lon="10.249928">
        <ele>484.459522</ele>
        <time>2026-09-25T08:18:09.431Z</time>
      </trkpt>
      <trkpt lat="49.430815" lon="10.249966">
        <ele>484.532391</ele>
        <time>2026-09-25T08:18:13.406Z</time>
      </trkpt>
      <trkpt lat="49.430711" lon="10.250012">
        <ele>484.609672</ele>
        <time>2026-09-25T08:18:17.398Z</time>
      </trkpt>
      <trkpt lat="49.430610" lon="10.250052">
        <ele>484.684153</ele>
        <time>2026-09-25T08:18:21.429Z</time>
      </trkpt>
      <trkpt lat="49.430510" lon="10.250086">
        <ele>484.757291</ele>
        <time>2026-09-25T08:18:25.428Z</time>
      </trkpt>
      <trkpt lat="49.430408" lon="10.250128">
        <ele>484.832699</ele>
        <time>2026-09-25T08:18:30.390Z</time>
      </trkpt>
      <trkpt lat="49.430314" lon="10.250155">
        <ele>484.900989</ele>
        <time>2026-09-25T08:18:34.398Z</time>
      </trkpt>
      <trkpt lat="49.430209" lon="10.250192">
        <ele>484.977916</ele>
        <time>2026-09-25T08:18:39.411Z</time>
      </trkpt>
      <trkpt lat="49.430112" lon="10.250213">
        <ele>485.047870</ele>
        <time>2026-09-25T08:18:43.416Z</time>
      </trkpt>
      <trkpt lat="49.429931" lon="10.250232">
        <ele>485.177429</ele>
        <time>2026-09-25T08:19:37.402Z</time>
      </trkpt>
      <trkpt lat="49.429836" lon="10.250279">
        <ele>485.248696</ele>
        <time>2026-09-25T08:19:42.387Z</time>
      </trkpt>
      <trkpt lat="49.429748" lon="10.250340">
        <ele>485.317631</ele>
        <time>2026-09-25T08:19:46.424Z</time>
      </trkpt>
      <trkpt lat="49.429656" lon="10.250388">
        <ele>485.387010</ele>
        <time>2026-09-25T08:19:51.394Z</time>
      </trkpt>
      <trkpt lat="49.429552" lon="10.250452">
        <ele>485.299348</ele>
        <time>2026-09-25T08:19:57.384Z</time>
      </trkpt>
      <trkpt lat="49.429471" lon="10.250516">
        <ele>485.167315</ele>
        <time>2026-09-25T08:20:02.397Z</time>
      </trkpt>
      <trkpt lat="49.429378" lon="10.250580">
        <ele>485.019593</ele>
        <time>2026-09-25T08:20:07.376Z</time>
      </trkpt>
      <trkpt lat="49.429281" lon="10.250655">
        <ele>484.862181</ele>
        <time>2026-09-25T08:20:12.404Z</time>
      </trkpt>
      <trkpt lat="49.429193" lon="10.250750">
        <ele>484.706290</ele>
        <time>2026-09-25T08:20:17.423Z</time>
      </trkpt>
      <trkpt lat="49.429114" lon="10.250834">
        <ele>484.567035</ele>
        <time>2026-09-25T08:20:21.400Z</time>
      </trkpt>
      <trkpt lat="49.429014" lon="10.250927">
        <ele>484.397596</ele>
        <time>2026-09-25T08:20:25.430Z</time>
      </trkpt>
      <trkpt lat="49.428926" lon="10.251006">
        <ele>484.249858</ele>
        <time>2026-09-25T08:20:29.402Z</time>
      </trkpt>
      <trkpt lat="49.428832" lon="10.251090">
        <ele>484.092229</ele>
        <time>2026-09-25T08:20:33.427Z</time>
      </trkpt>
      <trkpt lat="49.428750" lon="10.251176">
        <ele>483.948321</ele>
        <time>2026-09-25T08:20:37.408Z</time>
      </trkpt>
      <trkpt lat="49.428662" lon="10.251271">
        <ele>483.792430</ele>
        <time>2026-09-25T08:20:41.473Z</time>
      </trkpt>
      <trkpt lat="49.428582" lon="10.251340">
        <ele>483.659442</ele>
        <time>2026-09-25T08:20:44.410Z</time>
      </trkpt>
      <trkpt lat="49.428501" lon="10.251424">
        <ele>483.517792</ele>
        <time>2026-09-25T08:20:47.429Z</time>
      </trkpt>
      <trkpt lat="49.428419" lon="10.251510">
        <ele>483.373883</ele>
        <time>2026-09-25T08:20:50.406Z</time>
      </trkpt>
      <trkpt lat="49.428338" lon="10.251594">
        <ele>483.232232</ele>
        <time>2026-09-25T08:20:53.408Z</time>
      </trkpt>
      <trkpt lat="49.428246" lon="10.251685">
        <ele>483.073632</ele>
        <time>2026-09-25T08:20:56.423Z</time>
      </trkpt>
      <trkpt lat="49.428166" lon="10.251803">
        <ele>482.912905</ele>
        <time>2026-09-25T08:20:59.406Z</time>
      </trkpt>
      <trkpt lat="49.428106" lon="10.251947">
        <ele>482.734200</ele>
        <time>2026-09-25T08:21:02.440Z</time>
      </trkpt>
      <trkpt lat="49.428070" lon="10.252105">
        <ele>482.523719</ele>
        <time>2026-09-25T08:21:05.420Z</time>
      </trkpt>
      <trkpt lat="49.428059" lon="10.252264">
        <ele>482.322690</ele>
        <time>2026-09-25T08:21:08.418Z</time>
      </trkpt>
      <trkpt lat="49.428069" lon="10.252417">
        <ele>482.129364</ele>
        <time>2026-09-25T08:21:11.419Z</time>
      </trkpt>
      <trkpt lat="49.428082" lon="10.252577">
        <ele>481.926642</ele>
        <time>2026-09-25T08:21:14.434Z</time>
      </trkpt>
      <trkpt lat="49.428096" lon="10.252735">
        <ele>481.726163</ele>
        <time>2026-09-25T08:21:17.393Z</time>
      </trkpt>
      <trkpt lat="49.428114" lon="10.252900">
        <ele>481.515821</ele>
        <time>2026-09-25T08:21:20.423Z</time>
      </trkpt>
      <trkpt lat="49.428128" lon="10.253041">
        <ele>481.336496</ele>
        <time>2026-09-25T08:21:23.408Z</time>
      </trkpt>
      <trkpt lat="49.428144" lon="10.253189">
        <ele>481.147872</ele>
        <time>2026-09-25T08:21:26.409Z</time>
      </trkpt>
      <trkpt lat="49.428157" lon="10.253346">
        <ele>480.948892</ele>
        <time>2026-09-25T08:21:29.382Z</time>
      </trkpt>
      <trkpt lat="49.428171" lon="10.253490">
        <ele>480.765838</ele>
        <time>2026-09-25T08:21:32.389Z</time>
      </trkpt>
      <trkpt lat="49.428198" lon="10.253662">
        <ele>480.543384</ele>
        <time>2026-09-25T08:21:36.412Z</time>
      </trkpt>
      <trkpt lat="49.428217" lon="10.253801">
        <ele>480.364811</ele>
        <time>2026-09-25T08:21:39.428Z</time>
      </trkpt>
      <trkpt lat="49.428224" lon="10.253951">
        <ele>480.175741</ele>
        <time>2026-09-25T08:21:42.409Z</time>
      </trkpt>
      <trkpt lat="49.428231" lon="10.254097">
        <ele>479.991686</ele>
        <time>2026-09-25T08:21:45.423Z</time>
      </trkpt>
      <trkpt lat="49.428240" lon="10.254246">
        <ele>479.803552</ele>
        <time>2026-09-25T08:21:48.394Z</time>
      </trkpt>
      <trkpt lat="49.428248" lon="10.254398">
        <ele>479.611827</ele>
        <time>2026-09-25T08:21:51.383Z</time>
      </trkpt>
      <trkpt lat="49.428255" lon="10.254559">
        <ele>479.408960</ele>
        <time>2026-09-25T08:21:54.404Z</time>
      </trkpt>
      <trkpt lat="49.428262" lon="10.254725">
        <ele>479.250103</ele>
        <time>2026-09-25T08:21:57.403Z</time>
      </trkpt>
      <trkpt lat="49.428176" lon="10.254830">
        <ele>479.121638</ele>
        <time>2026-09-25T08:22:02.394Z</time>
      </trkpt>
      <trkpt lat="49.428075" lon="10.254762">
        <ele>478.992656</ele>
        <time>2026-09-25T08:22:06.387Z</time>
      </trkpt>
      <trkpt lat="49.427987" lon="10.254710">
        <ele>478.882372</ele>
        <time>2026-09-25T08:22:09.406Z</time>
      </trkpt>
      <trkpt lat="49.427888" lon="10.254632">
        <ele>478.752241</ele>
        <time>2026-09-25T08:22:13.393Z</time>
      </trkpt>
      <trkpt lat="49.427784" lon="10.254557">
        <ele>478.617863</ele>
        <time>2026-09-25T08:22:16.433Z</time>
      </trkpt>
      <trkpt lat="49.427684" lon="10.254477">
        <ele>478.485994</ele>
        <time>2026-09-25T08:22:19.377Z</time>
      </trkpt>
      <trkpt lat="49.427558" lon="10.254416">
        <ele>478.331464</ele>
        <time>2026-09-25T08:22:22.430Z</time>
      </trkpt>
      <trkpt lat="49.427462" lon="10.254359">
        <ele>478.211079</ele>
        <time>2026-09-25T08:22:24.407Z</time>
      </trkpt>
      <trkpt lat="49.427349" lon="10.254299">
        <ele>478.071230</ele>
        <time>2026-09-25T08:22:26.406Z</time>
      </trkpt>
      <trkpt lat="49.427265" lon="10.254439">
        <ele>477.926308</ele>
        <time>2026-09-25T08:22:29.433Z</time>
      </trkpt>
      <trkpt lat="49.427286" lon="10.254595">
        <ele>477.805099</ele>
        <time>2026-09-25T08:22:31.375Z</time>
      </trkpt>
      <trkpt lat="49.427311" lon="10.254770">
        <ele>477.668775</ele>
        <time>2026-09-25T08:22:34.377Z</time>
      </trkpt>
      <trkpt lat="49.427353" lon="10.254926">
        <ele>477.540314</ele>
        <time>2026-09-25T08:22:37.385Z</time>
      </trkpt>
      <trkpt lat="49.427388" lon="10.255062">
        <ele>477.429032</ele>
        <time>2026-09-25T08:22:40.375Z</time>
      </trkpt>
      <trkpt lat="49.427421" lon="10.255192">
        <ele>477.322854</ele>
        <time>2026-09-25T08:22:43.412Z</time>
      </trkpt>
      <trkpt lat="49.427480" lon="10.255363">
        <ele>477.321087</ele>
        <time>2026-09-25T08:22:47.388Z</time>
      </trkpt>
      <trkpt lat="49.427494" lon="10.255537">
        <ele>477.596084</ele>
        <time>2026-09-25T08:22:51.402Z</time>
      </trkpt>
      <trkpt lat="49.427505" lon="10.255698">
        <ele>477.849999</ele>
        <time>2026-09-25T08:22:54.400Z</time>
      </trkpt>
      <trkpt lat="49.427522" lon="10.255878">
        <ele>478.135287</ele>
        <time>2026-09-25T08:22:57.386Z</time>
      </trkpt>
      <trkpt lat="49.427546" lon="10.256052">
        <ele>478.414272</ele>
        <time>2026-09-25T08:23:00.389Z</time>
      </trkpt>
      <trkpt lat="49.427570" lon="10.256222">
        <ele>478.687123</ele>
        <time>2026-09-25T08:23:03.411Z</time>
      </trkpt>
      <trkpt lat="49.427596" lon="10.256386">
        <ele>478.951885</ele>
        <time>2026-09-25T08:23:06.418Z</time>
      </trkpt>
      <trkpt lat="49.427618" lon="10.256561">
        <ele>479.231449</ele>
        <time>2026-09-25T08:23:09.374Z</time>
      </trkpt>
      <trkpt lat="49.427644" lon="10.256739">
        <ele>479.517592</ele>
        <time>2026-09-25T08:23:12.381Z</time>
      </trkpt>
      <trkpt lat="49.427668" lon="10.256915">
        <ele>479.799646</ele>
        <time>2026-09-25T08:23:15.381Z</time>
      </trkpt>
      <trkpt lat="49.427684" lon="10.257084">
        <ele>480.067512</ele>
        <time>2026-09-25T08:23:18.400Z</time>
      </trkpt>
      <trkpt lat="49.427703" lon="10.257250">
        <ele>480.331880</ele>
        <time>2026-09-25T08:23:21.378Z</time>
      </trkpt>
      <trkpt lat="49.427722" lon="10.257418">
        <ele>480.599338</ele>
        <time>2026-09-25T08:23:24.409Z</time>
      </trkpt>
      <trkpt lat="49.427739" lon="10.257580">
        <ele>480.856717</ele>
        <time>2026-09-25T08:23:27.407Z</time>
      </trkpt>
      <trkpt lat="49.427750" lon="10.257737">
        <ele>481.104392</ele>
        <time>2026-09-25T08:23:30.400Z</time>
      </trkpt>
      <trkpt lat="49.427760" lon="10.257882">
        <ele>481.333096</ele>
        <time>2026-09-25T08:23:33.382Z</time>
      </trkpt>
      <trkpt lat="49.427772" lon="10.258052">
        <ele>481.586208</ele>
        <time>2026-09-25T08:23:36.386Z</time>
      </trkpt>
      <trkpt lat="49.427784" lon="10.258202">
        <ele>481.735370</ele>
        <time>2026-09-25T08:23:38.364Z</time>
      </trkpt>
      <trkpt lat="49.427810" lon="10.258381">
        <ele>481.916391</ele>
        <time>2026-09-25T08:23:41.399Z</time>
      </trkpt>
      <trkpt lat="49.427842" lon="10.258542">
        <ele>482.082548</ele>
        <time>2026-09-25T08:23:44.399Z</time>
      </trkpt>
      <trkpt lat="49.427848" lon="10.258715">
        <ele>482.253538</ele>
        <time>2026-09-25T08:23:47.390Z</time>
      </trkpt>
      <trkpt lat="49.427824" lon="10.259625">
        <ele>483.152424</ele>
        <time>2026-09-25T08:24:03.370Z</time>
      </trkpt>
      <trkpt lat="49.427843" lon="10.259826">
        <ele>483.352891</ele>
        <time>2026-09-25T08:24:07.390Z</time>
      </trkpt>
      <trkpt lat="49.427867" lon="10.259970">
        <ele>483.499607</ele>
        <time>2026-09-25T08:24:11.386Z</time>
      </trkpt>
      <trkpt lat="49.427767" lon="10.259971">
        <ele>483.651358</ele>
        <time>2026-09-25T08:24:15.402Z</time>
      </trkpt>
      <trkpt lat="49.427660" lon="10.259903">
        <ele>483.827053</ele>
        <time>2026-09-25T08:24:18.405Z</time>
      </trkpt>
      <trkpt lat="49.427574" lon="10.259808">
        <ele>483.987747</ele>
        <time>2026-09-25T08:24:22.409Z</time>
      </trkpt>
      <trkpt lat="49.427490" lon="10.259721">
        <ele>484.141439</ele>
        <time>2026-09-25T08:24:25.393Z</time>
      </trkpt>
      <trkpt lat="49.427411" lon="10.259624">
        <ele>484.295491</ele>
        <time>2026-09-25T08:24:28.405Z</time>
      </trkpt>
      <trkpt lat="49.427306" lon="10.259530">
        <ele>484.503907</ele>
        <time>2026-09-25T08:24:32.412Z</time>
      </trkpt>
      <trkpt lat="49.427222" lon="10.259477">
        <ele>484.659654</ele>
        <time>2026-09-25T08:24:35.396Z</time>
      </trkpt>
      <trkpt lat="49.427136" lon="10.259409">
        <ele>484.825535</ele>
        <time>2026-09-25T08:24:39.397Z</time>
      </trkpt>
      <trkpt lat="49.427035" lon="10.259336">
        <ele>485.016970</ele>
        <time>2026-09-25T08:24:43.402Z</time>
      </trkpt>
      <trkpt lat="49.426932" lon="10.259280">
        <ele>485.204369</ele>
        <time>2026-09-25T08:24:47.402Z</time>
      </trkpt>
      <trkpt lat="49.426831" lon="10.259245">
        <ele>485.381961</ele>
        <time>2026-09-25T08:24:50.408Z</time>
      </trkpt>
      <trkpt lat="49.426706" lon="10.259212">
        <ele>485.599513</ele>
        <time>2026-09-25T08:24:53.408Z</time>
      </trkpt>
      <trkpt lat="49.426573" lon="10.259173">
        <ele>485.831762</ele>
        <time>2026-09-25T08:24:55.422Z</time>
      </trkpt>
      <trkpt lat="49.426440" lon="10.259138">
        <ele>486.063216</ele>
        <time>2026-09-25T08:24:57.406Z</time>
      </trkpt>
      <trkpt lat="49.426298" lon="10.259147">
        <ele>486.306997</ele>
        <time>2026-09-25T08:24:59.393Z</time>
      </trkpt>
      <trkpt lat="49.426175" lon="10.259250">
        <ele>486.547245</ele>
        <time>2026-09-25T08:25:01.409Z</time>
      </trkpt>
      <trkpt lat="49.426078" lon="10.259365">
        <ele>486.757355</ele>
        <time>2026-09-25T08:25:03.398Z</time>
      </trkpt>
      <trkpt lat="49.426002" lon="10.259467">
        <ele>486.930401</ele>
        <time>2026-09-25T08:25:05.401Z</time>
      </trkpt>
      <trkpt lat="49.425907" lon="10.259598">
        <ele>487.149297</ele>
        <time>2026-09-25T08:25:08.423Z</time>
      </trkpt>
      <trkpt lat="49.425826" lon="10.259713">
        <ele>487.338418</ele>
        <time>2026-09-25T08:25:11.404Z</time>
      </trkpt>
      <trkpt lat="49.425764" lon="10.259838">
        <ele>487.555067</ele>
        <time>2026-09-25T08:25:14.383Z</time>
      </trkpt>
      <trkpt lat="49.425734" lon="10.259989">
        <ele>487.783674</ele>
        <time>2026-09-25T08:25:17.386Z</time>
      </trkpt>
      <trkpt lat="49.425724" lon="10.260147">
        <ele>488.013525</ele>
        <time>2026-09-25T08:25:20.408Z</time>
      </trkpt>
      <trkpt lat="49.425709" lon="10.260310">
        <ele>488.251885</ele>
        <time>2026-09-25T08:25:23.405Z</time>
      </trkpt>
      <trkpt lat="49.425653" lon="10.260448">
        <ele>488.487396</ele>
        <time>2026-09-25T08:25:26.419Z</time>
      </trkpt>
      <trkpt lat="49.425532" lon="10.260469">
        <ele>488.758462</ele>
        <time>2026-09-25T08:25:29.394Z</time>
      </trkpt>
      <trkpt lat="49.425422" lon="10.260429">
        <ele>489.010086</ele>
        <time>2026-09-25T08:25:32.402Z</time>
      </trkpt>
      <trkpt lat="49.425321" lon="10.260389">
        <ele>489.242260</ele>
        <time>2026-09-25T08:25:35.403Z</time>
      </trkpt>
      <trkpt lat="49.425221" lon="10.260315">
        <ele>489.489312</ele>
        <time>2026-09-25T08:25:38.400Z</time>
      </trkpt>
      <trkpt lat="49.425132" lon="10.260229">
        <ele>489.723315</ele>
        <time>2026-09-25T08:25:41.404Z</time>
      </trkpt>
      <trkpt lat="49.425039" lon="10.260139">
        <ele>489.967940</ele>
        <time>2026-09-25T08:25:44.413Z</time>
      </trkpt>
      <trkpt lat="49.424958" lon="10.260051">
        <ele>490.188729</ele>
        <time>2026-09-25T08:25:47.405Z</time>
      </trkpt>
      <trkpt lat="49.424870" lon="10.259945">
        <ele>490.437589</ele>
        <time>2026-09-25T08:25:50.401Z</time>
      </trkpt>
      <trkpt lat="49.424793" lon="10.259847">
        <ele>490.660111</ele>
        <time>2026-09-25T08:25:53.404Z</time>
      </trkpt>
      <trkpt lat="49.424707" lon="10.259725">
        <ele>490.920601</ele>
        <time>2026-09-25T08:25:57.462Z</time>
      </trkpt>
      <trkpt lat="49.424607" lon="10.259622">
        <ele>491.188550</ele>
        <time>2026-09-25T08:26:01.392Z</time>
      </trkpt>
      <trkpt lat="49.424521" lon="10.259532">
        <ele>491.466212</ele>
        <time>2026-09-25T08:26:04.407Z</time>
      </trkpt>
      <trkpt lat="49.424436" lon="10.259430">
        <ele>491.976028</ele>
        <time>2026-09-25T08:26:07.406Z</time>
      </trkpt>
      <trkpt lat="49.424368" lon="10.259332">
        <ele>492.416711</ele>
        <time>2026-09-25T08:26:10.403Z</time>
      </trkpt>
      <trkpt lat="49.424288" lon="10.259235">
        <ele>492.898436</ele>
        <time>2026-09-25T08:26:13.398Z</time>
      </trkpt>
      <trkpt lat="49.424214" lon="10.259125">
        <ele>493.385114</ele>
        <time>2026-09-25T08:26:16.391Z</time>
      </trkpt>
      <trkpt lat="49.424139" lon="10.259038">
        <ele>493.829334</ele>
        <time>2026-09-25T08:26:19.412Z</time>
      </trkpt>
      <trkpt lat="49.424048" lon="10.258923">
        <ele>494.386291</ele>
        <time>2026-09-25T08:26:22.470Z</time>
      </trkpt>
      <trkpt lat="49.423971" lon="10.258811">
        <ele>494.887472</ele>
        <time>2026-09-25T08:26:25.386Z</time>
      </trkpt>
      <trkpt lat="49.423887" lon="10.258705">
        <ele>495.401286</ele>
        <time>2026-09-25T08:26:29.402Z</time>
      </trkpt>
      <trkpt lat="49.423810" lon="10.258616">
        <ele>495.856762</ele>
        <time>2026-09-25T08:26:32.384Z</time>
      </trkpt>
      <trkpt lat="49.423736" lon="10.258526">
        <ele>496.302884</ele>
        <time>2026-09-25T08:26:34.385Z</time>
      </trkpt>
      <trkpt lat="49.423652" lon="10.258420">
        <ele>496.816699</ele>
        <time>2026-09-25T08:26:37.390Z</time>
      </trkpt>
      <trkpt lat="49.423556" lon="10.258307">
        <ele>497.388356</ele>
        <time>2026-09-25T08:26:40.386Z</time>
      </trkpt>
      <trkpt lat="49.423459" lon="10.258195">
        <ele>497.961923</ele>
        <time>2026-09-25T08:26:43.397Z</time>
      </trkpt>
      <trkpt lat="49.423370" lon="10.258089">
        <ele>498.494224</ele>
        <time>2026-09-25T08:26:46.391Z</time>
      </trkpt>
      <trkpt lat="49.423289" lon="10.257970">
        <ele>499.023948</ele>
        <time>2026-09-25T08:26:49.383Z</time>
      </trkpt>
      <trkpt lat="49.423228" lon="10.257863">
        <ele>499.461521</ele>
        <time>2026-09-25T08:26:52.409Z</time>
      </trkpt>
      <trkpt lat="49.423167" lon="10.257750">
        <ele>499.899093</ele>
        <time>2026-09-25T08:26:55.391Z</time>
      </trkpt>
      <trkpt lat="49.423098" lon="10.257626">
        <ele>500.165226</ele>
        <time>2026-09-25T08:26:58.396Z</time>
      </trkpt>
      <trkpt lat="49.423033" lon="10.257492">
        <ele>500.437843</ele>
        <time>2026-09-25T08:27:01.409Z</time>
      </trkpt>
      <trkpt lat="49.422958" lon="10.257365">
        <ele>500.717595</ele>
        <time>2026-09-25T08:27:05.402Z</time>
      </trkpt>
      <trkpt lat="49.422893" lon="10.257246">
        <ele>500.971024</ele>
        <time>2026-09-25T08:27:08.411Z</time>
      </trkpt>
      <trkpt lat="49.422828" lon="10.257109">
        <ele>501.247579</ele>
        <time>2026-09-25T08:27:11.405Z</time>
      </trkpt>
      <trkpt lat="49.422767" lon="10.256996">
        <ele>501.487069</ele>
        <time>2026-09-25T08:27:14.420Z</time>
      </trkpt>
      <trkpt lat="49.422701" lon="10.256879">
        <ele>501.739644</ele>
        <time>2026-09-25T08:27:17.403Z</time>
      </trkpt>
      <trkpt lat="49.422647" lon="10.256754">
        <ele>501.984372</ele>
        <time>2026-09-25T08:27:20.394Z</time>
      </trkpt>
      <trkpt lat="49.422595" lon="10.256626">
        <ele>502.230497</ele>
        <time>2026-09-25T08:27:23.404Z</time>
      </trkpt>
      <trkpt lat="49.422542" lon="10.256492">
        <ele>502.486269</ele>
        <time>2026-09-25T08:27:26.409Z</time>
      </trkpt>
      <trkpt lat="49.422485" lon="10.256358">
        <ele>502.747393</ele>
        <time>2026-09-25T08:27:29.433Z</time>
      </trkpt>
      <trkpt lat="49.422451" lon="10.256227">
        <ele>502.977422</ele>
        <time>2026-09-25T08:27:33.400Z</time>
      </trkpt>
      <trkpt lat="49.422391" lon="10.256106">
        <ele>503.225564</ele>
        <time>2026-09-25T08:27:35.408Z</time>
      </trkpt>
      <trkpt lat="49.422329" lon="10.255957">
        <ele>503.514039</ele>
        <time>2026-09-25T08:27:38.404Z</time>
      </trkpt>
      <trkpt lat="49.422273" lon="10.255837">
        <ele>503.754905</ele>
        <time>2026-09-25T08:27:40.407Z</time>
      </trkpt>
      <trkpt lat="49.422195" lon="10.255690">
        <ele>504.064299</ele>
        <time>2026-09-25T08:27:43.419Z</time>
      </trkpt>
      <trkpt lat="49.422156" lon="10.255561">
        <ele>504.296302</ele>
        <time>2026-09-25T08:27:46.399Z</time>
      </trkpt>
      <trkpt lat="49.422086" lon="10.255419">
        <ele>504.319324</ele>
        <time>2026-09-25T08:27:49.410Z</time>
      </trkpt>
      <trkpt lat="49.422030" lon="10.255283">
        <ele>504.219724</ele>
        <time>2026-09-25T08:27:52.393Z</time>
      </trkpt>
      <trkpt lat="49.421970" lon="10.255134">
        <ele>504.111287</ele>
        <time>2026-09-25T08:27:55.400Z</time>
      </trkpt>
      <trkpt lat="49.421906" lon="10.254999">
        <ele>504.007917</ele>
        <time>2026-09-25T08:27:58.418Z</time>
      </trkpt>
      <trkpt lat="49.421826" lon="10.254896">
        <ele>503.908650</ele>
        <time>2026-09-25T08:28:01.411Z</time>
      </trkpt>
      <trkpt lat="49.421757" lon="10.254757">
        <ele>503.800453</ele>
        <time>2026-09-25T08:28:04.440Z</time>
      </trkpt>
      <trkpt lat="49.421686" lon="10.254670">
        <ele>503.714081</ele>
        <time>2026-09-25T08:28:07.411Z</time>
      </trkpt>
      <trkpt lat="49.421621" lon="10.254546">
        <ele>503.615536</ele>
        <time>2026-09-25T08:28:11.401Z</time>
      </trkpt>
      <trkpt lat="49.421541" lon="10.254412">
        <ele>503.502987</ele>
        <time>2026-09-25T08:28:16.381Z</time>
      </trkpt>
      <trkpt lat="49.421453" lon="10.254312">
        <ele>503.398886</ele>
        <time>2026-09-25T08:28:19.396Z</time>
      </trkpt>
      <trkpt lat="49.421350" lon="10.254215">
        <ele>503.283979</ele>
        <time>2026-09-25T08:28:22.432Z</time>
      </trkpt>
      <trkpt lat="49.421247" lon="10.254116">
        <ele>503.168422</ele>
        <time>2026-09-25T08:28:25.423Z</time>
      </trkpt>
      <trkpt lat="49.421137" lon="10.254052">
        <ele>503.056536</ele>
        <time>2026-09-25T08:28:28.440Z</time>
      </trkpt>
      <trkpt lat="49.421025" lon="10.253984">
        <ele>502.941984</ele>
        <time>2026-09-25T08:28:31.533Z</time>
      </trkpt>
      <trkpt lat="49.420925" lon="10.253945">
        <ele>502.843841</ele>
        <time>2026-09-25T08:28:34.374Z</time>
      </trkpt>
      <trkpt lat="49.420813" lon="10.253925">
        <ele>502.736581</ele>
        <time>2026-09-25T08:28:37.411Z</time>
      </trkpt>
      <trkpt lat="49.420708" lon="10.253934">
        <ele>502.557947</ele>
        <time>2026-09-25T08:28:40.402Z</time>
      </trkpt>
      <trkpt lat="49.420603" lon="10.253949">
        <ele>502.283783</ele>
        <time>2026-09-25T08:28:43.390Z</time>
      </trkpt>
      <trkpt lat="49.420495" lon="10.253941">
        <ele>502.002670</ele>
        <time>2026-09-25T08:28:46.386Z</time>
      </trkpt>
      <trkpt lat="49.420378" lon="10.253943">
        <ele>501.698465</ele>
        <time>2026-09-25T08:28:49.404Z</time>
      </trkpt>
      <trkpt lat="49.420272" lon="10.253983">
        <ele>501.414696</ele>
        <time>2026-09-25T08:28:52.458Z</time>
      </trkpt>
      <trkpt lat="49.420172" lon="10.254004">
        <ele>501.152293</ele>
        <time>2026-09-25T08:28:55.395Z</time>
      </trkpt>
      <trkpt lat="49.420066" lon="10.254040">
        <ele>500.870060</ele>
        <time>2026-09-25T08:28:58.454Z</time>
      </trkpt>
      <trkpt lat="49.419960" lon="10.254089">
        <ele>500.582282</ele>
        <time>2026-09-25T08:29:01.408Z</time>
      </trkpt>
      <trkpt lat="49.419849" lon="10.254137">
        <ele>500.282494</ele>
        <time>2026-09-25T08:29:04.467Z</time>
      </trkpt>
      <trkpt lat="49.419725" lon="10.254204">
        <ele>499.940774</ele>
        <time>2026-09-25T08:29:07.403Z</time>
      </trkpt>
      <trkpt lat="49.419619" lon="10.254237">
        <ele>499.659592</ele>
        <time>2026-09-25T08:29:10.446Z</time>
      </trkpt>
      <trkpt lat="49.419521" lon="10.254296">
        <ele>499.385961</ele>
        <time>2026-09-25T08:29:13.439Z</time>
      </trkpt>
      <trkpt lat="49.419425" lon="10.254382">
        <ele>499.097084</ele>
        <time>2026-09-25T08:29:16.462Z</time>
      </trkpt>
      <trkpt lat="49.419338" lon="10.254472">
        <ele>498.824446</ele>
        <time>2026-09-25T08:29:19.404Z</time>
      </trkpt>
      <trkpt lat="49.419244" lon="10.254564">
        <ele>498.534729</ele>
        <time>2026-09-25T08:29:22.464Z</time>
      </trkpt>
      <trkpt lat="49.419137" lon="10.254673">
        <ele>498.201003</ele>
        <time>2026-09-25T08:29:25.413Z</time>
      </trkpt>
      <trkpt lat="49.419069" lon="10.254777">
        <ele>497.996710</ele>
        <time>2026-09-25T08:29:27.401Z</time>
      </trkpt>
      <trkpt lat="49.418973" lon="10.254912">
        <ele>497.940850</ele>
        <time>2026-09-25T08:29:30.401Z</time>
      </trkpt>
      <trkpt lat="49.418908" lon="10.255052">
        <ele>497.892813</ele>
        <time>2026-09-25T08:29:33.449Z</time>
      </trkpt>
      <trkpt lat="49.418842" lon="10.255177">
        <ele>497.847850</ele>
        <time>2026-09-25T08:29:35.405Z</time>
      </trkpt>
      <trkpt lat="49.418779" lon="10.255295">
        <ele>497.805216</ele>
        <time>2026-09-25T08:29:38.403Z</time>
      </trkpt>
      <trkpt lat="49.418717" lon="10.255419">
        <ele>497.761537</ele>
        <time>2026-09-25T08:29:41.402Z</time>
      </trkpt>
      <trkpt lat="49.418652" lon="10.255594">
        <ele>497.705256</ele>
        <time>2026-09-25T08:29:44.404Z</time>
      </trkpt>
      <trkpt lat="49.418587" lon="10.255755">
        <ele>497.652335</ele>
        <time>2026-09-25T08:29:47.391Z</time>
      </trkpt>
      <trkpt lat="49.418521" lon="10.255898">
        <ele>497.603366</ele>
        <time>2026-09-25T08:29:50.394Z</time>
      </trkpt>
      <trkpt lat="49.418468" lon="10.256022">
        <ele>497.561928</ele>
        <time>2026-09-25T08:29:52.411Z</time>
      </trkpt>
      <trkpt lat="49.418393" lon="10.256109">
        <ele>497.521589</ele>
        <time>2026-09-25T08:29:54.427Z</time>
      </trkpt>
      <trkpt lat="49.418296" lon="10.256208">
        <ele>497.471602</ele>
        <time>2026-09-25T08:29:57.402Z</time>
      </trkpt>
      <trkpt lat="49.418175" lon="10.256300">
        <ele>497.413646</ele>
        <time>2026-09-25T08:30:00.407Z</time>
      </trkpt>
      <trkpt lat="49.418088" lon="10.256336">
        <ele>497.374965</ele>
        <time>2026-09-25T08:30:02.448Z</time>
      </trkpt>
      <trkpt lat="49.417991" lon="10.256332">
        <ele>497.333306</ele>
        <time>2026-09-25T08:30:04.403Z</time>
      </trkpt>
      <trkpt lat="49.417887" lon="10.256313">
        <ele>497.288342</ele>
        <time>2026-09-25T08:30:06.402Z</time>
      </trkpt>
      <trkpt lat="49.417753" lon="10.256304">
        <ele>497.249689</ele>
        <time>2026-09-25T08:30:08.395Z</time>
      </trkpt>
      <trkpt lat="49.417614" lon="10.256303">
        <ele>497.613377</ele>
        <time>2026-09-25T08:30:10.406Z</time>
      </trkpt>
      <trkpt lat="49.417477" lon="10.256331">
        <ele>497.974983</ele>
        <time>2026-09-25T08:30:12.405Z</time>
      </trkpt>
      <trkpt lat="49.417353" lon="10.256370">
        <ele>498.306142</ele>
        <time>2026-09-25T08:30:14.440Z</time>
      </trkpt>
      <trkpt lat="49.417235" lon="10.256420">
        <ele>498.626396</ele>
        <time>2026-09-25T08:30:16.412Z</time>
      </trkpt>
      <trkpt lat="49.417125" lon="10.256479">
        <ele>498.931221</ele>
        <time>2026-09-25T08:30:18.395Z</time>
      </trkpt>
      <trkpt lat="49.417025" lon="10.256547">
        <ele>499.217322</ele>
        <time>2026-09-25T08:30:20.433Z</time>
      </trkpt>
      <trkpt lat="49.416927" lon="10.256606">
        <ele>499.492697</ele>
        <time>2026-09-25T08:30:22.407Z</time>
      </trkpt>
      <trkpt lat="49.416831" lon="10.256644">
        <ele>499.752068</ele>
        <time>2026-09-25T08:30:24.400Z</time>
      </trkpt>
      <trkpt lat="49.416740" lon="10.256691">
        <ele>500.003244</ele>
        <time>2026-09-25T08:30:26.460Z</time>
      </trkpt>
      <trkpt lat="49.416650" lon="10.256737">
        <ele>500.251399</ele>
        <time>2026-09-25T08:30:28.443Z</time>
      </trkpt>
      <trkpt lat="49.416562" lon="10.256773">
        <ele>500.489660</ele>
        <time>2026-09-25T08:30:30.399Z</time>
      </trkpt>
      <trkpt lat="49.416433" lon="10.256831">
        <ele>500.841321</ele>
        <time>2026-09-25T08:30:33.410Z</time>
      </trkpt>
      <trkpt lat="49.416311" lon="10.256893">
        <ele>501.177519</ele>
        <time>2026-09-25T08:30:36.407Z</time>
      </trkpt>
      <trkpt lat="49.416192" lon="10.256948">
        <ele>501.502644</ele>
        <time>2026-09-25T08:30:39.403Z</time>
      </trkpt>
      <trkpt lat="49.416068" lon="10.257000">
        <ele>501.838938</ele>
        <time>2026-09-25T08:30:42.403Z</time>
      </trkpt>
      <trkpt lat="49.415945" lon="10.257056">
        <ele>502.118668</ele>
        <time>2026-09-25T08:30:45.398Z</time>
      </trkpt>
      <trkpt lat="49.415826" lon="10.257120">
        <ele>502.370092</ele>
        <time>2026-09-25T08:30:48.404Z</time>
      </trkpt>
      <trkpt lat="49.415715" lon="10.257195">
        <ele>502.611897</ele>
        <time>2026-09-25T08:30:51.430Z</time>
      </trkpt>
      <trkpt lat="49.415603" lon="10.257254">
        <ele>502.848007</ele>
        <time>2026-09-25T08:30:54.404Z</time>
      </trkpt>
      <trkpt lat="49.415496" lon="10.257315">
        <ele>503.075596</ele>
        <time>2026-09-25T08:30:57.411Z</time>
      </trkpt>
      <trkpt lat="49.415389" lon="10.257367">
        <ele>503.299393</ele>
        <time>2026-09-25T08:31:00.404Z</time>
      </trkpt>
      <trkpt lat="49.415285" lon="10.257415">
        <ele>503.515944</ele>
        <time>2026-09-25T08:31:03.430Z</time>
      </trkpt>
      <trkpt lat="49.415193" lon="10.257432">
        <ele>503.700737</ele>
        <time>2026-09-25T08:31:06.404Z</time>
      </trkpt>
      <trkpt lat="49.415094" lon="10.257470">
        <ele>503.904232</ele>
        <time>2026-09-25T08:31:10.390Z</time>
      </trkpt>
      <trkpt lat="49.414999" lon="10.257494">
        <ele>504.096229</ele>
        <time>2026-09-25T08:31:21.408Z</time>
      </trkpt>
      <trkpt lat="49.414932" lon="10.257638">
        <ele>504.325919</ele>
        <time>2026-09-25T08:31:25.402Z</time>
      </trkpt>
      <trkpt lat="49.414881" lon="10.257765">
        <ele>504.519554</ele>
        <time>2026-09-25T08:31:28.415Z</time>
      </trkpt>
      <trkpt lat="49.414843" lon="10.257909">
        <ele>504.721167</ele>
        <time>2026-09-25T08:31:31.408Z</time>
      </trkpt>
      <trkpt lat="49.414802" lon="10.258040">
        <ele>504.909774</ele>
        <time>2026-09-25T08:31:34.406Z</time>
      </trkpt>
      <trkpt lat="49.414747" lon="10.258196">
        <ele>505.139982</ele>
        <time>2026-09-25T08:31:38.400Z</time>
      </trkpt>
      <trkpt lat="49.414678" lon="10.258333">
        <ele>505.364769</ele>
        <time>2026-09-25T08:31:42.399Z</time>
      </trkpt>
      <trkpt lat="49.414620" lon="10.258486">
        <ele>505.591634</ele>
        <time>2026-09-25T08:31:46.394Z</time>
      </trkpt>
      <trkpt lat="49.414546" lon="10.258626">
        <ele>505.815765</ele>
        <time>2026-09-25T08:31:50.400Z</time>
      </trkpt>
      <trkpt lat="49.414466" lon="10.258755">
        <ele>506.037207</ele>
        <time>2026-09-25T08:31:54.407Z</time>
      </trkpt>
      <trkpt lat="49.414404" lon="10.258859">
        <ele>506.212479</ele>
        <time>2026-09-25T08:31:57.403Z</time>
      </trkpt>
      <trkpt lat="49.414322" lon="10.258927">
        <ele>506.390428</ele>
        <time>2026-09-25T08:32:00.416Z</time>
      </trkpt>
      <trkpt lat="49.414238" lon="10.258977">
        <ele>506.562467</ele>
        <time>2026-09-25T08:32:03.392Z</time>
      </trkpt>
      <trkpt lat="49.414137" lon="10.258988">
        <ele>506.755848</ele>
        <time>2026-09-25T08:32:06.392Z</time>
      </trkpt>
      <trkpt lat="49.414038" lon="10.259022">
        <ele>506.949588</ele>
        <time>2026-09-25T08:32:09.402Z</time>
      </trkpt>
      <trkpt lat="49.413944" lon="10.259061">
        <ele>507.135542</ele>
        <time>2026-09-25T08:32:12.413Z</time>
      </trkpt>
      <trkpt lat="49.413854" lon="10.259069">
        <ele>507.307718</ele>
        <time>2026-09-25T08:32:15.409Z</time>
      </trkpt>
      <trkpt lat="49.413741" lon="10.259096">
        <ele>507.526127</ele>
        <time>2026-09-25T08:32:19.418Z</time>
      </trkpt>
      <trkpt lat="49.413628" lon="10.259100">
        <ele>507.742000</ele>
        <time>2026-09-25T08:32:23.430Z</time>
      </trkpt>
      <trkpt lat="49.413513" lon="10.259099">
        <ele>507.961640</ele>
        <time>2026-09-25T08:32:27.405Z</time>
      </trkpt>
      <trkpt lat="49.413397" lon="10.259085">
        <ele>508.183867</ele>
        <time>2026-09-25T08:32:31.473Z</time>
      </trkpt>
      <trkpt lat="49.413256" lon="10.259073">
        <ele>508.453573</ele>
        <time>2026-09-25T08:32:36.381Z</time>
      </trkpt>
      <trkpt lat="49.413144" lon="10.259044">
        <ele>508.670493</ele>
        <time>2026-09-25T08:32:40.414Z</time>
      </trkpt>
      <trkpt lat="49.413029" lon="10.259010">
        <ele>508.894155</ele>
        <time>2026-09-25T08:32:44.423Z</time>
      </trkpt>
      <trkpt lat="49.412937" lon="10.259004">
        <ele>509.153392</ele>
        <time>2026-09-25T08:32:47.404Z</time>
      </trkpt>
      <trkpt lat="49.412820" lon="10.259025">
        <ele>509.551369</ele>
        <time>2026-09-25T08:32:51.421Z</time>
      </trkpt>
      <trkpt lat="49.412714" lon="10.259105">
        <ele>509.950340</ele>
        <time>2026-09-25T08:32:55.409Z</time>
      </trkpt>
      <trkpt lat="49.412643" lon="10.259226">
        <ele>510.308504</ele>
        <time>2026-09-25T08:32:59.396Z</time>
      </trkpt>
      <trkpt lat="49.412615" lon="10.259383">
        <ele>510.666339</ele>
        <time>2026-09-25T08:33:03.409Z</time>
      </trkpt>
      <trkpt lat="49.412618" lon="10.259558">
        <ele>511.051142</ele>
        <time>2026-09-25T08:33:07.416Z</time>
      </trkpt>
      <trkpt lat="49.412642" lon="10.259697">
        <ele>511.367256</ele>
        <time>2026-09-25T08:33:10.402Z</time>
      </trkpt>
      <trkpt lat="49.412656" lon="10.259879">
        <ele>511.770098</ele>
        <time>2026-09-25T08:33:14.420Z</time>
      </trkpt>
      <trkpt lat="49.412677" lon="10.260061">
        <ele>512.176397</ele>
        <time>2026-09-25T08:33:18.435Z</time>
      </trkpt>
      <trkpt lat="49.412686" lon="10.260203">
        <ele>512.490006</ele>
        <time>2026-09-25T08:33:21.405Z</time>
      </trkpt>
      <trkpt lat="49.412691" lon="10.260341">
        <ele>512.793815</ele>
        <time>2026-09-25T08:33:24.423Z</time>
      </trkpt>
      <trkpt lat="49.412689" lon="10.260501">
        <ele>513.145577</ele>
        <time>2026-09-25T08:33:28.423Z</time>
      </trkpt>
      <trkpt lat="49.412678" lon="10.260659">
        <ele>513.494861</ele>
        <time>2026-09-25T08:33:32.407Z</time>
      </trkpt>
      <trkpt lat="49.412647" lon="10.260819">
        <ele>513.861823</ele>
        <time>2026-09-25T08:33:36.410Z</time>
      </trkpt>
      <trkpt lat="49.412595" lon="10.260964">
        <ele>514.225762</ele>
        <time>2026-09-25T08:33:40.428Z</time>
      </trkpt>
      <trkpt lat="49.412527" lon="10.261100">
        <ele>514.602788</ele>
        <time>2026-09-25T08:33:44.411Z</time>
      </trkpt>
      <trkpt lat="49.412475" lon="10.261239">
        <ele>514.955235</ele>
        <time>2026-09-25T08:33:48.439Z</time>
      </trkpt>
      <trkpt lat="49.412402" lon="10.261366">
        <ele>515.343104</ele>
        <time>2026-09-25T08:33:52.399Z</time>
      </trkpt>
      <trkpt lat="49.412328" lon="10.261506">
        <ele>515.760657</ele>
        <time>2026-09-25T08:33:56.435Z</time>
      </trkpt>
      <trkpt lat="49.412254" lon="10.261645">
        <ele>516.176416</ele>
        <time>2026-09-25T08:34:00.402Z</time>
      </trkpt>
      <trkpt lat="49.412191" lon="10.261794">
        <ele>516.587769</ele>
        <time>2026-09-25T08:34:04.410Z</time>
      </trkpt>
      <trkpt lat="49.412120" lon="10.261928">
        <ele>516.987813</ele>
        <time>2026-09-25T08:34:08.407Z</time>
      </trkpt>
      <trkpt lat="49.412060" lon="10.262065">
        <ele>517.370108</ele>
        <time>2026-09-25T08:34:12.410Z</time>
      </trkpt>
      <trkpt lat="49.412019" lon="10.262228">
        <ele>517.774650</ele>
        <time>2026-09-25T08:34:16.422Z</time>
      </trkpt>
      <trkpt lat="49.411999" lon="10.262397">
        <ele>518.172284</ele>
        <time>2026-09-25T08:34:20.389Z</time>
      </trkpt>
      <trkpt lat="49.412005" lon="10.262560">
        <ele>518.550212</ele>
        <time>2026-09-25T08:34:24.434Z</time>
      </trkpt>
      <trkpt lat="49.412021" lon="10.262730">
        <ele>518.947838</ele>
        <time>2026-09-25T08:34:28.435Z</time>
      </trkpt>
      <trkpt lat="49.412031" lon="10.262902">
        <ele>519.347584</ele>
        <time>2026-09-25T08:34:32.388Z</time>
      </trkpt>
      <trkpt lat="49.412016" lon="10.263074">
        <ele>519.749303</ele>
        <time>2026-09-25T08:34:36.396Z</time>
      </trkpt>
      <trkpt lat="49.411999" lon="10.263236">
        <ele>520.129160</ele>
        <time>2026-09-25T08:34:40.409Z</time>
      </trkpt>
      <trkpt lat="49.412001" lon="10.263383">
        <ele>520.469522</ele>
        <time>2026-09-25T08:34:44.410Z</time>
      </trkpt>
      <trkpt lat="49.411978" lon="10.263526">
        <ele>520.810515</ele>
        <time>2026-09-25T08:34:48.435Z</time>
      </trkpt>
      <trkpt lat="49.411992" lon="10.263696">
        <ele>521.207184</ele>
        <time>2026-09-25T08:34:53.418Z</time>
      </trkpt>
      <trkpt lat="49.411992" lon="10.263847">
        <ele>521.706606</ele>
        <time>2026-09-25T08:34:58.432Z</time>
      </trkpt>
      <trkpt lat="49.411954" lon="10.263976">
        <ele>522.448087</ele>
        <time>2026-09-25T08:35:03.412Z</time>
      </trkpt>
      <trkpt lat="49.411894" lon="10.264090">
        <ele>523.215879</ele>
        <time>2026-09-25T08:35:09.429Z</time>
      </trkpt>
      <trkpt lat="49.411894" lon="10.264244">
        <ele>524.022259</ele>
        <time>2026-09-25T08:35:15.410Z</time>
      </trkpt>
      <trkpt lat="49.411884" lon="10.264390">
        <ele>524.790973</ele>
        <time>2026-09-25T08:35:20.380Z</time>
      </trkpt>
      <trkpt lat="49.411881" lon="10.264538">
        <ele>525.566311</ele>
        <time>2026-09-25T08:35:25.446Z</time>
      </trkpt>
      <trkpt lat="49.411874" lon="10.264681">
        <ele>526.317208</ele>
        <time>2026-09-25T08:35:30.406Z</time>
      </trkpt>
      <trkpt lat="49.411884" lon="10.264820">
        <ele>527.049481</ele>
        <time>2026-09-25T08:35:36.422Z</time>
      </trkpt>
      <trkpt lat="49.411849" lon="10.264950">
        <ele>527.786171</ele>
        <time>2026-09-25T08:35:41.404Z</time>
      </trkpt>
      <trkpt lat="49.411841" lon="10.265093">
        <ele>528.537715</ele>
        <time>2026-09-25T08:35:45.421Z</time>
      </trkpt>
      <trkpt lat="49.411828" lon="10.265253">
        <ele>529.382021</ele>
        <time>2026-09-25T08:35:51.394Z</time>
      </trkpt>
      <trkpt lat="49.411804" lon="10.265395">
        <ele>530.150245</ele>
        <time>2026-09-25T08:35:56.437Z</time>
      </trkpt>
      <trkpt lat="49.411782" lon="10.265536">
        <ele>530.909489</ele>
        <time>2026-09-25T08:36:02.410Z</time>
      </trkpt>
      <trkpt lat="49.411753" lon="10.265708">
        <ele>531.839873</ele>
        <time>2026-09-25T08:36:09.435Z</time>
      </trkpt>
      <trkpt lat="49.411733" lon="10.265869">
        <ele>532.698137</ele>
        <time>2026-09-25T08:36:15.399Z</time>
      </trkpt>
      <trkpt lat="49.411706" lon="10.266012">
        <ele>533.477814</ele>
        <time>2026-09-25T08:36:21.402Z</time>
      </trkpt>
      <trkpt lat="49.411676" lon="10.266150">
        <ele>534.239686</ele>
        <time>2026-09-25T08:36:26.422Z</time>
      </trkpt>
      <trkpt lat="49.411630" lon="10.266276">
        <ele>534.996226</ele>
        <time>2026-09-25T08:36:32.403Z</time>
      </trkpt>
      <trkpt lat="49.411575" lon="10.266416">
        <ele>535.852576</ele>
        <time>2026-09-25T08:36:39.384Z</time>
      </trkpt>
      <trkpt lat="49.411518" lon="10.266556">
        <ele>536.610979</ele>
        <time>2026-09-25T08:36:46.381Z</time>
      </trkpt>
      <trkpt lat="49.411454" lon="10.266682">
        <ele>537.337213</ele>
        <time>2026-09-25T08:36:52.395Z</time>
      </trkpt>
      <trkpt lat="49.411408" lon="10.266816">
        <ele>538.025547</ele>
        <time>2026-09-25T08:36:59.362Z</time>
      </trkpt>
      <trkpt lat="49.411364" lon="10.266943">
        <ele>538.679242</ele>
        <time>2026-09-25T08:37:04.371Z</time>
      </trkpt>
      <trkpt lat="49.411293" lon="10.267061">
        <ele>539.409451</ele>
        <time>2026-09-25T08:37:09.388Z</time>
      </trkpt>
      <trkpt lat="49.411216" lon="10.267153">
        <ele>540.090485</ele>
        <time>2026-09-25T08:37:16.391Z</time>
      </trkpt>
      <trkpt lat="49.411274" lon="10.267261">
        <ele>540.726713</ele>
        <time>2026-09-25T08:37:24.404Z</time>
      </trkpt>
      <trkpt lat="49.411384" lon="10.267301">
        <ele>541.516035</ele>
        <time>2026-09-25T08:37:27.392Z</time>
      </trkpt>
      <trkpt lat="49.411313" lon="10.267774">
        <ele>543.721430</ele>
        <time>2026-09-25T08:46:39.413Z</time>
      </trkpt>
      <trkpt lat="49.411254" lon="10.268087">
        <ele>545.201939</ele>
        <time>2026-09-25T08:46:43.399Z</time>
      </trkpt>
      <trkpt lat="49.411209" lon="10.268391">
        <ele>546.618378</ele>
        <time>2026-09-25T08:46:46.374Z</time>
      </trkpt>
      <trkpt lat="49.411173" lon="10.268663">
        <ele>547.879449</ele>
        <time>2026-09-25T08:46:49.390Z</time>
      </trkpt>
      <trkpt lat="49.411140" lon="10.268955">
        <ele>548.079518</ele>
        <time>2026-09-25T08:46:52.376Z</time>
      </trkpt>
      <trkpt lat="49.411090" lon="10.269379">
        <ele>547.055087</ele>
        <time>2026-09-25T08:46:53.368Z</time>
      </trkpt>
      <trkpt lat="49.411062" lon="10.269611">
        <ele>546.494126</ele>
        <time>2026-09-25T08:46:55.383Z</time>
      </trkpt>
      <trkpt lat="49.411020" lon="10.269844">
        <ele>545.919331</ele>
        <time>2026-09-25T08:46:57.368Z</time>
      </trkpt>
      <trkpt lat="49.410930" lon="10.270048">
        <ele>545.333362</ele>
        <time>2026-09-25T08:46:59.395Z</time>
      </trkpt>
      <trkpt lat="49.410824" lon="10.270216">
        <ele>544.776999</ele>
        <time>2026-09-25T08:47:01.381Z</time>
      </trkpt>
      <trkpt lat="49.410724" lon="10.270382">
        <ele>544.239168</ele>
        <time>2026-09-25T08:47:03.392Z</time>
      </trkpt>
      <trkpt lat="49.410625" lon="10.270543">
        <ele>543.712514</ele>
        <time>2026-09-25T08:47:05.405Z</time>
      </trkpt>
      <trkpt lat="49.410527" lon="10.270699">
        <ele>543.196979</ele>
        <time>2026-09-25T08:47:07.401Z</time>
      </trkpt>
      <trkpt lat="49.410429" lon="10.270855">
        <ele>542.681443</ele>
        <time>2026-09-25T08:47:09.372Z</time>
      </trkpt>
      <trkpt lat="49.410336" lon="10.271019">
        <ele>542.164243</ele>
        <time>2026-09-25T08:47:11.392Z</time>
      </trkpt>
      <trkpt lat="49.410250" lon="10.271187">
        <ele>541.873945</ele>
        <time>2026-09-25T08:47:13.386Z</time>
      </trkpt>
      <trkpt lat="49.410155" lon="10.271343">
        <ele>541.817593</ele>
        <time>2026-09-25T08:47:15.385Z</time>
      </trkpt>
      <trkpt lat="49.410057" lon="10.271485">
        <ele>541.762999</ele>
        <time>2026-09-25T08:47:17.397Z</time>
      </trkpt>
      <trkpt lat="49.409968" lon="10.271632">
        <ele>541.710042</ele>
        <time>2026-09-25T08:47:19.382Z</time>
      </trkpt>
      <trkpt lat="49.409883" lon="10.271775">
        <ele>541.658959</ele>
        <time>2026-09-25T08:47:21.450Z</time>
      </trkpt>
      <trkpt lat="49.409765" lon="10.271981">
        <ele>541.586575</ele>
        <time>2026-09-25T08:47:24.372Z</time>
      </trkpt>
      <trkpt lat="49.409689" lon="10.272107">
        <ele>541.541262</ele>
        <time>2026-09-25T08:47:26.409Z</time>
      </trkpt>
      <trkpt lat="49.409615" lon="10.272220">
        <ele>541.498978</ele>
        <time>2026-09-25T08:47:28.386Z</time>
      </trkpt>
      <trkpt lat="49.409547" lon="10.272327">
        <ele>541.459531</ele>
        <time>2026-09-25T08:47:30.404Z</time>
      </trkpt>
      <trkpt lat="49.409462" lon="10.272473">
        <ele>541.407861</ele>
        <time>2026-09-25T08:47:33.395Z</time>
      </trkpt>
      <trkpt lat="49.409385" lon="10.272598">
        <ele>541.362462</ele>
        <time>2026-09-25T08:47:36.407Z</time>
      </trkpt>
      <trkpt lat="49.409327" lon="10.272730">
        <ele>541.320454</ele>
        <time>2026-09-25T08:47:39.400Z</time>
      </trkpt>
      <trkpt lat="49.409286" lon="10.272856">
        <ele>541.283299</ele>
        <time>2026-09-25T08:47:41.392Z</time>
      </trkpt>
      <trkpt lat="49.409257" lon="10.272997">
        <ele>541.244299</ele>
        <time>2026-09-25T08:47:43.391Z</time>
      </trkpt>
      <trkpt lat="49.409231" lon="10.273141">
        <ele>541.204885</ele>
        <time>2026-09-25T08:47:45.396Z</time>
      </trkpt>
      <trkpt lat="49.409211" lon="10.273286">
        <ele>541.150140</ele>
        <time>2026-09-25T08:47:47.388Z</time>
      </trkpt>
      <trkpt lat="49.409188" lon="10.273428">
        <ele>541.015200</ele>
        <time>2026-09-25T08:47:49.384Z</time>
      </trkpt>
      <trkpt lat="49.409165" lon="10.273569">
        <ele>540.881156</ele>
        <time>2026-09-25T08:47:51.394Z</time>
      </trkpt>
      <trkpt lat="49.409141" lon="10.273707">
        <ele>540.749434</ele>
        <time>2026-09-25T08:47:53.378Z</time>
      </trkpt>
      <trkpt lat="49.409119" lon="10.273845">
        <ele>540.618416</ele>
        <time>2026-09-25T08:47:55.376Z</time>
      </trkpt>
      <trkpt lat="49.409099" lon="10.273983">
        <ele>540.488043</ele>
        <time>2026-09-25T08:47:57.394Z</time>
      </trkpt>
      <trkpt lat="49.409078" lon="10.274121">
        <ele>540.357354</ele>
        <time>2026-09-25T08:47:59.405Z</time>
      </trkpt>
      <trkpt lat="49.409060" lon="10.274260">
        <ele>540.226664</ele>
        <time>2026-09-25T08:48:01.418Z</time>
      </trkpt>
      <trkpt lat="49.409034" lon="10.274399">
        <ele>540.093295</ele>
        <time>2026-09-25T08:48:03.381Z</time>
      </trkpt>
      <trkpt lat="49.409005" lon="10.274537">
        <ele>539.959568</ele>
        <time>2026-09-25T08:48:05.387Z</time>
      </trkpt>
      <trkpt lat="49.408980" lon="10.274682">
        <ele>539.821244</ele>
        <time>2026-09-25T08:48:07.379Z</time>
      </trkpt>
      <trkpt lat="49.408957" lon="10.274832">
        <ele>539.679134</ele>
        <time>2026-09-25T08:48:09.402Z</time>
      </trkpt>
      <trkpt lat="49.408931" lon="10.274982">
        <ele>539.535990</ele>
        <time>2026-09-25T08:48:11.390Z</time>
      </trkpt>
      <trkpt lat="49.408907" lon="10.275132">
        <ele>539.393548</ele>
        <time>2026-09-25T08:48:13.404Z</time>
      </trkpt>
      <trkpt lat="49.408882" lon="10.275285">
        <ele>539.248081</ele>
        <time>2026-09-25T08:48:15.402Z</time>
      </trkpt>
      <trkpt lat="49.408852" lon="10.275440">
        <ele>539.098959</ele>
        <time>2026-09-25T08:48:17.383Z</time>
      </trkpt>
      <trkpt lat="49.408825" lon="10.275597">
        <ele>538.949212</ele>
        <time>2026-09-25T08:48:19.403Z</time>
      </trkpt>
      <trkpt lat="49.408800" lon="10.275758">
        <ele>538.796578</ele>
        <time>2026-09-25T08:48:21.382Z</time>
      </trkpt>
      <trkpt lat="49.408770" lon="10.275923">
        <ele>538.638596</ele>
        <time>2026-09-25T08:48:23.376Z</time>
      </trkpt>
      <trkpt lat="49.408742" lon="10.276092">
        <ele>538.475967</ele>
        <time>2026-09-25T08:48:25.384Z</time>
      </trkpt>
      <trkpt lat="49.408715" lon="10.276262">
        <ele>538.312583</ele>
        <time>2026-09-25T08:48:27.385Z</time>
      </trkpt>
      <trkpt lat="49.408687" lon="10.276430">
        <ele>538.150662</ele>
        <time>2026-09-25T08:48:29.389Z</time>
      </trkpt>
      <trkpt lat="49.408670" lon="10.276599">
        <ele>537.990997</ele>
        <time>2026-09-25T08:48:31.380Z</time>
      </trkpt>
      <trkpt lat="49.408657" lon="10.276770">
        <ele>537.830254</ele>
        <time>2026-09-25T08:48:33.388Z</time>
      </trkpt>
      <trkpt lat="49.408654" lon="10.276941">
        <ele>537.670538</ele>
        <time>2026-09-25T08:48:35.417Z</time>
      </trkpt>
      <trkpt lat="49.408655" lon="10.277110">
        <ele>537.512741</ele>
        <time>2026-09-25T08:48:37.421Z</time>
      </trkpt>
      <trkpt lat="49.408662" lon="10.277278">
        <ele>537.355563</ele>
        <time>2026-09-25T08:48:39.379Z</time>
      </trkpt>
      <trkpt lat="49.408669" lon="10.277445">
        <ele>537.199317</ele>
        <time>2026-09-25T08:48:41.407Z</time>
      </trkpt>
      <trkpt lat="49.408675" lon="10.277611">
        <ele>537.044089</ele>
        <time>2026-09-25T08:48:43.390Z</time>
      </trkpt>
      <trkpt lat="49.408680" lon="10.277775">
        <ele>536.890799</ele>
        <time>2026-09-25T08:48:45.392Z</time>
      </trkpt>
      <trkpt lat="49.408683" lon="10.277937">
        <ele>536.739483</ele>
        <time>2026-09-25T08:48:47.403Z</time>
      </trkpt>
      <trkpt lat="49.408687" lon="10.278099">
        <ele>536.588120</ele>
        <time>2026-09-25T08:48:49.394Z</time>
      </trkpt>
      <trkpt lat="49.408691" lon="10.278261">
        <ele>536.436756</ele>
        <time>2026-09-25T08:48:51.392Z</time>
      </trkpt>
      <trkpt lat="49.408695" lon="10.278423">
        <ele>536.285393</ele>
        <time>2026-09-25T08:48:53.381Z</time>
      </trkpt>
      <trkpt lat="49.408701" lon="10.278589">
        <ele>536.130165</ele>
        <time>2026-09-25T08:48:55.413Z</time>
      </trkpt>
      <trkpt lat="49.408705" lon="10.278754">
        <ele>535.980567</ele>
        <time>2026-09-25T08:48:57.393Z</time>
      </trkpt>
      <trkpt lat="49.408711" lon="10.278920">
        <ele>535.836082</ele>
        <time>2026-09-25T08:48:59.386Z</time>
      </trkpt>
      <trkpt lat="49.408716" lon="10.279088">
        <ele>535.689928</ele>
        <time>2026-09-25T08:49:01.390Z</time>
      </trkpt>
      <trkpt lat="49.408720" lon="10.279257">
        <ele>535.542961</ele>
        <time>2026-09-25T08:49:03.402Z</time>
      </trkpt>
      <trkpt lat="49.408724" lon="10.279426">
        <ele>535.395994</ele>
        <time>2026-09-25T08:49:05.390Z</time>
      </trkpt>
      <trkpt lat="49.408727" lon="10.279594">
        <ele>535.249938</ele>
        <time>2026-09-25T08:49:07.402Z</time>
      </trkpt>
      <trkpt lat="49.408730" lon="10.279765">
        <ele>535.101275</ele>
        <time>2026-09-25T08:49:09.390Z</time>
      </trkpt>
      <trkpt lat="49.408727" lon="10.279939">
        <ele>534.950007</ele>
        <time>2026-09-25T08:49:11.379Z</time>
      </trkpt>
      <trkpt lat="49.408725" lon="10.280114">
        <ele>534.797899</ele>
        <time>2026-09-25T08:49:13.389Z</time>
      </trkpt>
      <trkpt lat="49.408727" lon="10.280288">
        <ele>534.646660</ele>
        <time>2026-09-25T08:49:15.397Z</time>
      </trkpt>
      <trkpt lat="49.408717" lon="10.280460">
        <ele>534.496587</ele>
        <time>2026-09-25T08:49:17.390Z</time>
      </trkpt>
      <trkpt lat="49.408714" lon="10.280630">
        <ele>534.348793</ele>
        <time>2026-09-25T08:49:19.392Z</time>
      </trkpt>
      <trkpt lat="49.408711" lon="10.280797">
        <ele>534.203606</ele>
        <time>2026-09-25T08:49:21.386Z</time>
      </trkpt>
      <trkpt lat="49.408707" lon="10.280964">
        <ele>534.058376</ele>
        <time>2026-09-25T08:49:23.376Z</time>
      </trkpt>
      <trkpt lat="49.408701" lon="10.281130">
        <ele>533.913890</ele>
        <time>2026-09-25T08:49:25.407Z</time>
      </trkpt>
      <trkpt lat="49.408695" lon="10.281297">
        <ele>533.768537</ele>
        <time>2026-09-25T08:49:27.395Z</time>
      </trkpt>
      <trkpt lat="49.408688" lon="10.281464">
        <ele>533.624578</ele>
        <time>2026-09-25T08:49:29.412Z</time>
      </trkpt>
      <trkpt lat="49.408681" lon="10.281634">
        <ele>533.489765</ele>
        <time>2026-09-25T08:49:31.392Z</time>
      </trkpt>
      <trkpt lat="49.408677" lon="10.281804">
        <ele>533.355133</ele>
        <time>2026-09-25T08:49:33.381Z</time>
      </trkpt>
      <trkpt lat="49.408670" lon="10.281973">
        <ele>533.221110</ele>
        <time>2026-09-25T08:49:35.401Z</time>
      </trkpt>
      <trkpt lat="49.408665" lon="10.282142">
        <ele>533.087219</ele>
        <time>2026-09-25T08:49:37.388Z</time>
      </trkpt>
      <trkpt lat="49.408663" lon="10.282310">
        <ele>532.954236</ele>
        <time>2026-09-25T08:49:39.393Z</time>
      </trkpt>
      <trkpt lat="49.408658" lon="10.282476">
        <ele>532.822717</ele>
        <time>2026-09-25T08:49:41.379Z</time>
      </trkpt>
      <trkpt lat="49.408655" lon="10.282640">
        <ele>532.692871</ele>
        <time>2026-09-25T08:49:43.412Z</time>
      </trkpt>
      <trkpt lat="49.408650" lon="10.282798">
        <ele>532.567676</ele>
        <time>2026-09-25T08:49:45.383Z</time>
      </trkpt>
      <trkpt lat="49.408640" lon="10.282948">
        <ele>532.448340</ele>
        <time>2026-09-25T08:49:47.413Z</time>
      </trkpt>
      <trkpt lat="49.408634" lon="10.283095">
        <ele>532.331770</ele>
        <time>2026-09-25T08:49:49.379Z</time>
      </trkpt>
      <trkpt lat="49.408629" lon="10.283239">
        <ele>532.217641</ele>
        <time>2026-09-25T08:49:51.388Z</time>
      </trkpt>
      <trkpt lat="49.408624" lon="10.283386">
        <ele>532.101142</ele>
        <time>2026-09-25T08:49:53.413Z</time>
      </trkpt>
      <trkpt lat="49.408611" lon="10.283532">
        <ele>531.984515</ele>
        <time>2026-09-25T08:49:55.386Z</time>
      </trkpt>
      <trkpt lat="49.408597" lon="10.283680">
        <ele>531.866151</ele>
        <time>2026-09-25T08:49:57.383Z</time>
      </trkpt>
      <trkpt lat="49.408586" lon="10.283830">
        <ele>531.746684</ele>
        <time>2026-09-25T08:49:59.390Z</time>
      </trkpt>
      <trkpt lat="49.408578" lon="10.283978">
        <ele>531.629148</ele>
        <time>2026-09-25T08:50:01.390Z</time>
      </trkpt>
      <trkpt lat="49.408563" lon="10.284132">
        <ele>531.505909</ele>
        <time>2026-09-25T08:50:03.399Z</time>
      </trkpt>
      <trkpt lat="49.408552" lon="10.284293">
        <ele>531.423468</ele>
        <time>2026-09-25T08:50:05.389Z</time>
      </trkpt>
      <trkpt lat="49.408538" lon="10.284458">
        <ele>531.373043</ele>
        <time>2026-09-25T08:50:07.391Z</time>
      </trkpt>
      <trkpt lat="49.408523" lon="10.284619">
        <ele>531.323756</ele>
        <time>2026-09-25T08:50:09.379Z</time>
      </trkpt>
      <trkpt lat="49.408503" lon="10.284775">
        <ele>531.275572</ele>
        <time>2026-09-25T08:50:11.392Z</time>
      </trkpt>
      <trkpt lat="49.408466" lon="10.284922">
        <ele>531.227808</ele>
        <time>2026-09-25T08:50:13.386Z</time>
      </trkpt>
      <trkpt lat="49.408431" lon="10.285068">
        <ele>531.180657</ele>
        <time>2026-09-25T08:50:15.399Z</time>
      </trkpt>
      <trkpt lat="49.408390" lon="10.285211">
        <ele>531.133301</ele>
        <time>2026-09-25T08:50:17.403Z</time>
      </trkpt>
      <trkpt lat="49.408349" lon="10.285355">
        <ele>531.085668</ele>
        <time>2026-09-25T08:50:19.413Z</time>
      </trkpt>
      <trkpt lat="49.408311" lon="10.285501">
        <ele>531.038016</ele>
        <time>2026-09-25T08:50:21.413Z</time>
      </trkpt>
      <trkpt lat="49.408272" lon="10.285647">
        <ele>530.990188</ele>
        <time>2026-09-25T08:50:23.391Z</time>
      </trkpt>
      <trkpt lat="49.408233" lon="10.285793">
        <ele>530.942360</ele>
        <time>2026-09-25T08:50:25.394Z</time>
      </trkpt>
      <trkpt lat="49.408194" lon="10.285938">
        <ele>530.894813</ele>
        <time>2026-09-25T08:50:27.378Z</time>
      </trkpt>
      <trkpt lat="49.408159" lon="10.286084">
        <ele>530.847661</ele>
        <time>2026-09-25T08:50:29.401Z</time>
      </trkpt>
      <trkpt lat="49.408118" lon="10.286228">
        <ele>530.800028</ele>
        <time>2026-09-25T08:50:31.410Z</time>
      </trkpt>
      <trkpt lat="49.408079" lon="10.286372">
        <ele>530.752760</ele>
        <time>2026-09-25T08:50:33.400Z</time>
      </trkpt>
      <trkpt lat="49.408043" lon="10.286517">
        <ele>530.705729</ele>
        <time>2026-09-25T08:50:35.400Z</time>
      </trkpt>
      <trkpt lat="49.408012" lon="10.286664">
        <ele>530.658900</ele>
        <time>2026-09-25T08:50:37.414Z</time>
      </trkpt>
      <trkpt lat="49.407981" lon="10.286814">
        <ele>530.606330</ele>
        <time>2026-09-25T08:50:39.421Z</time>
      </trkpt>
      <trkpt lat="49.407953" lon="10.286967">
        <ele>530.477220</ele>
        <time>2026-09-25T08:50:41.394Z</time>
      </trkpt>
      <trkpt lat="49.407936" lon="10.287126">
        <ele>530.346326</ele>
        <time>2026-09-25T08:50:43.404Z</time>
      </trkpt>
      <trkpt lat="49.407933" lon="10.287292">
        <ele>530.211425</ele>
        <time>2026-09-25T08:50:45.386Z</time>
      </trkpt>
      <trkpt lat="49.407936" lon="10.287461">
        <ele>530.074089</ele>
        <time>2026-09-25T08:50:47.395Z</time>
      </trkpt>
      <trkpt lat="49.407946" lon="10.287632">
        <ele>529.934619</ele>
        <time>2026-09-25T08:50:49.383Z</time>
      </trkpt>
      <trkpt lat="49.407959" lon="10.287803">
        <ele>529.794764</ele>
        <time>2026-09-25T08:50:51.386Z</time>
      </trkpt>
      <trkpt lat="49.407971" lon="10.287972">
        <ele>529.656664</ele>
        <time>2026-09-25T08:50:53.402Z</time>
      </trkpt>
      <trkpt lat="49.407987" lon="10.288138">
        <ele>529.520345</ele>
        <time>2026-09-25T08:50:55.385Z</time>
      </trkpt>
      <trkpt lat="49.408000" lon="10.288300">
        <ele>529.387749</ele>
        <time>2026-09-25T08:50:57.419Z</time>
      </trkpt>
      <trkpt lat="49.408018" lon="10.288458">
        <ele>529.257447</ele>
        <time>2026-09-25T08:50:59.386Z</time>
      </trkpt>
      <trkpt lat="49.408036" lon="10.288611">
        <ele>529.131144</ele>
        <time>2026-09-25T08:51:01.410Z</time>
      </trkpt>
      <trkpt lat="49.408049" lon="10.288761">
        <ele>529.008217</ele>
        <time>2026-09-25T08:51:03.391Z</time>
      </trkpt>
      <trkpt lat="49.408065" lon="10.288902">
        <ele>528.891949</ele>
        <time>2026-09-25T08:51:05.387Z</time>
      </trkpt>
      <trkpt lat="49.408078" lon="10.289039">
        <ele>528.779482</ele>
        <time>2026-09-25T08:51:07.415Z</time>
      </trkpt>
      <trkpt lat="49.408090" lon="10.289237">
        <ele>528.617943</ele>
        <time>2026-09-25T08:51:10.391Z</time>
      </trkpt>
      <trkpt lat="49.408104" lon="10.289432">
        <ele>528.458576</ele>
        <time>2026-09-25T08:51:13.401Z</time>
      </trkpt>
      <trkpt lat="49.408105" lon="10.289624">
        <ele>528.350335</ele>
        <time>2026-09-25T08:51:16.364Z</time>
      </trkpt>
      <trkpt lat="49.408084" lon="10.289804">
        <ele>528.309288</ele>
        <time>2026-09-25T08:51:19.383Z</time>
      </trkpt>
      <trkpt lat="49.408027" lon="10.289957">
        <ele>528.269715</ele>
        <time>2026-09-25T08:51:22.396Z</time>
      </trkpt>
      <trkpt lat="49.407953" lon="10.290096">
        <ele>528.229402</ele>
        <time>2026-09-25T08:51:25.401Z</time>
      </trkpt>
      <trkpt lat="49.407867" lon="10.290227">
        <ele>528.187632</ele>
        <time>2026-09-25T08:51:28.390Z</time>
      </trkpt>
      <trkpt lat="49.407779" lon="10.290372">
        <ele>528.143125</ele>
        <time>2026-09-25T08:51:31.397Z</time>
      </trkpt>
      <trkpt lat="49.407715" lon="10.290470">
        <ele>528.111959</ele>
        <time>2026-09-25T08:51:33.384Z</time>
      </trkpt>
      <trkpt lat="49.407649" lon="10.290568">
        <ele>528.080301</ele>
        <time>2026-09-25T08:51:35.408Z</time>
      </trkpt>
      <trkpt lat="49.407579" lon="10.290676">
        <ele>528.046084</ele>
        <time>2026-09-25T08:51:37.389Z</time>
      </trkpt>
      <trkpt lat="49.407506" lon="10.290787">
        <ele>528.010659</ele>
        <time>2026-09-25T08:51:39.389Z</time>
      </trkpt>
      <trkpt lat="49.407433" lon="10.290897">
        <ele>527.975391</ele>
        <time>2026-09-25T08:51:41.382Z</time>
      </trkpt>
      <trkpt lat="49.407359" lon="10.291012">
        <ele>527.939087</ele>
        <time>2026-09-25T08:51:43.400Z</time>
      </trkpt>
      <trkpt lat="49.407286" lon="10.291129">
        <ele>527.902702</ele>
        <time>2026-09-25T08:51:45.391Z</time>
      </trkpt>
      <trkpt lat="49.407210" lon="10.291243">
        <ele>527.866067</ele>
        <time>2026-09-25T08:51:47.398Z</time>
      </trkpt>
      <trkpt lat="49.407135" lon="10.291357">
        <ele>527.829677</ele>
        <time>2026-09-25T08:51:49.413Z</time>
      </trkpt>
      <trkpt lat="49.407059" lon="10.291464">
        <ele>527.794122</ele>
        <time>2026-09-25T08:51:51.398Z</time>
      </trkpt>
      <trkpt lat="49.406984" lon="10.291571">
        <ele>527.758820</ele>
        <time>2026-09-25T08:51:53.390Z</time>
      </trkpt>
      <trkpt lat="49.406912" lon="10.291685">
        <ele>527.742438</ele>
        <time>2026-09-25T08:51:55.401Z</time>
      </trkpt>
      <trkpt lat="49.406839" lon="10.291795">
        <ele>527.734449</ele>
        <time>2026-09-25T08:51:57.384Z</time>
      </trkpt>
      <trkpt lat="49.406769" lon="10.291909">
        <ele>527.726478</ele>
        <time>2026-09-25T08:51:59.390Z</time>
      </trkpt>
      <trkpt lat="49.406698" lon="10.292019">
        <ele>527.718600</ele>
        <time>2026-09-25T08:52:01.392Z</time>
      </trkpt>
      <trkpt lat="49.406628" lon="10.292130">
        <ele>527.710740</ele>
        <time>2026-09-25T08:52:03.397Z</time>
      </trkpt>
      <trkpt lat="49.406557" lon="10.292240">
        <ele>527.702861</ele>
        <time>2026-09-25T08:52:05.436Z</time>
      </trkpt>
      <trkpt lat="49.406488" lon="10.292349">
        <ele>527.695129</ele>
        <time>2026-09-25T08:52:07.413Z</time>
      </trkpt>
      <trkpt lat="49.406417" lon="10.292450">
        <ele>527.687568</ele>
        <time>2026-09-25T08:52:09.384Z</time>
      </trkpt>
      <trkpt lat="49.406347" lon="10.292552">
        <ele>527.680030</ele>
        <time>2026-09-25T08:52:11.423Z</time>
      </trkpt>
      <trkpt lat="49.406277" lon="10.292649">
        <ele>527.672664</ele>
        <time>2026-09-25T08:52:13.398Z</time>
      </trkpt>
      <trkpt lat="49.406207" lon="10.292746">
        <ele>527.665298</ele>
        <time>2026-09-25T08:52:15.394Z</time>
      </trkpt>
      <trkpt lat="49.406134" lon="10.292835">
        <ele>527.658017</ele>
        <time>2026-09-25T08:52:17.432Z</time>
      </trkpt>
      <trkpt lat="49.406060" lon="10.292922">
        <ele>527.650736</ele>
        <time>2026-09-25T08:52:19.392Z</time>
      </trkpt>
      <trkpt lat="49.405983" lon="10.293008">
        <ele>527.643297</ele>
        <time>2026-09-25T08:52:21.414Z</time>
      </trkpt>
      <trkpt lat="49.405910" lon="10.293089">
        <ele>527.636261</ele>
        <time>2026-09-25T08:52:23.389Z</time>
      </trkpt>
      <trkpt lat="49.405803" lon="10.293208">
        <ele>527.625939</ele>
        <time>2026-09-25T08:52:26.398Z</time>
      </trkpt>
      <trkpt lat="49.405701" lon="10.293316">
        <ele>527.616260</ele>
        <time>2026-09-25T08:52:29.396Z</time>
      </trkpt>
      <trkpt lat="49.405606" lon="10.293419">
        <ele>527.588630</ele>
        <time>2026-09-25T08:52:32.422Z</time>
      </trkpt>
      <trkpt lat="49.405511" lon="10.293527">
        <ele>527.093278</ele>
        <time>2026-09-25T08:52:35.416Z</time>
      </trkpt>
      <trkpt lat="49.405410" lon="10.293637">
        <ele>526.574354</ele>
        <time>2026-09-25T08:52:38.387Z</time>
      </trkpt>
      <trkpt lat="49.405303" lon="10.293747">
        <ele>526.034713</ele>
        <time>2026-09-25T08:52:41.382Z</time>
      </trkpt>
      <trkpt lat="49.405222" lon="10.293832">
        <ele>525.623558</ele>
        <time>2026-09-25T08:52:43.396Z</time>
      </trkpt>
      <trkpt lat="49.405140" lon="10.293911">
        <ele>525.217859</ele>
        <time>2026-09-25T08:52:45.394Z</time>
      </trkpt>
      <trkpt lat="49.405053" lon="10.293994">
        <ele>524.788603</ele>
        <time>2026-09-25T08:52:47.385Z</time>
      </trkpt>
      <trkpt lat="49.404969" lon="10.294073">
        <ele>524.375776</ele>
        <time>2026-09-25T08:52:49.392Z</time>
      </trkpt>
      <trkpt lat="49.404886" lon="10.294151">
        <ele>523.967949</ele>
        <time>2026-09-25T08:52:51.385Z</time>
      </trkpt>
      <trkpt lat="49.404803" lon="10.294232">
        <ele>523.555793</ele>
        <time>2026-09-25T08:52:53.394Z</time>
      </trkpt>
      <trkpt lat="49.404720" lon="10.294312">
        <ele>523.145093</ele>
        <time>2026-09-25T08:52:55.411Z</time>
      </trkpt>
      <trkpt lat="49.404634" lon="10.294389">
        <ele>522.727865</ele>
        <time>2026-09-25T08:52:57.392Z</time>
      </trkpt>
      <trkpt lat="49.404554" lon="10.294462">
        <ele>522.337848</ele>
        <time>2026-09-25T08:52:59.421Z</time>
      </trkpt>
      <trkpt lat="49.404473" lon="10.294540">
        <ele>521.937148</ele>
        <time>2026-09-25T08:53:01.387Z</time>
      </trkpt>
      <trkpt lat="49.404392" lon="10.294618">
        <ele>521.536449</ele>
        <time>2026-09-25T08:53:03.382Z</time>
      </trkpt>
      <trkpt lat="49.404308" lon="10.294697">
        <ele>521.123621</ele>
        <time>2026-09-25T08:53:05.385Z</time>
      </trkpt>
      <trkpt lat="49.404225" lon="10.294773">
        <ele>520.718612</ele>
        <time>2026-09-25T08:53:07.382Z</time>
      </trkpt>
      <trkpt lat="49.404141" lon="10.294843">
        <ele>520.318050</ele>
        <time>2026-09-25T08:53:09.422Z</time>
      </trkpt>
      <trkpt lat="49.404057" lon="10.294909">
        <ele>520.038389</ele>
        <time>2026-09-25T08:53:11.390Z</time>
      </trkpt>
      <trkpt lat="49.403972" lon="10.294974">
        <ele>519.957906</ele>
        <time>2026-09-25T08:53:13.398Z</time>
      </trkpt>
      <trkpt lat="49.403888" lon="10.295042">
        <ele>519.877422</ele>
        <time>2026-09-25T08:53:15.412Z</time>
      </trkpt>
      <trkpt lat="49.403802" lon="10.295102">
        <ele>519.797357</ele>
        <time>2026-09-25T08:53:17.395Z</time>
      </trkpt>
      <trkpt lat="49.403682" lon="10.295194">
        <ele>519.683675</ele>
        <time>2026-09-25T08:53:20.407Z</time>
      </trkpt>
      <trkpt lat="49.403600" lon="10.295254">
        <ele>519.606686</ele>
        <time>2026-09-25T08:53:22.400Z</time>
      </trkpt>
      <trkpt lat="49.403519" lon="10.295315">
        <ele>519.530219</ele>
        <time>2026-09-25T08:53:24.403Z</time>
      </trkpt>
      <trkpt lat="49.403404" lon="10.295406">
        <ele>519.420567</ele>
        <time>2026-09-25T08:53:27.401Z</time>
      </trkpt>
      <trkpt lat="49.403290" lon="10.295494">
        <ele>519.312421</ele>
        <time>2026-09-25T08:53:30.415Z</time>
      </trkpt>
      <trkpt lat="49.403174" lon="10.295584">
        <ele>519.202264</ele>
        <time>2026-09-25T08:53:33.383Z</time>
      </trkpt>
      <trkpt lat="49.403055" lon="10.295674">
        <ele>519.089831</ele>
        <time>2026-09-25T08:53:36.429Z</time>
      </trkpt>
      <trkpt lat="49.402935" lon="10.295762">
        <ele>518.977116</ele>
        <time>2026-09-25T08:53:39.405Z</time>
      </trkpt>
      <trkpt lat="49.402818" lon="10.295848">
        <ele>518.867172</ele>
        <time>2026-09-25T08:53:42.410Z</time>
      </trkpt>
      <trkpt lat="49.402696" lon="10.295938">
        <ele>518.752452</ele>
        <time>2026-09-25T08:53:45.398Z</time>
      </trkpt>
      <trkpt lat="49.402587" lon="10.296023">
        <ele>518.648835</ele>
        <time>2026-09-25T08:53:48.395Z</time>
      </trkpt>
      <trkpt lat="49.402478" lon="10.296107">
        <ele>518.545466</ele>
        <time>2026-09-25T08:53:51.410Z</time>
      </trkpt>
      <trkpt lat="49.402370" lon="10.296186">
        <ele>518.480956</ele>
        <time>2026-09-25T08:53:54.422Z</time>
      </trkpt>
      <trkpt lat="49.402257" lon="10.296270">
        <ele>518.414215</ele>
        <time>2026-09-25T08:53:57.394Z</time>
      </trkpt>
      <trkpt lat="49.402150" lon="10.296352">
        <ele>518.350643</ele>
        <time>2026-09-25T08:54:00.432Z</time>
      </trkpt>
      <trkpt lat="49.402043" lon="10.296435">
        <ele>518.286915</ele>
        <time>2026-09-25T08:54:03.384Z</time>
      </trkpt>
      <trkpt lat="49.401942" lon="10.296513">
        <ele>518.226814</ele>
        <time>2026-09-25T08:54:06.413Z</time>
      </trkpt>
      <trkpt lat="49.401838" lon="10.296595">
        <ele>518.164665</ele>
        <time>2026-09-25T08:54:09.380Z</time>
      </trkpt>
      <trkpt lat="49.401736" lon="10.296673">
        <ele>518.104089</ele>
        <time>2026-09-25T08:54:12.415Z</time>
      </trkpt>
      <trkpt lat="49.401637" lon="10.296748">
        <ele>518.045403</ele>
        <time>2026-09-25T08:54:15.388Z</time>
      </trkpt>
      <trkpt lat="49.401534" lon="10.296827">
        <ele>517.984196</ele>
        <time>2026-09-25T08:54:18.393Z</time>
      </trkpt>
      <trkpt lat="49.401446" lon="10.296897">
        <ele>517.931511</ele>
        <time>2026-09-25T08:54:21.393Z</time>
      </trkpt>
      <trkpt lat="49.401348" lon="10.296971">
        <ele>517.873455</ele>
        <time>2026-09-25T08:54:24.474Z</time>
      </trkpt>
      <trkpt lat="49.401251" lon="10.297048">
        <ele>517.815406</ele>
        <time>2026-09-25T08:54:27.378Z</time>
      </trkpt>
      <trkpt lat="49.401156" lon="10.297120">
        <ele>517.759086</ele>
        <time>2026-09-25T08:54:30.381Z</time>
      </trkpt>
      <trkpt lat="49.401069" lon="10.297184">
        <ele>517.707802</ele>
        <time>2026-09-25T08:54:33.360Z</time>
      </trkpt>
      <trkpt lat="49.400975" lon="10.297251">
        <ele>517.652709</ele>
        <time>2026-09-25T08:54:36.408Z</time>
      </trkpt>
      <trkpt lat="49.400879" lon="10.297308">
        <ele>517.597989</ele>
        <time>2026-09-25T08:54:39.404Z</time>
      </trkpt>
      <trkpt lat="49.400772" lon="10.297364">
        <ele>517.473705</ele>
        <time>2026-09-25T08:54:42.395Z</time>
      </trkpt>
      <trkpt lat="49.400682" lon="10.297431">
        <ele>517.350612</ele>
        <time>2026-09-25T08:54:44.394Z</time>
      </trkpt>
      <trkpt lat="49.400583" lon="10.297496">
        <ele>517.218099</ele>
        <time>2026-09-25T08:54:46.394Z</time>
      </trkpt>
      <trkpt lat="49.400470" lon="10.297531">
        <ele>517.076213</ele>
        <time>2026-09-25T08:54:48.388Z</time>
      </trkpt>
      <trkpt lat="49.400346" lon="10.297580">
        <ele>516.918619</ele>
        <time>2026-09-25T08:54:50.434Z</time>
      </trkpt>
      <trkpt lat="49.400206" lon="10.297656">
        <ele>516.735861</ele>
        <time>2026-09-25T08:54:52.406Z</time>
      </trkpt>
      <trkpt lat="49.400076" lon="10.297702">
        <ele>516.571660</ele>
        <time>2026-09-25T08:54:54.356Z</time>
      </trkpt>
      <trkpt lat="49.399937" lon="10.297750">
        <ele>516.396302</ele>
        <time>2026-09-25T08:54:56.392Z</time>
      </trkpt>
      <trkpt lat="49.399799" lon="10.297818">
        <ele>516.217922</ele>
        <time>2026-09-25T08:54:58.380Z</time>
      </trkpt>
      <trkpt lat="49.399658" lon="10.297846">
        <ele>516.042927</ele>
        <time>2026-09-25T08:55:00.372Z</time>
      </trkpt>
      <trkpt lat="49.399526" lon="10.297906">
        <ele>515.873492</ele>
        <time>2026-09-25T08:55:02.381Z</time>
      </trkpt>
      <trkpt lat="49.399428" lon="10.297965">
        <ele>515.743939</ele>
        <time>2026-09-25T08:55:04.372Z</time>
      </trkpt>
      <trkpt lat="49.399344" lon="10.298017">
        <ele>515.632471</ele>
        <time>2026-09-25T08:55:06.409Z</time>
      </trkpt>
      <trkpt lat="49.399273" lon="10.298105">
        <ele>515.520194</ele>
        <time>2026-09-25T08:55:08.370Z</time>
      </trkpt>
      <trkpt lat="49.399176" lon="10.298229">
        <ele>515.365286</ele>
        <time>2026-09-25T08:55:11.381Z</time>
      </trkpt>
      <trkpt lat="49.399084" lon="10.298324">
        <ele>515.235767</ele>
        <time>2026-09-25T08:55:14.373Z</time>
      </trkpt>
      <trkpt lat="49.398995" lon="10.298419">
        <ele>515.109142</ele>
        <time>2026-09-25T08:55:17.402Z</time>
      </trkpt>
      <trkpt lat="49.398904" lon="10.298521">
        <ele>514.977526</ele>
        <time>2026-09-25T08:55:20.383Z</time>
      </trkpt>
      <trkpt lat="49.398814" lon="10.298650">
        <ele>514.833712</ele>
        <time>2026-09-25T08:55:23.387Z</time>
      </trkpt>
      <trkpt lat="49.398725" lon="10.298789">
        <ele>514.685429</ele>
        <time>2026-09-25T08:55:26.421Z</time>
      </trkpt>
      <trkpt lat="49.398658" lon="10.298953">
        <ele>514.538180</ele>
        <time>2026-09-25T08:55:29.400Z</time>
      </trkpt>
      <trkpt lat="49.398600" lon="10.299118">
        <ele>514.395574</ele>
        <time>2026-09-25T08:55:32.414Z</time>
      </trkpt>
      <trkpt lat="49.398573" lon="10.299303">
        <ele>514.251398</ele>
        <time>2026-09-25T08:55:35.402Z</time>
      </trkpt>
      <trkpt lat="49.398557" lon="10.299484">
        <ele>514.112494</ele>
        <time>2026-09-25T08:55:38.391Z</time>
      </trkpt>
      <trkpt lat="49.398552" lon="10.299658">
        <ele>513.980048</ele>
        <time>2026-09-25T08:55:41.392Z</time>
      </trkpt>
      <trkpt lat="49.398565" lon="10.299831">
        <ele>513.847617</ele>
        <time>2026-09-25T08:55:44.383Z</time>
      </trkpt>
      <trkpt lat="49.398596" lon="10.300002">
        <ele>513.712630</ele>
        <time>2026-09-25T08:55:47.382Z</time>
      </trkpt>
      <trkpt lat="49.398630" lon="10.300183">
        <ele>513.569371</ele>
        <time>2026-09-25T08:55:50.390Z</time>
      </trkpt>
      <trkpt lat="49.398658" lon="10.300381">
        <ele>513.415290</ele>
        <time>2026-09-25T08:55:53.440Z</time>
      </trkpt>
      <trkpt lat="49.398682" lon="10.300520">
        <ele>513.305932</ele>
        <time>2026-09-25T08:55:55.382Z</time>
      </trkpt>
      <trkpt lat="49.398702" lon="10.300662">
        <ele>513.256520</ele>
        <time>2026-09-25T08:55:57.387Z</time>
      </trkpt>
      <trkpt lat="49.398720" lon="10.300803">
        <ele>513.235445</ele>
        <time>2026-09-25T08:55:59.393Z</time>
      </trkpt>
      <trkpt lat="49.398732" lon="10.300947">
        <ele>513.214152</ele>
        <time>2026-09-25T08:56:01.403Z</time>
      </trkpt>
      <trkpt lat="49.398746" lon="10.301090">
        <ele>513.192942</ele>
        <time>2026-09-25T08:56:03.444Z</time>
      </trkpt>
      <trkpt lat="49.398742" lon="10.301228">
        <ele>513.172682</ele>
        <time>2026-09-25T08:56:05.391Z</time>
      </trkpt>
      <trkpt lat="49.398724" lon="10.301365">
        <ele>513.152182</ele>
        <time>2026-09-25T08:56:07.405Z</time>
      </trkpt>
      <trkpt lat="49.398702" lon="10.301504">
        <ele>513.131201</ele>
        <time>2026-09-25T08:56:09.398Z</time>
      </trkpt>
      <trkpt lat="49.398661" lon="10.301636">
        <ele>513.109748</ele>
        <time>2026-09-25T08:56:11.399Z</time>
      </trkpt>
      <trkpt lat="49.398609" lon="10.301757">
        <ele>513.088481</ele>
        <time>2026-09-25T08:56:13.424Z</time>
      </trkpt>
      <trkpt lat="49.398555" lon="10.301872">
        <ele>513.067682</ele>
        <time>2026-09-25T08:56:15.380Z</time>
      </trkpt>
      <trkpt lat="49.398488" lon="10.301971">
        <ele>513.046733</ele>
        <time>2026-09-25T08:56:17.405Z</time>
      </trkpt>
      <trkpt lat="49.398421" lon="10.302067">
        <ele>513.026087</ele>
        <time>2026-09-25T08:56:19.424Z</time>
      </trkpt>
      <trkpt lat="49.398348" lon="10.302157">
        <ele>513.004994</ele>
        <time>2026-09-25T08:56:21.413Z</time>
      </trkpt>
      <trkpt lat="49.398277" lon="10.302254">
        <ele>512.983582</ele>
        <time>2026-09-25T08:56:23.406Z</time>
      </trkpt>
      <trkpt lat="49.398205" lon="10.302352">
        <ele>512.961904</ele>
        <time>2026-09-25T08:56:25.402Z</time>
      </trkpt>
      <trkpt lat="49.398136" lon="10.302447">
        <ele>512.941024</ele>
        <time>2026-09-25T08:56:27.403Z</time>
      </trkpt>
      <trkpt lat="49.398067" lon="10.302545">
        <ele>512.919848</ele>
        <time>2026-09-25T08:56:29.412Z</time>
      </trkpt>
      <trkpt lat="49.398000" lon="10.302652">
        <ele>512.898070</ele>
        <time>2026-09-25T08:56:31.400Z</time>
      </trkpt>
      <trkpt lat="49.397935" lon="10.302761">
        <ele>512.876386</ele>
        <time>2026-09-25T08:56:33.423Z</time>
      </trkpt>
      <trkpt lat="49.397869" lon="10.302871">
        <ele>512.862047</ele>
        <time>2026-09-25T08:56:35.406Z</time>
      </trkpt>
      <trkpt lat="49.397804" lon="10.302979">
        <ele>512.854984</ele>
        <time>2026-09-25T08:56:37.408Z</time>
      </trkpt>
      <trkpt lat="49.397742" lon="10.303095">
        <ele>512.847776</ele>
        <time>2026-09-25T08:56:39.423Z</time>
      </trkpt>
      <trkpt lat="49.397681" lon="10.303211">
        <ele>512.840615</ele>
        <time>2026-09-25T08:56:41.399Z</time>
      </trkpt>
      <trkpt lat="49.397621" lon="10.303329">
        <ele>512.833425</ele>
        <time>2026-09-25T08:56:43.517Z</time>
      </trkpt>
      <trkpt lat="49.397563" lon="10.303451">
        <ele>512.826171</ele>
        <time>2026-09-25T08:56:45.386Z</time>
      </trkpt>
      <trkpt lat="49.397510" lon="10.303580">
        <ele>512.818846</ele>
        <time>2026-09-25T08:56:47.387Z</time>
      </trkpt>
      <trkpt lat="49.397457" lon="10.303702">
        <ele>512.811802</ele>
        <time>2026-09-25T08:56:49.388Z</time>
      </trkpt>
      <trkpt lat="49.397403" lon="10.303828">
        <ele>512.804558</ele>
        <time>2026-09-25T08:56:51.366Z</time>
      </trkpt>
      <trkpt lat="49.397352" lon="10.303957">
        <ele>512.797311</ele>
        <time>2026-09-25T08:56:53.392Z</time>
      </trkpt>
      <trkpt lat="49.397299" lon="10.304082">
        <ele>512.790147</ele>
        <time>2026-09-25T08:56:55.343Z</time>
      </trkpt>
      <trkpt lat="49.397245" lon="10.304205">
        <ele>512.783023</ele>
        <time>2026-09-25T08:56:57.400Z</time>
      </trkpt>
      <trkpt lat="49.397198" lon="10.304326">
        <ele>512.776257</ele>
        <time>2026-09-25T08:56:59.414Z</time>
      </trkpt>
      <trkpt lat="49.397130" lon="10.304505">
        <ele>512.766305</ele>
        <time>2026-09-25T08:57:02.394Z</time>
      </trkpt>
      <trkpt lat="49.397061" lon="10.304679">
        <ele>512.756521</ele>
        <time>2026-09-25T08:57:05.385Z</time>
      </trkpt>
      <trkpt lat="49.396995" lon="10.304856">
        <ele>512.746726</ele>
        <time>2026-09-25T08:57:08.396Z</time>
      </trkpt>
      <trkpt lat="49.396926" lon="10.305026">
        <ele>512.737106</ele>
        <time>2026-09-25T08:57:11.371Z</time>
      </trkpt>
      <trkpt lat="49.396858" lon="10.305196">
        <ele>512.702174</ele>
        <time>2026-09-25T08:57:14.362Z</time>
      </trkpt>
      <trkpt lat="49.396791" lon="10.305370">
        <ele>512.647894</ele>
        <time>2026-09-25T08:57:17.403Z</time>
      </trkpt>
      <trkpt lat="49.396719" lon="10.305544">
        <ele>512.592536</ele>
        <time>2026-09-25T08:57:20.372Z</time>
      </trkpt>
      <trkpt lat="49.396655" lon="10.305726">
        <ele>512.536995</ele>
        <time>2026-09-25T08:57:23.391Z</time>
      </trkpt>
      <trkpt lat="49.396609" lon="10.305845">
        <ele>512.499835</ele>
        <time>2026-09-25T08:57:25.384Z</time>
      </trkpt>
      <trkpt lat="49.396560" lon="10.305964">
        <ele>512.462028</ele>
        <time>2026-09-25T08:57:27.385Z</time>
      </trkpt>
      <trkpt lat="49.396510" lon="10.306081">
        <ele>512.424449</ele>
        <time>2026-09-25T08:57:29.374Z</time>
      </trkpt>
      <trkpt lat="49.396435" lon="10.306252">
        <ele>512.369086</ele>
        <time>2026-09-25T08:57:32.395Z</time>
      </trkpt>
      <trkpt lat="49.396358" lon="10.306414">
        <ele>512.315228</ele>
        <time>2026-09-25T08:57:35.402Z</time>
      </trkpt>
      <trkpt lat="49.396275" lon="10.306548">
        <ele>512.265562</ele>
        <time>2026-09-25T08:57:38.364Z</time>
      </trkpt>
      <trkpt lat="49.396191" lon="10.306678">
        <ele>512.216378</ele>
        <time>2026-09-25T08:57:41.394Z</time>
      </trkpt>
      <trkpt lat="49.396094" lon="10.306791">
        <ele>512.166162</ele>
        <time>2026-09-25T08:57:44.392Z</time>
      </trkpt>
      <trkpt lat="49.395990" lon="10.306892">
        <ele>512.115407</ele>
        <time>2026-09-25T08:57:47.409Z</time>
      </trkpt>
      <trkpt lat="49.395878" lon="10.306999">
        <ele>512.061001</ele>
        <time>2026-09-25T08:57:50.380Z</time>
      </trkpt>
      <trkpt lat="49.395767" lon="10.307118">
        <ele>512.005166</ele>
        <time>2026-09-25T08:57:53.410Z</time>
      </trkpt>
      <trkpt lat="49.395692" lon="10.307202">
        <ele>512.015200</ele>
        <time>2026-09-25T08:57:55.385Z</time>
      </trkpt>
      <trkpt lat="49.395619" lon="10.307288">
        <ele>512.053110</ele>
        <time>2026-09-25T08:57:57.378Z</time>
      </trkpt>
      <trkpt lat="49.395545" lon="10.307370">
        <ele>512.090710</ele>
        <time>2026-09-25T08:57:59.398Z</time>
      </trkpt>
      <trkpt lat="49.395474" lon="10.307457">
        <ele>512.128136</ele>
        <time>2026-09-25T08:58:01.375Z</time>
      </trkpt>
      <trkpt lat="49.395367" lon="10.307584">
        <ele>512.183858</ele>
        <time>2026-09-25T08:58:04.394Z</time>
      </trkpt>
      <trkpt lat="49.395266" lon="10.307713">
        <ele>512.237985</ele>
        <time>2026-09-25T08:58:07.383Z</time>
      </trkpt>
      <trkpt lat="49.395172" lon="10.307842">
        <ele>512.289927</ele>
        <time>2026-09-25T08:58:10.381Z</time>
      </trkpt>
      <trkpt lat="49.395079" lon="10.307973">
        <ele>512.341923</ele>
        <time>2026-09-25T08:58:13.399Z</time>
      </trkpt>
      <trkpt lat="49.394986" lon="10.308105">
        <ele>512.394101</ele>
        <time>2026-09-25T08:58:16.412Z</time>
      </trkpt>
      <trkpt lat="49.394900" lon="10.308239">
        <ele>512.444579</ele>
        <time>2026-09-25T08:58:19.392Z</time>
      </trkpt>
      <trkpt lat="49.394820" lon="10.308377">
        <ele>512.494148</ele>
        <time>2026-09-25T08:58:22.412Z</time>
      </trkpt>
      <trkpt lat="49.394744" lon="10.308517">
        <ele>512.543047</ele>
        <time>2026-09-25T08:58:25.391Z</time>
      </trkpt>
      <trkpt lat="49.394663" lon="10.308657">
        <ele>512.593291</ele>
        <time>2026-09-25T08:58:28.400Z</time>
      </trkpt>
      <trkpt lat="49.394585" lon="10.308806">
        <ele>512.644581</ele>
        <time>2026-09-25T08:58:31.412Z</time>
      </trkpt>
      <trkpt lat="49.394514" lon="10.308959">
        <ele>512.694983</ele>
        <time>2026-09-25T08:58:34.389Z</time>
      </trkpt>
      <trkpt lat="49.394442" lon="10.309111">
        <ele>512.753685</ele>
        <time>2026-09-25T08:58:37.410Z</time>
      </trkpt>
      <trkpt lat="49.394377" lon="10.309270">
        <ele>512.835870</ele>
        <time>2026-09-25T08:58:40.374Z</time>
      </trkpt>
      <trkpt lat="49.394304" lon="10.309428">
        <ele>512.920681</ele>
        <time>2026-09-25T08:58:43.381Z</time>
      </trkpt>
      <trkpt lat="49.394238" lon="10.309582">
        <ele>513.001389</ele>
        <time>2026-09-25T08:58:46.383Z</time>
      </trkpt>
      <trkpt lat="49.394191" lon="10.309725">
        <ele>513.071510</ele>
        <time>2026-09-25T08:58:49.395Z</time>
      </trkpt>
      <trkpt lat="49.394163" lon="10.309866">
        <ele>513.136035</ele>
        <time>2026-09-25T08:58:52.393Z</time>
      </trkpt>
      <trkpt lat="49.394237" lon="10.309998">
        <ele>513.212291</ele>
        <time>2026-09-25T08:58:55.367Z</time>
      </trkpt>
      <trkpt lat="49.394308" lon="10.310115">
        <ele>513.282309</ele>
        <time>2026-09-25T08:58:58.408Z</time>
      </trkpt>
      <trkpt lat="49.394372" lon="10.310234">
        <ele>513.349878</ele>
        <time>2026-09-25T08:59:01.382Z</time>
      </trkpt>
      <trkpt lat="49.394425" lon="10.310362">
        <ele>513.416282</ele>
        <time>2026-09-25T08:59:04.389Z</time>
      </trkpt>
      <trkpt lat="49.394484" lon="10.310482">
        <ele>513.482109</ele>
        <time>2026-09-25T08:59:07.391Z</time>
      </trkpt>
      <trkpt lat="49.394535" lon="10.310613">
        <ele>513.548923</ele>
        <time>2026-09-25T08:59:10.390Z</time>
      </trkpt>
      <trkpt lat="49.394595" lon="10.310742">
        <ele>513.618324</ele>
        <time>2026-09-25T08:59:13.394Z</time>
      </trkpt>
      <trkpt lat="49.394651" lon="10.310875">
        <ele>513.687658</ele>
        <time>2026-09-25T08:59:16.383Z</time>
      </trkpt>
      <trkpt lat="49.394714" lon="10.310995">
        <ele>513.755141</ele>
        <time>2026-09-25T08:59:19.402Z</time>
      </trkpt>
      <trkpt lat="49.394764" lon="10.311122">
        <ele>513.820108</ele>
        <time>2026-09-25T08:59:22.424Z</time>
      </trkpt>
      <trkpt lat="49.394813" lon="10.311241">
        <ele>513.881744</ele>
        <time>2026-09-25T08:59:25.389Z</time>
      </trkpt>
      <trkpt lat="49.394864" lon="10.311358">
        <ele>513.946241</ele>
        <time>2026-09-25T08:59:28.399Z</time>
      </trkpt>
      <trkpt lat="49.394915" lon="10.311478">
        <ele>514.132385</ele>
        <time>2026-09-25T08:59:31.393Z</time>
      </trkpt>
      <trkpt lat="49.394968" lon="10.311597">
        <ele>514.319666</ele>
        <time>2026-09-25T08:59:34.405Z</time>
      </trkpt>
      <trkpt lat="49.395028" lon="10.311714">
        <ele>514.513130</ele>
        <time>2026-09-25T08:59:37.400Z</time>
      </trkpt>
      <trkpt lat="49.395081" lon="10.311831">
        <ele>514.698273</ele>
        <time>2026-09-25T08:59:40.407Z</time>
      </trkpt>
      <trkpt lat="49.395138" lon="10.311944">
        <ele>514.883957</ele>
        <time>2026-09-25T08:59:43.408Z</time>
      </trkpt>
      <trkpt lat="49.395205" lon="10.312047">
        <ele>515.073093</ele>
        <time>2026-09-25T08:59:46.343Z</time>
      </trkpt>
      <trkpt lat="49.395257" lon="10.312169">
        <ele>515.262502</ele>
        <time>2026-09-25T08:59:49.579Z</time>
      </trkpt>
      <trkpt lat="49.395322" lon="10.312320">
        <ele>515.497635</ele>
        <time>2026-09-25T08:59:53.381Z</time>
      </trkpt>
      <trkpt lat="49.395386" lon="10.312471">
        <ele>515.731673</ele>
        <time>2026-09-25T08:59:57.445Z</time>
      </trkpt>
      <trkpt lat="49.395451" lon="10.312623">
        <ele>515.967890</ele>
        <time>2026-09-25T09:00:01.405Z</time>
      </trkpt>
      <trkpt lat="49.395522" lon="10.312764">
        <ele>516.199431</ele>
        <time>2026-09-25T09:00:05.389Z</time>
      </trkpt>
      <trkpt lat="49.395590" lon="10.312905">
        <ele>516.427357</ele>
        <time>2026-09-25T09:00:09.411Z</time>
      </trkpt>
      <trkpt lat="49.395651" lon="10.313044">
        <ele>516.645095</ele>
        <time>2026-09-25T09:00:13.388Z</time>
      </trkpt>
      <trkpt lat="49.395710" lon="10.313173">
        <ele>516.849871</ele>
        <time>2026-09-25T09:00:17.392Z</time>
      </trkpt>
      <trkpt lat="49.395773" lon="10.313310">
        <ele>517.067738</ele>
        <time>2026-09-25T09:00:21.396Z</time>
      </trkpt>
      <trkpt lat="49.395839" lon="10.313449">
        <ele>517.291207</ele>
        <time>2026-09-25T09:00:25.401Z</time>
      </trkpt>
      <trkpt lat="49.395905" lon="10.313586">
        <ele>517.512582</ele>
        <time>2026-09-25T09:00:29.389Z</time>
      </trkpt>
      <trkpt lat="49.395963" lon="10.313719">
        <ele>517.868255</ele>
        <time>2026-09-25T09:00:33.380Z</time>
      </trkpt>
      <trkpt lat="49.396018" lon="10.313837">
        <ele>518.203914</ele>
        <time>2026-09-25T09:00:36.486Z</time>
      </trkpt>
      <trkpt lat="49.396086" lon="10.313974">
        <ele>518.602373</ele>
        <time>2026-09-25T09:00:40.385Z</time>
      </trkpt>
      <trkpt lat="49.396157" lon="10.314117">
        <ele>519.018330</ele>
        <time>2026-09-25T09:00:44.429Z</time>
      </trkpt>
      <trkpt lat="49.396215" lon="10.314245">
        <ele>519.379029</ele>
        <time>2026-09-25T09:00:47.408Z</time>
      </trkpt>
      <trkpt lat="49.396272" lon="10.314362">
        <ele>519.717020</ele>
        <time>2026-09-25T09:00:50.396Z</time>
      </trkpt>
      <trkpt lat="49.396334" lon="10.314482">
        <ele>520.071354</ele>
        <time>2026-09-25T09:00:53.388Z</time>
      </trkpt>
      <trkpt lat="49.396391" lon="10.314597">
        <ele>520.405653</ele>
        <time>2026-09-25T09:00:56.391Z</time>
      </trkpt>
      <trkpt lat="49.396453" lon="10.314729">
        <ele>520.782118</ele>
        <time>2026-09-25T09:00:59.384Z</time>
      </trkpt>
      <trkpt lat="49.396521" lon="10.314865">
        <ele>521.178739</ele>
        <time>2026-09-25T09:01:02.394Z</time>
      </trkpt>
      <trkpt lat="49.396587" lon="10.315006">
        <ele>521.580399</ele>
        <time>2026-09-25T09:01:05.384Z</time>
      </trkpt>
      <trkpt lat="49.396656" lon="10.315144">
        <ele>521.982852</ele>
        <time>2026-09-25T09:01:08.400Z</time>
      </trkpt>
      <trkpt lat="49.396722" lon="10.315281">
        <ele>522.377039</ele>
        <time>2026-09-25T09:01:11.401Z</time>
      </trkpt>
      <trkpt lat="49.396794" lon="10.315420">
        <ele>522.787879</ele>
        <time>2026-09-25T09:01:14.405Z</time>
      </trkpt>
      <trkpt lat="49.396863" lon="10.315556">
        <ele>523.186673</ele>
        <time>2026-09-25T09:01:17.386Z</time>
      </trkpt>
      <trkpt lat="49.396932" lon="10.315695">
        <ele>523.590961</ele>
        <time>2026-09-25T09:01:20.383Z</time>
      </trkpt>
      <trkpt lat="49.397002" lon="10.315834">
        <ele>523.975594</ele>
        <time>2026-09-25T09:01:23.372Z</time>
      </trkpt>
      <trkpt lat="49.397069" lon="10.315966">
        <ele>524.249853</ele>
        <time>2026-09-25T09:01:26.386Z</time>
      </trkpt>
      <trkpt lat="49.397145" lon="10.316108">
        <ele>524.551065</ele>
        <time>2026-09-25T09:01:29.370Z</time>
      </trkpt>
      <trkpt lat="49.397222" lon="10.316238">
        <ele>524.839053</ele>
        <time>2026-09-25T09:01:32.395Z</time>
      </trkpt>
      <trkpt lat="49.397282" lon="10.316369">
        <ele>525.101499</ele>
        <time>2026-09-25T09:01:35.387Z</time>
      </trkpt>
      <trkpt lat="49.397352" lon="10.316497">
        <ele>525.375416</ele>
        <time>2026-09-25T09:01:38.384Z</time>
      </trkpt>
      <trkpt lat="49.397420" lon="10.316624">
        <ele>525.644854</ele>
        <time>2026-09-25T09:01:41.419Z</time>
      </trkpt>
      <trkpt lat="49.397487" lon="10.316742">
        <ele>525.901413</ele>
        <time>2026-09-25T09:01:44.394Z</time>
      </trkpt>
      <trkpt lat="49.397550" lon="10.316855">
        <ele>526.145189</ele>
        <time>2026-09-25T09:01:47.392Z</time>
      </trkpt>
      <trkpt lat="49.397639" lon="10.316970">
        <ele>526.437928</ele>
        <time>2026-09-25T09:01:51.370Z</time>
      </trkpt>
      <trkpt lat="49.397715" lon="10.317074">
        <ele>526.694123</ele>
        <time>2026-09-25T09:01:54.387Z</time>
      </trkpt>
      <trkpt lat="49.397786" lon="10.317160">
        <ele>526.921715</ele>
        <time>2026-09-25T09:01:57.384Z</time>
      </trkpt>
      <trkpt lat="49.397879" lon="10.317267">
        <ele>527.214191</ele>
        <time>2026-09-25T09:02:01.408Z</time>
      </trkpt>
      <trkpt lat="49.397966" lon="10.317355">
        <ele>527.476399</ele>
        <time>2026-09-25T09:02:04.404Z</time>
      </trkpt>
      <trkpt lat="49.398051" lon="10.317430">
        <ele>527.723148</ele>
        <time>2026-09-25T09:02:07.390Z</time>
      </trkpt>
      <trkpt lat="49.398142" lon="10.317497">
        <ele>527.977172</ele>
        <time>2026-09-25T09:02:10.400Z</time>
      </trkpt>
      <trkpt lat="49.398261" lon="10.317561">
        <ele>528.294562</ele>
        <time>2026-09-25T09:02:13.414Z</time>
      </trkpt>
      <trkpt lat="49.398349" lon="10.317627">
        <ele>528.574711</ele>
        <time>2026-09-25T09:02:15.403Z</time>
      </trkpt>
      <trkpt lat="49.398436" lon="10.317670">
        <ele>528.890203</ele>
        <time>2026-09-25T09:02:18.383Z</time>
      </trkpt>
      <trkpt lat="49.398522" lon="10.317718">
        <ele>529.206067</ele>
        <time>2026-09-25T09:02:21.403Z</time>
      </trkpt>
      <trkpt lat="49.398618" lon="10.317770">
        <ele>529.557462</ele>
        <time>2026-09-25T09:02:24.399Z</time>
      </trkpt>
      <trkpt lat="49.398727" lon="10.317815">
        <ele>529.947091</ele>
        <time>2026-09-25T09:02:27.407Z</time>
      </trkpt>
      <trkpt lat="49.398861" lon="10.317852">
        <ele>530.417089</ele>
        <time>2026-09-25T09:02:30.403Z</time>
      </trkpt>
      <trkpt lat="49.398970" lon="10.317870">
        <ele>530.795540</ele>
        <time>2026-09-25T09:02:33.410Z</time>
      </trkpt>
      <trkpt lat="49.399085" lon="10.317889">
        <ele>531.194826</ele>
        <time>2026-09-25T09:02:36.404Z</time>
      </trkpt>
      <trkpt lat="49.399199" lon="10.317909">
        <ele>531.590928</ele>
        <time>2026-09-25T09:02:39.395Z</time>
      </trkpt>
      <trkpt lat="49.399328" lon="10.317921">
        <ele>532.037071</ele>
        <time>2026-09-25T09:02:42.388Z</time>
      </trkpt>
      <trkpt lat="49.399443" lon="10.317927">
        <ele>532.434297</ele>
        <time>2026-09-25T09:02:45.378Z</time>
      </trkpt>
      <trkpt lat="49.399560" lon="10.317969">
        <ele>532.849074</ele>
        <time>2026-09-25T09:02:48.390Z</time>
      </trkpt>
      <trkpt lat="49.399649" lon="10.318006">
        <ele>533.167361</ele>
        <time>2026-09-25T09:02:50.384Z</time>
      </trkpt>
      <trkpt lat="49.399740" lon="10.318041">
        <ele>533.491198</ele>
        <time>2026-09-25T09:02:52.388Z</time>
      </trkpt>
      <trkpt lat="49.399826" lon="10.318089">
        <ele>533.807061</ele>
        <time>2026-09-25T09:02:54.377Z</time>
      </trkpt>
      <trkpt lat="49.399910" lon="10.318148">
        <ele>534.125899</ele>
        <time>2026-09-25T09:02:56.386Z</time>
      </trkpt>
      <trkpt lat="49.399995" lon="10.318227">
        <ele>534.468831</ele>
        <time>2026-09-25T09:02:58.365Z</time>
      </trkpt>
      <trkpt lat="49.400077" lon="10.318314">
        <ele>534.497163</ele>
        <time>2026-09-25T09:03:00.402Z</time>
      </trkpt>
      <trkpt lat="49.400160" lon="10.318399">
        <ele>534.131795</ele>
        <time>2026-09-25T09:03:02.371Z</time>
      </trkpt>
      <trkpt lat="49.400253" lon="10.318481">
        <ele>533.739033</ele>
        <time>2026-09-25T09:03:04.374Z</time>
      </trkpt>
      <trkpt lat="49.400348" lon="10.318560">
        <ele>533.343354</ele>
        <time>2026-09-25T09:03:06.376Z</time>
      </trkpt>
      <trkpt lat="49.400448" lon="10.318639">
        <ele>532.931474</ele>
        <time>2026-09-25T09:03:08.389Z</time>
      </trkpt>
      <trkpt lat="49.400545" lon="10.318719">
        <ele>532.528215</ele>
        <time>2026-09-25T09:03:10.390Z</time>
      </trkpt>
      <trkpt lat="49.400643" lon="10.318800">
        <ele>532.120601</ele>
        <time>2026-09-25T09:03:12.384Z</time>
      </trkpt>
      <trkpt lat="49.400739" lon="10.318878">
        <ele>531.722817</ele>
        <time>2026-09-25T09:03:14.423Z</time>
      </trkpt>
      <trkpt lat="49.400836" lon="10.318957">
        <ele>531.320680</ele>
        <time>2026-09-25T09:03:16.387Z</time>
      </trkpt>
      <trkpt lat="49.400931" lon="10.319034">
        <ele>530.927248</ele>
        <time>2026-09-25T09:03:18.389Z</time>
      </trkpt>
      <trkpt lat="49.401025" lon="10.319109">
        <ele>530.539272</ele>
        <time>2026-09-25T09:03:20.388Z</time>
      </trkpt>
      <trkpt lat="49.401122" lon="10.319193">
        <ele>530.131418</ele>
        <time>2026-09-25T09:03:22.400Z</time>
      </trkpt>
      <trkpt lat="49.401220" lon="10.319276">
        <ele>529.721526</ele>
        <time>2026-09-25T09:03:24.384Z</time>
      </trkpt>
      <trkpt lat="49.401320" lon="10.319356">
        <ele>529.308552</ele>
        <time>2026-09-25T09:03:26.377Z</time>
      </trkpt>
      <trkpt lat="49.401424" lon="10.319433">
        <ele>528.885682</ele>
        <time>2026-09-25T09:03:28.397Z</time>
      </trkpt>
      <trkpt lat="49.401526" lon="10.319513">
        <ele>528.466197</ele>
        <time>2026-09-25T09:03:30.386Z</time>
      </trkpt>
      <trkpt lat="49.401629" lon="10.319596">
        <ele>528.042554</ele>
        <time>2026-09-25T09:03:32.387Z</time>
      </trkpt>
      <trkpt lat="49.401738" lon="10.319675">
        <ele>527.635047</ele>
        <time>2026-09-25T09:03:34.385Z</time>
      </trkpt>
      <trkpt lat="49.401847" lon="10.319756">
        <ele>527.225644</ele>
        <time>2026-09-25T09:03:36.398Z</time>
      </trkpt>
      <trkpt lat="49.401956" lon="10.319820">
        <ele>526.831087</ele>
        <time>2026-09-25T09:03:38.398Z</time>
      </trkpt>
      <trkpt lat="49.402068" lon="10.319855">
        <ele>526.444622</ele>
        <time>2026-09-25T09:03:40.407Z</time>
      </trkpt>
      <trkpt lat="49.402190" lon="10.319877">
        <ele>526.029265</ele>
        <time>2026-09-25T09:03:42.374Z</time>
      </trkpt>
      <trkpt lat="49.402325" lon="10.319848">
        <ele>525.568342</ele>
        <time>2026-09-25T09:03:44.368Z</time>
      </trkpt>
      <trkpt lat="49.402459" lon="10.319814">
        <ele>525.109104</ele>
        <time>2026-09-25T09:03:46.385Z</time>
      </trkpt>
      <trkpt lat="49.402607" lon="10.319770">
        <ele>524.599382</ele>
        <time>2026-09-25T09:03:48.392Z</time>
      </trkpt>
      <trkpt lat="49.402764" lon="10.319726">
        <ele>524.059751</ele>
        <time>2026-09-25T09:03:50.388Z</time>
      </trkpt>
      <trkpt lat="49.402931" lon="10.319694">
        <ele>523.490690</ele>
        <time>2026-09-25T09:03:52.404Z</time>
      </trkpt>
      <trkpt lat="49.403107" lon="10.319674">
        <ele>522.893944</ele>
        <time>2026-09-25T09:03:54.376Z</time>
      </trkpt>
      <trkpt lat="49.403197" lon="10.319668">
        <ele>522.589335</ele>
        <time>2026-09-25T09:03:55.388Z</time>
      </trkpt>
      <trkpt lat="49.403288" lon="10.319665">
        <ele>522.281559</ele>
        <time>2026-09-25T09:03:56.396Z</time>
      </trkpt>
      <trkpt lat="49.403380" lon="10.319667">
        <ele>521.980217</ele>
        <time>2026-09-25T09:03:57.386Z</time>
      </trkpt>
      <trkpt lat="49.403472" lon="10.319672">
        <ele>521.830614</ele>
        <time>2026-09-25T09:03:58.390Z</time>
      </trkpt>
      <trkpt lat="49.403564" lon="10.319675">
        <ele>521.681071</ele>
        <time>2026-09-25T09:03:59.388Z</time>
      </trkpt>
      <trkpt lat="49.403656" lon="10.319684">
        <ele>521.531259</ele>
        <time>2026-09-25T09:04:00.390Z</time>
      </trkpt>
      <trkpt lat="49.403747" lon="10.319696">
        <ele>521.382831</ele>
        <time>2026-09-25T09:04:01.379Z</time>
      </trkpt>
      <trkpt lat="49.403838" lon="10.319708">
        <ele>521.234403</ele>
        <time>2026-09-25T09:04:02.395Z</time>
      </trkpt>
      <trkpt lat="49.403927" lon="10.319727">
        <ele>521.088380</ele>
        <time>2026-09-25T09:04:03.380Z</time>
      </trkpt>
      <trkpt lat="49.404101" lon="10.319775">
        <ele>520.801092</ele>
        <time>2026-09-25T09:04:05.392Z</time>
      </trkpt>
      <trkpt lat="49.404270" lon="10.319820">
        <ele>520.522358</ele>
        <time>2026-09-25T09:04:07.384Z</time>
      </trkpt>
      <trkpt lat="49.404435" lon="10.319869">
        <ele>520.249255</ele>
        <time>2026-09-25T09:04:09.393Z</time>
      </trkpt>
      <trkpt lat="49.404594" lon="10.319927">
        <ele>519.983684</ele>
        <time>2026-09-25T09:04:11.399Z</time>
      </trkpt>
      <trkpt lat="49.404748" lon="10.319978">
        <ele>519.727673</ele>
        <time>2026-09-25T09:04:13.393Z</time>
      </trkpt>
      <trkpt lat="49.404897" lon="10.320031">
        <ele>519.479131</ele>
        <time>2026-09-25T09:04:15.421Z</time>
      </trkpt>
      <trkpt lat="49.405039" lon="10.320085">
        <ele>519.241406</ele>
        <time>2026-09-25T09:04:17.402Z</time>
      </trkpt>
      <trkpt lat="49.405177" lon="10.320129">
        <ele>519.035016</ele>
        <time>2026-09-25T09:04:19.411Z</time>
      </trkpt>
      <trkpt lat="49.405312" lon="10.320167">
        <ele>518.905676</ele>
        <time>2026-09-25T09:04:21.389Z</time>
      </trkpt>
      <trkpt lat="49.405445" lon="10.320194">
        <ele>518.779249</ele>
        <time>2026-09-25T09:04:23.403Z</time>
      </trkpt>
      <trkpt lat="49.405577" lon="10.320215">
        <ele>518.654188</ele>
        <time>2026-09-25T09:04:25.392Z</time>
      </trkpt>
      <trkpt lat="49.405709" lon="10.320228">
        <ele>518.529537</ele>
        <time>2026-09-25T09:04:27.391Z</time>
      </trkpt>
      <trkpt lat="49.405843" lon="10.320239">
        <ele>518.403076</ele>
        <time>2026-09-25T09:04:29.401Z</time>
      </trkpt>
      <trkpt lat="49.405979" lon="10.320232">
        <ele>518.274839</ele>
        <time>2026-09-25T09:04:31.386Z</time>
      </trkpt>
      <trkpt lat="49.406115" lon="10.320226">
        <ele>518.146620</ele>
        <time>2026-09-25T09:04:33.383Z</time>
      </trkpt>
      <trkpt lat="49.406250" lon="10.320210">
        <ele>518.019019</ele>
        <time>2026-09-25T09:04:35.389Z</time>
      </trkpt>
      <trkpt lat="49.406381" lon="10.320185">
        <ele>517.894617</ele>
        <time>2026-09-25T09:04:37.404Z</time>
      </trkpt>
      <trkpt lat="49.406507" lon="10.320160">
        <ele>517.774890</ele>
        <time>2026-09-25T09:04:39.411Z</time>
      </trkpt>
      <trkpt lat="49.406627" lon="10.320146">
        <ele>517.661477</ele>
        <time>2026-09-25T09:04:41.381Z</time>
      </trkpt>
      <trkpt lat="49.406739" lon="10.320133">
        <ele>517.555629</ele>
        <time>2026-09-25T09:04:43.405Z</time>
      </trkpt>
      <trkpt lat="49.406847" lon="10.320116">
        <ele>517.453318</ele>
        <time>2026-09-25T09:04:45.402Z</time>
      </trkpt>
      <trkpt lat="49.406945" lon="10.320102">
        <ele>517.369187</ele>
        <time>2026-09-25T09:04:47.393Z</time>
      </trkpt>
      <trkpt lat="49.407035" lon="10.320094">
        <ele>517.352788</ele>
        <time>2026-09-25T09:04:49.380Z</time>
      </trkpt>
      <trkpt lat="49.407163" lon="10.320086">
        <ele>517.329483</ele>
        <time>2026-09-25T09:04:52.388Z</time>
      </trkpt>
      <trkpt lat="49.407285" lon="10.320081">
        <ele>517.307282</ele>
        <time>2026-09-25T09:04:55.385Z</time>
      </trkpt>
      <trkpt lat="49.407401" lon="10.320082">
        <ele>517.286179</ele>
        <time>2026-09-25T09:04:58.381Z</time>
      </trkpt>
      <trkpt lat="49.407510" lon="10.320086">
        <ele>517.266345</ele>
        <time>2026-09-25T09:05:01.399Z</time>
      </trkpt>
      <trkpt lat="49.407613" lon="10.320098">
        <ele>517.247554</ele>
        <time>2026-09-25T09:05:04.387Z</time>
      </trkpt>
      <trkpt lat="49.407711" lon="10.320103">
        <ele>517.229716</ele>
        <time>2026-09-25T09:05:07.423Z</time>
      </trkpt>
      <trkpt lat="49.407807" lon="10.320119">
        <ele>517.212150</ele>
        <time>2026-09-25T09:05:10.384Z</time>
      </trkpt>
      <trkpt lat="49.407907" lon="10.320135">
        <ele>517.193860</ele>
        <time>2026-09-25T09:05:13.400Z</time>
      </trkpt>
      <trkpt lat="49.408018" lon="10.320147">
        <ele>517.173618</ele>
        <time>2026-09-25T09:05:16.405Z</time>
      </trkpt>
      <trkpt lat="49.408135" lon="10.320158">
        <ele>517.152294</ele>
        <time>2026-09-25T09:05:19.397Z</time>
      </trkpt>
      <trkpt lat="49.408245" lon="10.320174">
        <ele>517.132194</ele>
        <time>2026-09-25T09:05:22.403Z</time>
      </trkpt>
      <trkpt lat="49.408352" lon="10.320187">
        <ele>517.112668</ele>
        <time>2026-09-25T09:05:25.390Z</time>
      </trkpt>
      <trkpt lat="49.408459" lon="10.320198">
        <ele>517.093159</ele>
        <time>2026-09-25T09:05:28.403Z</time>
      </trkpt>
      <trkpt lat="49.408566" lon="10.320205">
        <ele>517.073677</ele>
        <time>2026-09-25T09:05:31.400Z</time>
      </trkpt>
      <trkpt lat="49.408672" lon="10.320220">
        <ele>517.054312</ele>
        <time>2026-09-25T09:05:34.402Z</time>
      </trkpt>
      <trkpt lat="49.408782" lon="10.320231">
        <ele>517.084832</ele>
        <time>2026-09-25T09:05:37.392Z</time>
      </trkpt>
      <trkpt lat="49.408890" lon="10.320236">
        <ele>517.166714</ele>
        <time>2026-09-25T09:05:40.383Z</time>
      </trkpt>
      <trkpt lat="49.408998" lon="10.320230">
        <ele>517.248612</ele>
        <time>2026-09-25T09:05:43.406Z</time>
      </trkpt>
      <trkpt lat="49.409107" lon="10.320221">
        <ele>517.331334</ele>
        <time>2026-09-25T09:05:46.390Z</time>
      </trkpt>
      <trkpt lat="49.409219" lon="10.320206">
        <ele>517.416531</ele>
        <time>2026-09-25T09:05:49.404Z</time>
      </trkpt>
      <trkpt lat="49.409332" lon="10.320184">
        <ele>517.502850</ele>
        <time>2026-09-25T09:05:52.399Z</time>
      </trkpt>
      <trkpt lat="49.409445" lon="10.320164">
        <ele>517.589050</ele>
        <time>2026-09-25T09:05:55.400Z</time>
      </trkpt>
      <trkpt lat="49.409556" lon="10.320151">
        <ele>517.673412</ele>
        <time>2026-09-25T09:05:58.425Z</time>
      </trkpt>
      <trkpt lat="49.409659" lon="10.320135">
        <ele>517.751865</ele>
        <time>2026-09-25T09:06:01.409Z</time>
      </trkpt>
      <trkpt lat="49.409757" lon="10.320112">
        <ele>517.826993</ele>
        <time>2026-09-25T09:06:04.401Z</time>
      </trkpt>
      <trkpt lat="49.409859" lon="10.320089">
        <ele>517.905118</ele>
        <time>2026-09-25T09:06:07.407Z</time>
      </trkpt>
      <trkpt lat="49.409966" lon="10.320078">
        <ele>517.986386</ele>
        <time>2026-09-25T09:06:10.387Z</time>
      </trkpt>
      <trkpt lat="49.410075" lon="10.320061">
        <ele>518.069413</ele>
        <time>2026-09-25T09:06:13.393Z</time>
      </trkpt>
      <trkpt lat="49.410183" lon="10.320046">
        <ele>518.151591</ele>
        <time>2026-09-25T09:06:16.389Z</time>
      </trkpt>
      <trkpt lat="49.410288" lon="10.320021">
        <ele>518.232112</ele>
        <time>2026-09-25T09:06:19.394Z</time>
      </trkpt>
      <trkpt lat="49.410398" lon="10.320000">
        <ele>518.316113</ele>
        <time>2026-09-25T09:06:22.419Z</time>
      </trkpt>
      <trkpt lat="49.410513" lon="10.320000">
        <ele>518.403262</ele>
        <time>2026-09-25T09:06:25.388Z</time>
      </trkpt>
      <trkpt lat="49.410630" lon="10.319968">
        <ele>518.599732</ele>
        <time>2026-09-25T09:06:28.376Z</time>
      </trkpt>
      <trkpt lat="49.410741" lon="10.319938">
        <ele>518.790552</ele>
        <time>2026-09-25T09:06:31.390Z</time>
      </trkpt>
      <trkpt lat="49.410838" lon="10.319895">
        <ele>518.961479</ele>
        <time>2026-09-25T09:06:34.394Z</time>
      </trkpt>
      <trkpt lat="49.410943" lon="10.319868">
        <ele>519.141728</ele>
        <time>2026-09-25T09:06:38.397Z</time>
      </trkpt>
      <trkpt lat="49.411046" lon="10.319824">
        <ele>519.322730</ele>
        <time>2026-09-25T09:06:42.388Z</time>
      </trkpt>
      <trkpt lat="49.411135" lon="10.319801">
        <ele>519.475533</ele>
        <time>2026-09-25T09:06:45.394Z</time>
      </trkpt>
      <trkpt lat="49.411230" lon="10.319773">
        <ele>519.639310</ele>
        <time>2026-09-25T09:06:48.387Z</time>
      </trkpt>
      <trkpt lat="49.411327" lon="10.319741">
        <ele>519.807283</ele>
        <time>2026-09-25T09:06:51.391Z</time>
      </trkpt>
      <trkpt lat="49.411424" lon="10.319717">
        <ele>519.973631</ele>
        <time>2026-09-25T09:06:54.398Z</time>
      </trkpt>
      <trkpt lat="49.411518" lon="10.319680">
        <ele>520.137920</ele>
        <time>2026-09-25T09:06:57.392Z</time>
      </trkpt>
      <trkpt lat="49.411613" lon="10.319627">
        <ele>520.309035</ele>
        <time>2026-09-25T09:07:00.389Z</time>
      </trkpt>
      <trkpt lat="49.411717" lon="10.319584">
        <ele>520.491379</ele>
        <time>2026-09-25T09:07:03.394Z</time>
      </trkpt>
      <trkpt lat="49.411829" lon="10.319564">
        <ele>520.682284</ele>
        <time>2026-09-25T09:07:06.404Z</time>
      </trkpt>
      <trkpt lat="49.411933" lon="10.319499">
        <ele>520.872370</ele>
        <time>2026-09-25T09:07:09.397Z</time>
      </trkpt>
      <trkpt lat="49.412039" lon="10.319468">
        <ele>521.055061</ele>
        <time>2026-09-25T09:07:12.404Z</time>
      </trkpt>
      <trkpt lat="49.412145" lon="10.319426">
        <ele>521.240400</ele>
        <time>2026-09-25T09:07:15.392Z</time>
      </trkpt>
      <trkpt lat="49.412232" lon="10.319384">
        <ele>521.394796</ele>
        <time>2026-09-25T09:07:18.390Z</time>
      </trkpt>
      <trkpt lat="49.412227" lon="10.319523">
        <ele>521.447293</ele>
        <time>2026-09-25T09:07:24.383Z</time>
      </trkpt>
      <trkpt lat="49.412231" lon="10.319696">
        <ele>521.437076</ele>
        <time>2026-09-25T09:07:28.377Z</time>
      </trkpt>
      <trkpt lat="49.412254" lon="10.319859">
        <ele>521.427232</ele>
        <time>2026-09-25T09:07:31.385Z</time>
      </trkpt>
      <trkpt lat="49.412279" lon="10.320042">
        <ele>521.416196</ele>
        <time>2026-09-25T09:07:34.378Z</time>
      </trkpt>
      <trkpt lat="49.412310" lon="10.320214">
        <ele>521.405663</ele>
        <time>2026-09-25T09:07:37.408Z</time>
      </trkpt>
      <trkpt lat="49.412349" lon="10.320374">
        <ele>521.395578</ele>
        <time>2026-09-25T09:07:40.392Z</time>
      </trkpt>
      <trkpt lat="49.412402" lon="10.320510">
        <ele>521.386222</ele>
        <time>2026-09-25T09:07:43.398Z</time>
      </trkpt>
      <trkpt lat="49.412475" lon="10.320624">
        <ele>521.376782</ele>
        <time>2026-09-25T09:07:46.398Z</time>
      </trkpt>
      <trkpt lat="49.412572" lon="10.320715">
        <ele>521.366473</ele>
        <time>2026-09-25T09:07:49.415Z</time>
      </trkpt>
      <trkpt lat="49.412662" lon="10.320745">
        <ele>521.358119</ele>
        <time>2026-09-25T09:07:51.396Z</time>
      </trkpt>
      <trkpt lat="49.412756" lon="10.320765">
        <ele>521.349510</ele>
        <time>2026-09-25T09:07:53.403Z</time>
      </trkpt>
      <trkpt lat="49.412851" lon="10.320783">
        <ele>521.340827</ele>
        <time>2026-09-25T09:07:55.401Z</time>
      </trkpt>
      <trkpt lat="49.412952" lon="10.320831">
        <ele>521.331237</ele>
        <time>2026-09-25T09:07:57.410Z</time>
      </trkpt>
      <trkpt lat="49.413065" lon="10.320868">
        <ele>521.320756</ele>
        <time>2026-09-25T09:07:59.404Z</time>
      </trkpt>
      <trkpt lat="49.413184" lon="10.320893">
        <ele>521.309861</ele>
        <time>2026-09-25T09:08:01.425Z</time>
      </trkpt>
      <trkpt lat="49.413299" lon="10.320914">
        <ele>521.299355</ele>
        <time>2026-09-25T09:08:03.438Z</time>
      </trkpt>
      <trkpt lat="49.413403" lon="10.320960">
        <ele>521.289538</ele>
        <time>2026-09-25T09:08:05.384Z</time>
      </trkpt>
      <trkpt lat="49.413505" lon="10.321016">
        <ele>521.069068</ele>
        <time>2026-09-25T09:08:07.406Z</time>
      </trkpt>
      <trkpt lat="49.413620" lon="10.321033">
        <ele>520.827339</ele>
        <time>2026-09-25T09:08:09.381Z</time>
      </trkpt>
      <trkpt lat="49.413728" lon="10.321084">
        <ele>520.590943</ele>
        <time>2026-09-25T09:08:11.380Z</time>
      </trkpt>
      <trkpt lat="49.413757" lon="10.321256">
        <ele>520.349072</ele>
        <time>2026-09-25T09:08:13.426Z</time>
      </trkpt>
      <trkpt lat="49.413702" lon="10.321404">
        <ele>520.117056</ele>
        <time>2026-09-25T09:08:15.400Z</time>
      </trkpt>
      <trkpt lat="49.413650" lon="10.321543">
        <ele>519.898790</ele>
        <time>2026-09-25T09:08:17.433Z</time>
      </trkpt>
      <trkpt lat="49.413601" lon="10.321664">
        <ele>519.704776</ele>
        <time>2026-09-25T09:08:19.414Z</time>
      </trkpt>
      <trkpt lat="49.413533" lon="10.321815">
        <ele>519.454787</ele>
        <time>2026-09-25T09:08:22.405Z</time>
      </trkpt>
      <trkpt lat="49.413481" lon="10.321948">
        <ele>519.243562</ele>
        <time>2026-09-25T09:08:25.398Z</time>
      </trkpt>
      <trkpt lat="49.413413" lon="10.322087">
        <ele>519.006822</ele>
        <time>2026-09-25T09:08:29.393Z</time>
      </trkpt>
      <trkpt lat="49.413358" lon="10.322234">
        <ele>518.775985</ele>
        <time>2026-09-25T09:08:33.384Z</time>
      </trkpt>
      <trkpt lat="49.413301" lon="10.322358">
        <ele>518.569306</ele>
        <time>2026-09-25T09:08:36.385Z</time>
      </trkpt>
      <trkpt lat="49.413248" lon="10.322492">
        <ele>518.355833</ele>
        <time>2026-09-25T09:08:39.385Z</time>
      </trkpt>
      <trkpt lat="49.413191" lon="10.322622">
        <ele>518.142431</ele>
        <time>2026-09-25T09:08:42.399Z</time>
      </trkpt>
      <trkpt lat="49.413130" lon="10.322749">
        <ele>517.927540</ele>
        <time>2026-09-25T09:08:45.384Z</time>
      </trkpt>
      <trkpt lat="49.413073" lon="10.322878">
        <ele>517.715265</ele>
        <time>2026-09-25T09:08:48.397Z</time>
      </trkpt>
      <trkpt lat="49.413010" lon="10.323009">
        <ele>517.485990</ele>
        <time>2026-09-25T09:08:51.386Z</time>
      </trkpt>
      <trkpt lat="49.412935" lon="10.323140">
        <ele>517.193316</ele>
        <time>2026-09-25T09:08:54.402Z</time>
      </trkpt>
      <trkpt lat="49.412859" lon="10.323271">
        <ele>516.898931</ele>
        <time>2026-09-25T09:08:57.405Z</time>
      </trkpt>
      <trkpt lat="49.412781" lon="10.323400">
        <ele>516.603556</ele>
        <time>2026-09-25T09:09:00.404Z</time>
      </trkpt>
      <trkpt lat="49.412705" lon="10.323528">
        <ele>516.312907</ele>
        <time>2026-09-25T09:09:03.383Z</time>
      </trkpt>
      <trkpt lat="49.412625" lon="10.323645">
        <ele>516.028227</ele>
        <time>2026-09-25T09:09:06.385Z</time>
      </trkpt>
      <trkpt lat="49.412546" lon="10.323766">
        <ele>515.740713</ele>
        <time>2026-09-25T09:09:09.388Z</time>
      </trkpt>
      <trkpt lat="49.412461" lon="10.323882">
        <ele>515.447677</ele>
        <time>2026-09-25T09:09:12.390Z</time>
      </trkpt>
      <trkpt lat="49.412383" lon="10.324021">
        <ele>515.139803</ele>
        <time>2026-09-25T09:09:15.382Z</time>
      </trkpt>
      <trkpt lat="49.412328" lon="10.324183">
        <ele>514.833319</ele>
        <time>2026-09-25T09:09:18.414Z</time>
      </trkpt>
      <trkpt lat="49.412331" lon="10.324378">
        <ele>514.506164</ele>
        <time>2026-09-25T09:09:21.419Z</time>
      </trkpt>
      <trkpt lat="49.412361" lon="10.324557">
        <ele>514.196135</ele>
        <time>2026-09-25T09:09:24.398Z</time>
      </trkpt>
      <trkpt lat="49.412400" lon="10.324724">
        <ele>513.898537</ele>
        <time>2026-09-25T09:09:27.389Z</time>
      </trkpt>
      <trkpt lat="49.412433" lon="10.324883">
        <ele>513.618614</ele>
        <time>2026-09-25T09:09:30.412Z</time>
      </trkpt>
      <trkpt lat="49.412462" lon="10.325040">
        <ele>513.344880</ele>
        <time>2026-09-25T09:09:33.393Z</time>
      </trkpt>
      <trkpt lat="49.412505" lon="10.325188">
        <ele>513.073020</ele>
        <time>2026-09-25T09:09:36.391Z</time>
      </trkpt>
      <trkpt lat="49.412558" lon="10.325329">
        <ele>512.849280</ele>
        <time>2026-09-25T09:09:39.397Z</time>
      </trkpt>
      <trkpt lat="49.412604" lon="10.325478">
        <ele>512.725867</ele>
        <time>2026-09-25T09:09:42.384Z</time>
      </trkpt>
      <trkpt lat="49.412661" lon="10.325624">
        <ele>512.598453</ele>
        <time>2026-09-25T09:09:45.441Z</time>
      </trkpt>
      <trkpt lat="49.412720" lon="10.325773">
        <ele>512.467929</ele>
        <time>2026-09-25T09:09:48.377Z</time>
      </trkpt>
      <trkpt lat="49.412765" lon="10.325933">
        <ele>512.337492</ele>
        <time>2026-09-25T09:09:51.373Z</time>
      </trkpt>
      <trkpt lat="49.412822" lon="10.326076">
        <ele>512.211998</ele>
        <time>2026-09-25T09:09:54.390Z</time>
      </trkpt>
      <trkpt lat="49.412863" lon="10.326210">
        <ele>512.101191</ele>
        <time>2026-09-25T09:09:58.387Z</time>
      </trkpt>
      <trkpt lat="49.412895" lon="10.326343">
        <ele>511.995079</ele>
        <time>2026-09-25T09:10:05.391Z</time>
      </trkpt>
      <trkpt lat="49.412794" lon="10.326436">
        <ele>511.859662</ele>
        <time>2026-09-25T09:10:11.392Z</time>
      </trkpt>
      <trkpt lat="49.412721" lon="10.326527">
        <ele>511.751557</ele>
        <time>2026-09-25T09:10:16.391Z</time>
      </trkpt>
      <trkpt lat="49.412620" lon="10.326581">
        <ele>511.628563</ele>
        <time>2026-09-25T09:10:23.395Z</time>
      </trkpt>
      <trkpt lat="49.412528" lon="10.326685">
        <ele>511.497211</ele>
        <time>2026-09-25T09:10:26.382Z</time>
      </trkpt>
      <trkpt lat="49.412427" lon="10.326773">
        <ele>511.363678</ele>
        <time>2026-09-25T09:10:29.390Z</time>
      </trkpt>
      <trkpt lat="49.412346" lon="10.326867">
        <ele>511.246942</ele>
        <time>2026-09-25T09:10:31.408Z</time>
      </trkpt>
      <trkpt lat="49.412253" lon="10.326958">
        <ele>511.120140</ele>
        <time>2026-09-25T09:10:34.352Z</time>
      </trkpt>
      <trkpt lat="49.412180" lon="10.327038">
        <ele>511.017021</ele>
        <time>2026-09-25T09:10:36.384Z</time>
      </trkpt>
      <trkpt lat="49.412092" lon="10.327178">
        <ele>510.871351</ele>
        <time>2026-09-25T09:10:39.391Z</time>
      </trkpt>
      <trkpt lat="49.412036" lon="10.327314">
        <ele>510.752857</ele>
        <time>2026-09-25T09:10:42.381Z</time>
      </trkpt>
      <trkpt lat="49.411999" lon="10.327462">
        <ele>510.637539</ele>
        <time>2026-09-25T09:10:45.384Z</time>
      </trkpt>
      <trkpt lat="49.411973" lon="10.327601">
        <ele>510.532345</ele>
        <time>2026-09-25T09:10:48.400Z</time>
      </trkpt>
      <trkpt lat="49.411956" lon="10.327773">
        <ele>510.405809</ele>
        <time>2026-09-25T09:10:52.389Z</time>
      </trkpt>
      <trkpt lat="49.412002" lon="10.327938">
        <ele>510.275247</ele>
        <time>2026-09-25T09:10:56.390Z</time>
      </trkpt>
      <trkpt lat="49.412033" lon="10.328076">
        <ele>510.169061</ele>
        <time>2026-09-25T09:10:59.376Z</time>
      </trkpt>
      <trkpt lat="49.412059" lon="10.328231">
        <ele>510.052639</ele>
        <time>2026-09-25T09:11:02.402Z</time>
      </trkpt>
      <trkpt lat="49.412081" lon="10.328378">
        <ele>509.942929</ele>
        <time>2026-09-25T09:11:05.397Z</time>
      </trkpt>
      <trkpt lat="49.412092" lon="10.328533">
        <ele>509.829525</ele>
        <time>2026-09-25T09:11:08.402Z</time>
      </trkpt>
      <trkpt lat="49.412100" lon="10.328687">
        <ele>509.717160</ele>
        <time>2026-09-25T09:11:11.377Z</time>
      </trkpt>
      <trkpt lat="49.412110" lon="10.328844">
        <ele>509.602424</ele>
        <time>2026-09-25T09:11:14.380Z</time>
      </trkpt>
      <trkpt lat="49.412109" lon="10.329004">
        <ele>509.486046</ele>
        <time>2026-09-25T09:11:17.412Z</time>
      </trkpt>
      <trkpt lat="49.412109" lon="10.329168">
        <ele>509.366764</ele>
        <time>2026-09-25T09:11:20.405Z</time>
      </trkpt>
      <trkpt lat="49.412109" lon="10.329328">
        <ele>509.250392</ele>
        <time>2026-09-25T09:11:23.398Z</time>
      </trkpt>
      <trkpt lat="49.412104" lon="10.329490">
        <ele>509.132432</ele>
        <time>2026-09-25T09:11:26.401Z</time>
      </trkpt>
      <trkpt lat="49.412100" lon="10.329663">
        <ele>509.006525</ele>
        <time>2026-09-25T09:11:29.395Z</time>
      </trkpt>
      <trkpt lat="49.412099" lon="10.329844">
        <ele>508.874874</ele>
        <time>2026-09-25T09:11:32.385Z</time>
      </trkpt>
      <trkpt lat="49.412102" lon="10.330015">
        <ele>508.807578</ele>
        <time>2026-09-25T09:11:35.399Z</time>
      </trkpt>
      <trkpt lat="49.412104" lon="10.330194">
        <ele>508.803120</ele>
        <time>2026-09-25T09:11:38.384Z</time>
      </trkpt>
      <trkpt lat="49.412101" lon="10.330374">
        <ele>508.798635</ele>
        <time>2026-09-25T09:11:41.386Z</time>
      </trkpt>
      <trkpt lat="49.412101" lon="10.330555">
        <ele>508.794128</ele>
        <time>2026-09-25T09:11:44.379Z</time>
      </trkpt>
      <trkpt lat="49.412099" lon="10.330737">
        <ele>508.789594</ele>
        <time>2026-09-25T09:11:47.396Z</time>
      </trkpt>
      <trkpt lat="49.412103" lon="10.330908">
        <ele>508.785333</ele>
        <time>2026-09-25T09:11:50.396Z</time>
      </trkpt>
      <trkpt lat="49.412112" lon="10.331081">
        <ele>508.781011</ele>
        <time>2026-09-25T09:11:53.392Z</time>
      </trkpt>
      <trkpt lat="49.412124" lon="10.331255">
        <ele>508.776653</ele>
        <time>2026-09-25T09:11:56.392Z</time>
      </trkpt>
      <trkpt lat="49.412135" lon="10.331434">
        <ele>508.772176</ele>
        <time>2026-09-25T09:11:59.398Z</time>
      </trkpt>
      <trkpt lat="49.412160" lon="10.331606">
        <ele>508.767786</ele>
        <time>2026-09-25T09:12:02.400Z</time>
      </trkpt>
      <trkpt lat="49.412187" lon="10.331770">
        <ele>508.763573</ele>
        <time>2026-09-25T09:12:05.399Z</time>
      </trkpt>
      <trkpt lat="49.412212" lon="10.331942">
        <ele>508.759184</ele>
        <time>2026-09-25T09:12:08.347Z</time>
      </trkpt>
      <trkpt lat="49.412247" lon="10.332109">
        <ele>508.754815</ele>
        <time>2026-09-25T09:12:11.402Z</time>
      </trkpt>
      <trkpt lat="49.412289" lon="10.332290">
        <ele>508.750029</ele>
        <time>2026-09-25T09:12:14.411Z</time>
      </trkpt>
      <trkpt lat="49.412284" lon="10.332476">
        <ele>508.745393</ele>
        <time>2026-09-25T09:12:17.392Z</time>
      </trkpt>
      <trkpt lat="49.412169" lon="10.332547">
        <ele>508.740232</ele>
        <time>2026-09-25T09:12:20.396Z</time>
      </trkpt>
      <trkpt lat="49.412046" lon="10.332556">
        <ele>508.716890</ele>
        <time>2026-09-25T09:12:23.394Z</time>
      </trkpt>
      <trkpt lat="49.411921" lon="10.332576">
        <ele>508.693068</ele>
        <time>2026-09-25T09:12:26.385Z</time>
      </trkpt>
      <trkpt lat="49.411806" lon="10.332593">
        <ele>508.671169</ele>
        <time>2026-09-25T09:12:29.403Z</time>
      </trkpt>
      <trkpt lat="49.411692" lon="10.332610">
        <ele>508.649458</ele>
        <time>2026-09-25T09:12:32.389Z</time>
      </trkpt>
      <trkpt lat="49.411578" lon="10.332637">
        <ele>508.627594</ele>
        <time>2026-09-25T09:12:35.386Z</time>
      </trkpt>
      <trkpt lat="49.411453" lon="10.332656">
        <ele>508.603784</ele>
        <time>2026-09-25T09:12:38.399Z</time>
      </trkpt>
      <trkpt lat="49.411324" lon="10.332677">
        <ele>508.579195</ele>
        <time>2026-09-25T09:12:41.387Z</time>
      </trkpt>
      <trkpt lat="49.411234" lon="10.332688">
        <ele>508.562081</ele>
        <time>2026-09-25T09:12:43.398Z</time>
      </trkpt>
      <trkpt lat="49.411143" lon="10.332699">
        <ele>508.544779</ele>
        <time>2026-09-25T09:12:45.406Z</time>
      </trkpt>
      <trkpt lat="49.411052" lon="10.332712">
        <ele>508.527455</ele>
        <time>2026-09-25T09:12:47.376Z</time>
      </trkpt>
      <trkpt lat="49.410962" lon="10.332718">
        <ele>508.510379</ele>
        <time>2026-09-25T09:12:49.404Z</time>
      </trkpt>
      <trkpt lat="49.410870" lon="10.332731">
        <ele>508.492867</ele>
        <time>2026-09-25T09:12:51.388Z</time>
      </trkpt>
      <trkpt lat="49.410772" lon="10.332748">
        <ele>508.474173</ele>
        <time>2026-09-25T09:12:53.378Z</time>
      </trkpt>
      <trkpt lat="49.410647" lon="10.332763">
        <ele>508.450406</ele>
        <time>2026-09-25T09:12:56.389Z</time>
      </trkpt>
      <trkpt lat="49.410555" lon="10.332781">
        <ele>508.432827</ele>
        <time>2026-09-25T09:12:58.384Z</time>
      </trkpt>
      <trkpt lat="49.410441" lon="10.332798">
        <ele>508.411116</ele>
        <time>2026-09-25T09:13:01.374Z</time>
      </trkpt>
      <trkpt lat="49.410337" lon="10.332820">
        <ele>508.519399</ele>
        <time>2026-09-25T09:13:03.392Z</time>
      </trkpt>
      <trkpt lat="49.410248" lon="10.332845">
        <ele>508.757897</ele>
        <time>2026-09-25T09:13:05.402Z</time>
      </trkpt>
      <trkpt lat="49.410137" lon="10.332858">
        <ele>509.051352</ele>
        <time>2026-09-25T09:13:08.404Z</time>
      </trkpt>
      <trkpt lat="49.409943" lon="10.332897">
        <ele>509.567111</ele>
        <time>2026-09-25T09:17:54.414Z</time>
      </trkpt>
      <trkpt lat="49.409825" lon="10.332913">
        <ele>509.879379</ele>
        <time>2026-09-25T09:17:58.389Z</time>
      </trkpt>
      <trkpt lat="49.409709" lon="10.332927">
        <ele>510.186107</ele>
        <time>2026-09-25T09:18:02.420Z</time>
      </trkpt>
      <trkpt lat="49.409610" lon="10.332939">
        <ele>510.447891</ele>
        <time>2026-09-25T09:18:05.383Z</time>
      </trkpt>
      <trkpt lat="49.409502" lon="10.332938">
        <ele>510.732595</ele>
        <time>2026-09-25T09:18:08.464Z</time>
      </trkpt>
      <trkpt lat="49.409398" lon="10.332949">
        <ele>511.007397</ele>
        <time>2026-09-25T09:18:11.402Z</time>
      </trkpt>
      <trkpt lat="49.409293" lon="10.332962">
        <ele>511.285084</ele>
        <time>2026-09-25T09:18:14.402Z</time>
      </trkpt>
      <trkpt lat="49.409195" lon="10.333008">
        <ele>511.555201</ele>
        <time>2026-09-25T09:18:17.400Z</time>
      </trkpt>
      <trkpt lat="49.409134" lon="10.333167">
        <ele>511.871793</ele>
        <time>2026-09-25T09:18:20.402Z</time>
      </trkpt>
      <trkpt lat="49.409083" lon="10.333346">
        <ele>512.206956</ele>
        <time>2026-09-25T09:18:23.409Z</time>
      </trkpt>
      <trkpt lat="49.409040" lon="10.333514">
        <ele>512.516601</ele>
        <time>2026-09-25T09:18:26.376Z</time>
      </trkpt>
      <trkpt lat="49.408991" lon="10.333684">
        <ele>512.835513</ele>
        <time>2026-09-25T09:18:29.372Z</time>
      </trkpt>
      <trkpt lat="49.408942" lon="10.333852">
        <ele>513.139759</ele>
        <time>2026-09-25T09:18:32.396Z</time>
      </trkpt>
      <trkpt lat="49.408898" lon="10.334013">
        <ele>513.096574</ele>
        <time>2026-09-25T09:18:35.397Z</time>
      </trkpt>
      <trkpt lat="49.408843" lon="10.334187">
        <ele>513.048734</ele>
        <time>2026-09-25T09:18:38.451Z</time>
      </trkpt>
      <trkpt lat="49.408788" lon="10.334364">
        <ele>513.000225</ele>
        <time>2026-09-25T09:18:41.387Z</time>
      </trkpt>
      <trkpt lat="49.408741" lon="10.334543">
        <ele>512.952489</ele>
        <time>2026-09-25T09:18:44.404Z</time>
      </trkpt>
      <trkpt lat="49.408690" lon="10.334719">
        <ele>512.904842</ele>
        <time>2026-09-25T09:18:47.394Z</time>
      </trkpt>
      <trkpt lat="49.408643" lon="10.334889">
        <ele>512.859163</ele>
        <time>2026-09-25T09:18:50.423Z</time>
      </trkpt>
      <trkpt lat="49.408599" lon="10.335054">
        <ele>512.815063</ele>
        <time>2026-09-25T09:18:53.384Z</time>
      </trkpt>
      <trkpt lat="49.408548" lon="10.335220">
        <ele>512.769664</ele>
        <time>2026-09-25T09:18:56.394Z</time>
      </trkpt>
      <trkpt lat="49.408491" lon="10.335394">
        <ele>512.721487</ele>
        <time>2026-09-25T09:18:59.407Z</time>
      </trkpt>
      <trkpt lat="49.408440" lon="10.335577">
        <ele>512.672253</ele>
        <time>2026-09-25T09:19:02.414Z</time>
      </trkpt>
      <trkpt lat="49.408397" lon="10.335738">
        <ele>512.629213</ele>
        <time>2026-09-25T09:19:05.394Z</time>
      </trkpt>
      <trkpt lat="49.408348" lon="10.335906">
        <ele>512.583682</ele>
        <time>2026-09-25T09:19:08.426Z</time>
      </trkpt>
      <trkpt lat="49.408293" lon="10.336081">
        <ele>512.535619</ele>
        <time>2026-09-25T09:19:11.400Z</time>
      </trkpt>
      <trkpt lat="49.408242" lon="10.336258">
        <ele>512.487746</ele>
        <time>2026-09-25T09:19:14.429Z</time>
      </trkpt>
      <trkpt lat="49.408195" lon="10.336429">
        <ele>512.405661</ele>
        <time>2026-09-25T09:19:17.402Z</time>
      </trkpt>
      <trkpt lat="49.408140" lon="10.336577">
        <ele>512.266625</ele>
        <time>2026-09-25T09:19:20.424Z</time>
      </trkpt>
      <trkpt lat="49.408049" lon="10.336695">
        <ele>512.117353</ele>
        <time>2026-09-25T09:19:23.413Z</time>
      </trkpt>
      <trkpt lat="49.407950" lon="10.336720">
        <ele>511.991570</ele>
        <time>2026-09-25T09:19:26.410Z</time>
      </trkpt>
      <trkpt lat="49.407843" lon="10.336736">
        <ele>511.856788</ele>
        <time>2026-09-25T09:19:29.411Z</time>
      </trkpt>
      <trkpt lat="49.407740" lon="10.336744">
        <ele>511.727490</ele>
        <time>2026-09-25T09:19:32.411Z</time>
      </trkpt>
      <trkpt lat="49.407622" lon="10.336763">
        <ele>511.578740</ele>
        <time>2026-09-25T09:19:35.392Z</time>
      </trkpt>
      <trkpt lat="49.407515" lon="10.336770">
        <ele>511.444471</ele>
        <time>2026-09-25T09:19:38.403Z</time>
      </trkpt>
      <trkpt lat="49.407400" lon="10.336775">
        <ele>511.300235</ele>
        <time>2026-09-25T09:19:41.427Z</time>
      </trkpt>
      <trkpt lat="49.407281" lon="10.336782">
        <ele>511.150932</ele>
        <time>2026-09-25T09:19:44.386Z</time>
      </trkpt>
      <trkpt lat="49.407168" lon="10.336790">
        <ele>511.009111</ele>
        <time>2026-09-25T09:19:47.385Z</time>
      </trkpt>
      <trkpt lat="49.407066" lon="10.336830">
        <ele>510.877134</ele>
        <time>2026-09-25T09:19:50.408Z</time>
      </trkpt>
      <trkpt lat="49.407018" lon="10.336959">
        <ele>510.755907</ele>
        <time>2026-09-25T09:19:53.393Z</time>
      </trkpt>
      <trkpt lat="49.407038" lon="10.337102">
        <ele>510.636587</ele>
        <time>2026-09-25T09:19:56.398Z</time>
      </trkpt>
      <trkpt lat="49.407073" lon="10.337254">
        <ele>510.505054</ele>
        <time>2026-09-25T09:19:59.377Z</time>
      </trkpt>
      <trkpt lat="49.407109" lon="10.337407">
        <ele>510.372331</ele>
        <time>2026-09-25T09:20:02.380Z</time>
      </trkpt>
      <trkpt lat="49.407152" lon="10.337564">
        <ele>510.233371</ele>
        <time>2026-09-25T09:20:05.387Z</time>
      </trkpt>
      <trkpt lat="49.407187" lon="10.337734">
        <ele>510.275054</ele>
        <time>2026-09-25T09:20:08.381Z</time>
      </trkpt>
      <trkpt lat="49.407220" lon="10.337899">
        <ele>510.364068</ele>
        <time>2026-09-25T09:20:11.420Z</time>
      </trkpt>
      <trkpt lat="49.407238" lon="10.338070">
        <ele>510.453393</ele>
        <time>2026-09-25T09:20:14.414Z</time>
      </trkpt>
      <trkpt lat="49.407235" lon="10.338255">
        <ele>510.548821</ele>
        <time>2026-09-25T09:20:17.398Z</time>
      </trkpt>
      <trkpt lat="49.407212" lon="10.338424">
        <ele>510.637854</ele>
        <time>2026-09-25T09:20:20.404Z</time>
      </trkpt>
      <trkpt lat="49.407177" lon="10.338595">
        <ele>510.730292</ele>
        <time>2026-09-25T09:20:23.382Z</time>
      </trkpt>
      <trkpt lat="49.407137" lon="10.338751">
        <ele>510.816757</ele>
        <time>2026-09-25T09:20:26.408Z</time>
      </trkpt>
      <trkpt lat="49.407093" lon="10.338909">
        <ele>510.905381</ele>
        <time>2026-09-25T09:20:29.411Z</time>
      </trkpt>
      <trkpt lat="49.407059" lon="10.339072">
        <ele>510.993648</ele>
        <time>2026-09-25T09:20:32.394Z</time>
      </trkpt>
      <trkpt lat="49.407018" lon="10.339226">
        <ele>511.079451</ele>
        <time>2026-09-25T09:20:35.400Z</time>
      </trkpt>
      <trkpt lat="49.406978" lon="10.339390">
        <ele>511.169766</ele>
        <time>2026-09-25T09:20:38.396Z</time>
      </trkpt>
      <trkpt lat="49.406936" lon="10.339542">
        <ele>511.254923</ele>
        <time>2026-09-25T09:20:41.429Z</time>
      </trkpt>
      <trkpt lat="49.406896" lon="10.339713">
        <ele>511.348627</ele>
        <time>2026-09-25T09:20:44.406Z</time>
      </trkpt>
      <trkpt lat="49.406859" lon="10.339873">
        <ele>511.436190</ele>
        <time>2026-09-25T09:20:47.413Z</time>
      </trkpt>
      <trkpt lat="49.406812" lon="10.340037">
        <ele>511.528599</ele>
        <time>2026-09-25T09:20:50.402Z</time>
      </trkpt>
      <trkpt lat="49.406751" lon="10.340186">
        <ele>511.619377</ele>
        <time>2026-09-25T09:20:53.398Z</time>
      </trkpt>
      <trkpt lat="49.406654" lon="10.340305">
        <ele>511.646218</ele>
        <time>2026-09-25T09:20:56.403Z</time>
      </trkpt>
      <trkpt lat="49.406544" lon="10.340385">
        <ele>511.665790</ele>
        <time>2026-09-25T09:20:59.413Z</time>
      </trkpt>
      <trkpt lat="49.406429" lon="10.340462">
        <ele>511.685965</ele>
        <time>2026-09-25T09:21:02.450Z</time>
      </trkpt>
      <trkpt lat="49.406327" lon="10.340526">
        <ele>511.703685</ele>
        <time>2026-09-25T09:21:05.374Z</time>
      </trkpt>
      <trkpt lat="49.406217" lon="10.340597">
        <ele>511.722874</ele>
        <time>2026-09-25T09:21:08.381Z</time>
      </trkpt>
      <trkpt lat="49.406113" lon="10.340669">
        <ele>511.741220</ele>
        <time>2026-09-25T09:21:11.374Z</time>
      </trkpt>
      <trkpt lat="49.406015" lon="10.340740">
        <ele>511.758645</ele>
        <time>2026-09-25T09:21:14.382Z</time>
      </trkpt>
      <trkpt lat="49.405910" lon="10.340815">
        <ele>511.777267</ele>
        <time>2026-09-25T09:21:17.381Z</time>
      </trkpt>
      <trkpt lat="49.405801" lon="10.340889">
        <ele>511.796433</ele>
        <time>2026-09-25T09:21:20.404Z</time>
      </trkpt>
      <trkpt lat="49.405693" lon="10.340955">
        <ele>511.815126</ele>
        <time>2026-09-25T09:21:23.388Z</time>
      </trkpt>
      <trkpt lat="49.405591" lon="10.341023">
        <ele>511.833008</ele>
        <time>2026-09-25T09:21:26.382Z</time>
      </trkpt>
      <trkpt lat="49.405487" lon="10.341091">
        <ele>511.851186</ele>
        <time>2026-09-25T09:21:29.374Z</time>
      </trkpt>
      <trkpt lat="49.405396" lon="10.341151">
        <ele>511.867112</ele>
        <time>2026-09-25T09:21:32.392Z</time>
      </trkpt>
      <trkpt lat="49.405311" lon="10.341223">
        <ele>511.882722</ele>
        <time>2026-09-25T09:21:35.352Z</time>
      </trkpt>
      <trkpt lat="49.405226" lon="10.341352">
        <ele>511.901935</ele>
        <time>2026-09-25T09:21:39.410Z</time>
      </trkpt>
      <trkpt lat="49.405180" lon="10.341480">
        <ele>511.917238</ele>
        <time>2026-09-25T09:21:42.384Z</time>
      </trkpt>
      <trkpt lat="49.405140" lon="10.341623">
        <ele>511.875880</ele>
        <time>2026-09-25T09:21:45.412Z</time>
      </trkpt>
      <trkpt lat="49.405094" lon="10.341789">
        <ele>511.827725</ele>
        <time>2026-09-25T09:21:48.399Z</time>
      </trkpt>
      <trkpt lat="49.405050" lon="10.341947">
        <ele>511.781856</ele>
        <time>2026-09-25T09:21:51.413Z</time>
      </trkpt>
      <trkpt lat="49.405018" lon="10.342097">
        <ele>511.739725</ele>
        <time>2026-09-25T09:21:54.402Z</time>
      </trkpt>
      <trkpt lat="49.404989" lon="10.342254">
        <ele>511.696167</ele>
        <time>2026-09-25T09:21:57.400Z</time>
      </trkpt>
      <trkpt lat="49.404954" lon="10.342419">
        <ele>511.649848</ele>
        <time>2026-09-25T09:22:00.398Z</time>
      </trkpt>
      <trkpt lat="49.404917" lon="10.342582">
        <ele>511.603773</ele>
        <time>2026-09-25T09:22:03.439Z</time>
      </trkpt>
      <trkpt lat="49.404880" lon="10.342752">
        <ele>511.555930</ele>
        <time>2026-09-25T09:22:06.388Z</time>
      </trkpt>
      <trkpt lat="49.404842" lon="10.342919">
        <ele>511.508711</ele>
        <time>2026-09-25T09:22:09.390Z</time>
      </trkpt>
      <trkpt lat="49.404807" lon="10.343085">
        <ele>511.462138</ele>
        <time>2026-09-25T09:22:12.397Z</time>
      </trkpt>
      <trkpt lat="49.404779" lon="10.343254">
        <ele>511.415594</ele>
        <time>2026-09-25T09:22:15.384Z</time>
      </trkpt>
      <trkpt lat="49.404747" lon="10.343423">
        <ele>511.368617</ele>
        <time>2026-09-25T09:22:18.395Z</time>
      </trkpt>
      <trkpt lat="49.404707" lon="10.343587">
        <ele>511.321872</ele>
        <time>2026-09-25T09:22:21.400Z</time>
      </trkpt>
      <trkpt lat="49.404671" lon="10.343745">
        <ele>511.277192</ele>
        <time>2026-09-25T09:22:24.402Z</time>
      </trkpt>
      <trkpt lat="49.404636" lon="10.343909">
        <ele>511.231126</ele>
        <time>2026-09-25T09:22:27.386Z</time>
      </trkpt>
      <trkpt lat="49.404598" lon="10.344072">
        <ele>511.184914</ele>
        <time>2026-09-25T09:22:30.410Z</time>
      </trkpt>
      <trkpt lat="49.404560" lon="10.344241">
        <ele>511.159325</ele>
        <time>2026-09-25T09:22:33.384Z</time>
      </trkpt>
      <trkpt lat="49.404515" lon="10.344391">
        <ele>511.138273</ele>
        <time>2026-09-25T09:22:36.404Z</time>
      </trkpt>
      <trkpt lat="49.404458" lon="10.344533">
        <ele>511.117009</ele>
        <time>2026-09-25T09:22:39.353Z</time>
      </trkpt>
      <trkpt lat="49.404387" lon="10.344678">
        <ele>511.093880</ele>
        <time>2026-09-25T09:22:42.398Z</time>
      </trkpt>
      <trkpt lat="49.404315" lon="10.344811">
        <ele>511.071830</ele>
        <time>2026-09-25T09:22:45.383Z</time>
      </trkpt>
      <trkpt lat="49.404240" lon="10.344937">
        <ele>511.050066</ele>
        <time>2026-09-25T09:22:48.386Z</time>
      </trkpt>
      <trkpt lat="49.404164" lon="10.345073">
        <ele>511.027218</ele>
        <time>2026-09-25T09:22:51.377Z</time>
      </trkpt>
      <trkpt lat="49.404083" lon="10.345216">
        <ele>511.003055</ele>
        <time>2026-09-25T09:22:54.392Z</time>
      </trkpt>
      <trkpt lat="49.404005" lon="10.345334">
        <ele>510.981617</ele>
        <time>2026-09-25T09:22:57.384Z</time>
      </trkpt>
      <trkpt lat="49.403932" lon="10.345462">
        <ele>510.959924</ele>
        <time>2026-09-25T09:23:00.369Z</time>
      </trkpt>
      <trkpt lat="49.403868" lon="10.345586">
        <ele>510.939753</ele>
        <time>2026-09-25T09:23:03.383Z</time>
      </trkpt>
      <trkpt lat="49.403804" lon="10.345702">
        <ele>510.920369</ele>
        <time>2026-09-25T09:23:06.395Z</time>
      </trkpt>
      <trkpt lat="49.403735" lon="10.345822">
        <ele>510.899959</ele>
        <time>2026-09-25T09:23:09.381Z</time>
      </trkpt>
      <trkpt lat="49.403667" lon="10.345945">
        <ele>510.879389</ele>
        <time>2026-09-25T09:23:12.377Z</time>
      </trkpt>
      <trkpt lat="49.403591" lon="10.346078">
        <ele>510.856830</ele>
        <time>2026-09-25T09:23:15.414Z</time>
      </trkpt>
      <trkpt lat="49.403527" lon="10.346186">
        <ele>510.838212</ele>
        <time>2026-09-25T09:23:18.385Z</time>
      </trkpt>
      <trkpt lat="49.403454" lon="10.346307">
        <ele>510.827024</ele>
        <time>2026-09-25T09:23:21.397Z</time>
      </trkpt>
      <trkpt lat="49.403377" lon="10.346440">
        <ele>510.826479</ele>
        <time>2026-09-25T09:23:24.383Z</time>
      </trkpt>
      <trkpt lat="49.403304" lon="10.346571">
        <ele>510.825951</ele>
        <time>2026-09-25T09:23:27.397Z</time>
      </trkpt>
      <trkpt lat="49.403231" lon="10.346702">
        <ele>510.825423</ele>
        <time>2026-09-25T09:23:30.379Z</time>
      </trkpt>
      <trkpt lat="49.403157" lon="10.346817">
        <ele>510.824927</ele>
        <time>2026-09-25T09:23:33.391Z</time>
      </trkpt>
      <trkpt lat="49.403077" lon="10.346936">
        <ele>510.824404</ele>
        <time>2026-09-25T09:23:36.388Z</time>
      </trkpt>
      <trkpt lat="49.402991" lon="10.347056">
        <ele>510.823857</ele>
        <time>2026-09-25T09:23:39.389Z</time>
      </trkpt>
      <trkpt lat="49.402879" lon="10.347163">
        <ele>510.823237</ele>
        <time>2026-09-25T09:23:42.386Z</time>
      </trkpt>
      <trkpt lat="49.402795" lon="10.347231">
        <ele>510.822790</ele>
        <time>2026-09-25T09:23:44.399Z</time>
      </trkpt>
      <trkpt lat="49.402687" lon="10.347278">
        <ele>510.822262</ele>
        <time>2026-09-25T09:23:47.391Z</time>
      </trkpt>
      <trkpt lat="49.402583" lon="10.347296">
        <ele>510.821769</ele>
        <time>2026-09-25T09:23:50.388Z</time>
      </trkpt>
      <trkpt lat="49.402464" lon="10.347317">
        <ele>510.821206</ele>
        <time>2026-09-25T09:23:53.391Z</time>
      </trkpt>
      <trkpt lat="49.402350" lon="10.347341">
        <ele>510.820665</ele>
        <time>2026-09-25T09:23:56.391Z</time>
      </trkpt>
      <trkpt lat="49.402231" lon="10.347360">
        <ele>510.820102</ele>
        <time>2026-09-25T09:23:59.381Z</time>
      </trkpt>
      <trkpt lat="49.402123" lon="10.347388">
        <ele>510.819586</ele>
        <time>2026-09-25T09:24:02.391Z</time>
      </trkpt>
      <trkpt lat="49.402013" lon="10.347426">
        <ele>510.819056</ele>
        <time>2026-09-25T09:24:05.382Z</time>
      </trkpt>
      <trkpt lat="49.401903" lon="10.347457">
        <ele>510.762707</ele>
        <time>2026-09-25T09:24:08.395Z</time>
      </trkpt>
      <trkpt lat="49.401786" lon="10.347488">
        <ele>510.648292</ele>
        <time>2026-09-25T09:24:11.376Z</time>
      </trkpt>
      <trkpt lat="49.401669" lon="10.347515">
        <ele>510.534276</ele>
        <time>2026-09-25T09:24:14.376Z</time>
      </trkpt>
      <trkpt lat="49.401552" lon="10.347534">
        <ele>510.420897</ele>
        <time>2026-09-25T09:24:17.381Z</time>
      </trkpt>
      <trkpt lat="49.401455" lon="10.347610">
        <ele>510.315970</ele>
        <time>2026-09-25T09:24:20.384Z</time>
      </trkpt>
      <trkpt lat="49.401434" lon="10.347769">
        <ele>510.214224</ele>
        <time>2026-09-25T09:24:23.395Z</time>
      </trkpt>
      <trkpt lat="49.401457" lon="10.347946">
        <ele>510.101032</ele>
        <time>2026-09-25T09:24:26.408Z</time>
      </trkpt>
      <trkpt lat="49.401472" lon="10.348120">
        <ele>509.990959</ele>
        <time>2026-09-25T09:24:29.379Z</time>
      </trkpt>
      <trkpt lat="49.401485" lon="10.348289">
        <ele>509.884237</ele>
        <time>2026-09-25T09:24:32.385Z</time>
      </trkpt>
      <trkpt lat="49.401488" lon="10.348476">
        <ele>509.766929</ele>
        <time>2026-09-25T09:24:35.383Z</time>
      </trkpt>
      <trkpt lat="49.401495" lon="10.348664">
        <ele>509.648837</ele>
        <time>2026-09-25T09:24:38.395Z</time>
      </trkpt>
      <trkpt lat="49.401501" lon="10.348833">
        <ele>509.542695</ele>
        <time>2026-09-25T09:24:41.378Z</time>
      </trkpt>
      <trkpt lat="49.401507" lon="10.349002">
        <ele>509.436554</ele>
        <time>2026-09-25T09:24:44.379Z</time>
      </trkpt>
      <trkpt lat="49.401401" lon="10.349004">
        <ele>509.334395</ele>
        <time>2026-09-25T09:24:48.385Z</time>
      </trkpt>
      <trkpt lat="49.401344" lon="10.348872">
        <ele>509.235048</ele>
        <time>2026-09-25T09:24:51.379Z</time>
      </trkpt>
      <trkpt lat="49.401285" lon="10.348742">
        <ele>509.135653</ele>
        <time>2026-09-25T09:24:54.391Z</time>
      </trkpt>
      <trkpt lat="49.401218" lon="10.348618">
        <ele>509.064048</ele>
        <time>2026-09-25T09:24:57.402Z</time>
      </trkpt>
      <trkpt lat="49.401136" lon="10.348501">
        <ele>509.018652</ele>
        <time>2026-09-25T09:25:00.388Z</time>
      </trkpt>
      <trkpt lat="49.401046" lon="10.348398">
        <ele>508.973126</ele>
        <time>2026-09-25T09:25:03.400Z</time>
      </trkpt>
      <trkpt lat="49.400936" lon="10.348295">
        <ele>508.920867</ele>
        <time>2026-09-25T09:25:06.362Z</time>
      </trkpt>
      <trkpt lat="49.400828" lon="10.348219">
        <ele>508.872676</ele>
        <time>2026-09-25T09:25:09.373Z</time>
      </trkpt>
      <trkpt lat="49.400724" lon="10.348149">
        <ele>508.826614</ele>
        <time>2026-09-25T09:25:12.392Z</time>
      </trkpt>
      <trkpt lat="49.400623" lon="10.348072">
        <ele>508.780874</ele>
        <time>2026-09-25T09:25:15.378Z</time>
      </trkpt>
      <trkpt lat="49.400518" lon="10.347991">
        <ele>508.733209</ele>
        <time>2026-09-25T09:25:18.396Z</time>
      </trkpt>
      <trkpt lat="49.400407" lon="10.347930">
        <ele>508.685384</ele>
        <time>2026-09-25T09:25:21.382Z</time>
      </trkpt>
      <trkpt lat="49.400303" lon="10.347940">
        <ele>508.643109</ele>
        <time>2026-09-25T09:25:24.386Z</time>
      </trkpt>
      <trkpt lat="49.400230" lon="10.348076">
        <ele>508.596566</ele>
        <time>2026-09-25T09:25:27.397Z</time>
      </trkpt>
      <trkpt lat="49.400185" lon="10.348228">
        <ele>508.552478</ele>
        <time>2026-09-25T09:25:30.377Z</time>
      </trkpt>
      <trkpt lat="49.400142" lon="10.348356">
        <ele>508.514447</ele>
        <time>2026-09-25T09:25:33.379Z</time>
      </trkpt>
      <trkpt lat="49.400091" lon="10.348512">
        <ele>508.468356</ele>
        <time>2026-09-25T09:25:36.385Z</time>
      </trkpt>
      <trkpt lat="49.400040" lon="10.348672">
        <ele>508.421319</ele>
        <time>2026-09-25T09:25:39.400Z</time>
      </trkpt>
      <trkpt lat="49.400007" lon="10.348802">
        <ele>508.384478</ele>
        <time>2026-09-25T09:25:41.404Z</time>
      </trkpt>
      <trkpt lat="49.399969" lon="10.348946">
        <ele>508.414122</ele>
        <time>2026-09-25T09:25:44.385Z</time>
      </trkpt>
      <trkpt lat="49.399925" lon="10.349098">
        <ele>508.622084</ele>
        <time>2026-09-25T09:25:47.394Z</time>
      </trkpt>
      <trkpt lat="49.399884" lon="10.349262">
        <ele>508.841704</ele>
        <time>2026-09-25T09:25:50.382Z</time>
      </trkpt>
      <trkpt lat="49.399828" lon="10.349420">
        <ele>509.066610</ele>
        <time>2026-09-25T09:25:53.380Z</time>
      </trkpt>
      <trkpt lat="49.399781" lon="10.349579">
        <ele>509.284916</ele>
        <time>2026-09-25T09:25:56.400Z</time>
      </trkpt>
      <trkpt lat="49.399733" lon="10.349745">
        <ele>509.511992</ele>
        <time>2026-09-25T09:25:59.388Z</time>
      </trkpt>
      <trkpt lat="49.399681" lon="10.349915">
        <ele>509.746810</ele>
        <time>2026-09-25T09:26:02.367Z</time>
      </trkpt>
      <trkpt lat="49.399631" lon="10.350076">
        <ele>509.969817</ele>
        <time>2026-09-25T09:26:05.385Z</time>
      </trkpt>
      <trkpt lat="49.399574" lon="10.350246">
        <ele>510.208879</ele>
        <time>2026-09-25T09:26:08.379Z</time>
      </trkpt>
      <trkpt lat="49.399521" lon="10.350416">
        <ele>510.444522</ele>
        <time>2026-09-25T09:26:11.379Z</time>
      </trkpt>
      <trkpt lat="49.399465" lon="10.350591">
        <ele>510.688304</ele>
        <time>2026-09-25T09:26:14.381Z</time>
      </trkpt>
      <trkpt lat="49.399415" lon="10.350765">
        <ele>510.926081</ele>
        <time>2026-09-25T09:26:17.375Z</time>
      </trkpt>
      <trkpt lat="49.399360" lon="10.350931">
        <ele>511.158942</ele>
        <time>2026-09-25T09:26:20.381Z</time>
      </trkpt>
      <trkpt lat="49.399301" lon="10.351108">
        <ele>511.407545</ele>
        <time>2026-09-25T09:26:23.394Z</time>
      </trkpt>
      <trkpt lat="49.399253" lon="10.351282">
        <ele>511.643797</ele>
        <time>2026-09-25T09:26:26.363Z</time>
      </trkpt>
      <trkpt lat="49.399203" lon="10.351460">
        <ele>511.784827</ele>
        <time>2026-09-25T09:26:29.381Z</time>
      </trkpt>
      <trkpt lat="49.399155" lon="10.351622">
        <ele>511.708130</ele>
        <time>2026-09-25T09:26:32.410Z</time>
      </trkpt>
      <trkpt lat="49.399098" lon="10.351802">
        <ele>511.621876</ele>
        <time>2026-09-25T09:26:35.399Z</time>
      </trkpt>
      <trkpt lat="49.399038" lon="10.351976">
        <ele>511.537028</ele>
        <time>2026-09-25T09:26:38.388Z</time>
      </trkpt>
      <trkpt lat="49.398981" lon="10.352147">
        <ele>511.454244</ele>
        <time>2026-09-25T09:26:41.381Z</time>
      </trkpt>
      <trkpt lat="49.398933" lon="10.352320">
        <ele>511.373210</ele>
        <time>2026-09-25T09:26:44.394Z</time>
      </trkpt>
      <trkpt lat="49.398884" lon="10.352493">
        <ele>511.291913</ele>
        <time>2026-09-25T09:26:47.384Z</time>
      </trkpt>
      <trkpt lat="49.398828" lon="10.352662">
        <ele>511.210197</ele>
        <time>2026-09-25T09:26:50.396Z</time>
      </trkpt>
      <trkpt lat="49.398787" lon="10.352786">
        <ele>511.150267</ele>
        <time>2026-09-25T09:26:52.389Z</time>
      </trkpt>
      <trkpt lat="49.398742" lon="10.352948">
        <ele>511.074371</ele>
        <time>2026-09-25T09:26:55.394Z</time>
      </trkpt>
      <trkpt lat="49.398692" lon="10.353118">
        <ele>510.993987</ele>
        <time>2026-09-25T09:26:58.402Z</time>
      </trkpt>
      <trkpt lat="49.398647" lon="10.353284">
        <ele>510.916503</ele>
        <time>2026-09-25T09:27:01.388Z</time>
      </trkpt>
      <trkpt lat="49.398607" lon="10.353450">
        <ele>510.840230</ele>
        <time>2026-09-25T09:27:04.394Z</time>
      </trkpt>
      <trkpt lat="49.398572" lon="10.353619">
        <ele>510.763812</ele>
        <time>2026-09-25T09:27:07.403Z</time>
      </trkpt>
      <trkpt lat="49.398535" lon="10.353788">
        <ele>510.686981</ele>
        <time>2026-09-25T09:27:10.381Z</time>
      </trkpt>
      <trkpt lat="49.398498" lon="10.353955">
        <ele>510.606594</ele>
        <time>2026-09-25T09:27:13.392Z</time>
      </trkpt>
      <trkpt lat="49.398457" lon="10.354126">
        <ele>510.489739</ele>
        <time>2026-09-25T09:27:16.382Z</time>
      </trkpt>
      <trkpt lat="49.398420" lon="10.354303">
        <ele>510.370529</ele>
        <time>2026-09-25T09:27:19.396Z</time>
      </trkpt>
      <trkpt lat="49.398383" lon="10.354467">
        <ele>510.259227</ele>
        <time>2026-09-25T09:27:22.382Z</time>
      </trkpt>
      <trkpt lat="49.398356" lon="10.354601">
        <ele>510.169278</ele>
        <time>2026-09-25T09:27:25.391Z</time>
      </trkpt>
      <trkpt lat="49.398317" lon="10.354755">
        <ele>510.063315</ele>
        <time>2026-09-25T09:27:28.424Z</time>
      </trkpt>
      <trkpt lat="49.398276" lon="10.354929">
        <ele>509.944653</ele>
        <time>2026-09-25T09:27:31.393Z</time>
      </trkpt>
      <trkpt lat="49.398240" lon="10.355100">
        <ele>509.829407</ele>
        <time>2026-09-25T09:27:34.400Z</time>
      </trkpt>
      <trkpt lat="49.398207" lon="10.355260">
        <ele>509.721781</ele>
        <time>2026-09-25T09:27:37.383Z</time>
      </trkpt>
      <trkpt lat="49.398169" lon="10.355433">
        <ele>509.604699</ele>
        <time>2026-09-25T09:27:40.412Z</time>
      </trkpt>
      <trkpt lat="49.398129" lon="10.355607">
        <ele>509.486368</ele>
        <time>2026-09-25T09:27:43.395Z</time>
      </trkpt>
      <trkpt lat="49.398091" lon="10.355792">
        <ele>509.361971</ele>
        <time>2026-09-25T09:27:46.402Z</time>
      </trkpt>
      <trkpt lat="49.398059" lon="10.355971">
        <ele>509.242938</ele>
        <time>2026-09-25T09:27:49.367Z</time>
      </trkpt>
      <trkpt lat="49.398033" lon="10.356148">
        <ele>509.126584</ele>
        <time>2026-09-25T09:27:52.390Z</time>
      </trkpt>
      <trkpt lat="49.398005" lon="10.356339">
        <ele>509.001039</ele>
        <time>2026-09-25T09:27:55.393Z</time>
      </trkpt>
      <trkpt lat="49.397977" lon="10.356516">
        <ele>508.884235</ele>
        <time>2026-09-25T09:27:58.423Z</time>
      </trkpt>
      <trkpt lat="49.397949" lon="10.356701">
        <ele>508.697947</ele>
        <time>2026-09-25T09:28:01.397Z</time>
      </trkpt>
      <trkpt lat="49.397923" lon="10.356878">
        <ele>508.493594</ele>
        <time>2026-09-25T09:28:04.394Z</time>
      </trkpt>
      <trkpt lat="49.397896" lon="10.357061">
        <ele>508.282269</ele>
        <time>2026-09-25T09:28:07.400Z</time>
      </trkpt>
      <trkpt lat="49.397865" lon="10.357236">
        <ele>508.078012</ele>
        <time>2026-09-25T09:28:10.393Z</time>
      </trkpt>
      <trkpt lat="49.397837" lon="10.357414">
        <ele>507.871775</ele>
        <time>2026-09-25T09:28:13.386Z</time>
      </trkpt>
      <trkpt lat="49.397808" lon="10.357593">
        <ele>507.664032</ele>
        <time>2026-09-25T09:28:16.379Z</time>
      </trkpt>
      <trkpt lat="49.397777" lon="10.357775">
        <ele>507.452158</ele>
        <time>2026-09-25T09:28:19.406Z</time>
      </trkpt>
      <trkpt lat="49.397747" lon="10.357961">
        <ele>507.236346</ele>
        <time>2026-09-25T09:28:22.410Z</time>
      </trkpt>
      <trkpt lat="49.397722" lon="10.358152">
        <ele>507.016933</ele>
        <time>2026-09-25T09:28:25.390Z</time>
      </trkpt>
      <trkpt lat="49.397692" lon="10.358338">
        <ele>506.801121</ele>
        <time>2026-09-25T09:28:28.390Z</time>
      </trkpt>
      <trkpt lat="49.397664" lon="10.358529">
        <ele>506.580625</ele>
        <time>2026-09-25T09:28:31.403Z</time>
      </trkpt>
      <trkpt lat="49.397634" lon="10.358707">
        <ele>506.373546</ele>
        <time>2026-09-25T09:28:34.385Z</time>
      </trkpt>
      <trkpt lat="49.397605" lon="10.358891">
        <ele>506.160333</ele>
        <time>2026-09-25T09:28:37.372Z</time>
      </trkpt>
      <trkpt lat="49.397582" lon="10.359064">
        <ele>505.961475</ele>
        <time>2026-09-25T09:28:40.388Z</time>
      </trkpt>
      <trkpt lat="49.397548" lon="10.359248">
        <ele>505.746061</ele>
        <time>2026-09-25T09:28:43.388Z</time>
      </trkpt>
      <trkpt lat="49.397520" lon="10.359428">
        <ele>505.981755</ele>
        <time>2026-09-25T09:28:46.391Z</time>
      </trkpt>
      <trkpt lat="49.397497" lon="10.359602">
        <ele>506.231330</ele>
        <time>2026-09-25T09:28:49.403Z</time>
      </trkpt>
      <trkpt lat="49.397470" lon="10.359783">
        <ele>506.492348</ele>
        <time>2026-09-25T09:28:52.384Z</time>
      </trkpt>
      <trkpt lat="49.397437" lon="10.359976">
        <ele>506.772843</ele>
        <time>2026-09-25T09:28:55.392Z</time>
      </trkpt>
      <trkpt lat="49.397408" lon="10.360159">
        <ele>507.037591</ele>
        <time>2026-09-25T09:28:58.389Z</time>
      </trkpt>
      <trkpt lat="49.397368" lon="10.360339">
        <ele>507.304950</ele>
        <time>2026-09-25T09:29:01.388Z</time>
      </trkpt>
      <trkpt lat="49.397301" lon="10.360504">
        <ele>507.578323</ele>
        <time>2026-09-25T09:29:04.392Z</time>
      </trkpt>
      <trkpt lat="49.397213" lon="10.360649">
        <ele>507.857011</ele>
        <time>2026-09-25T09:29:07.406Z</time>
      </trkpt>
      <trkpt lat="49.397105" lon="10.360767">
        <ele>508.143233</ele>
        <time>2026-09-25T09:29:10.397Z</time>
      </trkpt>
      <trkpt lat="49.396993" lon="10.360855">
        <ele>508.414927</ele>
        <time>2026-09-25T09:29:13.412Z</time>
      </trkpt>
      <trkpt lat="49.396883" lon="10.360937">
        <ele>508.678994</ele>
        <time>2026-09-25T09:29:16.388Z</time>
      </trkpt>
      <trkpt lat="49.396774" lon="10.361011">
        <ele>508.936372</ele>
        <time>2026-09-25T09:29:19.401Z</time>
      </trkpt>
      <trkpt lat="49.396666" lon="10.361101">
        <ele>509.201732</ele>
        <time>2026-09-25T09:29:22.383Z</time>
      </trkpt>
      <trkpt lat="49.396587" lon="10.361178">
        <ele>509.403793</ele>
        <time>2026-09-25T09:29:24.386Z</time>
      </trkpt>
      <trkpt lat="49.396467" lon="10.361279">
        <ele>509.782387</ele>
        <time>2026-09-25T09:29:27.400Z</time>
      </trkpt>
      <trkpt lat="49.396360" lon="10.361377">
        <ele>510.333121</ele>
        <time>2026-09-25T09:29:30.387Z</time>
      </trkpt>
      <trkpt lat="49.396240" lon="10.361475">
        <ele>510.933947</ele>
        <time>2026-09-25T09:29:33.409Z</time>
      </trkpt>
      <trkpt lat="49.396132" lon="10.361555">
        <ele>511.464027</ele>
        <time>2026-09-25T09:29:36.383Z</time>
      </trkpt>
      <trkpt lat="49.396021" lon="10.361636">
        <ele>512.007313</ele>
        <time>2026-09-25T09:29:39.404Z</time>
      </trkpt>
      <trkpt lat="49.395902" lon="10.361728">
        <ele>512.596280</ele>
        <time>2026-09-25T09:29:42.397Z</time>
      </trkpt>
      <trkpt lat="49.395792" lon="10.361822">
        <ele>513.152766</ele>
        <time>2026-09-25T09:29:45.389Z</time>
      </trkpt>
      <trkpt lat="49.395697" lon="10.361896">
        <ele>513.623670</ele>
        <time>2026-09-25T09:29:48.380Z</time>
      </trkpt>
      <trkpt lat="49.395596" lon="10.361976">
        <ele>514.126053</ele>
        <time>2026-09-25T09:29:51.390Z</time>
      </trkpt>
      <trkpt lat="49.395494" lon="10.362066">
        <ele>514.646084</ele>
        <time>2026-09-25T09:29:54.381Z</time>
      </trkpt>
      <trkpt lat="49.395092" lon="10.362403">
        <ele>516.670730</ele>
        <time>2026-09-25T09:35:19.397Z</time>
      </trkpt>
      <trkpt lat="49.394915" lon="10.362557">
        <ele>517.570037</ele>
        <time>2026-09-25T09:35:25.391Z</time>
      </trkpt>
      <trkpt lat="49.394679" lon="10.362754">
        <ele>517.990180</ele>
        <time>2026-09-25T09:35:29.384Z</time>
      </trkpt>
      <trkpt lat="49.394592" lon="10.362822">
        <ele>518.142385</ele>
        <time>2026-09-25T09:35:32.408Z</time>
      </trkpt>
      <trkpt lat="49.394505" lon="10.362893">
        <ele>518.295995</ele>
        <time>2026-09-25T09:35:35.392Z</time>
      </trkpt>
      <trkpt lat="49.394411" lon="10.362975">
        <ele>518.464549</ele>
        <time>2026-09-25T09:35:38.413Z</time>
      </trkpt>
      <trkpt lat="49.394315" lon="10.363060">
        <ele>518.637321</ele>
        <time>2026-09-25T09:35:41.380Z</time>
      </trkpt>
      <trkpt lat="49.394227" lon="10.363144">
        <ele>518.798867</ele>
        <time>2026-09-25T09:35:44.385Z</time>
      </trkpt>
      <trkpt lat="49.394139" lon="10.363205">
        <ele>518.949406</ele>
        <time>2026-09-25T09:35:47.412Z</time>
      </trkpt>
      <trkpt lat="49.394045" lon="10.363280">
        <ele>519.114567</ele>
        <time>2026-09-25T09:35:50.408Z</time>
      </trkpt>
      <trkpt lat="49.393961" lon="10.363364">
        <ele>519.270850</ele>
        <time>2026-09-25T09:35:53.396Z</time>
      </trkpt>
      <trkpt lat="49.393875" lon="10.363463">
        <ele>519.438416</ele>
        <time>2026-09-25T09:35:56.414Z</time>
      </trkpt>
      <trkpt lat="49.393789" lon="10.363566">
        <ele>519.608447</ele>
        <time>2026-09-25T09:35:59.411Z</time>
      </trkpt>
      <trkpt lat="49.393701" lon="10.363678">
        <ele>519.786633</ele>
        <time>2026-09-25T09:36:02.409Z</time>
      </trkpt>
      <trkpt lat="49.393621" lon="10.363793">
        <ele>519.957464</ele>
        <time>2026-09-25T09:36:05.394Z</time>
      </trkpt>
      <trkpt lat="49.393544" lon="10.363909">
        <ele>520.125620</ele>
        <time>2026-09-25T09:36:08.412Z</time>
      </trkpt>
      <trkpt lat="49.393475" lon="10.364023">
        <ele>520.283615</ele>
        <time>2026-09-25T09:36:11.402Z</time>
      </trkpt>
      <trkpt lat="49.393400" lon="10.364150">
        <ele>520.410869</ele>
        <time>2026-09-25T09:36:14.397Z</time>
      </trkpt>
      <trkpt lat="49.393331" lon="10.364270">
        <ele>520.479376</ele>
        <time>2026-09-25T09:36:17.407Z</time>
      </trkpt>
      <trkpt lat="49.393262" lon="10.364383">
        <ele>520.545668</ele>
        <time>2026-09-25T09:36:20.405Z</time>
      </trkpt>
      <trkpt lat="49.393188" lon="10.364511">
        <ele>520.618916</ele>
        <time>2026-09-25T09:36:23.414Z</time>
      </trkpt>
      <trkpt lat="49.393113" lon="10.364639">
        <ele>520.692602</ele>
        <time>2026-09-25T09:36:26.405Z</time>
      </trkpt>
      <trkpt lat="49.393046" lon="10.364768">
        <ele>520.763213</ele>
        <time>2026-09-25T09:36:29.404Z</time>
      </trkpt>
      <trkpt lat="49.392974" lon="10.364893">
        <ele>520.834629</ele>
        <time>2026-09-25T09:36:32.393Z</time>
      </trkpt>
      <trkpt lat="49.392900" lon="10.365018">
        <ele>520.906923</ele>
        <time>2026-09-25T09:36:35.405Z</time>
      </trkpt>
      <trkpt lat="49.392824" lon="10.365145">
        <ele>520.980735</ele>
        <time>2026-09-25T09:36:38.427Z</time>
      </trkpt>
      <trkpt lat="49.392755" lon="10.365267">
        <ele>521.049886</ele>
        <time>2026-09-25T09:36:41.386Z</time>
      </trkpt>
      <trkpt lat="49.392682" lon="10.365390">
        <ele>521.121105</ele>
        <time>2026-09-25T09:36:44.412Z</time>
      </trkpt>
      <trkpt lat="49.392606" lon="10.365507">
        <ele>521.191827</ele>
        <time>2026-09-25T09:36:47.395Z</time>
      </trkpt>
      <trkpt lat="49.392527" lon="10.365620">
        <ele>521.262779</ele>
        <time>2026-09-25T09:36:50.411Z</time>
      </trkpt>
      <trkpt lat="49.392442" lon="10.365719">
        <ele>521.332894</ele>
        <time>2026-09-25T09:36:53.415Z</time>
      </trkpt>
      <trkpt lat="49.392352" lon="10.365799">
        <ele>521.401243</ele>
        <time>2026-09-25T09:36:56.386Z</time>
      </trkpt>
      <trkpt lat="49.392264" lon="10.365876">
        <ele>521.467813</ele>
        <time>2026-09-25T09:36:59.419Z</time>
      </trkpt>
      <trkpt lat="49.392170" lon="10.365953">
        <ele>521.537838</ele>
        <time>2026-09-25T09:37:02.422Z</time>
      </trkpt>
      <trkpt lat="49.392074" lon="10.366011">
        <ele>521.559963</ele>
        <time>2026-09-25T09:37:05.399Z</time>
      </trkpt>
      <trkpt lat="49.391979" lon="10.366056">
        <ele>521.561170</ele>
        <time>2026-09-25T09:37:08.408Z</time>
      </trkpt>
      <trkpt lat="49.391873" lon="10.366098">
        <ele>521.562499</ele>
        <time>2026-09-25T09:37:11.407Z</time>
      </trkpt>
      <trkpt lat="49.391769" lon="10.366141">
        <ele>521.563806</ele>
        <time>2026-09-25T09:37:14.420Z</time>
      </trkpt>
      <trkpt lat="49.391670" lon="10.366185">
        <ele>521.565056</ele>
        <time>2026-09-25T09:37:17.389Z</time>
      </trkpt>
      <trkpt lat="49.391560" lon="10.366229">
        <ele>521.566436</ele>
        <time>2026-09-25T09:37:20.411Z</time>
      </trkpt>
      <trkpt lat="49.391455" lon="10.366263">
        <ele>521.567738</ele>
        <time>2026-09-25T09:37:23.431Z</time>
      </trkpt>
      <trkpt lat="49.391354" lon="10.366309">
        <ele>521.569017</ele>
        <time>2026-09-25T09:37:26.400Z</time>
      </trkpt>
      <trkpt lat="49.391250" lon="10.366359">
        <ele>521.570339</ele>
        <time>2026-09-25T09:37:29.423Z</time>
      </trkpt>
      <trkpt lat="49.391145" lon="10.366404">
        <ele>521.571662</ele>
        <time>2026-09-25T09:37:32.420Z</time>
      </trkpt>
      <trkpt lat="49.391035" lon="10.366446">
        <ele>521.573038</ele>
        <time>2026-09-25T09:37:35.403Z</time>
      </trkpt>
      <trkpt lat="49.390927" lon="10.366487">
        <ele>521.574388</ele>
        <time>2026-09-25T09:37:38.411Z</time>
      </trkpt>
      <trkpt lat="49.390816" lon="10.366518">
        <ele>521.575757</ele>
        <time>2026-09-25T09:37:41.420Z</time>
      </trkpt>
      <trkpt lat="49.390696" lon="10.366554">
        <ele>521.577241</ele>
        <time>2026-09-25T09:37:44.399Z</time>
      </trkpt>
      <trkpt lat="49.390582" lon="10.366589">
        <ele>521.578652</ele>
        <time>2026-09-25T09:37:47.401Z</time>
      </trkpt>
      <trkpt lat="49.390467" lon="10.366615">
        <ele>521.580063</ele>
        <time>2026-09-25T09:37:50.393Z</time>
      </trkpt>
      <trkpt lat="49.390346" lon="10.366638">
        <ele>521.570613</ele>
        <time>2026-09-25T09:37:53.430Z</time>
      </trkpt>
      <trkpt lat="49.390230" lon="10.366653">
        <ele>521.546679</ele>
        <time>2026-09-25T09:37:56.398Z</time>
      </trkpt>
      <trkpt lat="49.390110" lon="10.366659">
        <ele>521.521994</ele>
        <time>2026-09-25T09:37:59.395Z</time>
      </trkpt>
      <trkpt lat="49.389995" lon="10.366668">
        <ele>521.498320</ele>
        <time>2026-09-25T09:38:02.394Z</time>
      </trkpt>
      <trkpt lat="49.389878" lon="10.366684">
        <ele>521.474169</ele>
        <time>2026-09-25T09:38:05.446Z</time>
      </trkpt>
      <trkpt lat="49.389764" lon="10.366688">
        <ele>521.450725</ele>
        <time>2026-09-25T09:38:08.421Z</time>
      </trkpt>
      <trkpt lat="49.389649" lon="10.366699">
        <ele>521.427035</ele>
        <time>2026-09-25T09:38:11.385Z</time>
      </trkpt>
      <trkpt lat="49.389532" lon="10.366712">
        <ele>521.402917</ele>
        <time>2026-09-25T09:38:14.403Z</time>
      </trkpt>
      <trkpt lat="49.389416" lon="10.366731">
        <ele>521.378932</ele>
        <time>2026-09-25T09:38:17.424Z</time>
      </trkpt>
      <trkpt lat="49.389298" lon="10.366740">
        <ele>521.354642</ele>
        <time>2026-09-25T09:38:20.410Z</time>
      </trkpt>
      <trkpt lat="49.389172" lon="10.366752">
        <ele>521.328687</ele>
        <time>2026-09-25T09:38:23.388Z</time>
      </trkpt>
      <trkpt lat="49.389040" lon="10.366769">
        <ele>521.301452</ele>
        <time>2026-09-25T09:38:26.390Z</time>
      </trkpt>
      <trkpt lat="49.388911" lon="10.366790">
        <ele>521.274781</ele>
        <time>2026-09-25T09:38:29.412Z</time>
      </trkpt>
      <trkpt lat="49.388787" lon="10.366807">
        <ele>521.249186</ele>
        <time>2026-09-25T09:38:32.390Z</time>
      </trkpt>
      <trkpt lat="49.388669" lon="10.366813">
        <ele>521.224912</ele>
        <time>2026-09-25T09:38:35.420Z</time>
      </trkpt>
      <trkpt lat="49.388552" lon="10.366830">
        <ele>521.161639</ele>
        <time>2026-09-25T09:38:38.380Z</time>
      </trkpt>
      <trkpt lat="49.388429" lon="10.366843">
        <ele>521.040820</ele>
        <time>2026-09-25T09:38:41.414Z</time>
      </trkpt>
      <trkpt lat="49.388303" lon="10.366857">
        <ele>520.917022</ele>
        <time>2026-09-25T09:38:44.397Z</time>
      </trkpt>
      <trkpt lat="49.388180" lon="10.366876">
        <ele>520.795880</ele>
        <time>2026-09-25T09:38:47.419Z</time>
      </trkpt>
      <trkpt lat="49.388058" lon="10.366895">
        <ele>520.675712</ele>
        <time>2026-09-25T09:38:50.394Z</time>
      </trkpt>
      <trkpt lat="49.387938" lon="10.366921">
        <ele>520.556954</ele>
        <time>2026-09-25T09:38:53.406Z</time>
      </trkpt>
      <trkpt lat="49.387818" lon="10.366960">
        <ele>520.436756</ele>
        <time>2026-09-25T09:38:56.395Z</time>
      </trkpt>
      <trkpt lat="49.387700" lon="10.367015">
        <ele>520.315916</ele>
        <time>2026-09-25T09:38:59.412Z</time>
      </trkpt>
      <trkpt lat="49.387585" lon="10.367065">
        <ele>520.198794</ele>
        <time>2026-09-25T09:39:02.396Z</time>
      </trkpt>
      <trkpt lat="49.387471" lon="10.367131">
        <ele>520.079409</ele>
        <time>2026-09-25T09:39:05.408Z</time>
      </trkpt>
      <trkpt lat="49.387356" lon="10.367215">
        <ele>519.954624</ele>
        <time>2026-09-25T09:39:08.380Z</time>
      </trkpt>
      <trkpt lat="49.387251" lon="10.367298">
        <ele>519.838906</ele>
        <time>2026-09-25T09:39:11.372Z</time>
      </trkpt>
      <trkpt lat="49.387156" lon="10.367390">
        <ele>519.728856</ele>
        <time>2026-09-25T09:39:14.400Z</time>
      </trkpt>
      <trkpt lat="49.387079" lon="10.367486">
        <ele>519.631676</ele>
        <time>2026-09-25T09:39:17.349Z</time>
      </trkpt>
      <trkpt lat="49.387005" lon="10.367595">
        <ele>519.531211</ele>
        <time>2026-09-25T09:39:20.398Z</time>
      </trkpt>
      <trkpt lat="49.386929" lon="10.367732">
        <ele>519.471885</ele>
        <time>2026-09-25T09:39:23.385Z</time>
      </trkpt>
      <trkpt lat="49.386878" lon="10.367852">
        <ele>519.538269</ele>
        <time>2026-09-25T09:39:25.378Z</time>
      </trkpt>
      <trkpt lat="49.386815" lon="10.368019">
        <ele>519.627677</ele>
        <time>2026-09-25T09:39:28.374Z</time>
      </trkpt>
      <trkpt lat="49.386744" lon="10.368201">
        <ele>519.725962</ele>
        <time>2026-09-25T09:39:31.382Z</time>
      </trkpt>
      <trkpt lat="49.386703" lon="10.368324">
        <ele>519.789973</ele>
        <time>2026-09-25T09:39:33.400Z</time>
      </trkpt>
      <trkpt lat="49.386659" lon="10.368492">
        <ele>519.873856</ele>
        <time>2026-09-25T09:39:36.385Z</time>
      </trkpt>
      <trkpt lat="49.386622" lon="10.368660">
        <ele>519.956009</ele>
        <time>2026-09-25T09:39:39.394Z</time>
      </trkpt>
      <trkpt lat="49.386579" lon="10.368839">
        <ele>520.044391</ele>
        <time>2026-09-25T09:39:42.388Z</time>
      </trkpt>
      <trkpt lat="49.386542" lon="10.369011">
        <ele>520.128301</ele>
        <time>2026-09-25T09:39:45.379Z</time>
      </trkpt>
      <trkpt lat="49.386509" lon="10.369187">
        <ele>520.213142</ele>
        <time>2026-09-25T09:39:48.446Z</time>
      </trkpt>
      <trkpt lat="49.386473" lon="10.369360">
        <ele>520.297274</ele>
        <time>2026-09-25T09:39:51.384Z</time>
      </trkpt>
      <trkpt lat="49.386435" lon="10.369531">
        <ele>520.380972</ele>
        <time>2026-09-25T09:39:54.396Z</time>
      </trkpt>
      <trkpt lat="49.386389" lon="10.369710">
        <ele>520.470116</ele>
        <time>2026-09-25T09:39:57.413Z</time>
      </trkpt>
      <trkpt lat="49.386361" lon="10.369854">
        <ele>520.539731</ele>
        <time>2026-09-25T09:40:00.473Z</time>
      </trkpt>
      <trkpt lat="49.386329" lon="10.370039">
        <ele>520.628400</ele>
        <time>2026-09-25T09:40:03.374Z</time>
      </trkpt>
      <trkpt lat="49.386298" lon="10.370211">
        <ele>520.711071</ele>
        <time>2026-09-25T09:40:06.378Z</time>
      </trkpt>
      <trkpt lat="49.386263" lon="10.370386">
        <ele>520.781131</ele>
        <time>2026-09-25T09:40:09.377Z</time>
      </trkpt>
      <trkpt lat="49.386219" lon="10.370544">
        <ele>520.843328</ele>
        <time>2026-09-25T09:40:12.385Z</time>
      </trkpt>
      <trkpt lat="49.386107" lon="10.370614">
        <ele>520.910556</ele>
        <time>2026-09-25T09:40:15.384Z</time>
      </trkpt>
      <trkpt lat="49.386016" lon="10.370634">
        <ele>520.961667</ele>
        <time>2026-09-25T09:40:17.376Z</time>
      </trkpt>
      <trkpt lat="49.385880" lon="10.370662">
        <ele>521.037958</ele>
        <time>2026-09-25T09:40:20.394Z</time>
      </trkpt>
      <trkpt lat="49.385789" lon="10.370646">
        <ele>521.088884</ele>
        <time>2026-09-25T09:40:22.390Z</time>
      </trkpt>
      <trkpt lat="49.385674" lon="10.370593">
        <ele>521.155639</ele>
        <time>2026-09-25T09:40:25.394Z</time>
      </trkpt>
      <trkpt lat="49.385565" lon="10.370552">
        <ele>521.218032</ele>
        <time>2026-09-25T09:40:28.382Z</time>
      </trkpt>
      <trkpt lat="49.385449" lon="10.370552">
        <ele>521.282527</ele>
        <time>2026-09-25T09:40:31.380Z</time>
      </trkpt>
      <trkpt lat="49.385330" lon="10.370570">
        <ele>521.349011</ele>
        <time>2026-09-25T09:40:35.402Z</time>
      </trkpt>
      <trkpt lat="49.385226" lon="10.370631">
        <ele>521.410906</ele>
        <time>2026-09-25T09:40:38.415Z</time>
      </trkpt>
      <trkpt lat="49.385143" lon="10.370713">
        <ele>521.465773</ele>
        <time>2026-09-25T09:40:41.424Z</time>
      </trkpt>
      <trkpt lat="49.385041" lon="10.370784">
        <ele>521.528035</ele>
        <time>2026-09-25T09:40:44.406Z</time>
      </trkpt>
      <trkpt lat="49.384936" lon="10.370814">
        <ele>521.587415</ele>
        <time>2026-09-25T09:40:47.418Z</time>
      </trkpt>
      <trkpt lat="49.384824" lon="10.370843">
        <ele>521.650565</ele>
        <time>2026-09-25T09:40:50.395Z</time>
      </trkpt>
      <trkpt lat="49.384723" lon="10.370862">
        <ele>521.707140</ele>
        <time>2026-09-25T09:40:53.411Z</time>
      </trkpt>
      <trkpt lat="49.384622" lon="10.370841">
        <ele>521.704516</ele>
        <time>2026-09-25T09:40:56.389Z</time>
      </trkpt>
      <trkpt lat="49.384507" lon="10.370828">
        <ele>521.661014</ele>
        <time>2026-09-25T09:40:59.421Z</time>
      </trkpt>
      <trkpt lat="49.384403" lon="10.370813">
        <ele>521.621607</ele>
        <time>2026-09-25T09:41:02.412Z</time>
      </trkpt>
      <trkpt lat="49.384300" lon="10.370799">
        <ele>521.582598</ele>
        <time>2026-09-25T09:41:05.401Z</time>
      </trkpt>
      <trkpt lat="49.384163" lon="10.370782">
        <ele>521.530745</ele>
        <time>2026-09-25T09:41:08.399Z</time>
      </trkpt>
      <trkpt lat="49.384073" lon="10.370789">
        <ele>521.496749</ele>
        <time>2026-09-25T09:41:10.415Z</time>
      </trkpt>
      <trkpt lat="49.383943" lon="10.370829">
        <ele>521.446731</ele>
        <time>2026-09-25T09:41:13.383Z</time>
      </trkpt>
      <trkpt lat="49.383831" lon="10.370859">
        <ele>521.403841</ele>
        <time>2026-09-25T09:41:15.416Z</time>
      </trkpt>
      <trkpt lat="49.383728" lon="10.370880">
        <ele>521.364643</ele>
        <time>2026-09-25T09:41:17.403Z</time>
      </trkpt>
      <trkpt lat="49.383636" lon="10.370893">
        <ele>521.329789</ele>
        <time>2026-09-25T09:41:19.375Z</time>
      </trkpt>
      <trkpt lat="49.383558" lon="10.371013">
        <ele>521.288143</ele>
        <time>2026-09-25T09:41:22.383Z</time>
      </trkpt>
      <trkpt lat="49.383548" lon="10.371192">
        <ele>521.244020</ele>
        <time>2026-09-25T09:41:25.375Z</time>
      </trkpt>
      <trkpt lat="49.383535" lon="10.371374">
        <ele>521.199055</ele>
        <time>2026-09-25T09:41:28.390Z</time>
      </trkpt>
      <trkpt lat="49.383484" lon="10.371545">
        <ele>521.152861</ele>
        <time>2026-09-25T09:41:31.390Z</time>
      </trkpt>
      <trkpt lat="49.383451" lon="10.371715">
        <ele>521.109294</ele>
        <time>2026-09-25T09:41:35.416Z</time>
      </trkpt>
      <trkpt lat="49.383413" lon="10.371871">
        <ele>521.068388</ele>
        <time>2026-09-25T09:41:39.414Z</time>
      </trkpt>
      <trkpt lat="49.383369" lon="10.372001">
        <ele>521.056962</ele>
        <time>2026-09-25T09:41:42.386Z</time>
      </trkpt>
      <trkpt lat="49.383313" lon="10.372149">
        <ele>521.073812</ele>
        <time>2026-09-25T09:41:45.423Z</time>
      </trkpt>
      <trkpt lat="49.383267" lon="10.372268">
        <ele>521.087436</ele>
        <time>2026-09-25T09:41:48.396Z</time>
      </trkpt>
      <trkpt lat="49.383205" lon="10.372420">
        <ele>521.105092</ele>
        <time>2026-09-25T09:41:51.406Z</time>
      </trkpt>
      <trkpt lat="49.383145" lon="10.372552">
        <ele>521.120939</ele>
        <time>2026-09-25T09:41:54.401Z</time>
      </trkpt>
      <trkpt lat="49.383090" lon="10.372680">
        <ele>521.136036</ele>
        <time>2026-09-25T09:41:57.379Z</time>
      </trkpt>
      <trkpt lat="49.383047" lon="10.372804">
        <ele>521.149866</ele>
        <time>2026-09-25T09:42:00.372Z</time>
      </trkpt>
      <trkpt lat="49.383000" lon="10.372957">
        <ele>521.166519</ele>
        <time>2026-09-25T09:42:03.385Z</time>
      </trkpt>
      <trkpt lat="49.382946" lon="10.373098">
        <ele>521.182622</ele>
        <time>2026-09-25T09:42:06.394Z</time>
      </trkpt>
      <trkpt lat="49.382888" lon="10.373235">
        <ele>521.198708</ele>
        <time>2026-09-25T09:42:10.386Z</time>
      </trkpt>
      <trkpt lat="49.382840" lon="10.373359">
        <ele>521.212909</ele>
        <time>2026-09-25T09:42:14.402Z</time>
      </trkpt>
      <trkpt lat="49.382786" lon="10.373592">
        <ele>521.237255</ele>
        <time>2026-09-25T09:42:38.402Z</time>
      </trkpt>
      <trkpt lat="49.382734" lon="10.373761">
        <ele>521.255655</ele>
        <time>2026-09-25T09:42:42.397Z</time>
      </trkpt>
      <trkpt lat="49.382706" lon="10.373902">
        <ele>521.270166</ele>
        <time>2026-09-25T09:42:45.385Z</time>
      </trkpt>
      <trkpt lat="49.382663" lon="10.374050">
        <ele>521.286119</ele>
        <time>2026-09-25T09:42:48.387Z</time>
      </trkpt>
      <trkpt lat="49.382626" lon="10.374193">
        <ele>521.301267</ele>
        <time>2026-09-25T09:42:51.394Z</time>
      </trkpt>
      <trkpt lat="49.382579" lon="10.374356">
        <ele>521.318815</ele>
        <time>2026-09-25T09:42:55.394Z</time>
      </trkpt>
      <trkpt lat="49.382550" lon="10.374487">
        <ele>521.414118</ele>
        <time>2026-09-25T09:42:58.395Z</time>
      </trkpt>
      <trkpt lat="49.382514" lon="10.374625">
        <ele>521.542228</ele>
        <time>2026-09-25T09:43:02.437Z</time>
      </trkpt>
      <trkpt lat="49.382467" lon="10.374766">
        <ele>521.678732</ele>
        <time>2026-09-25T09:43:06.382Z</time>
      </trkpt>
      <trkpt lat="49.382434" lon="10.374917">
        <ele>521.815988</ele>
        <time>2026-09-25T09:43:10.398Z</time>
      </trkpt>
      <trkpt lat="49.382358" lon="10.375067">
        <ele>521.979780</ele>
        <time>2026-09-25T09:43:14.395Z</time>
      </trkpt>
      <trkpt lat="49.382289" lon="10.375192">
        <ele>522.121005</ele>
        <time>2026-09-25T09:43:17.386Z</time>
      </trkpt>
      <trkpt lat="49.382205" lon="10.375338">
        <ele>522.288909</ele>
        <time>2026-09-25T09:43:20.386Z</time>
      </trkpt>
      <trkpt lat="49.382131" lon="10.375463">
        <ele>522.434502</ele>
        <time>2026-09-25T09:43:22.475Z</time>
      </trkpt>
      <trkpt lat="49.382054" lon="10.375597">
        <ele>522.588521</ele>
        <time>2026-09-25T09:43:24.381Z</time>
      </trkpt>
      <trkpt lat="49.381975" lon="10.375728">
        <ele>522.742399</ele>
        <time>2026-09-25T09:43:26.382Z</time>
      </trkpt>
      <trkpt lat="49.381893" lon="10.375872">
        <ele>522.907260</ele>
        <time>2026-09-25T09:43:28.378Z</time>
      </trkpt>
      <trkpt lat="49.381829" lon="10.376003">
        <ele>523.048399</ele>
        <time>2026-09-25T09:43:30.381Z</time>
      </trkpt>
      <trkpt lat="49.381775" lon="10.376166">
        <ele>523.206003</ele>
        <time>2026-09-25T09:43:32.370Z</time>
      </trkpt>
      <trkpt lat="49.381750" lon="10.376326">
        <ele>523.347796</ele>
        <time>2026-09-25T09:43:34.379Z</time>
      </trkpt>
      <trkpt lat="49.381771" lon="10.376470">
        <ele>523.474960</ele>
        <time>2026-09-25T09:43:36.404Z</time>
      </trkpt>
      <trkpt lat="49.381789" lon="10.376680">
        <ele>523.657486</ele>
        <time>2026-09-25T09:43:39.439Z</time>
      </trkpt>
      <trkpt lat="49.381837" lon="10.376875">
        <ele>523.633764</ele>
        <time>2026-09-25T09:43:42.390Z</time>
      </trkpt>
      <trkpt lat="49.381876" lon="10.377017">
        <ele>523.565629</ele>
        <time>2026-09-25T09:43:44.381Z</time>
      </trkpt>
      <trkpt lat="49.381934" lon="10.377206">
        <ele>523.473257</ele>
        <time>2026-09-25T09:43:47.377Z</time>
      </trkpt>
      <trkpt lat="49.381968" lon="10.377334">
        <ele>523.412140</ele>
        <time>2026-09-25T09:43:49.368Z</time>
      </trkpt>
      <trkpt lat="49.382005" lon="10.377465">
        <ele>523.349011</ele>
        <time>2026-09-25T09:43:51.379Z</time>
      </trkpt>
      <trkpt lat="49.382041" lon="10.377594">
        <ele>523.286963</ele>
        <time>2026-09-25T09:43:53.374Z</time>
      </trkpt>
      <trkpt lat="49.382076" lon="10.377723">
        <ele>523.225179</ele>
        <time>2026-09-25T09:43:55.406Z</time>
      </trkpt>
      <trkpt lat="49.382127" lon="10.377910">
        <ele>523.135547</ele>
        <time>2026-09-25T09:43:58.409Z</time>
      </trkpt>
      <trkpt lat="49.382164" lon="10.378038">
        <ele>523.073632</ele>
        <time>2026-09-25T09:44:00.466Z</time>
      </trkpt>
      <trkpt lat="49.382206" lon="10.378215">
        <ele>522.990347</ele>
        <time>2026-09-25T09:44:03.387Z</time>
      </trkpt>
      <trkpt lat="49.382244" lon="10.378400">
        <ele>522.904586</ele>
        <time>2026-09-25T09:44:06.368Z</time>
      </trkpt>
      <trkpt lat="49.382278" lon="10.378600">
        <ele>522.813204</ele>
        <time>2026-09-25T09:44:09.386Z</time>
      </trkpt>
      <trkpt lat="49.382306" lon="10.378790">
        <ele>522.727082</ele>
        <time>2026-09-25T09:44:12.395Z</time>
      </trkpt>
      <trkpt lat="49.382321" lon="10.378928">
        <ele>522.665230</ele>
        <time>2026-09-25T09:44:14.411Z</time>
      </trkpt>
      <trkpt lat="49.382331" lon="10.379124">
        <ele>522.578316</ele>
        <time>2026-09-25T09:44:17.391Z</time>
      </trkpt>
      <trkpt lat="49.382327" lon="10.379306">
        <ele>522.497810</ele>
        <time>2026-09-25T09:44:20.366Z</time>
      </trkpt>
      <trkpt lat="49.382316" lon="10.379478">
        <ele>522.496843</ele>
        <time>2026-09-25T09:44:23.388Z</time>
      </trkpt>
      <trkpt lat="49.382299" lon="10.379648">
        <ele>522.516574</ele>
        <time>2026-09-25T09:44:26.388Z</time>
      </trkpt>
      <trkpt lat="49.382286" lon="10.379808">
        <ele>522.535071</ele>
        <time>2026-09-25T09:44:29.416Z</time>
      </trkpt>
      <trkpt lat="49.382268" lon="10.379970">
        <ele>522.553924</ele>
        <time>2026-09-25T09:44:32.381Z</time>
      </trkpt>
      <trkpt lat="49.382254" lon="10.380126">
        <ele>522.571989</ele>
        <time>2026-09-25T09:44:35.398Z</time>
      </trkpt>
      <trkpt lat="49.382247" lon="10.380292">
        <ele>522.591072</ele>
        <time>2026-09-25T09:44:39.405Z</time>
      </trkpt>
      <trkpt lat="49.382232" lon="10.380474">
        <ele>522.612117</ele>
        <time>2026-09-25T09:44:43.401Z</time>
      </trkpt>
      <trkpt lat="49.382215" lon="10.380626">
        <ele>522.629810</ele>
        <time>2026-09-25T09:44:46.403Z</time>
      </trkpt>
      <trkpt lat="49.382201" lon="10.380792">
        <ele>522.649012</ele>
        <time>2026-09-25T09:44:49.388Z</time>
      </trkpt>
      <trkpt lat="49.382187" lon="10.380966">
        <ele>522.669125</ele>
        <time>2026-09-25T09:44:52.395Z</time>
      </trkpt>
      <trkpt lat="49.382173" lon="10.381148">
        <ele>522.690148</ele>
        <time>2026-09-25T09:44:55.388Z</time>
      </trkpt>
      <trkpt lat="49.382153" lon="10.381327">
        <ele>522.710983</ele>
        <time>2026-09-25T09:44:58.405Z</time>
      </trkpt>
      <trkpt lat="49.382138" lon="10.381500">
        <ele>522.731004</ele>
        <time>2026-09-25T09:45:01.393Z</time>
      </trkpt>
      <trkpt lat="49.382133" lon="10.381671">
        <ele>522.750641</ele>
        <time>2026-09-25T09:45:04.380Z</time>
      </trkpt>
      <trkpt lat="49.382121" lon="10.381845">
        <ele>522.770713</ele>
        <time>2026-09-25T09:45:07.390Z</time>
      </trkpt>
      <trkpt lat="49.382109" lon="10.382016">
        <ele>522.790444</ele>
        <time>2026-09-25T09:45:10.400Z</time>
      </trkpt>
      <trkpt lat="49.382100" lon="10.382201">
        <ele>522.842280</ele>
        <time>2026-09-25T09:45:13.384Z</time>
      </trkpt>
      <trkpt lat="49.382091" lon="10.382381">
        <ele>522.909939</ele>
        <time>2026-09-25T09:45:16.387Z</time>
      </trkpt>
      <trkpt lat="49.382091" lon="10.382557">
        <ele>522.975900</ele>
        <time>2026-09-25T09:45:19.394Z</time>
      </trkpt>
      <trkpt lat="49.382096" lon="10.382737">
        <ele>523.043422</ele>
        <time>2026-09-25T09:45:22.394Z</time>
      </trkpt>
      <trkpt lat="49.382109" lon="10.382909">
        <ele>523.108316</ele>
        <time>2026-09-25T09:45:25.383Z</time>
      </trkpt>
      <trkpt lat="49.382125" lon="10.383088">
        <ele>523.176031</ele>
        <time>2026-09-25T09:45:28.424Z</time>
      </trkpt>
      <trkpt lat="49.382140" lon="10.383269">
        <ele>523.244414</ele>
        <time>2026-09-25T09:45:31.386Z</time>
      </trkpt>
      <trkpt lat="49.382157" lon="10.383452">
        <ele>523.313693</ele>
        <time>2026-09-25T09:45:34.417Z</time>
      </trkpt>
      <trkpt lat="49.382173" lon="10.383639">
        <ele>523.384379</ele>
        <time>2026-09-25T09:45:37.405Z</time>
      </trkpt>
      <trkpt lat="49.382187" lon="10.383829">
        <ele>523.456042</ele>
        <time>2026-09-25T09:45:40.396Z</time>
      </trkpt>
      <trkpt lat="49.382197" lon="10.384023">
        <ele>523.528976</ele>
        <time>2026-09-25T09:45:43.423Z</time>
      </trkpt>
      <trkpt lat="49.382210" lon="10.384209">
        <ele>523.599086</ele>
        <time>2026-09-25T09:45:46.416Z</time>
      </trkpt>
      <trkpt lat="49.382206" lon="10.384399">
        <ele>523.670331</ele>
        <time>2026-09-25T09:45:49.424Z</time>
      </trkpt>
      <trkpt lat="49.382199" lon="10.384601">
        <ele>523.746143</ele>
        <time>2026-09-25T09:45:52.402Z</time>
      </trkpt>
      <trkpt lat="49.382184" lon="10.384768">
        <ele>523.809324</ele>
        <time>2026-09-25T09:45:55.394Z</time>
      </trkpt>
      <trkpt lat="49.382157" lon="10.384944">
        <ele>523.950044</ele>
        <time>2026-09-25T09:45:58.401Z</time>
      </trkpt>
      <trkpt lat="49.382141" lon="10.385125">
        <ele>524.133606</ele>
        <time>2026-09-25T09:46:01.352Z</time>
      </trkpt>
      <trkpt lat="49.382120" lon="10.385305">
        <ele>524.317375</ele>
        <time>2026-09-25T09:46:04.399Z</time>
      </trkpt>
      <trkpt lat="49.382097" lon="10.385481">
        <ele>524.497771</ele>
        <time>2026-09-25T09:46:07.376Z</time>
      </trkpt>
      <trkpt lat="49.382076" lon="10.385617">
        <ele>524.638233</ele>
        <time>2026-09-25T09:46:09.392Z</time>
      </trkpt>
      <trkpt lat="49.382047" lon="10.385809">
        <ele>524.836305</ele>
        <time>2026-09-25T09:46:12.393Z</time>
      </trkpt>
      <trkpt lat="49.382011" lon="10.385998">
        <ele>525.034200</ele>
        <time>2026-09-25T09:46:15.396Z</time>
      </trkpt>
      <trkpt lat="49.381980" lon="10.386188">
        <ele>525.231043</ele>
        <time>2026-09-25T09:46:18.380Z</time>
      </trkpt>
      <trkpt lat="49.381952" lon="10.386378">
        <ele>525.426811</ele>
        <time>2026-09-25T09:46:21.385Z</time>
      </trkpt>
      <trkpt lat="49.381890" lon="10.386540">
        <ele>525.615658</ele>
        <time>2026-09-25T09:46:24.388Z</time>
      </trkpt>
      <trkpt lat="49.381771" lon="10.386593">
        <ele>525.806918</ele>
        <time>2026-09-25T09:46:27.394Z</time>
      </trkpt>
      <trkpt lat="49.381680" lon="10.386610">
        <ele>525.948424</ele>
        <time>2026-09-25T09:46:29.391Z</time>
      </trkpt>
      <trkpt lat="49.381547" lon="10.386638">
        <ele>526.155649</ele>
        <time>2026-09-25T09:46:32.388Z</time>
      </trkpt>
      <trkpt lat="49.381419" lon="10.386655">
        <ele>526.353972</ele>
        <time>2026-09-25T09:46:35.387Z</time>
      </trkpt>
      <trkpt lat="49.381288" lon="10.386677">
        <ele>526.557395</ele>
        <time>2026-09-25T09:46:38.388Z</time>
      </trkpt>
      <trkpt lat="49.381186" lon="10.386691">
        <ele>526.605560</ele>
        <time>2026-09-25T09:46:40.388Z</time>
      </trkpt>
      <trkpt lat="49.381083" lon="10.386709">
        <ele>526.598553</ele>
        <time>2026-09-25T09:46:42.392Z</time>
      </trkpt>
      <trkpt lat="49.380981" lon="10.386720">
        <ele>526.591641</ele>
        <time>2026-09-25T09:46:44.391Z</time>
      </trkpt>
      <trkpt lat="49.380881" lon="10.386733">
        <ele>526.584857</ele>
        <time>2026-09-25T09:46:46.402Z</time>
      </trkpt>
      <trkpt lat="49.380790" lon="10.386749">
        <ele>526.578665</ele>
        <time>2026-09-25T09:46:48.390Z</time>
      </trkpt>
      <trkpt lat="49.380654" lon="10.386764">
        <ele>526.569448</ele>
        <time>2026-09-25T09:46:51.390Z</time>
      </trkpt>
      <trkpt lat="49.380564" lon="10.386775">
        <ele>526.563345</ele>
        <time>2026-09-25T09:46:53.387Z</time>
      </trkpt>
      <trkpt lat="49.380431" lon="10.386783">
        <ele>526.554348</ele>
        <time>2026-09-25T09:46:56.398Z</time>
      </trkpt>
      <trkpt lat="49.380334" lon="10.386794">
        <ele>526.547773</ele>
        <time>2026-09-25T09:46:58.393Z</time>
      </trkpt>
      <trkpt lat="49.380237" lon="10.386807">
        <ele>526.541191</ele>
        <time>2026-09-25T09:47:00.400Z</time>
      </trkpt>
      <trkpt lat="49.380140" lon="10.386815">
        <ele>526.534625</ele>
        <time>2026-09-25T09:47:02.416Z</time>
      </trkpt>
      <trkpt lat="49.380032" lon="10.386826">
        <ele>526.527308</ele>
        <time>2026-09-25T09:47:04.406Z</time>
      </trkpt>
      <trkpt lat="49.379928" lon="10.386837">
        <ele>526.520262</ele>
        <time>2026-09-25T09:47:06.401Z</time>
      </trkpt>
      <trkpt lat="49.379827" lon="10.386843">
        <ele>526.513429</ele>
        <time>2026-09-25T09:47:08.392Z</time>
      </trkpt>
      <trkpt lat="49.379732" lon="10.386845">
        <ele>526.507007</ele>
        <time>2026-09-25T09:47:10.378Z</time>
      </trkpt>
      <trkpt lat="49.379629" lon="10.386852">
        <ele>526.500038</ele>
        <time>2026-09-25T09:47:12.386Z</time>
      </trkpt>
      <trkpt lat="49.379520" lon="10.386866">
        <ele>526.492644</ele>
        <time>2026-09-25T09:47:14.398Z</time>
      </trkpt>
      <trkpt lat="49.379419" lon="10.386880">
        <ele>526.480527</ele>
        <time>2026-09-25T09:47:16.382Z</time>
      </trkpt>
      <trkpt lat="49.379279" lon="10.386922">
        <ele>526.452759</ele>
        <time>2026-09-25T09:47:19.394Z</time>
      </trkpt>
      <trkpt lat="49.379201" lon="10.387036">
        <ele>526.431800</ele>
        <time>2026-09-25T09:47:21.397Z</time>
      </trkpt>
      <trkpt lat="49.379185" lon="10.387188">
        <ele>526.412286</ele>
        <time>2026-09-25T09:47:23.374Z</time>
      </trkpt>
      <trkpt lat="49.379209" lon="10.387385">
        <ele>526.386885</ele>
        <time>2026-09-25T09:47:26.402Z</time>
      </trkpt>
      <trkpt lat="49.379264" lon="10.387554">
        <ele>526.362940</ele>
        <time>2026-09-25T09:47:29.393Z</time>
      </trkpt>
      <trkpt lat="49.379316" lon="10.387687">
        <ele>526.343278</ele>
        <time>2026-09-25T09:47:32.420Z</time>
      </trkpt>
      <trkpt lat="49.379339" lon="10.387835">
        <ele>526.323994</ele>
        <time>2026-09-25T09:47:35.409Z</time>
      </trkpt>
      <trkpt lat="49.379369" lon="10.387986">
        <ele>526.303986</ele>
        <time>2026-09-25T09:47:39.396Z</time>
      </trkpt>
      <trkpt lat="49.379413" lon="10.388154">
        <ele>526.281036</ele>
        <time>2026-09-25T09:47:43.388Z</time>
      </trkpt>
      <trkpt lat="49.379452" lon="10.388300">
        <ele>526.261036</ele>
        <time>2026-09-25T09:47:46.388Z</time>
      </trkpt>
      <trkpt lat="49.379471" lon="10.388438">
        <ele>526.243160</ele>
        <time>2026-09-25T09:47:49.386Z</time>
      </trkpt>
      <trkpt lat="49.379490" lon="10.388593">
        <ele>526.223170</ele>
        <time>2026-09-25T09:47:52.405Z</time>
      </trkpt>
      <trkpt lat="49.379512" lon="10.388732">
        <ele>526.205041</ele>
        <time>2026-09-25T09:47:55.391Z</time>
      </trkpt>
      <trkpt lat="49.379553" lon="10.388878">
        <ele>526.184890</ele>
        <time>2026-09-25T09:47:58.400Z</time>
      </trkpt>
      <trkpt lat="49.379591" lon="10.389013">
        <ele>526.166250</ele>
        <time>2026-09-25T09:48:01.400Z</time>
      </trkpt>
      <trkpt lat="49.379625" lon="10.389151">
        <ele>526.147550</ele>
        <time>2026-09-25T09:48:04.398Z</time>
      </trkpt>
      <trkpt lat="49.379658" lon="10.389321">
        <ele>525.704916</ele>
        <time>2026-09-25T09:48:08.392Z</time>
      </trkpt>
      <trkpt lat="49.379703" lon="10.389470">
        <ele>525.030851</ele>
        <time>2026-09-25T09:48:12.380Z</time>
      </trkpt>
      <trkpt lat="49.379731" lon="10.389604">
        <ele>524.453304</ele>
        <time>2026-09-25T09:48:15.394Z</time>
      </trkpt>
      <trkpt lat="49.379763" lon="10.389751">
        <ele>523.817208</ele>
        <time>2026-09-25T09:48:18.392Z</time>
      </trkpt>
      <trkpt lat="49.379799" lon="10.389883">
        <ele>523.229889</ele>
        <time>2026-09-25T09:48:21.423Z</time>
      </trkpt>
      <trkpt lat="49.379825" lon="10.390060">
        <ele>522.485248</ele>
        <time>2026-09-25T09:48:25.395Z</time>
      </trkpt>
      <trkpt lat="49.379847" lon="10.390235">
        <ele>521.753808</ele>
        <time>2026-09-25T09:48:29.380Z</time>
      </trkpt>
      <trkpt lat="49.379847" lon="10.390388">
        <ele>521.125920</ele>
        <time>2026-09-25T09:48:34.385Z</time>
      </trkpt>
      <trkpt lat="49.379825" lon="10.390254">
        <ele>520.558788</ele>
        <time>2026-09-25T09:48:48.410Z</time>
      </trkpt>
      <trkpt lat="49.379807" lon="10.390118">
        <ele>519.989248</ele>
        <time>2026-09-25T09:48:51.389Z</time>
      </trkpt>
      <trkpt lat="49.379782" lon="10.389902">
        <ele>519.088917</ele>
        <time>2026-09-25T09:48:55.416Z</time>
      </trkpt>
      <trkpt lat="49.379802" lon="10.389750">
        <ele>518.452520</ele>
        <time>2026-09-25T09:48:59.375Z</time>
      </trkpt>
      <trkpt lat="49.379873" lon="10.391473">
        <ele>511.061127</ele>
        <time>2026-09-25T09:56:42.453Z</time>
      </trkpt>
      <trkpt lat="49.379874" lon="10.391768">
        <ele>509.742462</ele>
        <time>2026-09-25T09:56:48.402Z</time>
      </trkpt>
      <trkpt lat="49.379871" lon="10.392075">
        <ele>508.370021</ele>
        <time>2026-09-25T09:56:54.425Z</time>
      </trkpt>
      <trkpt lat="49.379870" lon="10.392392">
        <ele>506.953018</ele>
        <time>2026-09-25T09:57:00.423Z</time>
      </trkpt>
      <trkpt lat="49.379872" lon="10.392700">
        <ele>505.576192</ele>
        <time>2026-09-25T09:57:06.417Z</time>
      </trkpt>
      <trkpt lat="49.379870" lon="10.393009">
        <ele>504.194897</ele>
        <time>2026-09-25T09:57:12.477Z</time>
      </trkpt>
      <trkpt lat="49.379871" lon="10.393317">
        <ele>502.818124</ele>
        <time>2026-09-25T09:57:18.419Z</time>
      </trkpt>
      <trkpt lat="49.379870" lon="10.393635">
        <ele>502.125749</ele>
        <time>2026-09-25T09:57:24.427Z</time>
      </trkpt>
      <trkpt lat="49.379870" lon="10.394080">
        <ele>501.511658</ele>
        <time>2026-09-25T09:57:27.446Z</time>
      </trkpt>
      <trkpt lat="49.379868" lon="10.394266">
        <ele>501.254946</ele>
        <time>2026-09-25T09:57:30.402Z</time>
      </trkpt>
      <trkpt lat="49.379873" lon="10.394424">
        <ele>501.036652</ele>
        <time>2026-09-25T09:57:33.426Z</time>
      </trkpt>
      <trkpt lat="49.379877" lon="10.394607">
        <ele>500.783973</ele>
        <time>2026-09-25T09:57:37.413Z</time>
      </trkpt>
      <trkpt lat="49.379878" lon="10.394793">
        <ele>500.527288</ele>
        <time>2026-09-25T09:57:41.453Z</time>
      </trkpt>
      <trkpt lat="49.379874" lon="10.394947">
        <ele>500.314602</ele>
        <time>2026-09-25T09:57:44.418Z</time>
      </trkpt>
      <trkpt lat="49.379874" lon="10.395096">
        <ele>500.108985</ele>
        <time>2026-09-25T09:57:47.399Z</time>
      </trkpt>
      <trkpt lat="49.379878" lon="10.395276">
        <ele>499.860444</ele>
        <time>2026-09-25T09:57:50.407Z</time>
      </trkpt>
      <trkpt lat="49.379877" lon="10.395429">
        <ele>499.649296</ele>
        <time>2026-09-25T09:57:53.416Z</time>
      </trkpt>
      <trkpt lat="49.379872" lon="10.395601">
        <ele>499.411703</ele>
        <time>2026-09-25T09:57:56.405Z</time>
      </trkpt>
      <trkpt lat="49.379874" lon="10.395789">
        <ele>499.152232</ele>
        <time>2026-09-25T09:57:59.398Z</time>
      </trkpt>
      <trkpt lat="49.379864" lon="10.395969">
        <ele>498.902933</ele>
        <time>2026-09-25T09:58:02.424Z</time>
      </trkpt>
      <trkpt lat="49.379853" lon="10.396149">
        <ele>498.653444</ele>
        <time>2026-09-25T09:58:05.401Z</time>
      </trkpt>
      <trkpt lat="49.379846" lon="10.396334">
        <ele>498.581964</ele>
        <time>2026-09-25T09:58:08.382Z</time>
      </trkpt>
      <trkpt lat="49.379839" lon="10.396524">
        <ele>498.520000</ele>
        <time>2026-09-25T09:58:11.409Z</time>
      </trkpt>
      <trkpt lat="49.379828" lon="10.396711">
        <ele>498.458864</ele>
        <time>2026-09-25T09:58:14.398Z</time>
      </trkpt>
      <trkpt lat="49.379820" lon="10.396897">
        <ele>498.398169</ele>
        <time>2026-09-25T09:58:17.417Z</time>
      </trkpt>
      <trkpt lat="49.379816" lon="10.397087">
        <ele>498.336272</ele>
        <time>2026-09-25T09:58:20.414Z</time>
      </trkpt>
      <trkpt lat="49.379812" lon="10.397230">
        <ele>498.289667</ele>
        <time>2026-09-25T09:58:22.409Z</time>
      </trkpt>
      <trkpt lat="49.379802" lon="10.397402">
        <ele>498.233440</ele>
        <time>2026-09-25T09:58:25.415Z</time>
      </trkpt>
      <trkpt lat="49.379787" lon="10.397597">
        <ele>498.169506</ele>
        <time>2026-09-25T09:58:28.419Z</time>
      </trkpt>
      <trkpt lat="49.379774" lon="10.397762">
        <ele>498.115389</ele>
        <time>2026-09-25T09:58:31.392Z</time>
      </trkpt>
      <trkpt lat="49.379756" lon="10.397931">
        <ele>498.059630</ele>
        <time>2026-09-25T09:58:34.414Z</time>
      </trkpt>
      <trkpt lat="49.379742" lon="10.398113">
        <ele>497.999957</ele>
        <time>2026-09-25T09:58:37.416Z</time>
      </trkpt>
      <trkpt lat="49.379724" lon="10.398354">
        <ele>497.920972</ele>
        <time>2026-09-25T09:58:41.435Z</time>
      </trkpt>
      <trkpt lat="49.379706" lon="10.398519">
        <ele>497.866498</ele>
        <time>2026-09-25T09:58:44.382Z</time>
      </trkpt>
      <trkpt lat="49.379695" lon="10.398692">
        <ele>497.809900</ele>
        <time>2026-09-25T09:58:47.394Z</time>
      </trkpt>
      <trkpt lat="49.379694" lon="10.398865">
        <ele>497.753568</ele>
        <time>2026-09-25T09:58:50.383Z</time>
      </trkpt>
      <trkpt lat="49.379703" lon="10.399047">
        <ele>497.768258</ele>
        <time>2026-09-25T09:58:53.429Z</time>
      </trkpt>
      <trkpt lat="49.379710" lon="10.399224">
        <ele>497.805264</ele>
        <time>2026-09-25T09:58:56.380Z</time>
      </trkpt>
      <trkpt lat="49.379717" lon="10.399412">
        <ele>497.844562</ele>
        <time>2026-09-25T09:58:59.405Z</time>
      </trkpt>
      <trkpt lat="49.379732" lon="10.399624">
        <ele>497.889064</ele>
        <time>2026-09-25T09:59:02.387Z</time>
      </trkpt>
      <trkpt lat="49.379737" lon="10.399790">
        <ele>497.923744</ele>
        <time>2026-09-25T09:59:05.433Z</time>
      </trkpt>
      <trkpt lat="49.379742" lon="10.399965">
        <ele>497.960300</ele>
        <time>2026-09-25T09:59:08.392Z</time>
      </trkpt>
      <trkpt lat="49.379754" lon="10.400146">
        <ele>497.998268</ele>
        <time>2026-09-25T09:59:11.409Z</time>
      </trkpt>
      <trkpt lat="49.379759" lon="10.400328">
        <ele>498.036283</ele>
        <time>2026-09-25T09:59:14.393Z</time>
      </trkpt>
      <trkpt lat="49.379779" lon="10.400508">
        <ele>498.074390</ele>
        <time>2026-09-25T09:59:17.437Z</time>
      </trkpt>
      <trkpt lat="49.379805" lon="10.400676">
        <ele>498.110427</ele>
        <time>2026-09-25T09:59:20.391Z</time>
      </trkpt>
      <trkpt lat="49.379851" lon="10.400839">
        <ele>498.147502</ele>
        <time>2026-09-25T09:59:23.405Z</time>
      </trkpt>
      <trkpt lat="49.379903" lon="10.401016">
        <ele>498.188027</ele>
        <time>2026-09-25T09:59:26.425Z</time>
      </trkpt>
      <trkpt lat="49.379961" lon="10.401163">
        <ele>498.223898</ele>
        <time>2026-09-25T09:59:29.402Z</time>
      </trkpt>
      <trkpt lat="49.380033" lon="10.401302">
        <ele>498.260967</ele>
        <time>2026-09-25T09:59:32.383Z</time>
      </trkpt>
      <trkpt lat="49.380102" lon="10.401448">
        <ele>498.298617</ele>
        <time>2026-09-25T09:59:35.388Z</time>
      </trkpt>
      <trkpt lat="49.380172" lon="10.401581">
        <ele>498.292633</ele>
        <time>2026-09-25T09:59:38.414Z</time>
      </trkpt>
      <trkpt lat="49.380235" lon="10.401690">
        <ele>498.254348</ele>
        <time>2026-09-25T09:59:41.374Z</time>
      </trkpt>
      <trkpt lat="49.380336" lon="10.401870">
        <ele>498.191932</ele>
        <time>2026-09-25T09:59:45.396Z</time>
      </trkpt>
      <trkpt lat="49.380408" lon="10.402010">
        <ele>498.145070</ele>
        <time>2026-09-25T09:59:48.380Z</time>
      </trkpt>
      <trkpt lat="49.380472" lon="10.402131">
        <ele>498.104121</ele>
        <time>2026-09-25T09:59:51.452Z</time>
      </trkpt>
      <trkpt lat="49.380539" lon="10.402273">
        <ele>498.058058</ele>
        <time>2026-09-25T09:59:54.401Z</time>
      </trkpt>
      <trkpt lat="49.380603" lon="10.402398">
        <ele>498.016288</ele>
        <time>2026-09-25T09:59:57.387Z</time>
      </trkpt>
      <trkpt lat="49.380676" lon="10.402514">
        <ele>497.973912</ele>
        <time>2026-09-25T10:00:00.399Z</time>
      </trkpt>
      <trkpt lat="49.380756" lon="10.402642">
        <ele>497.927307</ele>
        <time>2026-09-25T10:00:03.426Z</time>
      </trkpt>
      <trkpt lat="49.380827" lon="10.402772">
        <ele>497.882737</ele>
        <time>2026-09-25T10:00:06.395Z</time>
      </trkpt>
      <trkpt lat="49.380898" lon="10.402903">
        <ele>497.837966</ele>
        <time>2026-09-25T10:00:09.388Z</time>
      </trkpt>
      <trkpt lat="49.380973" lon="10.403040">
        <ele>497.790950</ele>
        <time>2026-09-25T10:00:12.391Z</time>
      </trkpt>
      <trkpt lat="49.381043" lon="10.403183">
        <ele>497.743957</ele>
        <time>2026-09-25T10:00:15.387Z</time>
      </trkpt>
      <trkpt lat="49.381118" lon="10.403321">
        <ele>497.696740</ele>
        <time>2026-09-25T10:00:18.387Z</time>
      </trkpt>
      <trkpt lat="49.381198" lon="10.403454">
        <ele>497.649179</ele>
        <time>2026-09-25T10:00:21.402Z</time>
      </trkpt>
      <trkpt lat="49.381268" lon="10.403598">
        <ele>497.601976</ele>
        <time>2026-09-25T10:00:24.392Z</time>
      </trkpt>
      <trkpt lat="49.381345" lon="10.403742">
        <ele>497.518823</ele>
        <time>2026-09-25T10:00:27.387Z</time>
      </trkpt>
      <trkpt lat="49.381409" lon="10.403856">
        <ele>497.442888</ele>
        <time>2026-09-25T10:00:30.385Z</time>
      </trkpt>
      <trkpt lat="49.381475" lon="10.403968">
        <ele>497.366682</ele>
        <time>2026-09-25T10:00:33.409Z</time>
      </trkpt>
      <trkpt lat="49.381536" lon="10.404076">
        <ele>497.294556</ele>
        <time>2026-09-25T10:00:36.372Z</time>
      </trkpt>
      <trkpt lat="49.381602" lon="10.404200">
        <ele>497.213761</ele>
        <time>2026-09-25T10:00:39.373Z</time>
      </trkpt>
      <trkpt lat="49.381659" lon="10.404360">
        <ele>497.121756</ele>
        <time>2026-09-25T10:00:42.390Z</time>
      </trkpt>
      <trkpt lat="49.381704" lon="10.404502">
        <ele>497.042090</ele>
        <time>2026-09-25T10:00:45.376Z</time>
      </trkpt>
      <trkpt lat="49.381740" lon="10.404691">
        <ele>496.942753</ele>
        <time>2026-09-25T10:00:48.375Z</time>
      </trkpt>
      <trkpt lat="49.381761" lon="10.404850">
        <ele>496.860914</ele>
        <time>2026-09-25T10:00:51.397Z</time>
      </trkpt>
      <trkpt lat="49.381774" lon="10.405018">
        <ele>496.775571</ele>
        <time>2026-09-25T10:00:54.392Z</time>
      </trkpt>
      <trkpt lat="49.381778" lon="10.405206">
        <ele>496.680686</ele>
        <time>2026-09-25T10:00:57.389Z</time>
      </trkpt>
      <trkpt lat="49.381775" lon="10.405413">
        <ele>496.576241</ele>
        <time>2026-09-25T10:01:00.362Z</time>
      </trkpt>
      <trkpt lat="49.381767" lon="10.405555">
        <ele>496.504343</ele>
        <time>2026-09-25T10:01:02.385Z</time>
      </trkpt>
      <trkpt lat="49.381733" lon="10.405743">
        <ele>496.405917</ele>
        <time>2026-09-25T10:01:05.389Z</time>
      </trkpt>
      <trkpt lat="49.381678" lon="10.405915">
        <ele>496.309252</ele>
        <time>2026-09-25T10:01:08.408Z</time>
      </trkpt>
      <trkpt lat="49.381618" lon="10.406069">
        <ele>496.218719</ele>
        <time>2026-09-25T10:01:11.424Z</time>
      </trkpt>
      <trkpt lat="49.381530" lon="10.406221">
        <ele>496.015796</ele>
        <time>2026-09-25T10:01:14.398Z</time>
      </trkpt>
      <trkpt lat="49.381451" lon="10.406374">
        <ele>495.794384</ele>
        <time>2026-09-25T10:01:17.422Z</time>
      </trkpt>
      <trkpt lat="49.381361" lon="10.406518">
        <ele>495.568052</ele>
        <time>2026-09-25T10:01:20.417Z</time>
      </trkpt>
      <trkpt lat="49.381276" lon="10.406664">
        <ele>495.345977</ele>
        <time>2026-09-25T10:01:23.395Z</time>
      </trkpt>
      <trkpt lat="49.381194" lon="10.406811">
        <ele>495.126489</ele>
        <time>2026-09-25T10:01:26.383Z</time>
      </trkpt>
      <trkpt lat="49.381109" lon="10.406973">
        <ele>494.890580</ele>
        <time>2026-09-25T10:01:29.411Z</time>
      </trkpt>
      <trkpt lat="49.381047" lon="10.407103">
        <ele>494.707863</ele>
        <time>2026-09-25T10:01:32.375Z</time>
      </trkpt>
      <trkpt lat="49.380988" lon="10.407211">
        <ele>494.548008</ele>
        <time>2026-09-25T10:01:34.380Z</time>
      </trkpt>
      <trkpt lat="49.380894" lon="10.407337">
        <ele>494.330727</ele>
        <time>2026-09-25T10:01:37.387Z</time>
      </trkpt>
      <trkpt lat="49.380777" lon="10.407412">
        <ele>494.109927</ele>
        <time>2026-09-25T10:01:40.379Z</time>
      </trkpt>
      <trkpt lat="49.380688" lon="10.407469">
        <ele>493.941990</ele>
        <time>2026-09-25T10:01:42.391Z</time>
      </trkpt>
      <trkpt lat="49.380602" lon="10.407529">
        <ele>493.777486</ele>
        <time>2026-09-25T10:01:44.379Z</time>
      </trkpt>
      <trkpt lat="49.380488" lon="10.407614">
        <ele>493.556788</ele>
        <time>2026-09-25T10:01:47.380Z</time>
      </trkpt>
      <trkpt lat="49.380371" lon="10.407676">
        <ele>493.341235</ele>
        <time>2026-09-25T10:01:50.391Z</time>
      </trkpt>
      <trkpt lat="49.380265" lon="10.407725">
        <ele>493.148446</ele>
        <time>2026-09-25T10:01:53.411Z</time>
      </trkpt>
      <trkpt lat="49.380178" lon="10.407773">
        <ele>493.206864</ele>
        <time>2026-09-25T10:01:55.399Z</time>
      </trkpt>
      <trkpt lat="49.380067" lon="10.407826">
        <ele>493.584780</ele>
        <time>2026-09-25T10:01:58.381Z</time>
      </trkpt>
      <trkpt lat="49.379943" lon="10.407871">
        <ele>493.999026</ele>
        <time>2026-09-25T10:02:01.398Z</time>
      </trkpt>
      <trkpt lat="49.379839" lon="10.407916">
        <ele>494.350309</ele>
        <time>2026-09-25T10:02:04.391Z</time>
      </trkpt>
      <trkpt lat="49.379726" lon="10.407957">
        <ele>494.727804</ele>
        <time>2026-09-25T10:02:07.395Z</time>
      </trkpt>
      <trkpt lat="49.379634" lon="10.407989">
        <ele>495.034486</ele>
        <time>2026-09-25T10:02:10.386Z</time>
      </trkpt>
      <trkpt lat="49.379522" lon="10.408013">
        <ele>495.402145</ele>
        <time>2026-09-25T10:02:13.388Z</time>
      </trkpt>
      <trkpt lat="49.379410" lon="10.408038">
        <ele>495.770103</ele>
        <time>2026-09-25T10:02:17.391Z</time>
      </trkpt>
      <trkpt lat="49.379321" lon="10.408078">
        <ele>496.071591</ele>
        <time>2026-09-25T10:02:21.383Z</time>
      </trkpt>
      <trkpt lat="49.379231" lon="10.408106">
        <ele>496.370140</ele>
        <time>2026-09-25T10:02:24.384Z</time>
      </trkpt>
      <trkpt lat="49.379141" lon="10.408116">
        <ele>496.663511</ele>
        <time>2026-09-25T10:02:27.389Z</time>
      </trkpt>
      <trkpt lat="49.379025" lon="10.408135">
        <ele>497.042787</ele>
        <time>2026-09-25T10:02:30.377Z</time>
      </trkpt>
      <trkpt lat="49.378925" lon="10.408169">
        <ele>497.375776</ele>
        <time>2026-09-25T10:02:33.395Z</time>
      </trkpt>
      <trkpt lat="49.378824" lon="10.408213">
        <ele>497.717098</ele>
        <time>2026-09-25T10:02:37.376Z</time>
      </trkpt>
      <trkpt lat="49.378724" lon="10.408263">
        <ele>498.059009</ele>
        <time>2026-09-25T10:02:40.365Z</time>
      </trkpt>
      <trkpt lat="49.378601" lon="10.408290">
        <ele>498.462968</ele>
        <time>2026-09-25T10:02:43.376Z</time>
      </trkpt>
      <trkpt lat="49.378503" lon="10.408331">
        <ele>498.793192</ele>
        <time>2026-09-25T10:02:46.380Z</time>
      </trkpt>
      <trkpt lat="49.378403" lon="10.408374">
        <ele>498.969765</ele>
        <time>2026-09-25T10:02:49.393Z</time>
      </trkpt>
      <trkpt lat="49.378294" lon="10.408436">
        <ele>499.069898</ele>
        <time>2026-09-25T10:02:52.379Z</time>
      </trkpt>
      <trkpt lat="49.378196" lon="10.408478">
        <ele>499.157548</ele>
        <time>2026-09-25T10:02:55.375Z</time>
      </trkpt>
      <trkpt lat="49.378088" lon="10.408509">
        <ele>499.252198</ele>
        <time>2026-09-25T10:02:58.386Z</time>
      </trkpt>
      <trkpt lat="49.377997" lon="10.408535">
        <ele>499.331937</ele>
        <time>2026-09-25T10:03:01.405Z</time>
      </trkpt>
      <trkpt lat="49.377901" lon="10.408573">
        <ele>499.417341</ele>
        <time>2026-09-25T10:03:04.397Z</time>
      </trkpt>
      <trkpt lat="49.377783" lon="10.408587">
        <ele>499.519298</ele>
        <time>2026-09-25T10:03:08.395Z</time>
      </trkpt>
      <trkpt lat="49.377695" lon="10.408620">
        <ele>499.597335</ele>
        <time>2026-09-25T10:03:11.392Z</time>
      </trkpt>
      <trkpt lat="49.377596" lon="10.408666">
        <ele>499.686439</ele>
        <time>2026-09-25T10:03:14.396Z</time>
      </trkpt>
      <trkpt lat="49.377483" lon="10.408699">
        <ele>499.785530</ele>
        <time>2026-09-25T10:03:18.390Z</time>
      </trkpt>
      <trkpt lat="49.377391" lon="10.408728">
        <ele>499.866437</ele>
        <time>2026-09-25T10:03:21.381Z</time>
      </trkpt>
      <trkpt lat="49.377274" lon="10.408771">
        <ele>499.970076</ele>
        <time>2026-09-25T10:03:25.402Z</time>
      </trkpt>
      <trkpt lat="49.377183" lon="10.408799">
        <ele>500.050028</ele>
        <time>2026-09-25T10:03:28.383Z</time>
      </trkpt>
      <trkpt lat="49.377093" lon="10.408822">
        <ele>500.128627</ele>
        <time>2026-09-25T10:03:31.412Z</time>
      </trkpt>
      <trkpt lat="49.376977" lon="10.408806">
        <ele>500.228960</ele>
        <time>2026-09-25T10:03:35.391Z</time>
      </trkpt>
      <trkpt lat="49.376878" lon="10.408776">
        <ele>500.315890</ele>
        <time>2026-09-25T10:03:38.386Z</time>
      </trkpt>
      <trkpt lat="49.376793" lon="10.408724">
        <ele>500.394711</ele>
        <time>2026-09-25T10:03:41.383Z</time>
      </trkpt>
      <trkpt lat="49.376700" lon="10.408654">
        <ele>500.412889</ele>
        <time>2026-09-25T10:03:44.386Z</time>
      </trkpt>
      <trkpt lat="49.376622" lon="10.408553">
        <ele>500.226113</ele>
        <time>2026-09-25T10:03:47.385Z</time>
      </trkpt>
      <trkpt lat="49.376542" lon="10.408415">
        <ele>500.005866</ele>
        <time>2026-09-25T10:03:50.393Z</time>
      </trkpt>
      <trkpt lat="49.376465" lon="10.408275">
        <ele>499.787416</ele>
        <time>2026-09-25T10:03:53.388Z</time>
      </trkpt>
      <trkpt lat="49.376412" lon="10.408145">
        <ele>499.604586</ele>
        <time>2026-09-25T10:03:56.386Z</time>
      </trkpt>
      <trkpt lat="49.376354" lon="10.408039">
        <ele>499.439543</ele>
        <time>2026-09-25T10:03:59.406Z</time>
      </trkpt>
      <trkpt lat="49.376286" lon="10.407907">
        <ele>499.238907</ele>
        <time>2026-09-25T10:04:02.402Z</time>
      </trkpt>
      <trkpt lat="49.376223" lon="10.407785">
        <ele>499.053298</ele>
        <time>2026-09-25T10:04:05.416Z</time>
      </trkpt>
      <trkpt lat="49.376164" lon="10.407645">
        <ele>498.854513</ele>
        <time>2026-09-25T10:04:08.371Z</time>
      </trkpt>
      <trkpt lat="49.376109" lon="10.407514">
        <ele>498.668712</ele>
        <time>2026-09-25T10:04:11.386Z</time>
      </trkpt>
      <trkpt lat="49.376038" lon="10.407379">
        <ele>498.461853</ele>
        <time>2026-09-25T10:04:15.394Z</time>
      </trkpt>
      <trkpt lat="49.375971" lon="10.407267">
        <ele>498.280555</ele>
        <time>2026-09-25T10:04:18.386Z</time>
      </trkpt>
      <trkpt lat="49.375915" lon="10.407150">
        <ele>498.107463</ele>
        <time>2026-09-25T10:04:21.388Z</time>
      </trkpt>
      <trkpt lat="49.375856" lon="10.407039">
        <ele>497.936660</ele>
        <time>2026-09-25T10:04:24.406Z</time>
      </trkpt>
      <trkpt lat="49.375784" lon="10.406920">
        <ele>497.743021</ele>
        <time>2026-09-25T10:04:27.422Z</time>
      </trkpt>
      <trkpt lat="49.375716" lon="10.406806">
        <ele>497.558729</ele>
        <time>2026-09-25T10:04:30.381Z</time>
      </trkpt>
      <trkpt lat="49.375633" lon="10.406683">
        <ele>497.347575</ele>
        <time>2026-09-25T10:04:33.388Z</time>
      </trkpt>
      <trkpt lat="49.375545" lon="10.406580">
        <ele>497.156119</ele>
        <time>2026-09-25T10:04:36.384Z</time>
      </trkpt>
      <trkpt lat="49.375456" lon="10.406453">
        <ele>497.039694</ele>
        <time>2026-09-25T10:04:39.395Z</time>
      </trkpt>
      <trkpt lat="49.375366" lon="10.406362">
        <ele>496.936430</ele>
        <time>2026-09-25T10:04:42.386Z</time>
      </trkpt>
      <trkpt lat="49.375273" lon="10.406272">
        <ele>496.831086</ele>
        <time>2026-09-25T10:04:45.392Z</time>
      </trkpt>
      <trkpt lat="49.375188" lon="10.406186">
        <ele>496.733540</ele>
        <time>2026-09-25T10:04:48.383Z</time>
      </trkpt>
      <trkpt lat="49.375095" lon="10.406100">
        <ele>496.629505</ele>
        <time>2026-09-25T10:04:51.388Z</time>
      </trkpt>
      <trkpt lat="49.374999" lon="10.406028">
        <ele>496.527120</ele>
        <time>2026-09-25T10:04:54.394Z</time>
      </trkpt>
      <trkpt lat="49.374912" lon="10.405983">
        <ele>496.439143</ele>
        <time>2026-09-25T10:04:57.385Z</time>
      </trkpt>
      <trkpt lat="49.374805" lon="10.405933">
        <ele>496.331958</ele>
        <time>2026-09-25T10:05:00.389Z</time>
      </trkpt>
      <trkpt lat="49.374707" lon="10.405906">
        <ele>496.236541</ele>
        <time>2026-09-25T10:05:03.402Z</time>
      </trkpt>
      <trkpt lat="49.374589" lon="10.405867">
        <ele>496.120867</ele>
        <time>2026-09-25T10:05:06.412Z</time>
      </trkpt>
      <trkpt lat="49.374485" lon="10.405842">
        <ele>496.019986</ele>
        <time>2026-09-25T10:05:09.394Z</time>
      </trkpt>
      <trkpt lat="49.374377" lon="10.405797">
        <ele>495.912743</ele>
        <time>2026-09-25T10:05:12.382Z</time>
      </trkpt>
      <trkpt lat="49.374270" lon="10.405710">
        <ele>495.796716</ele>
        <time>2026-09-25T10:05:15.412Z</time>
      </trkpt>
      <trkpt lat="49.374174" lon="10.405582">
        <ele>495.674881</ele>
        <time>2026-09-25T10:05:18.423Z</time>
      </trkpt>
      <trkpt lat="49.374095" lon="10.405433">
        <ele>495.554980</ele>
        <time>2026-09-25T10:05:21.386Z</time>
      </trkpt>
      <trkpt lat="49.374037" lon="10.405287">
        <ele>495.448258</ele>
        <time>2026-09-25T10:05:24.385Z</time>
      </trkpt>
      <trkpt lat="49.373987" lon="10.405120">
        <ele>495.563707</ele>
        <time>2026-09-25T10:05:27.389Z</time>
      </trkpt>
      <trkpt lat="49.373932" lon="10.404887">
        <ele>495.729628</ele>
        <time>2026-09-25T10:05:30.420Z</time>
      </trkpt>
      <trkpt lat="49.373894" lon="10.404749">
        <ele>495.829938</ele>
        <time>2026-09-25T10:05:32.384Z</time>
      </trkpt>
      <trkpt lat="49.373850" lon="10.404580">
        <ele>495.951789</ele>
        <time>2026-09-25T10:05:35.390Z</time>
      </trkpt>
      <trkpt lat="49.373819" lon="10.404450">
        <ele>496.044473</ele>
        <time>2026-09-25T10:05:37.384Z</time>
      </trkpt>
      <trkpt lat="49.373781" lon="10.404294">
        <ele>496.155981</ele>
        <time>2026-09-25T10:05:39.381Z</time>
      </trkpt>
      <trkpt lat="49.373722" lon="10.404111">
        <ele>496.292691</ele>
        <time>2026-09-25T10:05:42.399Z</time>
      </trkpt>
      <trkpt lat="49.373665" lon="10.403933">
        <ele>496.425490</ele>
        <time>2026-09-25T10:05:45.384Z</time>
      </trkpt>
      <trkpt lat="49.373608" lon="10.403783">
        <ele>496.541763</ele>
        <time>2026-09-25T10:05:48.380Z</time>
      </trkpt>
      <trkpt lat="49.373544" lon="10.403616">
        <ele>496.671493</ele>
        <time>2026-09-25T10:05:51.412Z</time>
      </trkpt>
      <trkpt lat="49.373466" lon="10.403451">
        <ele>496.808001</ele>
        <time>2026-09-25T10:05:54.393Z</time>
      </trkpt>
      <trkpt lat="49.373380" lon="10.403293">
        <ele>496.945869</ele>
        <time>2026-09-25T10:05:57.388Z</time>
      </trkpt>
      <trkpt lat="49.373324" lon="10.403176">
        <ele>497.043085</ele>
        <time>2026-09-25T10:05:59.416Z</time>
      </trkpt>
      <trkpt lat="49.373240" lon="10.403032">
        <ele>497.172520</ele>
        <time>2026-09-25T10:06:02.399Z</time>
      </trkpt>
      <trkpt lat="49.373138" lon="10.402898">
        <ele>497.328176</ele>
        <time>2026-09-25T10:06:05.410Z</time>
      </trkpt>
      <trkpt lat="49.373061" lon="10.402809">
        <ele>497.532616</ele>
        <time>2026-09-25T10:06:07.382Z</time>
      </trkpt>
      <trkpt lat="49.372978" lon="10.402720">
        <ele>497.747364</ele>
        <time>2026-09-25T10:06:09.383Z</time>
      </trkpt>
      <trkpt lat="49.372874" lon="10.402606">
        <ele>498.018422</ele>
        <time>2026-09-25T10:06:12.395Z</time>
      </trkpt>
      <trkpt lat="49.372792" lon="10.402535">
        <ele>498.218119</ele>
        <time>2026-09-25T10:06:14.378Z</time>
      </trkpt>
      <trkpt lat="49.372676" lon="10.402457">
        <ele>498.486755</ele>
        <time>2026-09-25T10:06:17.401Z</time>
      </trkpt>
      <trkpt lat="49.372566" lon="10.402368">
        <ele>498.750512</ele>
        <time>2026-09-25T10:06:20.446Z</time>
      </trkpt>
      <trkpt lat="49.372461" lon="10.402269">
        <ele>499.011888</ele>
        <time>2026-09-25T10:06:23.379Z</time>
      </trkpt>
      <trkpt lat="49.372366" lon="10.402182">
        <ele>499.246532</ele>
        <time>2026-09-25T10:06:26.383Z</time>
      </trkpt>
      <trkpt lat="49.372274" lon="10.402090">
        <ele>499.479429</ele>
        <time>2026-09-25T10:06:29.367Z</time>
      </trkpt>
      <trkpt lat="49.372178" lon="10.402015">
        <ele>499.707920</ele>
        <time>2026-09-25T10:06:32.383Z</time>
      </trkpt>
      <trkpt lat="49.372069" lon="10.401915">
        <ele>499.977270</ele>
        <time>2026-09-25T10:06:35.391Z</time>
      </trkpt>
      <trkpt lat="49.371968" lon="10.401824">
        <ele>500.225684</ele>
        <time>2026-09-25T10:06:38.390Z</time>
      </trkpt>
      <trkpt lat="49.371877" lon="10.401743">
        <ele>500.448812</ele>
        <time>2026-09-25T10:06:41.390Z</time>
      </trkpt>
      <trkpt lat="49.371786" lon="10.401675">
        <ele>500.663500</ele>
        <time>2026-09-25T10:06:44.379Z</time>
      </trkpt>
      <trkpt lat="49.371709" lon="10.401600">
        <ele>500.856931</ele>
        <time>2026-09-25T10:06:46.391Z</time>
      </trkpt>
      <trkpt lat="49.371603" lon="10.401513">
        <ele>501.109042</ele>
        <time>2026-09-25T10:06:49.411Z</time>
      </trkpt>
      <trkpt lat="49.371504" lon="10.401450">
        <ele>501.056084</ele>
        <time>2026-09-25T10:06:52.383Z</time>
      </trkpt>
      <trkpt lat="49.371414" lon="10.401377">
        <ele>501.005785</ele>
        <time>2026-09-25T10:06:55.382Z</time>
      </trkpt>
      <trkpt lat="49.371315" lon="10.401285">
        <ele>500.948602</ele>
        <time>2026-09-25T10:06:58.381Z</time>
      </trkpt>
      <trkpt lat="49.371229" lon="10.401205">
        <ele>500.898913</ele>
        <time>2026-09-25T10:07:01.420Z</time>
      </trkpt>
      <trkpt lat="49.371134" lon="10.401131">
        <ele>500.846273</ele>
        <time>2026-09-25T10:07:04.387Z</time>
      </trkpt>
      <trkpt lat="49.371045" lon="10.401065">
        <ele>500.797431</ele>
        <time>2026-09-25T10:07:07.457Z</time>
      </trkpt>
      <trkpt lat="49.370965" lon="10.401001">
        <ele>500.752854</ele>
        <time>2026-09-25T10:07:10.369Z</time>
      </trkpt>
      <trkpt lat="49.370870" lon="10.400929">
        <ele>500.700501</ele>
        <time>2026-09-25T10:07:13.374Z</time>
      </trkpt>
      <trkpt lat="49.370783" lon="10.400861">
        <ele>500.652259</ele>
        <time>2026-09-25T10:07:16.372Z</time>
      </trkpt>
      <trkpt lat="49.370679" lon="10.400786">
        <ele>500.595480</ele>
        <time>2026-09-25T10:07:19.403Z</time>
      </trkpt>
      <trkpt lat="49.370585" lon="10.400700">
        <ele>500.541408</ele>
        <time>2026-09-25T10:07:22.378Z</time>
      </trkpt>
      <trkpt lat="49.370488" lon="10.400631">
        <ele>500.488580</ele>
        <time>2026-09-25T10:07:25.393Z</time>
      </trkpt>
      <trkpt lat="49.370393" lon="10.400572">
        <ele>500.437939</ele>
        <time>2026-09-25T10:07:28.385Z</time>
      </trkpt>
      <trkpt lat="49.370304" lon="10.400507">
        <ele>500.389237</ele>
        <time>2026-09-25T10:07:31.403Z</time>
      </trkpt>
      <trkpt lat="49.370216" lon="10.400446">
        <ele>500.341524</ele>
        <time>2026-09-25T10:07:34.374Z</time>
      </trkpt>
      <trkpt lat="49.370120" lon="10.400366">
        <ele>500.287548</ele>
        <time>2026-09-25T10:07:37.383Z</time>
      </trkpt>
      <trkpt lat="49.370022" lon="10.400294">
        <ele>500.233861</ele>
        <time>2026-09-25T10:07:40.401Z</time>
      </trkpt>
      <trkpt lat="49.369935" lon="10.400241">
        <ele>500.134082</ele>
        <time>2026-09-25T10:07:43.383Z</time>
      </trkpt>
      <trkpt lat="49.369824" lon="10.400158">
        <ele>499.974464</ele>
        <time>2026-09-25T10:07:46.388Z</time>
      </trkpt>
      <trkpt lat="49.369721" lon="10.400092">
        <ele>499.830169</ele>
        <time>2026-09-25T10:07:49.408Z</time>
      </trkpt>
      <trkpt lat="49.369621" lon="10.400040">
        <ele>499.693670</ele>
        <time>2026-09-25T10:07:52.393Z</time>
      </trkpt>
      <trkpt lat="49.369515" lon="10.399985">
        <ele>499.549014</ele>
        <time>2026-09-25T10:07:55.392Z</time>
      </trkpt>
      <trkpt lat="49.369395" lon="10.399927">
        <ele>499.386365</ele>
        <time>2026-09-25T10:07:58.396Z</time>
      </trkpt>
      <trkpt lat="49.369279" lon="10.399875">
        <ele>499.230131</ele>
        <time>2026-09-25T10:08:01.375Z</time>
      </trkpt>
      <trkpt lat="49.369169" lon="10.399834">
        <ele>499.083785</ele>
        <time>2026-09-25T10:08:04.372Z</time>
      </trkpt>
      <trkpt lat="49.369061" lon="10.399796">
        <ele>498.940536</ele>
        <time>2026-09-25T10:08:07.446Z</time>
      </trkpt>
      <trkpt lat="49.368946" lon="10.399769">
        <ele>498.790126</ele>
        <time>2026-09-25T10:08:10.386Z</time>
      </trkpt>
      <trkpt lat="49.368825" lon="10.399743">
        <ele>498.632164</ele>
        <time>2026-09-25T10:08:13.388Z</time>
      </trkpt>
      <trkpt lat="49.368707" lon="10.399737">
        <ele>498.479520</ele>
        <time>2026-09-25T10:08:16.383Z</time>
      </trkpt>
      <trkpt lat="49.368597" lon="10.399726">
        <ele>498.337001</ele>
        <time>2026-09-25T10:08:19.414Z</time>
      </trkpt>
      <trkpt lat="49.368487" lon="10.399725">
        <ele>498.194782</ele>
        <time>2026-09-25T10:08:22.392Z</time>
      </trkpt>
      <trkpt lat="49.368382" lon="10.399732">
        <ele>498.058901</ele>
        <time>2026-09-25T10:08:25.383Z</time>
      </trkpt>
      <trkpt lat="49.368271" lon="10.399726">
        <ele>497.915302</ele>
        <time>2026-09-25T10:08:28.385Z</time>
      </trkpt>
      <trkpt lat="49.368159" lon="10.399727">
        <ele>497.802076</ele>
        <time>2026-09-25T10:08:31.380Z</time>
      </trkpt>
      <trkpt lat="49.368051" lon="10.399717">
        <ele>497.697589</ele>
        <time>2026-09-25T10:08:34.398Z</time>
      </trkpt>
      <trkpt lat="49.367941" lon="10.399717">
        <ele>497.591360</ele>
        <time>2026-09-25T10:08:37.385Z</time>
      </trkpt>
      <trkpt lat="49.367829" lon="10.399731">
        <ele>497.482842</ele>
        <time>2026-09-25T10:08:40.382Z</time>
      </trkpt>
      <trkpt lat="49.367719" lon="10.399741">
        <ele>497.376427</ele>
        <time>2026-09-25T10:08:43.384Z</time>
      </trkpt>
      <trkpt lat="49.367618" lon="10.399745">
        <ele>497.278857</ele>
        <time>2026-09-25T10:08:46.393Z</time>
      </trkpt>
      <trkpt lat="49.367518" lon="10.399748">
        <ele>497.182267</ele>
        <time>2026-09-25T10:08:49.395Z</time>
      </trkpt>
      <trkpt lat="49.367401" lon="10.399760">
        <ele>497.069026</ele>
        <time>2026-09-25T10:08:52.392Z</time>
      </trkpt>
      <trkpt lat="49.367279" lon="10.399774">
        <ele>496.950880</ele>
        <time>2026-09-25T10:08:55.405Z</time>
      </trkpt>
      <trkpt lat="49.367144" lon="10.399783">
        <ele>496.820386</ele>
        <time>2026-09-25T10:08:58.392Z</time>
      </trkpt>
      <trkpt lat="49.367048" lon="10.399784">
        <ele>496.727674</ele>
        <time>2026-09-25T10:09:00.392Z</time>
      </trkpt>
      <trkpt lat="49.366952" lon="10.399785">
        <ele>496.634963</ele>
        <time>2026-09-25T10:09:02.387Z</time>
      </trkpt>
      <trkpt lat="49.366854" lon="10.399782">
        <ele>496.540304</ele>
        <time>2026-09-25T10:09:04.391Z</time>
      </trkpt>
      <trkpt lat="49.366747" lon="10.399773">
        <ele>496.436818</ele>
        <time>2026-09-25T10:09:06.387Z</time>
      </trkpt>
      <trkpt lat="49.366644" lon="10.399755">
        <ele>496.336707</ele>
        <time>2026-09-25T10:09:08.388Z</time>
      </trkpt>
      <trkpt lat="49.366552" lon="10.399723">
        <ele>496.245610</ele>
        <time>2026-09-25T10:09:10.382Z</time>
      </trkpt>
      <trkpt lat="49.366427" lon="10.399659">
        <ele>496.212720</ele>
        <time>2026-09-25T10:09:13.382Z</time>
      </trkpt>
      <trkpt lat="49.366344" lon="10.399600">
        <ele>496.333026</ele>
        <time>2026-09-25T10:09:15.409Z</time>
      </trkpt>
      <trkpt lat="49.366259" lon="10.399517">
        <ele>496.465522</ele>
        <time>2026-09-25T10:09:17.390Z</time>
      </trkpt>
      <trkpt lat="49.366130" lon="10.399458">
        <ele>496.642571</ele>
        <time>2026-09-25T10:09:20.393Z</time>
      </trkpt>
      <trkpt lat="49.366040" lon="10.399501">
        <ele>496.766551</ele>
        <time>2026-09-25T10:09:22.378Z</time>
      </trkpt>
      <trkpt lat="49.366026" lon="10.399648">
        <ele>496.893810</ele>
        <time>2026-09-25T10:09:24.368Z</time>
      </trkpt>
      <trkpt lat="49.366035" lon="10.399824">
        <ele>497.045035</ele>
        <time>2026-09-25T10:09:27.375Z</time>
      </trkpt>
      <trkpt lat="49.366047" lon="10.399963">
        <ele>497.165144</ele>
        <time>2026-09-25T10:09:30.385Z</time>
      </trkpt>
      <trkpt lat="49.366042" lon="10.400119">
        <ele>497.298935</ele>
        <time>2026-09-25T10:09:34.384Z</time>
      </trkpt>
      <trkpt lat="49.366052" lon="10.400291">
        <ele>497.446855</ele>
        <time>2026-09-25T10:09:39.383Z</time>
      </trkpt>
      <trkpt lat="49.366048" lon="10.400457">
        <ele>497.589147</ele>
        <time>2026-09-25T10:09:43.388Z</time>
      </trkpt>
      <trkpt lat="49.366002" lon="10.400594">
        <ele>497.721181</ele>
        <time>2026-09-25T10:09:46.372Z</time>
      </trkpt>
      <trkpt lat="49.365910" lon="10.400647">
        <ele>497.850431</ele>
        <time>2026-09-25T10:09:50.405Z</time>
      </trkpt>
      <trkpt lat="49.365794" lon="10.400658">
        <ele>498.003303</ele>
        <time>2026-09-25T10:09:53.387Z</time>
      </trkpt>
      <trkpt lat="49.365686" lon="10.400661">
        <ele>498.145386</ele>
        <time>2026-09-25T10:09:55.387Z</time>
      </trkpt>
      <trkpt lat="49.365561" lon="10.400663">
        <ele>498.309815</ele>
        <time>2026-09-25T10:09:57.399Z</time>
      </trkpt>
      <trkpt lat="49.365422" lon="10.400673">
        <ele>498.492851</ele>
        <time>2026-09-25T10:09:59.405Z</time>
      </trkpt>
      <trkpt lat="49.365300" lon="10.400688">
        <ele>498.154922</ele>
        <time>2026-09-25T10:10:01.401Z</time>
      </trkpt>
      <trkpt lat="49.365158" lon="10.400700">
        <ele>497.622188</ele>
        <time>2026-09-25T10:10:03.402Z</time>
      </trkpt>
      <trkpt lat="49.365022" lon="10.400729">
        <ele>497.107846</ele>
        <time>2026-09-25T10:10:05.406Z</time>
      </trkpt>
      <trkpt lat="49.364892" lon="10.400753">
        <ele>496.617362</ele>
        <time>2026-09-25T10:10:07.404Z</time>
      </trkpt>
      <trkpt lat="49.364797" lon="10.400768">
        <ele>496.259617</ele>
        <time>2026-09-25T10:10:09.408Z</time>
      </trkpt>
      <trkpt lat="49.364692" lon="10.400778">
        <ele>495.865534</ele>
        <time>2026-09-25T10:10:11.383Z</time>
      </trkpt>
      <trkpt lat="49.364593" lon="10.400793">
        <ele>495.492880</ele>
        <time>2026-09-25T10:10:13.398Z</time>
      </trkpt>
      <trkpt lat="49.364466" lon="10.400803">
        <ele>495.016516</ele>
        <time>2026-09-25T10:10:16.383Z</time>
      </trkpt>
      <trkpt lat="49.364367" lon="10.400814">
        <ele>494.644694</ele>
        <time>2026-09-25T10:10:19.422Z</time>
      </trkpt>
      <trkpt lat="49.364262" lon="10.400827">
        <ele>494.250090</ele>
        <time>2026-09-25T10:10:22.393Z</time>
      </trkpt>
      <trkpt lat="49.364161" lon="10.400847">
        <ele>493.868613</ele>
        <time>2026-09-25T10:10:25.392Z</time>
      </trkpt>
      <trkpt lat="49.364049" lon="10.400869">
        <ele>493.445644</ele>
        <time>2026-09-25T10:10:28.387Z</time>
      </trkpt>
      <trkpt lat="49.363937" lon="10.400908">
        <ele>493.015442</ele>
        <time>2026-09-25T10:10:31.382Z</time>
      </trkpt>
      <trkpt lat="49.363816" lon="10.400970">
        <ele>492.537607</ele>
        <time>2026-09-25T10:10:34.394Z</time>
      </trkpt>
      <trkpt lat="49.363726" lon="10.401008">
        <ele>492.187956</ele>
        <time>2026-09-25T10:10:37.383Z</time>
      </trkpt>
      <trkpt lat="49.363602" lon="10.401089">
        <ele>491.853304</ele>
        <time>2026-09-25T10:10:40.386Z</time>
      </trkpt>
      <trkpt lat="49.363505" lon="10.401167">
        <ele>492.118497</ele>
        <time>2026-09-25T10:10:42.393Z</time>
      </trkpt>
      <trkpt lat="49.363378" lon="10.401260">
        <ele>492.459270</ele>
        <time>2026-09-25T10:10:45.390Z</time>
      </trkpt>
      <trkpt lat="49.363288" lon="10.401326">
        <ele>492.700828</ele>
        <time>2026-09-25T10:10:47.376Z</time>
      </trkpt>
      <trkpt lat="49.363196" lon="10.401398">
        <ele>492.950919</ele>
        <time>2026-09-25T10:10:49.396Z</time>
      </trkpt>
      <trkpt lat="49.363117" lon="10.401496">
        <ele>493.196891</ele>
        <time>2026-09-25T10:10:52.382Z</time>
      </trkpt>
      <trkpt lat="49.363020" lon="10.401484">
        <ele>493.432580</ele>
        <time>2026-09-25T10:11:51.387Z</time>
      </trkpt>
      <trkpt lat="49.362918" lon="10.401543">
        <ele>493.696565</ele>
        <time>2026-09-25T10:11:57.400Z</time>
      </trkpt>
      <trkpt lat="49.362826" lon="10.401557">
        <ele>493.920474</ele>
        <time>2026-09-25T10:12:00.409Z</time>
      </trkpt>
      <trkpt lat="49.362735" lon="10.401525">
        <ele>494.146577</ele>
        <time>2026-09-25T10:12:03.388Z</time>
      </trkpt>
      <trkpt lat="49.362647" lon="10.401473">
        <ele>494.374945</ele>
        <time>2026-09-25T10:12:06.403Z</time>
      </trkpt>
      <trkpt lat="49.362551" lon="10.401370">
        <ele>494.658589</ele>
        <time>2026-09-25T10:12:10.410Z</time>
      </trkpt>
      <trkpt lat="49.362465" lon="10.401260">
        <ele>494.929675</ele>
        <time>2026-09-25T10:12:14.392Z</time>
      </trkpt>
      <trkpt lat="49.362374" lon="10.401156">
        <ele>495.204420</ele>
        <time>2026-09-25T10:12:18.381Z</time>
      </trkpt>
      <trkpt lat="49.362287" lon="10.401043">
        <ele>495.480405</ele>
        <time>2026-09-25T10:12:22.375Z</time>
      </trkpt>
      <trkpt lat="49.362202" lon="10.400937">
        <ele>495.745613</ele>
        <time>2026-09-25T10:12:26.393Z</time>
      </trkpt>
      <trkpt lat="49.362106" lon="10.400828">
        <ele>496.034783</ele>
        <time>2026-09-25T10:12:30.401Z</time>
      </trkpt>
      <trkpt lat="49.362021" lon="10.400741">
        <ele>496.018021</ele>
        <time>2026-09-25T10:12:33.382Z</time>
      </trkpt>
      <trkpt lat="49.361932" lon="10.400664">
        <ele>495.796898</ele>
        <time>2026-09-25T10:12:36.412Z</time>
      </trkpt>
      <trkpt lat="49.361834" lon="10.400595">
        <ele>495.563531</ele>
        <time>2026-09-25T10:12:39.402Z</time>
      </trkpt>
      <trkpt lat="49.361735" lon="10.400560">
        <ele>495.343632</ele>
        <time>2026-09-25T10:12:42.412Z</time>
      </trkpt>
      <trkpt lat="49.361637" lon="10.400555">
        <ele>495.131387</ele>
        <time>2026-09-25T10:12:45.407Z</time>
      </trkpt>
      <trkpt lat="49.361533" lon="10.400563">
        <ele>494.905990</ele>
        <time>2026-09-25T10:12:48.397Z</time>
      </trkpt>
      <trkpt lat="49.361428" lon="10.400582">
        <ele>494.677137</ele>
        <time>2026-09-25T10:12:51.397Z</time>
      </trkpt>
      <trkpt lat="49.361299" lon="10.400596">
        <ele>494.397211</ele>
        <time>2026-09-25T10:12:54.403Z</time>
      </trkpt>
      <trkpt lat="49.361171" lon="10.400633">
        <ele>494.115279</ele>
        <time>2026-09-25T10:12:57.395Z</time>
      </trkpt>
      <trkpt lat="49.361056" lon="10.400683">
        <ele>493.856566</ele>
        <time>2026-09-25T10:13:00.358Z</time>
      </trkpt>
      <trkpt lat="49.360931" lon="10.400743">
        <ele>493.573082</ele>
        <time>2026-09-25T10:13:02.393Z</time>
      </trkpt>
      <trkpt lat="49.360796" lon="10.400804">
        <ele>493.268474</ele>
        <time>2026-09-25T10:13:04.379Z</time>
      </trkpt>
      <trkpt lat="49.360655" lon="10.400856">
        <ele>492.954589</ele>
        <time>2026-09-25T10:13:06.394Z</time>
      </trkpt>
      <trkpt lat="49.360500" lon="10.400909">
        <ele>492.610862</ele>
        <time>2026-09-25T10:13:08.384Z</time>
      </trkpt>
      <trkpt lat="49.360374" lon="10.400932">
        <ele>492.336206</ele>
        <time>2026-09-25T10:13:10.386Z</time>
      </trkpt>
      <trkpt lat="49.360270" lon="10.400990">
        <ele>492.438940</ele>
        <time>2026-09-25T10:13:50.390Z</time>
      </trkpt>
      <trkpt lat="49.360156" lon="10.400998">
        <ele>492.745517</ele>
        <time>2026-09-25T10:13:55.398Z</time>
      </trkpt>
      <trkpt lat="49.360045" lon="10.401002">
        <ele>493.043797</ele>
        <time>2026-09-25T10:13:58.372Z</time>
      </trkpt>
      <trkpt lat="49.359941" lon="10.401053">
        <ele>493.337095</ele>
        <time>2026-09-25T10:14:01.392Z</time>
      </trkpt>
      <trkpt lat="49.359829" lon="10.401151">
        <ele>493.683410</ele>
        <time>2026-09-25T10:14:04.378Z</time>
      </trkpt>
      <trkpt lat="49.359745" lon="10.401272">
        <ele>493.992841</ele>
        <time>2026-09-25T10:14:07.409Z</time>
      </trkpt>
      <trkpt lat="49.359674" lon="10.401390">
        <ele>494.273928</ele>
        <time>2026-09-25T10:14:10.375Z</time>
      </trkpt>
      <trkpt lat="49.359607" lon="10.401486">
        <ele>494.520125</ele>
        <time>2026-09-25T10:14:13.388Z</time>
      </trkpt>
      <trkpt lat="49.359540" lon="10.401597">
        <ele>494.784924</ele>
        <time>2026-09-25T10:14:16.383Z</time>
      </trkpt>
      <trkpt lat="49.359468" lon="10.401715">
        <ele>495.067842</ele>
        <time>2026-09-25T10:14:20.379Z</time>
      </trkpt>
      <trkpt lat="49.359384" lon="10.401821">
        <ele>495.359944</ele>
        <time>2026-09-25T10:14:24.384Z</time>
      </trkpt>
      <trkpt lat="49.359314" lon="10.401956">
        <ele>495.661873</ele>
        <time>2026-09-25T10:14:28.385Z</time>
      </trkpt>
      <trkpt lat="49.359245" lon="10.402091">
        <ele>495.962136</ele>
        <time>2026-09-25T10:14:32.418Z</time>
      </trkpt>
      <trkpt lat="49.359180" lon="10.402214">
        <ele>496.239284</ele>
        <time>2026-09-25T10:14:36.412Z</time>
      </trkpt>
      <trkpt lat="49.359111" lon="10.402340">
        <ele>496.527323</ele>
        <time>2026-09-25T10:14:40.413Z</time>
      </trkpt>
      <trkpt lat="49.359038" lon="10.402453">
        <ele>496.805808</ele>
        <time>2026-09-25T10:14:44.411Z</time>
      </trkpt>
      <trkpt lat="49.358969" lon="10.402596">
        <ele>497.228290</ele>
        <time>2026-09-25T10:14:48.409Z</time>
      </trkpt>
      <trkpt lat="49.358703" lon="10.402681">
        <ele>500.223643</ele>
        <time>2026-09-25T10:16:27.381Z</time>
      </trkpt>
      <trkpt lat="49.358521" lon="10.402751">
        <ele>502.292098</ele>
        <time>2026-09-25T10:16:29.370Z</time>
      </trkpt>
      <trkpt lat="49.358293" lon="10.402795">
        <ele>504.825458</ele>
        <time>2026-09-25T10:16:34.384Z</time>
      </trkpt>
      <trkpt lat="49.358085" lon="10.402836">
        <ele>507.137372</ele>
        <time>2026-09-25T10:16:38.376Z</time>
      </trkpt>
      <trkpt lat="49.357903" lon="10.402863">
        <ele>509.153173</ele>
        <time>2026-09-25T10:16:41.396Z</time>
      </trkpt>
      <trkpt lat="49.357695" lon="10.402919">
        <ele>511.481255</ele>
        <time>2026-09-25T10:16:44.389Z</time>
      </trkpt>
      <trkpt lat="49.357608" lon="10.402970">
        <ele>512.507920</ele>
        <time>2026-09-25T10:16:45.379Z</time>
      </trkpt>
      <trkpt lat="49.357524" lon="10.403032">
        <ele>513.535434</ele>
        <time>2026-09-25T10:16:46.388Z</time>
      </trkpt>
      <trkpt lat="49.357397" lon="10.403171">
        <ele>515.254891</ele>
        <time>2026-09-25T10:16:48.395Z</time>
      </trkpt>
      <trkpt lat="49.357279" lon="10.403320">
        <ele>516.899627</ele>
        <time>2026-09-25T10:16:50.376Z</time>
      </trkpt>
      <trkpt lat="49.357173" lon="10.403481">
        <ele>516.276151</ele>
        <time>2026-09-25T10:16:52.389Z</time>
      </trkpt>
      <trkpt lat="49.357078" lon="10.403654">
        <ele>515.659875</ele>
        <time>2026-09-25T10:16:54.383Z</time>
      </trkpt>
      <trkpt lat="49.357001" lon="10.403814">
        <ele>515.118068</ele>
        <time>2026-09-25T10:16:57.400Z</time>
      </trkpt>
      <trkpt lat="49.356914" lon="10.403974">
        <ele>514.550416</ele>
        <time>2026-09-25T10:16:59.403Z</time>
      </trkpt>
      <trkpt lat="49.356834" lon="10.404139">
        <ele>513.990197</ele>
        <time>2026-09-25T10:17:01.385Z</time>
      </trkpt>
      <trkpt lat="49.356757" lon="10.404309">
        <ele>513.426251</ele>
        <time>2026-09-25T10:17:03.397Z</time>
      </trkpt>
      <trkpt lat="49.356693" lon="10.404489">
        <ele>512.867727</ele>
        <time>2026-09-25T10:17:05.404Z</time>
      </trkpt>
      <trkpt lat="49.356634" lon="10.404654">
        <ele>512.355077</ele>
        <time>2026-09-25T10:17:07.382Z</time>
      </trkpt>
      <trkpt lat="49.356579" lon="10.404807">
        <ele>511.879123</ele>
        <time>2026-09-25T10:17:09.373Z</time>
      </trkpt>
      <trkpt lat="49.356534" lon="10.404947">
        <ele>511.453925</ele>
        <time>2026-09-25T10:17:11.394Z</time>
      </trkpt>
      <trkpt lat="49.356475" lon="10.405051">
        <ele>511.078301</ele>
        <time>2026-09-25T10:17:13.414Z</time>
      </trkpt>
      <trkpt lat="49.356422" lon="10.405191">
        <ele>510.637278</ele>
        <time>2026-09-25T10:17:16.392Z</time>
      </trkpt>
      <trkpt lat="49.356403" lon="10.405354">
        <ele>510.186284</ele>
        <time>2026-09-25T10:17:19.396Z</time>
      </trkpt>
      <trkpt lat="49.356373" lon="10.405518">
        <ele>509.722338</ele>
        <time>2026-09-25T10:17:22.403Z</time>
      </trkpt>
      <trkpt lat="49.356335" lon="10.405696">
        <ele>509.288338</ele>
        <time>2026-09-25T10:17:25.376Z</time>
      </trkpt>
      <trkpt lat="49.356303" lon="10.405886">
        <ele>508.983215</ele>
        <time>2026-09-25T10:17:28.388Z</time>
      </trkpt>
      <trkpt lat="49.356271" lon="10.406019">
        <ele>508.762773</ele>
        <time>2026-09-25T10:17:30.404Z</time>
      </trkpt>
      <trkpt lat="49.356243" lon="10.406158">
        <ele>508.536560</ele>
        <time>2026-09-25T10:17:32.404Z</time>
      </trkpt>
      <trkpt lat="49.356211" lon="10.406300">
        <ele>508.302941</ele>
        <time>2026-09-25T10:17:34.409Z</time>
      </trkpt>
      <trkpt lat="49.356186" lon="10.406448">
        <ele>508.065221</ele>
        <time>2026-09-25T10:17:36.394Z</time>
      </trkpt>
      <trkpt lat="49.356157" lon="10.406596">
        <ele>507.824927</ele>
        <time>2026-09-25T10:17:38.416Z</time>
      </trkpt>
      <trkpt lat="49.356132" lon="10.406749">
        <ele>507.579675</ele>
        <time>2026-09-25T10:17:40.395Z</time>
      </trkpt>
      <trkpt lat="49.356107" lon="10.406900">
        <ele>507.337437</ele>
        <time>2026-09-25T10:17:42.403Z</time>
      </trkpt>
      <trkpt lat="49.356091" lon="10.407052">
        <ele>507.098044</ele>
        <time>2026-09-25T10:17:44.402Z</time>
      </trkpt>
      <trkpt lat="49.356082" lon="10.407201">
        <ele>506.865387</ele>
        <time>2026-09-25T10:17:46.398Z</time>
      </trkpt>
      <trkpt lat="49.356076" lon="10.407342">
        <ele>506.645695</ele>
        <time>2026-09-25T10:17:48.392Z</time>
      </trkpt>
      <trkpt lat="49.356066" lon="10.407498">
        <ele>506.401977</ele>
        <time>2026-09-25T10:17:51.406Z</time>
      </trkpt>
      <trkpt lat="49.356019" lon="10.407657">
        <ele>506.130500</ele>
        <time>2026-09-25T10:17:55.386Z</time>
      </trkpt>
      <trkpt lat="49.355855" lon="10.408036">
        <ele>505.423054</ele>
        <time>2026-09-25T10:18:17.401Z</time>
      </trkpt>
      <trkpt lat="49.355770" lon="10.408172">
        <ele>505.130005</ele>
        <time>2026-09-25T10:18:20.404Z</time>
      </trkpt>
      <trkpt lat="49.355693" lon="10.408299">
        <ele>504.970922</ele>
        <time>2026-09-25T10:18:23.416Z</time>
      </trkpt>
      <trkpt lat="49.355619" lon="10.408439">
        <ele>504.822028</ele>
        <time>2026-09-25T10:18:26.391Z</time>
      </trkpt>
      <trkpt lat="49.355532" lon="10.408554">
        <ele>504.676473</ele>
        <time>2026-09-25T10:18:29.398Z</time>
      </trkpt>
      <trkpt lat="49.355455" lon="10.408681">
        <ele>504.533189</ele>
        <time>2026-09-25T10:18:32.401Z</time>
      </trkpt>
      <trkpt lat="49.355360" lon="10.408793">
        <ele>504.381326</ele>
        <time>2026-09-25T10:18:35.378Z</time>
      </trkpt>
      <trkpt lat="49.355279" lon="10.408933">
        <ele>504.226686</ele>
        <time>2026-09-25T10:18:38.394Z</time>
      </trkpt>
      <trkpt lat="49.355194" lon="10.409053">
        <ele>504.080280</ele>
        <time>2026-09-25T10:18:41.406Z</time>
      </trkpt>
      <trkpt lat="49.355110" lon="10.409155">
        <ele>503.944494</ele>
        <time>2026-09-25T10:18:44.392Z</time>
      </trkpt>
      <trkpt lat="49.355023" lon="10.409261">
        <ele>503.803676</ele>
        <time>2026-09-25T10:18:47.391Z</time>
      </trkpt>
      <trkpt lat="49.354926" lon="10.409376">
        <ele>503.648292</ele>
        <time>2026-09-25T10:18:50.422Z</time>
      </trkpt>
      <trkpt lat="49.354850" lon="10.409453">
        <ele>503.532844</ele>
        <time>2026-09-25T10:18:52.406Z</time>
      </trkpt>
      <trkpt lat="49.354769" lon="10.409515">
        <ele>503.418092</ele>
        <time>2026-09-25T10:18:54.369Z</time>
      </trkpt>
      <trkpt lat="49.354651" lon="10.409616">
        <ele>503.246804</ele>
        <time>2026-09-25T10:18:57.380Z</time>
      </trkpt>
      <trkpt lat="49.354536" lon="10.409717">
        <ele>503.078829</ele>
        <time>2026-09-25T10:19:00.375Z</time>
      </trkpt>
      <trkpt lat="49.354418" lon="10.409823">
        <ele>502.905493</ele>
        <time>2026-09-25T10:19:03.397Z</time>
      </trkpt>
      <trkpt lat="49.354339" lon="10.409900">
        <ele>502.872653</ele>
        <time>2026-09-25T10:19:05.378Z</time>
      </trkpt>
      <trkpt lat="49.354260" lon="10.409973">
        <ele>503.101074</ele>
        <time>2026-09-25T10:19:07.383Z</time>
      </trkpt>
      <trkpt lat="49.354182" lon="10.410048">
        <ele>503.329073</ele>
        <time>2026-09-25T10:19:09.378Z</time>
      </trkpt>
      <trkpt lat="49.354098" lon="10.410111">
        <ele>503.560669</ele>
        <time>2026-09-25T10:19:11.368Z</time>
      </trkpt>
      <trkpt lat="49.354012" lon="10.410185">
        <ele>503.804897</ele>
        <time>2026-09-25T10:19:13.374Z</time>
      </trkpt>
      <trkpt lat="49.353918" lon="10.410228">
        <ele>504.047879</ele>
        <time>2026-09-25T10:19:15.390Z</time>
      </trkpt>
      <trkpt lat="49.353831" lon="10.410285">
        <ele>504.282208</ele>
        <time>2026-09-25T10:19:17.390Z</time>
      </trkpt>
      <trkpt lat="49.353719" lon="10.410374">
        <ele>504.594629</ele>
        <time>2026-09-25T10:19:20.387Z</time>
      </trkpt>
      <trkpt lat="49.353630" lon="10.410413">
        <ele>504.823913</ele>
        <time>2026-09-25T10:19:23.386Z</time>
      </trkpt>
      <trkpt lat="49.353537" lon="10.410504">
        <ele>505.097118</ele>
        <time>2026-09-25T10:19:57.384Z</time>
      </trkpt>
      <trkpt lat="49.353456" lon="10.410580">
        <ele>505.332287</ele>
        <time>2026-09-25T10:20:02.380Z</time>
      </trkpt>
      <trkpt lat="49.353366" lon="10.410643">
        <ele>505.577326</ele>
        <time>2026-09-25T10:20:09.396Z</time>
      </trkpt>
      <trkpt lat="49.353257" lon="10.410572">
        <ele>505.870650</ele>
        <time>2026-09-25T10:20:17.431Z</time>
      </trkpt>
      <trkpt lat="49.353208" lon="10.410749">
        <ele>506.180995</ele>
        <time>2026-09-25T10:22:04.373Z</time>
      </trkpt>
      <trkpt lat="49.354019" lon="10.411175">
        <ele>506.653756</ele>
        <time>2026-09-25T11:03:00.422Z</time>
      </trkpt>
      <trkpt lat="49.354029" lon="10.411003">
        <ele>506.487048</ele>
        <time>2026-09-25T11:03:05.410Z</time>
      </trkpt>
      <trkpt lat="49.353971" lon="10.410859">
        <ele>506.323602</ele>
        <time>2026-09-25T11:03:09.379Z</time>
      </trkpt>
      <trkpt lat="49.353922" lon="10.410726">
        <ele>506.176091</ele>
        <time>2026-09-25T11:03:12.382Z</time>
      </trkpt>
      <trkpt lat="49.353867" lon="10.410602">
        <ele>506.031264</ele>
        <time>2026-09-25T11:03:15.395Z</time>
      </trkpt>
      <trkpt lat="49.353840" lon="10.410463">
        <ele>505.891235</ele>
        <time>2026-09-25T11:03:18.410Z</time>
      </trkpt>
      <trkpt lat="49.353852" lon="10.410306">
        <ele>505.738628</ele>
        <time>2026-09-25T11:03:23.384Z</time>
      </trkpt>
      <trkpt lat="49.353840" lon="10.410148">
        <ele>505.585063</ele>
        <time>2026-09-25T11:03:27.375Z</time>
      </trkpt>
      <trkpt lat="49.353775" lon="10.410037">
        <ele>505.440968</ele>
        <time>2026-09-25T11:03:30.382Z</time>
      </trkpt>
      <trkpt lat="49.353696" lon="10.409920">
        <ele>505.278283</ele>
        <time>2026-09-25T11:03:33.383Z</time>
      </trkpt>
      <trkpt lat="49.353616" lon="10.409793">
        <ele>505.107725</ele>
        <time>2026-09-25T11:03:36.376Z</time>
      </trkpt>
      <trkpt lat="49.353518" lon="10.409726">
        <ele>504.948731</ele>
        <time>2026-09-25T11:03:39.368Z</time>
      </trkpt>
      <trkpt lat="49.353432" lon="10.409592">
        <ele>504.767126</ele>
        <time>2026-09-25T11:03:42.375Z</time>
      </trkpt>
      <trkpt lat="49.353357" lon="10.409419">
        <ele>504.486048</ele>
        <time>2026-09-25T11:03:45.389Z</time>
      </trkpt>
      <trkpt lat="49.353308" lon="10.409301">
        <ele>504.075256</ele>
        <time>2026-09-25T11:03:47.393Z</time>
      </trkpt>
      <trkpt lat="49.353248" lon="10.409159">
        <ele>503.578392</ele>
        <time>2026-09-25T11:03:50.382Z</time>
      </trkpt>
      <trkpt lat="49.353240" lon="10.409007">
        <ele>503.130736</ele>
        <time>2026-09-25T11:03:53.374Z</time>
      </trkpt>
      <trkpt lat="49.353227" lon="10.408839">
        <ele>502.634097</ele>
        <time>2026-09-25T11:03:57.368Z</time>
      </trkpt>
      <trkpt lat="49.353163" lon="10.408720">
        <ele>502.181088</ele>
        <time>2026-09-25T11:04:00.385Z</time>
      </trkpt>
      <trkpt lat="49.353077" lon="10.408605">
        <ele>501.667112</ele>
        <time>2026-09-25T11:04:03.405Z</time>
      </trkpt>
      <trkpt lat="49.352990" lon="10.408542">
        <ele>501.233612</ele>
        <time>2026-09-25T11:04:05.413Z</time>
      </trkpt>
      <trkpt lat="49.352895" lon="10.408405">
        <ele>500.646218</ele>
        <time>2026-09-25T11:04:08.405Z</time>
      </trkpt>
      <trkpt lat="49.352821" lon="10.408296">
        <ele>500.184053</ele>
        <time>2026-09-25T11:04:10.392Z</time>
      </trkpt>
      <trkpt lat="49.352745" lon="10.408133">
        <ele>499.595609</ele>
        <time>2026-09-25T11:04:13.410Z</time>
      </trkpt>
      <trkpt lat="49.352670" lon="10.407979">
        <ele>499.031151</ele>
        <time>2026-09-25T11:04:16.410Z</time>
      </trkpt>
      <trkpt lat="49.352581" lon="10.407816">
        <ele>498.406788</ele>
        <time>2026-09-25T11:04:19.388Z</time>
      </trkpt>
      <trkpt lat="49.352516" lon="10.407701">
        <ele>497.959827</ele>
        <time>2026-09-25T11:04:21.407Z</time>
      </trkpt>
      <trkpt lat="49.352433" lon="10.407602">
        <ele>497.486149</ele>
        <time>2026-09-25T11:04:23.391Z</time>
      </trkpt>
      <trkpt lat="49.352315" lon="10.407599">
        <ele>496.954302</ele>
        <time>2026-09-25T11:04:25.402Z</time>
      </trkpt>
      <trkpt lat="49.352191" lon="10.407613">
        <ele>496.478870</ele>
        <time>2026-09-25T11:04:27.390Z</time>
      </trkpt>
      <trkpt lat="49.352112" lon="10.407462">
        <ele>496.364519</ele>
        <time>2026-09-25T11:04:29.392Z</time>
      </trkpt>
      <trkpt lat="49.352050" lon="10.407303">
        <ele>496.255105</ele>
        <time>2026-09-25T11:04:31.374Z</time>
      </trkpt>
      <trkpt lat="49.351985" lon="10.407147">
        <ele>496.145767</ele>
        <time>2026-09-25T11:04:33.383Z</time>
      </trkpt>
      <trkpt lat="49.351918" lon="10.406991">
        <ele>496.035441</ele>
        <time>2026-09-25T11:04:35.383Z</time>
      </trkpt>
      <trkpt lat="49.351854" lon="10.406839">
        <ele>495.928578</ele>
        <time>2026-09-25T11:04:37.392Z</time>
      </trkpt>
      <trkpt lat="49.351769" lon="10.406739">
        <ele>495.831512</ele>
        <time>2026-09-25T11:04:39.373Z</time>
      </trkpt>
      <trkpt lat="49.351680" lon="10.406815">
        <ele>495.739202</ele>
        <time>2026-09-25T11:04:41.382Z</time>
      </trkpt>
      <trkpt lat="49.351608" lon="10.406920">
        <ele>495.649188</ele>
        <time>2026-09-25T11:04:43.376Z</time>
      </trkpt>
      <trkpt lat="49.351528" lon="10.406998">
        <ele>495.563287</ele>
        <time>2026-09-25T11:04:45.377Z</time>
      </trkpt>
      <trkpt lat="49.351450" lon="10.407079">
        <ele>495.477931</ele>
        <time>2026-09-25T11:04:47.412Z</time>
      </trkpt>
      <trkpt lat="49.351378" lon="10.407163">
        <ele>495.395963</ele>
        <time>2026-09-25T11:04:49.415Z</time>
      </trkpt>
      <trkpt lat="49.351274" lon="10.407278">
        <ele>495.279788</ele>
        <time>2026-09-25T11:04:52.392Z</time>
      </trkpt>
      <trkpt lat="49.351175" lon="10.407385">
        <ele>495.170045</ele>
        <time>2026-09-25T11:04:55.392Z</time>
      </trkpt>
      <trkpt lat="49.351075" lon="10.407505">
        <ele>495.054998</ele>
        <time>2026-09-25T11:04:58.394Z</time>
      </trkpt>
      <trkpt lat="49.350979" lon="10.407629">
        <ele>494.941280</ele>
        <time>2026-09-25T11:05:01.398Z</time>
      </trkpt>
      <trkpt lat="49.350882" lon="10.407743">
        <ele>494.833470</ele>
        <time>2026-09-25T11:05:04.403Z</time>
      </trkpt>
      <trkpt lat="49.350785" lon="10.407851">
        <ele>494.732905</ele>
        <time>2026-09-25T11:05:07.374Z</time>
      </trkpt>
      <trkpt lat="49.350680" lon="10.407961">
        <ele>494.626218</ele>
        <time>2026-09-25T11:05:10.390Z</time>
      </trkpt>
      <trkpt lat="49.350573" lon="10.408084">
        <ele>494.514031</ele>
        <time>2026-09-25T11:05:13.382Z</time>
      </trkpt>
      <trkpt lat="49.350486" lon="10.408133">
        <ele>494.436257</ele>
        <time>2026-09-25T11:05:15.376Z</time>
      </trkpt>
      <trkpt lat="49.350404" lon="10.408064">
        <ele>494.357777</ele>
        <time>2026-09-25T11:05:17.389Z</time>
      </trkpt>
      <trkpt lat="49.350332" lon="10.407972">
        <ele>494.279156</ele>
        <time>2026-09-25T11:05:19.398Z</time>
      </trkpt>
      <trkpt lat="49.350264" lon="10.407869">
        <ele>494.198982</ele>
        <time>2026-09-25T11:05:21.384Z</time>
      </trkpt>
      <trkpt lat="49.350170" lon="10.407724">
        <ele>494.087143</ele>
        <time>2026-09-25T11:05:24.403Z</time>
      </trkpt>
      <trkpt lat="49.350122" lon="10.407544">
        <ele>493.980808</ele>
        <time>2026-09-25T11:05:27.401Z</time>
      </trkpt>
      <trkpt lat="49.350127" lon="10.407404">
        <ele>493.904152</ele>
        <time>2026-09-25T11:05:29.398Z</time>
      </trkpt>
      <trkpt lat="49.350145" lon="10.407258">
        <ele>493.822915</ele>
        <time>2026-09-25T11:05:31.395Z</time>
      </trkpt>
      <trkpt lat="49.350158" lon="10.407116">
        <ele>493.744518</ele>
        <time>2026-09-25T11:05:33.412Z</time>
      </trkpt>
      <trkpt lat="49.350161" lon="10.406975">
        <ele>493.667390</ele>
        <time>2026-09-25T11:05:35.391Z</time>
      </trkpt>
      <trkpt lat="49.350153" lon="10.406771">
        <ele>493.555657</ele>
        <time>2026-09-25T11:05:38.384Z</time>
      </trkpt>
      <trkpt lat="49.350142" lon="10.406578">
        <ele>493.449738</ele>
        <time>2026-09-25T11:05:41.380Z</time>
      </trkpt>
      <trkpt lat="49.350133" lon="10.406385">
        <ele>493.334743</ele>
        <time>2026-09-25T11:05:44.392Z</time>
      </trkpt>
      <trkpt lat="49.350115" lon="10.406180">
        <ele>493.158509</ele>
        <time>2026-09-25T11:05:47.395Z</time>
      </trkpt>
      <trkpt lat="49.350096" lon="10.406035">
        <ele>493.032498</ele>
        <time>2026-09-25T11:05:49.383Z</time>
      </trkpt>
      <trkpt lat="49.350071" lon="10.405885">
        <ele>492.900586</ele>
        <time>2026-09-25T11:05:51.388Z</time>
      </trkpt>
      <trkpt lat="49.350051" lon="10.405739">
        <ele>492.773477</ele>
        <time>2026-09-25T11:05:53.385Z</time>
      </trkpt>
      <trkpt lat="49.350036" lon="10.405597">
        <ele>492.650916</ele>
        <time>2026-09-25T11:06:11.361Z</time>
      </trkpt>
      <trkpt lat="49.350011" lon="10.405454">
        <ele>492.524772</ele>
        <time>2026-09-25T11:06:15.378Z</time>
      </trkpt>
      <trkpt lat="49.349996" lon="10.405290">
        <ele>492.383678</ele>
        <time>2026-09-25T11:06:18.369Z</time>
      </trkpt>
      <trkpt lat="49.349982" lon="10.405108">
        <ele>492.227541</ele>
        <time>2026-09-25T11:06:21.372Z</time>
      </trkpt>
      <trkpt lat="49.349968" lon="10.404968">
        <ele>492.106867</ele>
        <time>2026-09-25T11:06:23.374Z</time>
      </trkpt>
      <trkpt lat="49.349954" lon="10.404831">
        <ele>491.988718</ele>
        <time>2026-09-25T11:06:25.401Z</time>
      </trkpt>
      <trkpt lat="49.349938" lon="10.404675">
        <ele>491.854173</ele>
        <time>2026-09-25T11:06:27.399Z</time>
      </trkpt>
      <trkpt lat="49.349923" lon="10.404515">
        <ele>491.716452</ele>
        <time>2026-09-25T11:06:29.376Z</time>
      </trkpt>
      <trkpt lat="49.349908" lon="10.404351">
        <ele>491.575357</ele>
        <time>2026-09-25T11:06:31.398Z</time>
      </trkpt>
      <trkpt lat="49.349898" lon="10.404174">
        <ele>491.423991</ele>
        <time>2026-09-25T11:06:33.392Z</time>
      </trkpt>
      <trkpt lat="49.349897" lon="10.403990">
        <ele>491.267221</ele>
        <time>2026-09-25T11:06:35.388Z</time>
      </trkpt>
      <trkpt lat="49.349899" lon="10.403804">
        <ele>491.108731</ele>
        <time>2026-09-25T11:06:37.408Z</time>
      </trkpt>
      <trkpt lat="49.349904" lon="10.403610">
        <ele>490.959969</ele>
        <time>2026-09-25T11:06:39.408Z</time>
      </trkpt>
      <trkpt lat="49.349913" lon="10.403415">
        <ele>490.836226</ele>
        <time>2026-09-25T11:06:41.384Z</time>
      </trkpt>
      <trkpt lat="49.349926" lon="10.403222">
        <ele>490.713407</ele>
        <time>2026-09-25T11:06:43.376Z</time>
      </trkpt>
      <trkpt lat="49.349944" lon="10.403029">
        <ele>490.589994</ele>
        <time>2026-09-25T11:06:45.398Z</time>
      </trkpt>
      <trkpt lat="49.349959" lon="10.402832">
        <ele>490.464446</ele>
        <time>2026-09-25T11:06:47.386Z</time>
      </trkpt>
      <trkpt lat="49.349980" lon="10.402641">
        <ele>490.341835</ele>
        <time>2026-09-25T11:06:49.392Z</time>
      </trkpt>
      <trkpt lat="49.349993" lon="10.402451">
        <ele>490.220905</ele>
        <time>2026-09-25T11:06:51.416Z</time>
      </trkpt>
      <trkpt lat="49.350007" lon="10.402289">
        <ele>490.117462</ele>
        <time>2026-09-25T11:06:53.394Z</time>
      </trkpt>
      <trkpt lat="49.350016" lon="10.402089">
        <ele>489.990562</ele>
        <time>2026-09-25T11:06:56.410Z</time>
      </trkpt>
      <trkpt lat="49.350028" lon="10.401895">
        <ele>489.867210</ele>
        <time>2026-09-25T11:06:59.384Z</time>
      </trkpt>
      <trkpt lat="49.350040" lon="10.401708">
        <ele>489.748268</ele>
        <time>2026-09-25T11:07:02.386Z</time>
      </trkpt>
      <trkpt lat="49.350056" lon="10.401511">
        <ele>489.622603</ele>
        <time>2026-09-25T11:07:05.386Z</time>
      </trkpt>
      <trkpt lat="49.350066" lon="10.401307">
        <ele>489.493108</ele>
        <time>2026-09-25T11:07:08.376Z</time>
      </trkpt>
      <trkpt lat="49.350068" lon="10.401166">
        <ele>489.403835</ele>
        <time>2026-09-25T11:07:10.362Z</time>
      </trkpt>
      <trkpt lat="49.350071" lon="10.401023">
        <ele>489.313271</ele>
        <time>2026-09-25T11:07:12.372Z</time>
      </trkpt>
      <trkpt lat="49.350077" lon="10.400881">
        <ele>489.272213</ele>
        <time>2026-09-25T11:07:14.387Z</time>
      </trkpt>
      <trkpt lat="49.350080" lon="10.400733">
        <ele>489.302023</ele>
        <time>2026-09-25T11:07:16.375Z</time>
      </trkpt>
      <trkpt lat="49.350084" lon="10.400582">
        <ele>489.332448</ele>
        <time>2026-09-25T11:07:18.388Z</time>
      </trkpt>
      <trkpt lat="49.350093" lon="10.400428">
        <ele>489.363577</ele>
        <time>2026-09-25T11:07:20.387Z</time>
      </trkpt>
      <trkpt lat="49.350101" lon="10.400275">
        <ele>489.394479</ele>
        <time>2026-09-25T11:07:22.377Z</time>
      </trkpt>
      <trkpt lat="49.350106" lon="10.400122">
        <ele>489.425320</ele>
        <time>2026-09-25T11:07:24.375Z</time>
      </trkpt>
      <trkpt lat="49.350112" lon="10.399969">
        <ele>489.456178</ele>
        <time>2026-09-25T11:07:26.382Z</time>
      </trkpt>
      <trkpt lat="49.350117" lon="10.399814">
        <ele>489.487422</ele>
        <time>2026-09-25T11:07:28.376Z</time>
      </trkpt>
      <trkpt lat="49.350125" lon="10.399659">
        <ele>489.518725</ele>
        <time>2026-09-25T11:07:30.385Z</time>
      </trkpt>
      <trkpt lat="49.350116" lon="10.399506">
        <ele>489.549653</ele>
        <time>2026-09-25T11:07:32.368Z</time>
      </trkpt>
      <trkpt lat="49.350097" lon="10.399358">
        <ele>489.580022</ele>
        <time>2026-09-25T11:07:34.369Z</time>
      </trkpt>
      <trkpt lat="49.350073" lon="10.399212">
        <ele>489.610337</ele>
        <time>2026-09-25T11:07:36.365Z</time>
      </trkpt>
      <trkpt lat="49.350040" lon="10.399071">
        <ele>489.640500</ele>
        <time>2026-09-25T11:07:38.374Z</time>
      </trkpt>
      <trkpt lat="49.349998" lon="10.398939">
        <ele>489.670076</ele>
        <time>2026-09-25T11:07:40.377Z</time>
      </trkpt>
      <trkpt lat="49.349930" lon="10.398835">
        <ele>489.699741</ele>
        <time>2026-09-25T11:07:42.370Z</time>
      </trkpt>
      <trkpt lat="49.349835" lon="10.398851">
        <ele>489.729277</ele>
        <time>2026-09-25T11:07:44.363Z</time>
      </trkpt>
      <trkpt lat="49.349747" lon="10.398900">
        <ele>489.758207</ele>
        <time>2026-09-25T11:07:46.362Z</time>
      </trkpt>
      <trkpt lat="49.349664" lon="10.398954">
        <ele>489.786067</ele>
        <time>2026-09-25T11:07:48.385Z</time>
      </trkpt>
      <trkpt lat="49.349538" lon="10.399028">
        <ele>489.846922</ele>
        <time>2026-09-25T11:07:51.383Z</time>
      </trkpt>
      <trkpt lat="49.349412" lon="10.399096">
        <ele>489.956934</ele>
        <time>2026-09-25T11:07:54.394Z</time>
      </trkpt>
      <trkpt lat="49.349289" lon="10.399165">
        <ele>490.064800</ele>
        <time>2026-09-25T11:07:57.392Z</time>
      </trkpt>
      <trkpt lat="49.349164" lon="10.399234">
        <ele>490.174216</ele>
        <time>2026-09-25T11:08:00.383Z</time>
      </trkpt>
      <trkpt lat="49.349042" lon="10.399305">
        <ele>490.281685</ele>
        <time>2026-09-25T11:08:03.388Z</time>
      </trkpt>
      <trkpt lat="49.348927" lon="10.399370">
        <ele>490.382626</ele>
        <time>2026-09-25T11:08:06.387Z</time>
      </trkpt>
      <trkpt lat="49.348815" lon="10.399426">
        <ele>490.479649</ele>
        <time>2026-09-25T11:08:09.386Z</time>
      </trkpt>
      <trkpt lat="49.348704" lon="10.399488">
        <ele>490.576943</ele>
        <time>2026-09-25T11:08:12.413Z</time>
      </trkpt>
      <trkpt lat="49.348583" lon="10.399552">
        <ele>490.682360</ele>
        <time>2026-09-25T11:08:15.385Z</time>
      </trkpt>
      <trkpt lat="49.348497" lon="10.399599">
        <ele>490.757552</ele>
        <time>2026-09-25T11:08:17.407Z</time>
      </trkpt>
      <trkpt lat="49.348410" lon="10.399649">
        <ele>490.834071</ele>
        <time>2026-09-25T11:08:19.377Z</time>
      </trkpt>
      <trkpt lat="49.348324" lon="10.399693">
        <ele>490.908739</ele>
        <time>2026-09-25T11:08:21.416Z</time>
      </trkpt>
      <trkpt lat="49.348239" lon="10.399737">
        <ele>490.982626</ele>
        <time>2026-09-25T11:08:23.400Z</time>
      </trkpt>
      <trkpt lat="49.348152" lon="10.399785">
        <ele>491.058775</ele>
        <time>2026-09-25T11:08:25.400Z</time>
      </trkpt>
      <trkpt lat="49.348063" lon="10.399831">
        <ele>491.136127</ele>
        <time>2026-09-25T11:08:27.396Z</time>
      </trkpt>
      <trkpt lat="49.347974" lon="10.399878">
        <ele>491.213652</ele>
        <time>2026-09-25T11:08:29.393Z</time>
      </trkpt>
      <trkpt lat="49.347885" lon="10.399925">
        <ele>491.291177</ele>
        <time>2026-09-25T11:08:31.405Z</time>
      </trkpt>
      <trkpt lat="49.347797" lon="10.399971">
        <ele>491.290724</ele>
        <time>2026-09-25T11:08:33.406Z</time>
      </trkpt>
      <trkpt lat="49.347709" lon="10.400020">
        <ele>491.282963</ele>
        <time>2026-09-25T11:08:35.390Z</time>
      </trkpt>
      <trkpt lat="49.347623" lon="10.400065">
        <ele>491.275429</ele>
        <time>2026-09-25T11:08:37.387Z</time>
      </trkpt>
      <trkpt lat="49.347501" lon="10.400128">
        <ele>491.264757</ele>
        <time>2026-09-25T11:08:40.384Z</time>
      </trkpt>
      <trkpt lat="49.347387" lon="10.400178">
        <ele>491.254927</ele>
        <time>2026-09-25T11:08:43.409Z</time>
      </trkpt>
      <trkpt lat="49.347274" lon="10.400220">
        <ele>491.245287</ele>
        <time>2026-09-25T11:08:46.407Z</time>
      </trkpt>
      <trkpt lat="49.347164" lon="10.400238">
        <ele>491.236115</ele>
        <time>2026-09-25T11:08:49.402Z</time>
      </trkpt>
      <trkpt lat="49.347057" lon="10.400239">
        <ele>491.227243</ele>
        <time>2026-09-25T11:08:52.407Z</time>
      </trkpt>
      <trkpt lat="49.346946" lon="10.400230">
        <ele>491.218027</ele>
        <time>2026-09-25T11:08:55.392Z</time>
      </trkpt>
      <trkpt lat="49.346833" lon="10.400212">
        <ele>491.208608</ele>
        <time>2026-09-25T11:08:58.380Z</time>
      </trkpt>
      <trkpt lat="49.346721" lon="10.400190">
        <ele>491.199246</ele>
        <time>2026-09-25T11:09:01.393Z</time>
      </trkpt>
      <trkpt lat="49.346607" lon="10.400171">
        <ele>491.189738</ele>
        <time>2026-09-25T11:09:04.386Z</time>
      </trkpt>
      <trkpt lat="49.346494" lon="10.400159">
        <ele>491.180347</ele>
        <time>2026-09-25T11:09:07.414Z</time>
      </trkpt>
      <trkpt lat="49.346387" lon="10.400138">
        <ele>491.171403</ele>
        <time>2026-09-25T11:09:10.413Z</time>
      </trkpt>
      <trkpt lat="49.346285" lon="10.400127">
        <ele>491.162925</ele>
        <time>2026-09-25T11:09:13.380Z</time>
      </trkpt>
      <trkpt lat="49.346179" lon="10.400112">
        <ele>491.154099</ele>
        <time>2026-09-25T11:09:16.399Z</time>
      </trkpt>
      <trkpt lat="49.346075" lon="10.400089">
        <ele>491.143345</ele>
        <time>2026-09-25T11:09:19.400Z</time>
      </trkpt>
      <trkpt lat="49.345974" lon="10.400078">
        <ele>491.129676</ele>
        <time>2026-09-25T11:09:22.398Z</time>
      </trkpt>
      <trkpt lat="49.345872" lon="10.400058">
        <ele>491.115794</ele>
        <time>2026-09-25T11:09:25.387Z</time>
      </trkpt>
      <trkpt lat="49.345769" lon="10.400035">
        <ele>491.101744</ele>
        <time>2026-09-25T11:09:28.375Z</time>
      </trkpt>
      <trkpt lat="49.345665" lon="10.400023">
        <ele>491.087664</ele>
        <time>2026-09-25T11:09:31.394Z</time>
      </trkpt>
      <trkpt lat="49.345562" lon="10.400011">
        <ele>491.073720</ele>
        <time>2026-09-25T11:09:34.384Z</time>
      </trkpt>
      <trkpt lat="49.345462" lon="10.399990">
        <ele>491.060095</ele>
        <time>2026-09-25T11:09:37.363Z</time>
      </trkpt>
      <trkpt lat="49.345358" lon="10.399976">
        <ele>491.046001</ele>
        <time>2026-09-25T11:09:40.375Z</time>
      </trkpt>
      <trkpt lat="49.345254" lon="10.399955">
        <ele>491.031841</ele>
        <time>2026-09-25T11:09:43.410Z</time>
      </trkpt>
      <trkpt lat="49.345147" lon="10.399937">
        <ele>491.017310</ele>
        <time>2026-09-25T11:09:46.370Z</time>
      </trkpt>
      <trkpt lat="49.345042" lon="10.399916">
        <ele>491.003016</ele>
        <time>2026-09-25T11:09:49.392Z</time>
      </trkpt>
      <trkpt lat="49.344936" lon="10.399890">
        <ele>490.988525</ele>
        <time>2026-09-25T11:09:52.388Z</time>
      </trkpt>
      <trkpt lat="49.344833" lon="10.399876">
        <ele>490.974566</ele>
        <time>2026-09-25T11:09:55.376Z</time>
      </trkpt>
      <trkpt lat="49.344734" lon="10.399865">
        <ele>490.961166</ele>
        <time>2026-09-25T11:09:58.383Z</time>
      </trkpt>
      <trkpt lat="49.344641" lon="10.399845">
        <ele>490.948489</ele>
        <time>2026-09-25T11:10:01.381Z</time>
      </trkpt>
      <trkpt lat="49.344550" lon="10.399828">
        <ele>490.936114</ele>
        <time>2026-09-25T11:10:04.394Z</time>
      </trkpt>
      <trkpt lat="49.344457" lon="10.399808">
        <ele>490.923437</ele>
        <time>2026-09-25T11:10:07.398Z</time>
      </trkpt>
      <trkpt lat="49.344362" lon="10.399808">
        <ele>490.910612</ele>
        <time>2026-09-25T11:10:10.376Z</time>
      </trkpt>
      <trkpt lat="49.344270" lon="10.399794">
        <ele>490.855021</ele>
        <time>2026-09-25T11:10:13.378Z</time>
      </trkpt>
      <trkpt lat="49.344157" lon="10.399763">
        <ele>490.752758</ele>
        <time>2026-09-25T11:10:17.381Z</time>
      </trkpt>
      <trkpt lat="49.344069" lon="10.399733">
        <ele>490.672451</ele>
        <time>2026-09-25T11:10:20.376Z</time>
      </trkpt>
      <trkpt lat="49.343975" lon="10.399626">
        <ele>490.568194</ele>
        <time>2026-09-25T11:10:24.386Z</time>
      </trkpt>
      <trkpt lat="49.343908" lon="10.399491">
        <ele>490.469694</ele>
        <time>2026-09-25T11:10:28.392Z</time>
      </trkpt>
      <trkpt lat="49.343833" lon="10.399402">
        <ele>490.385239</ele>
        <time>2026-09-25T11:10:32.372Z</time>
      </trkpt>
      <trkpt lat="49.343731" lon="10.399340">
        <ele>490.287505</ele>
        <time>2026-09-25T11:10:37.396Z</time>
      </trkpt>
      <trkpt lat="49.343633" lon="10.399305">
        <ele>490.197868</ele>
        <time>2026-09-25T11:10:41.375Z</time>
      </trkpt>
      <trkpt lat="49.343512" lon="10.399309">
        <ele>490.090048</ele>
        <time>2026-09-25T11:10:45.387Z</time>
      </trkpt>
      <trkpt lat="49.343414" lon="10.399340">
        <ele>490.000909</ele>
        <time>2026-09-25T11:10:48.384Z</time>
      </trkpt>
      <trkpt lat="49.343310" lon="10.399374">
        <ele>489.906180</ele>
        <time>2026-09-25T11:10:51.403Z</time>
      </trkpt>
      <trkpt lat="49.343199" lon="10.399403">
        <ele>489.805872</ele>
        <time>2026-09-25T11:10:54.403Z</time>
      </trkpt>
      <trkpt lat="49.343085" lon="10.399419">
        <ele>489.703890</ele>
        <time>2026-09-25T11:10:57.393Z</time>
      </trkpt>
      <trkpt lat="49.342969" lon="10.399427">
        <ele>489.600445</ele>
        <time>2026-09-25T11:11:00.371Z</time>
      </trkpt>
      <trkpt lat="49.342855" lon="10.399431">
        <ele>489.498860</ele>
        <time>2026-09-25T11:11:03.383Z</time>
      </trkpt>
      <trkpt lat="49.342741" lon="10.399433">
        <ele>489.397295</ele>
        <time>2026-09-25T11:11:06.383Z</time>
      </trkpt>
      <trkpt lat="49.342629" lon="10.399428">
        <ele>489.304062</ele>
        <time>2026-09-25T11:11:09.378Z</time>
      </trkpt>
      <trkpt lat="49.342519" lon="10.399422">
        <ele>489.313506</ele>
        <time>2026-09-25T11:11:12.385Z</time>
      </trkpt>
      <trkpt lat="49.342410" lon="10.399411">
        <ele>489.322879</ele>
        <time>2026-09-25T11:11:15.408Z</time>
      </trkpt>
      <trkpt lat="49.342298" lon="10.399376">
        <ele>489.332685</ele>
        <time>2026-09-25T11:11:18.402Z</time>
      </trkpt>
      <trkpt lat="49.342188" lon="10.399334">
        <ele>489.342411</ele>
        <time>2026-09-25T11:11:21.391Z</time>
      </trkpt>
      <trkpt lat="49.342114" lon="10.399221">
        <ele>489.351367</ele>
        <time>2026-09-25T11:11:24.403Z</time>
      </trkpt>
      <trkpt lat="49.342090" lon="10.399078">
        <ele>489.359622</ele>
        <time>2026-09-25T11:11:27.371Z</time>
      </trkpt>
      <trkpt lat="49.342101" lon="10.398912">
        <ele>489.368950</ele>
        <time>2026-09-25T11:11:31.388Z</time>
      </trkpt>
      <trkpt lat="49.342119" lon="10.398772">
        <ele>489.376927</ele>
        <time>2026-09-25T11:11:35.384Z</time>
      </trkpt>
      <trkpt lat="49.342145" lon="10.398634">
        <ele>489.384957</ele>
        <time>2026-09-25T11:11:39.386Z</time>
      </trkpt>
      <trkpt lat="49.342145" lon="10.398445">
        <ele>489.395523</ele>
        <time>2026-09-25T11:11:43.398Z</time>
      </trkpt>
      <trkpt lat="49.342165" lon="10.398296">
        <ele>489.404027</ele>
        <time>2026-09-25T11:11:46.396Z</time>
      </trkpt>
      <trkpt lat="49.342191" lon="10.398146">
        <ele>489.412704</ele>
        <time>2026-09-25T11:11:49.383Z</time>
      </trkpt>
      <trkpt lat="49.342214" lon="10.397993">
        <ele>489.421482</ele>
        <time>2026-09-25T11:11:52.388Z</time>
      </trkpt>
      <trkpt lat="49.342228" lon="10.397828">
        <ele>489.430784</ele>
        <time>2026-09-25T11:11:55.399Z</time>
      </trkpt>
      <trkpt lat="49.342238" lon="10.397673">
        <ele>489.439491</ele>
        <time>2026-09-25T11:11:58.396Z</time>
      </trkpt>
      <trkpt lat="49.342246" lon="10.397529">
        <ele>489.447570</ele>
        <time>2026-09-25T11:12:01.401Z</time>
      </trkpt>
      <trkpt lat="49.342261" lon="10.397382">
        <ele>489.455887</ele>
        <time>2026-09-25T11:12:04.389Z</time>
      </trkpt>
      <trkpt lat="49.342266" lon="10.397239">
        <ele>489.543861</ele>
        <time>2026-09-25T11:12:07.374Z</time>
      </trkpt>
      <trkpt lat="49.342286" lon="10.397069">
        <ele>489.680399</ele>
        <time>2026-09-25T11:12:11.394Z</time>
      </trkpt>
      <trkpt lat="49.342318" lon="10.396905">
        <ele>489.815709</ele>
        <time>2026-09-25T11:12:15.380Z</time>
      </trkpt>
      <trkpt lat="49.342333" lon="10.396766">
        <ele>489.927069</ele>
        <time>2026-09-25T11:12:18.393Z</time>
      </trkpt>
      <trkpt lat="49.342346" lon="10.396587">
        <ele>490.069423</ele>
        <time>2026-09-25T11:12:22.384Z</time>
      </trkpt>
      <trkpt lat="49.342356" lon="10.396442">
        <ele>490.184668</ele>
        <time>2026-09-25T11:12:25.400Z</time>
      </trkpt>
      <trkpt lat="49.342357" lon="10.396257">
        <ele>490.330893</ele>
        <time>2026-09-25T11:12:29.391Z</time>
      </trkpt>
      <trkpt lat="49.342372" lon="10.396100">
        <ele>490.456310</ele>
        <time>2026-09-25T11:12:32.410Z</time>
      </trkpt>
      <trkpt lat="49.342381" lon="10.395935">
        <ele>490.587179</ele>
        <time>2026-09-25T11:12:35.401Z</time>
      </trkpt>
      <trkpt lat="49.342379" lon="10.395757">
        <ele>490.727887</ele>
        <time>2026-09-25T11:12:38.403Z</time>
      </trkpt>
      <trkpt lat="49.342363" lon="10.395577">
        <ele>490.871473</ele>
        <time>2026-09-25T11:12:41.395Z</time>
      </trkpt>
      <trkpt lat="49.342349" lon="10.395394">
        <ele>491.017106</ele>
        <time>2026-09-25T11:12:44.413Z</time>
      </trkpt>
      <trkpt lat="49.342345" lon="10.395250">
        <ele>491.131024</ele>
        <time>2026-09-25T11:12:46.382Z</time>
      </trkpt>
      <trkpt lat="49.342342" lon="10.395049">
        <ele>491.289932</ele>
        <time>2026-09-25T11:12:49.383Z</time>
      </trkpt>
      <trkpt lat="49.342336" lon="10.394848">
        <ele>491.448965</ele>
        <time>2026-09-25T11:12:52.401Z</time>
      </trkpt>
      <trkpt lat="49.342327" lon="10.394647">
        <ele>491.608206</ele>
        <time>2026-09-25T11:12:55.402Z</time>
      </trkpt>
      <trkpt lat="49.342308" lon="10.394449">
        <ele>491.562612</ele>
        <time>2026-09-25T11:12:58.446Z</time>
      </trkpt>
      <trkpt lat="49.342290" lon="10.394264">
        <ele>491.472584</ele>
        <time>2026-09-25T11:13:01.379Z</time>
      </trkpt>
      <trkpt lat="49.342265" lon="10.394066">
        <ele>491.375513</ele>
        <time>2026-09-25T11:13:04.402Z</time>
      </trkpt>
      <trkpt lat="49.342231" lon="10.393886">
        <ele>491.285311</ele>
        <time>2026-09-25T11:13:07.400Z</time>
      </trkpt>
      <trkpt lat="49.342200" lon="10.393714">
        <ele>491.199418</ele>
        <time>2026-09-25T11:13:10.379Z</time>
      </trkpt>
      <trkpt lat="49.342171" lon="10.393541">
        <ele>491.113440</ele>
        <time>2026-09-25T11:13:13.404Z</time>
      </trkpt>
      <trkpt lat="49.342150" lon="10.393357">
        <ele>491.023532</ele>
        <time>2026-09-25T11:13:16.396Z</time>
      </trkpt>
      <trkpt lat="49.342118" lon="10.393165">
        <ele>490.928146</ele>
        <time>2026-09-25T11:13:19.402Z</time>
      </trkpt>
      <trkpt lat="49.342078" lon="10.392974">
        <ele>490.831585</ele>
        <time>2026-09-25T11:13:22.399Z</time>
      </trkpt>
      <trkpt lat="49.342049" lon="10.392836">
        <ele>490.761795</ele>
        <time>2026-09-25T11:13:24.400Z</time>
      </trkpt>
      <trkpt lat="49.342007" lon="10.392641">
        <ele>490.662945</ele>
        <time>2026-09-25T11:13:27.390Z</time>
      </trkpt>
      <trkpt lat="49.341981" lon="10.392508">
        <ele>490.596112</ele>
        <time>2026-09-25T11:13:29.376Z</time>
      </trkpt>
      <trkpt lat="49.341954" lon="10.392371">
        <ele>490.527223</ele>
        <time>2026-09-25T11:13:31.425Z</time>
      </trkpt>
      <trkpt lat="49.341928" lon="10.392179">
        <ele>490.432837</ele>
        <time>2026-09-25T11:13:34.393Z</time>
      </trkpt>
      <trkpt lat="49.341906" lon="10.392042">
        <ele>490.364925</ele>
        <time>2026-09-25T11:13:36.386Z</time>
      </trkpt>
      <trkpt lat="49.341880" lon="10.391851">
        <ele>490.313162</ele>
        <time>2026-09-25T11:13:39.385Z</time>
      </trkpt>
      <trkpt lat="49.341858" lon="10.391657">
        <ele>490.318166</ele>
        <time>2026-09-25T11:13:42.402Z</time>
      </trkpt>
      <trkpt lat="49.341836" lon="10.391481">
        <ele>490.322720</ele>
        <time>2026-09-25T11:13:45.401Z</time>
      </trkpt>
      <trkpt lat="49.341804" lon="10.391299">
        <ele>490.327510</ele>
        <time>2026-09-25T11:13:48.421Z</time>
      </trkpt>
      <trkpt lat="49.341769" lon="10.391115">
        <ele>490.332381</ele>
        <time>2026-09-25T11:13:51.408Z</time>
      </trkpt>
      <trkpt lat="49.341720" lon="10.390937">
        <ele>490.337291</ele>
        <time>2026-09-25T11:13:54.412Z</time>
      </trkpt>
      <trkpt lat="49.341660" lon="10.390774">
        <ele>490.342048</ele>
        <time>2026-09-25T11:13:57.389Z</time>
      </trkpt>
      <trkpt lat="49.341594" lon="10.390620">
        <ele>490.346732</ele>
        <time>2026-09-25T11:14:00.391Z</time>
      </trkpt>
      <trkpt lat="49.341558" lon="10.390440">
        <ele>490.351517</ele>
        <time>2026-09-25T11:14:03.367Z</time>
      </trkpt>
      <trkpt lat="49.341548" lon="10.390249">
        <ele>490.356386</ele>
        <time>2026-09-25T11:14:06.386Z</time>
      </trkpt>
      <trkpt lat="49.341546" lon="10.390056">
        <ele>490.361291</ele>
        <time>2026-09-25T11:14:09.385Z</time>
      </trkpt>
      <trkpt lat="49.341531" lon="10.389867">
        <ele>490.366130</ele>
        <time>2026-09-25T11:14:12.386Z</time>
      </trkpt>
      <trkpt lat="49.341516" lon="10.389675">
        <ele>490.371044</ele>
        <time>2026-09-25T11:14:15.413Z</time>
      </trkpt>
      <trkpt lat="49.341507" lon="10.389490">
        <ele>490.375758</ele>
        <time>2026-09-25T11:14:18.386Z</time>
      </trkpt>
      <trkpt lat="49.341499" lon="10.389313">
        <ele>490.380266</ele>
        <time>2026-09-25T11:14:21.391Z</time>
      </trkpt>
      <trkpt lat="49.341490" lon="10.389130">
        <ele>490.421698</ele>
        <time>2026-09-25T11:14:24.396Z</time>
      </trkpt>
      <trkpt lat="49.341481" lon="10.388968">
        <ele>490.466533</ele>
        <time>2026-09-25T11:14:27.416Z</time>
      </trkpt>
      <trkpt lat="49.341472" lon="10.388771">
        <ele>490.520990</ele>
        <time>2026-09-25T11:14:30.380Z</time>
      </trkpt>
      <trkpt lat="49.341472" lon="10.388577">
        <ele>490.574487</ele>
        <time>2026-09-25T11:14:33.388Z</time>
      </trkpt>
      <trkpt lat="49.341479" lon="10.388389">
        <ele>490.626414</ele>
        <time>2026-09-25T11:14:36.391Z</time>
      </trkpt>
      <trkpt lat="49.341494" lon="10.388213">
        <ele>490.675360</ele>
        <time>2026-09-25T11:14:39.409Z</time>
      </trkpt>
      <trkpt lat="49.341505" lon="10.388073">
        <ele>490.714246</ele>
        <time>2026-09-25T11:14:41.420Z</time>
      </trkpt>
      <trkpt lat="49.341528" lon="10.387892">
        <ele>490.765098</ele>
        <time>2026-09-25T11:14:44.412Z</time>
      </trkpt>
      <trkpt lat="49.341559" lon="10.387712">
        <ele>490.816438</ele>
        <time>2026-09-25T11:14:47.383Z</time>
      </trkpt>
      <trkpt lat="49.341585" lon="10.387558">
        <ele>490.860307</ele>
        <time>2026-09-25T11:14:50.423Z</time>
      </trkpt>
      <trkpt lat="49.341614" lon="10.387387">
        <ele>490.909032</ele>
        <time>2026-09-25T11:14:53.414Z</time>
      </trkpt>
      <trkpt lat="49.341641" lon="10.387214">
        <ele>490.958088</ele>
        <time>2026-09-25T11:14:56.399Z</time>
      </trkpt>
      <trkpt lat="49.341662" lon="10.387048">
        <ele>491.004718</ele>
        <time>2026-09-25T11:14:59.382Z</time>
      </trkpt>
      <trkpt lat="49.341685" lon="10.386888">
        <ele>491.049900</ele>
        <time>2026-09-25T11:15:02.367Z</time>
      </trkpt>
      <trkpt lat="49.341710" lon="10.386720">
        <ele>491.097419</ele>
        <time>2026-09-25T11:15:05.386Z</time>
      </trkpt>
      <trkpt lat="49.341739" lon="10.386557">
        <ele>491.140554</ele>
        <time>2026-09-25T11:15:08.389Z</time>
      </trkpt>
      <trkpt lat="49.341768" lon="10.386399">
        <ele>491.086364</ele>
        <time>2026-09-25T11:15:11.386Z</time>
      </trkpt>
      <trkpt lat="49.341800" lon="10.386244">
        <ele>491.032686</ele>
        <time>2026-09-25T11:15:14.382Z</time>
      </trkpt>
      <trkpt lat="49.341837" lon="10.386074">
        <ele>490.973516</ele>
        <time>2026-09-25T11:15:17.399Z</time>
      </trkpt>
      <trkpt lat="49.341872" lon="10.385904">
        <ele>490.914659</ele>
        <time>2026-09-25T11:15:20.382Z</time>
      </trkpt>
      <trkpt lat="49.341907" lon="10.385729">
        <ele>490.854226</ele>
        <time>2026-09-25T11:15:23.425Z</time>
      </trkpt>
      <trkpt lat="49.341942" lon="10.385545">
        <ele>490.790947</ele>
        <time>2026-09-25T11:15:26.384Z</time>
      </trkpt>
      <trkpt lat="49.341982" lon="10.385372">
        <ele>490.730345</ele>
        <time>2026-09-25T11:15:29.395Z</time>
      </trkpt>
      <trkpt lat="49.342027" lon="10.385202">
        <ele>490.669769</ele>
        <time>2026-09-25T11:15:32.412Z</time>
      </trkpt>
      <trkpt lat="49.342068" lon="10.385027">
        <ele>490.608375</ele>
        <time>2026-09-25T11:15:35.412Z</time>
      </trkpt>
      <trkpt lat="49.342110" lon="10.384855">
        <ele>490.547736</ele>
        <time>2026-09-25T11:15:38.406Z</time>
      </trkpt>
      <trkpt lat="49.342152" lon="10.384684">
        <ele>490.487407</ele>
        <time>2026-09-25T11:15:41.392Z</time>
      </trkpt>
      <trkpt lat="49.342195" lon="10.384526">
        <ele>490.430879</ele>
        <time>2026-09-25T11:15:44.379Z</time>
      </trkpt>
      <trkpt lat="49.342235" lon="10.384370">
        <ele>490.375535</ele>
        <time>2026-09-25T11:15:47.393Z</time>
      </trkpt>
      <trkpt lat="49.342277" lon="10.384214">
        <ele>490.319812</ele>
        <time>2026-09-25T11:15:50.404Z</time>
      </trkpt>
      <trkpt lat="49.342323" lon="10.384057">
        <ele>490.262983</ele>
        <time>2026-09-25T11:15:53.415Z</time>
      </trkpt>
      <trkpt lat="49.342370" lon="10.383898">
        <ele>490.209716</ele>
        <time>2026-09-25T11:15:56.393Z</time>
      </trkpt>
      <trkpt lat="49.342417" lon="10.383736">
        <ele>490.161115</ele>
        <time>2026-09-25T11:15:59.399Z</time>
      </trkpt>
      <trkpt lat="49.342459" lon="10.383582">
        <ele>490.115360</ele>
        <time>2026-09-25T11:16:02.410Z</time>
      </trkpt>
      <trkpt lat="49.342507" lon="10.383418">
        <ele>490.066087</ele>
        <time>2026-09-25T11:16:05.386Z</time>
      </trkpt>
      <trkpt lat="49.342558" lon="10.383256">
        <ele>490.016777</ele>
        <time>2026-09-25T11:16:08.388Z</time>
      </trkpt>
      <trkpt lat="49.342608" lon="10.383095">
        <ele>489.967897</ele>
        <time>2026-09-25T11:16:11.407Z</time>
      </trkpt>
      <trkpt lat="49.342656" lon="10.382937">
        <ele>489.920119</ele>
        <time>2026-09-25T11:16:14.387Z</time>
      </trkpt>
      <trkpt lat="49.342698" lon="10.382775">
        <ele>489.872334</ele>
        <time>2026-09-25T11:16:17.391Z</time>
      </trkpt>
      <trkpt lat="49.342735" lon="10.382615">
        <ele>489.825804</ele>
        <time>2026-09-25T11:16:20.406Z</time>
      </trkpt>
      <trkpt lat="49.342768" lon="10.382439">
        <ele>489.775612</ele>
        <time>2026-09-25T11:16:23.398Z</time>
      </trkpt>
      <trkpt lat="49.342783" lon="10.382247">
        <ele>489.722615</ele>
        <time>2026-09-25T11:16:26.393Z</time>
      </trkpt>
      <trkpt lat="49.342781" lon="10.382049">
        <ele>489.668344</ele>
        <time>2026-09-25T11:16:29.389Z</time>
      </trkpt>
      <trkpt lat="49.342774" lon="10.381874">
        <ele>489.620292</ele>
        <time>2026-09-25T11:16:32.406Z</time>
      </trkpt>
      <trkpt lat="49.342765" lon="10.381674">
        <ele>489.565349</ele>
        <time>2026-09-25T11:16:35.395Z</time>
      </trkpt>
      <trkpt lat="49.342754" lon="10.381500">
        <ele>489.517438</ele>
        <time>2026-09-25T11:16:38.398Z</time>
      </trkpt>
      <trkpt lat="49.342744" lon="10.381318">
        <ele>489.484396</ele>
        <time>2026-09-25T11:16:41.411Z</time>
      </trkpt>
      <trkpt lat="49.342737" lon="10.381142">
        <ele>489.551504</ele>
        <time>2026-09-25T11:16:44.376Z</time>
      </trkpt>
      <trkpt lat="49.342731" lon="10.380958">
        <ele>489.621619</ele>
        <time>2026-09-25T11:16:47.404Z</time>
      </trkpt>
      <trkpt lat="49.342724" lon="10.380768">
        <ele>489.694046</ele>
        <time>2026-09-25T11:16:50.391Z</time>
      </trkpt>
      <trkpt lat="49.342719" lon="10.380587">
        <ele>489.762993</ele>
        <time>2026-09-25T11:16:53.400Z</time>
      </trkpt>
      <trkpt lat="49.342711" lon="10.380396">
        <ele>489.835835</ele>
        <time>2026-09-25T11:16:56.412Z</time>
      </trkpt>
      <trkpt lat="49.342705" lon="10.380220">
        <ele>489.902910</ele>
        <time>2026-09-25T11:16:59.390Z</time>
      </trkpt>
      <trkpt lat="49.342697" lon="10.380027">
        <ele>489.976511</ele>
        <time>2026-09-25T11:17:02.402Z</time>
      </trkpt>
      <trkpt lat="49.342690" lon="10.379854">
        <ele>490.042479</ele>
        <time>2026-09-25T11:17:05.397Z</time>
      </trkpt>
      <trkpt lat="49.342681" lon="10.379667">
        <ele>490.113843</ele>
        <time>2026-09-25T11:17:08.383Z</time>
      </trkpt>
      <trkpt lat="49.342678" lon="10.379494">
        <ele>490.179707</ele>
        <time>2026-09-25T11:17:11.421Z</time>
      </trkpt>
      <trkpt lat="49.342671" lon="10.379306">
        <ele>490.251374</ele>
        <time>2026-09-25T11:17:14.397Z</time>
      </trkpt>
      <trkpt lat="49.342663" lon="10.379117">
        <ele>490.323456</ele>
        <time>2026-09-25T11:17:17.417Z</time>
      </trkpt>
      <trkpt lat="49.342660" lon="10.378928">
        <ele>490.395408</ele>
        <time>2026-09-25T11:17:20.393Z</time>
      </trkpt>
      <trkpt lat="49.342655" lon="10.378733">
        <ele>490.469680</ele>
        <time>2026-09-25T11:17:23.393Z</time>
      </trkpt>
      <trkpt lat="49.342648" lon="10.378529">
        <ele>490.476866</ele>
        <time>2026-09-25T11:17:26.385Z</time>
      </trkpt>
      <trkpt lat="49.342642" lon="10.378347">
        <ele>490.326446</ele>
        <time>2026-09-25T11:17:29.389Z</time>
      </trkpt>
      <trkpt lat="49.342634" lon="10.378166">
        <ele>490.176700</ele>
        <time>2026-09-25T11:17:32.380Z</time>
      </trkpt>
      <trkpt lat="49.342619" lon="10.377989">
        <ele>490.029368</ele>
        <time>2026-09-25T11:17:35.383Z</time>
      </trkpt>
      <trkpt lat="49.342597" lon="10.377823">
        <ele>489.889541</ele>
        <time>2026-09-25T11:17:38.381Z</time>
      </trkpt>
      <trkpt lat="49.342567" lon="10.377673">
        <ele>489.760024</ele>
        <time>2026-09-25T11:17:41.394Z</time>
      </trkpt>
      <trkpt lat="49.342532" lon="10.377526">
        <ele>489.630837</ele>
        <time>2026-09-25T11:17:44.384Z</time>
      </trkpt>
      <trkpt lat="49.342485" lon="10.377386">
        <ele>489.500838</ele>
        <time>2026-09-25T11:17:47.383Z</time>
      </trkpt>
      <trkpt lat="49.342415" lon="10.377247">
        <ele>489.355825</ele>
        <time>2026-09-25T11:17:50.401Z</time>
      </trkpt>
      <trkpt lat="49.342343" lon="10.377116">
        <ele>489.214358</ele>
        <time>2026-09-25T11:17:53.399Z</time>
      </trkpt>
      <trkpt lat="49.342270" lon="10.376982">
        <ele>489.070180</ele>
        <time>2026-09-25T11:17:56.384Z</time>
      </trkpt>
      <trkpt lat="49.342193" lon="10.376838">
        <ele>488.916411</ele>
        <time>2026-09-25T11:17:59.419Z</time>
      </trkpt>
      <trkpt lat="49.342113" lon="10.376689">
        <ele>488.757041</ele>
        <time>2026-09-25T11:18:02.395Z</time>
      </trkpt>
      <trkpt lat="49.342037" lon="10.376544">
        <ele>488.603431</ele>
        <time>2026-09-25T11:18:05.408Z</time>
      </trkpt>
      <trkpt lat="49.341959" lon="10.376401">
        <ele>488.449490</ele>
        <time>2026-09-25T11:18:08.386Z</time>
      </trkpt>
      <trkpt lat="49.341877" lon="10.376248">
        <ele>488.285960</ele>
        <time>2026-09-25T11:18:11.417Z</time>
      </trkpt>
      <trkpt lat="49.341798" lon="10.376100">
        <ele>488.231682</ele>
        <time>2026-09-25T11:18:14.385Z</time>
      </trkpt>
      <trkpt lat="49.341724" lon="10.375963">
        <ele>488.213355</ele>
        <time>2026-09-25T11:18:17.409Z</time>
      </trkpt>
      <trkpt lat="49.341656" lon="10.375836">
        <ele>488.196427</ele>
        <time>2026-09-25T11:18:20.401Z</time>
      </trkpt>
      <trkpt lat="49.341581" lon="10.375721">
        <ele>488.179670</ele>
        <time>2026-09-25T11:18:23.416Z</time>
      </trkpt>
      <trkpt lat="49.341492" lon="10.375612">
        <ele>488.161673</ele>
        <time>2026-09-25T11:18:26.389Z</time>
      </trkpt>
      <trkpt lat="49.341384" lon="10.375482">
        <ele>488.139979</ele>
        <time>2026-09-25T11:18:29.401Z</time>
      </trkpt>
      <trkpt lat="49.341289" lon="10.375393">
        <ele>488.122387</ele>
        <time>2026-09-25T11:18:32.394Z</time>
      </trkpt>
      <trkpt lat="49.341180" lon="10.375305">
        <ele>488.102920</ele>
        <time>2026-09-25T11:18:35.415Z</time>
      </trkpt>
      <trkpt lat="49.341093" lon="10.375261">
        <ele>488.088442</ele>
        <time>2026-09-25T11:18:38.379Z</time>
      </trkpt>
      <trkpt lat="49.340994" lon="10.375227">
        <ele>488.072407</ele>
        <time>2026-09-25T11:18:41.424Z</time>
      </trkpt>
      <trkpt lat="49.340897" lon="10.375201">
        <ele>488.056843</ele>
        <time>2026-09-25T11:18:44.382Z</time>
      </trkpt>
      <trkpt lat="49.340781" lon="10.375171">
        <ele>488.038249</ele>
        <time>2026-09-25T11:18:48.411Z</time>
      </trkpt>
      <trkpt lat="49.340686" lon="10.375159">
        <ele>488.023183</ele>
        <time>2026-09-25T11:18:51.412Z</time>
      </trkpt>
      <trkpt lat="49.340590" lon="10.375148">
        <ele>488.007967</ele>
        <time>2026-09-25T11:18:54.383Z</time>
      </trkpt>
      <trkpt lat="49.340497" lon="10.375138">
        <ele>487.993231</ele>
        <time>2026-09-25T11:18:57.406Z</time>
      </trkpt>
      <trkpt lat="49.340402" lon="10.375130">
        <ele>487.978193</ele>
        <time>2026-09-25T11:19:00.384Z</time>
      </trkpt>
      <trkpt lat="49.340309" lon="10.375122">
        <ele>487.963471</ele>
        <time>2026-09-25T11:19:03.404Z</time>
      </trkpt>
      <trkpt lat="49.340210" lon="10.375114">
        <ele>488.208090</ele>
        <time>2026-09-25T11:19:06.383Z</time>
      </trkpt>
      <trkpt lat="49.340101" lon="10.375111">
        <ele>488.503132</ele>
        <time>2026-09-25T11:19:09.389Z</time>
      </trkpt>
      <trkpt lat="49.339986" lon="10.375109">
        <ele>488.814385</ele>
        <time>2026-09-25T11:19:12.384Z</time>
      </trkpt>
      <trkpt lat="49.339874" lon="10.375102">
        <ele>489.117750</ele>
        <time>2026-09-25T11:19:15.413Z</time>
      </trkpt>
      <trkpt lat="49.339766" lon="10.375095">
        <ele>489.410299</ele>
        <time>2026-09-25T11:19:18.395Z</time>
      </trkpt>
      <trkpt lat="49.339664" lon="10.375087">
        <ele>489.686709</ele>
        <time>2026-09-25T11:19:21.395Z</time>
      </trkpt>
      <trkpt lat="49.339561" lon="10.375072">
        <ele>489.966718</ele>
        <time>2026-09-25T11:19:25.369Z</time>
      </trkpt>
      <trkpt lat="49.339390" lon="10.375122">
        <ele>490.437832</ele>
        <time>2026-09-25T11:21:11.412Z</time>
      </trkpt>
      <trkpt lat="49.339298" lon="10.375138">
        <ele>490.688412</ele>
        <time>2026-09-25T11:21:16.430Z</time>
      </trkpt>
      <trkpt lat="49.339213" lon="10.375185">
        <ele>490.932928</ele>
        <time>2026-09-25T11:21:20.410Z</time>
      </trkpt>
      <trkpt lat="49.339117" lon="10.375217">
        <ele>491.198798</ele>
        <time>2026-09-25T11:21:24.368Z</time>
      </trkpt>
      <trkpt lat="49.339011" lon="10.375236">
        <ele>491.487623</ele>
        <time>2026-09-25T11:21:27.381Z</time>
      </trkpt>
      <trkpt lat="49.338896" lon="10.375267">
        <ele>491.803621</ele>
        <time>2026-09-25T11:21:30.385Z</time>
      </trkpt>
      <trkpt lat="49.338784" lon="10.375329">
        <ele>492.125850</ele>
        <time>2026-09-25T11:21:33.402Z</time>
      </trkpt>
      <trkpt lat="49.338666" lon="10.375393">
        <ele>492.464558</ele>
        <time>2026-09-25T11:21:36.409Z</time>
      </trkpt>
      <trkpt lat="49.338553" lon="10.375446">
        <ele>492.784341</ele>
        <time>2026-09-25T11:21:39.386Z</time>
      </trkpt>
      <trkpt lat="49.338452" lon="10.375496">
        <ele>492.755798</ele>
        <time>2026-09-25T11:21:42.374Z</time>
      </trkpt>
      <trkpt lat="49.338366" lon="10.375540">
        <ele>492.680480</ele>
        <time>2026-09-25T11:21:45.396Z</time>
      </trkpt>
      <trkpt lat="49.338274" lon="10.375587">
        <ele>492.599919</ele>
        <time>2026-09-25T11:21:48.383Z</time>
      </trkpt>
      <trkpt lat="49.338161" lon="10.375639">
        <ele>492.501904</ele>
        <time>2026-09-25T11:21:51.384Z</time>
      </trkpt>
      <trkpt lat="49.338048" lon="10.375698">
        <ele>492.402735</ele>
        <time>2026-09-25T11:21:54.381Z</time>
      </trkpt>
      <trkpt lat="49.337954" lon="10.375772">
        <ele>492.314960</ele>
        <time>2026-09-25T11:21:57.381Z</time>
      </trkpt>
      <trkpt lat="49.337829" lon="10.375813">
        <ele>492.208759</ele>
        <time>2026-09-25T11:22:00.423Z</time>
      </trkpt>
      <trkpt lat="49.337714" lon="10.375822">
        <ele>492.113089</ele>
        <time>2026-09-25T11:22:03.407Z</time>
      </trkpt>
      <trkpt lat="49.337623" lon="10.375775">
        <ele>492.033315</ele>
        <time>2026-09-25T11:22:06.375Z</time>
      </trkpt>
      <trkpt lat="49.337567" lon="10.375665">
        <ele>491.957743</ele>
        <time>2026-09-25T11:22:08.367Z</time>
      </trkpt>
      <trkpt lat="49.337513" lon="10.375510">
        <ele>491.862589</ele>
        <time>2026-09-25T11:22:11.368Z</time>
      </trkpt>
      <trkpt lat="49.337433" lon="10.375387">
        <ele>491.768504</ele>
        <time>2026-09-25T11:22:15.377Z</time>
      </trkpt>
      <trkpt lat="49.337324" lon="10.375324">
        <ele>491.671732</ele>
        <time>2026-09-25T11:22:19.374Z</time>
      </trkpt>
      <trkpt lat="49.337212" lon="10.375319">
        <ele>491.578639</ele>
        <time>2026-09-25T11:22:23.374Z</time>
      </trkpt>
      <trkpt lat="49.337108" lon="10.375309">
        <ele>491.492062</ele>
        <time>2026-09-25T11:22:27.405Z</time>
      </trkpt>
      <trkpt lat="49.337021" lon="10.375424">
        <ele>491.396663</ele>
        <time>2026-09-25T11:22:31.403Z</time>
      </trkpt>
      <trkpt lat="49.336993" lon="10.375571">
        <ele>491.329926</ele>
        <time>2026-09-25T11:22:34.400Z</time>
      </trkpt>
      <trkpt lat="49.336974" lon="10.375739">
        <ele>491.306018</ele>
        <time>2026-09-25T11:22:38.407Z</time>
      </trkpt>
      <trkpt lat="49.336931" lon="10.375896">
        <ele>491.282140</ele>
        <time>2026-09-25T11:22:42.384Z</time>
      </trkpt>
      <trkpt lat="49.336895" lon="10.376031">
        <ele>491.261687</ele>
        <time>2026-09-25T11:22:45.438Z</time>
      </trkpt>
      <trkpt lat="49.336857" lon="10.376207">
        <ele>491.235691</ele>
        <time>2026-09-25T11:22:49.401Z</time>
      </trkpt>
      <trkpt lat="49.336819" lon="10.376336">
        <ele>491.215842</ele>
        <time>2026-09-25T11:22:52.412Z</time>
      </trkpt>
      <trkpt lat="49.336726" lon="10.376397">
        <ele>491.194079</ele>
        <time>2026-09-25T11:22:55.395Z</time>
      </trkpt>
      <trkpt lat="49.336620" lon="10.376339">
        <ele>491.169864</ele>
        <time>2026-09-25T11:22:58.399Z</time>
      </trkpt>
      <trkpt lat="49.336531" lon="10.376272">
        <ele>491.148533</ele>
        <time>2026-09-25T11:23:01.405Z</time>
      </trkpt>
      <trkpt lat="49.336431" lon="10.376201">
        <ele>491.124825</ele>
        <time>2026-09-25T11:23:04.373Z</time>
      </trkpt>
      <trkpt lat="49.336337" lon="10.376137">
        <ele>491.102697</ele>
        <time>2026-09-25T11:23:07.451Z</time>
      </trkpt>
      <trkpt lat="49.336245" lon="10.376075">
        <ele>491.081076</ele>
        <time>2026-09-25T11:23:10.391Z</time>
      </trkpt>
      <trkpt lat="49.336135" lon="10.376025">
        <ele>491.056391</ele>
        <time>2026-09-25T11:23:14.391Z</time>
      </trkpt>
      <trkpt lat="49.336042" lon="10.375994">
        <ele>491.035913</ele>
        <time>2026-09-25T11:23:17.380Z</time>
      </trkpt>
      <trkpt lat="49.335942" lon="10.375949">
        <ele>491.013489</ele>
        <time>2026-09-25T11:23:20.408Z</time>
      </trkpt>
      <trkpt lat="49.335841" lon="10.375904">
        <ele>490.990859</ele>
        <time>2026-09-25T11:23:23.386Z</time>
      </trkpt>
      <trkpt lat="49.335755" lon="10.375861">
        <ele>490.971396</ele>
        <time>2026-09-25T11:23:26.387Z</time>
      </trkpt>
      <trkpt lat="49.335649" lon="10.375804">
        <ele>490.957846</ele>
        <time>2026-09-25T11:23:30.393Z</time>
      </trkpt>
      <trkpt lat="49.335549" lon="10.375762">
        <ele>491.113990</ele>
        <time>2026-09-25T11:23:34.393Z</time>
      </trkpt>
      <trkpt lat="49.335456" lon="10.375711">
        <ele>491.262727</ele>
        <time>2026-09-25T11:23:38.405Z</time>
      </trkpt>
      <trkpt lat="49.335371" lon="10.375652">
        <ele>491.403227</ele>
        <time>2026-09-25T11:23:42.374Z</time>
      </trkpt>
      <trkpt lat="49.335284" lon="10.375595">
        <ele>491.545695</ele>
        <time>2026-09-25T11:23:47.378Z</time>
      </trkpt>
      <trkpt lat="49.335192" lon="10.375528">
        <ele>491.699062</ele>
        <time>2026-09-25T11:23:51.410Z</time>
      </trkpt>
      <trkpt lat="49.335090" lon="10.375464">
        <ele>491.865024</ele>
        <time>2026-09-25T11:23:56.383Z</time>
      </trkpt>
      <trkpt lat="49.334986" lon="10.375416">
        <ele>492.028583</ele>
        <time>2026-09-25T11:24:00.413Z</time>
      </trkpt>
      <trkpt lat="49.334895" lon="10.375360">
        <ele>492.176243</ele>
        <time>2026-09-25T11:24:03.378Z</time>
      </trkpt>
      <trkpt lat="49.334782" lon="10.375307">
        <ele>492.354198</ele>
        <time>2026-09-25T11:24:07.410Z</time>
      </trkpt>
      <trkpt lat="49.334663" lon="10.375283">
        <ele>492.534959</ele>
        <time>2026-09-25T11:24:11.403Z</time>
      </trkpt>
      <trkpt lat="49.334570" lon="10.375282">
        <ele>492.675025</ele>
        <time>2026-09-25T11:24:14.414Z</time>
      </trkpt>
      <trkpt lat="49.334479" lon="10.375290">
        <ele>492.812301</ele>
        <time>2026-09-25T11:24:17.387Z</time>
      </trkpt>
      <trkpt lat="49.334382" lon="10.375289">
        <ele>492.958391</ele>
        <time>2026-09-25T11:24:20.406Z</time>
      </trkpt>
      <trkpt lat="49.334284" lon="10.375291">
        <ele>493.105997</ele>
        <time>2026-09-25T11:24:23.391Z</time>
      </trkpt>
      <trkpt lat="49.334185" lon="10.375310">
        <ele>493.256258</ele>
        <time>2026-09-25T11:24:26.403Z</time>
      </trkpt>
      <trkpt lat="49.334081" lon="10.375317">
        <ele>493.413038</ele>
        <time>2026-09-25T11:24:29.393Z</time>
      </trkpt>
      <trkpt lat="49.333959" lon="10.375336">
        <ele>493.597720</ele>
        <time>2026-09-25T11:24:32.394Z</time>
      </trkpt>
      <trkpt lat="49.333823" lon="10.375347">
        <ele>493.614650</ele>
        <time>2026-09-25T11:24:35.383Z</time>
      </trkpt>
      <trkpt lat="49.333709" lon="10.375361">
        <ele>493.564012</ele>
        <time>2026-09-25T11:24:37.411Z</time>
      </trkpt>
      <trkpt lat="49.333591" lon="10.375386">
        <ele>493.511268</ele>
        <time>2026-09-25T11:24:39.392Z</time>
      </trkpt>
      <trkpt lat="49.333460" lon="10.375427">
        <ele>493.452070</ele>
        <time>2026-09-25T11:24:41.419Z</time>
      </trkpt>
      <trkpt lat="49.333320" lon="10.375471">
        <ele>493.388794</ele>
        <time>2026-09-25T11:24:43.408Z</time>
      </trkpt>
      <trkpt lat="49.333175" lon="10.375508">
        <ele>493.323709</ele>
        <time>2026-09-25T11:24:45.387Z</time>
      </trkpt>
      <trkpt lat="49.333034" lon="10.375543">
        <ele>493.260465</ele>
        <time>2026-09-25T11:24:47.398Z</time>
      </trkpt>
      <trkpt lat="49.332890" lon="10.375544">
        <ele>493.196704</ele>
        <time>2026-09-25T11:24:49.390Z</time>
      </trkpt>
      <trkpt lat="49.332756" lon="10.375542">
        <ele>493.137368</ele>
        <time>2026-09-25T11:24:51.384Z</time>
      </trkpt>
      <trkpt lat="49.332630" lon="10.375534">
        <ele>493.081530</ele>
        <time>2026-09-25T11:24:53.390Z</time>
      </trkpt>
      <trkpt lat="49.332515" lon="10.375515">
        <ele>493.030316</ele>
        <time>2026-09-25T11:24:55.390Z</time>
      </trkpt>
      <trkpt lat="49.332406" lon="10.375506">
        <ele>492.981983</ele>
        <time>2026-09-25T11:24:57.383Z</time>
      </trkpt>
      <trkpt lat="49.332303" lon="10.375499">
        <ele>492.936332</ele>
        <time>2026-09-25T11:24:59.381Z</time>
      </trkpt>
      <trkpt lat="49.332209" lon="10.375487">
        <ele>492.894566</ele>
        <time>2026-09-25T11:25:01.398Z</time>
      </trkpt>
      <trkpt lat="49.332078" lon="10.375500">
        <ele>492.864942</ele>
        <time>2026-09-25T11:25:04.385Z</time>
      </trkpt>
      <trkpt lat="49.331948" lon="10.375525">
        <ele>492.874256</ele>
        <time>2026-09-25T11:25:07.391Z</time>
      </trkpt>
      <trkpt lat="49.331815" lon="10.375562">
        <ele>492.883865</ele>
        <time>2026-09-25T11:25:10.391Z</time>
      </trkpt>
      <trkpt lat="49.331728" lon="10.375598">
        <ele>492.890270</ele>
        <time>2026-09-25T11:25:12.411Z</time>
      </trkpt>
      <trkpt lat="49.331601" lon="10.375640">
        <ele>492.899506</ele>
        <time>2026-09-25T11:25:15.398Z</time>
      </trkpt>
      <trkpt lat="49.331478" lon="10.375694">
        <ele>492.908601</ele>
        <time>2026-09-25T11:25:18.385Z</time>
      </trkpt>
      <trkpt lat="49.331357" lon="10.375743">
        <ele>492.917497</ele>
        <time>2026-09-25T11:25:21.393Z</time>
      </trkpt>
      <trkpt lat="49.331236" lon="10.375789">
        <ele>492.926359</ele>
        <time>2026-09-25T11:25:24.391Z</time>
      </trkpt>
      <trkpt lat="49.331120" lon="10.375834">
        <ele>492.934865</ele>
        <time>2026-09-25T11:25:27.402Z</time>
      </trkpt>
      <trkpt lat="49.331003" lon="10.375870">
        <ele>492.943348</ele>
        <time>2026-09-25T11:25:30.393Z</time>
      </trkpt>
      <trkpt lat="49.330887" lon="10.375908">
        <ele>492.951780</ele>
        <time>2026-09-25T11:25:33.405Z</time>
      </trkpt>
      <trkpt lat="49.330774" lon="10.375950">
        <ele>492.960045</ele>
        <time>2026-09-25T11:25:36.392Z</time>
      </trkpt>
      <trkpt lat="49.330660" lon="10.375989">
        <ele>492.968348</ele>
        <time>2026-09-25T11:25:39.389Z</time>
      </trkpt>
      <trkpt lat="49.330546" lon="10.376036">
        <ele>492.976740</ele>
        <time>2026-09-25T11:25:42.394Z</time>
      </trkpt>
      <trkpt lat="49.330428" lon="10.376092">
        <ele>492.985520</ele>
        <time>2026-09-25T11:25:45.384Z</time>
      </trkpt>
      <trkpt lat="49.330314" lon="10.376149">
        <ele>492.963047</ele>
        <time>2026-09-25T11:25:48.396Z</time>
      </trkpt>
      <trkpt lat="49.330201" lon="10.376219">
        <ele>492.919882</ele>
        <time>2026-09-25T11:25:51.390Z</time>
      </trkpt>
      <trkpt lat="49.330086" lon="10.376289">
        <ele>492.876059</ele>
        <time>2026-09-25T11:25:54.386Z</time>
      </trkpt>
      <trkpt lat="49.329974" lon="10.376367">
        <ele>492.832492</ele>
        <time>2026-09-25T11:25:57.372Z</time>
      </trkpt>
      <trkpt lat="49.329867" lon="10.376448">
        <ele>492.790229</ele>
        <time>2026-09-25T11:26:00.401Z</time>
      </trkpt>
      <trkpt lat="49.329759" lon="10.376539">
        <ele>492.746586</ele>
        <time>2026-09-25T11:26:03.381Z</time>
      </trkpt>
      <trkpt lat="49.329647" lon="10.376642">
        <ele>492.700334</ele>
        <time>2026-09-25T11:26:06.437Z</time>
      </trkpt>
      <trkpt lat="49.329562" lon="10.376715">
        <ele>492.665830</ele>
        <time>2026-09-25T11:26:08.379Z</time>
      </trkpt>
      <trkpt lat="49.329473" lon="10.376797">
        <ele>492.629059</ele>
        <time>2026-09-25T11:26:10.395Z</time>
      </trkpt>
      <trkpt lat="49.329380" lon="10.376884">
        <ele>492.590477</ele>
        <time>2026-09-25T11:26:12.381Z</time>
      </trkpt>
      <trkpt lat="49.329281" lon="10.376971">
        <ele>492.550066</ele>
        <time>2026-09-25T11:26:14.390Z</time>
      </trkpt>
      <trkpt lat="49.329179" lon="10.377057">
        <ele>492.508840</ele>
        <time>2026-09-25T11:26:16.399Z</time>
      </trkpt>
      <trkpt lat="49.329074" lon="10.377135">
        <ele>492.467518</ele>
        <time>2026-09-25T11:26:18.391Z</time>
      </trkpt>
      <trkpt lat="49.328968" lon="10.377211">
        <ele>492.426074</ele>
        <time>2026-09-25T11:26:20.373Z</time>
      </trkpt>
      <trkpt lat="49.328862" lon="10.377286">
        <ele>492.384728</ele>
        <time>2026-09-25T11:26:22.388Z</time>
      </trkpt>
      <trkpt lat="49.328752" lon="10.377347">
        <ele>492.312490</ele>
        <time>2026-09-25T11:26:24.371Z</time>
      </trkpt>
      <trkpt lat="49.328641" lon="10.377390">
        <ele>492.124195</ele>
        <time>2026-09-25T11:26:26.386Z</time>
      </trkpt>
      <trkpt lat="49.328526" lon="10.377415">
        <ele>491.933159</ele>
        <time>2026-09-25T11:26:28.375Z</time>
      </trkpt>
      <trkpt lat="49.328422" lon="10.377469">
        <ele>491.752577</ele>
        <time>2026-09-25T11:26:30.398Z</time>
      </trkpt>
      <trkpt lat="49.328329" lon="10.377536">
        <ele>491.583594</ele>
        <time>2026-09-25T11:26:32.395Z</time>
      </trkpt>
      <trkpt lat="49.328244" lon="10.377611">
        <ele>491.422323</ele>
        <time>2026-09-25T11:26:34.372Z</time>
      </trkpt>
      <trkpt lat="49.328132" lon="10.377696">
        <ele>491.216810</ele>
        <time>2026-09-25T11:26:37.388Z</time>
      </trkpt>
      <trkpt lat="49.328031" lon="10.377667">
        <ele>491.047807</ele>
        <time>2026-09-25T11:26:40.391Z</time>
      </trkpt>
      <trkpt lat="49.327957" lon="10.377499">
        <ele>490.830450</ele>
        <time>2026-09-25T11:26:43.383Z</time>
      </trkpt>
      <trkpt lat="49.327880" lon="10.377396">
        <ele>490.662434</ele>
        <time>2026-09-25T11:26:45.392Z</time>
      </trkpt>
      <trkpt lat="49.327805" lon="10.377288">
        <ele>490.493262</ele>
        <time>2026-09-25T11:26:47.384Z</time>
      </trkpt>
      <trkpt lat="49.327721" lon="10.377200">
        <ele>490.325972</ele>
        <time>2026-09-25T11:26:49.363Z</time>
      </trkpt>
      <trkpt lat="49.327640" lon="10.377111">
        <ele>490.162110</ele>
        <time>2026-09-25T11:26:51.393Z</time>
      </trkpt>
      <trkpt lat="49.327567" lon="10.377012">
        <ele>490.001867</ele>
        <time>2026-09-25T11:26:53.392Z</time>
      </trkpt>
      <trkpt lat="49.327481" lon="10.376923">
        <ele>489.831253</ele>
        <time>2026-09-25T11:26:55.391Z</time>
      </trkpt>
      <trkpt lat="49.327397" lon="10.376821">
        <ele>489.655063</ele>
        <time>2026-09-25T11:26:57.398Z</time>
      </trkpt>
      <trkpt lat="49.327313" lon="10.376724">
        <ele>489.482149</ele>
        <time>2026-09-25T11:26:59.407Z</time>
      </trkpt>
      <trkpt lat="49.327224" lon="10.376635">
        <ele>489.318863</ele>
        <time>2026-09-25T11:27:01.391Z</time>
      </trkpt>
      <trkpt lat="49.327136" lon="10.376552">
        <ele>489.171567</ele>
        <time>2026-09-25T11:27:03.411Z</time>
      </trkpt>
      <trkpt lat="49.327049" lon="10.376466">
        <ele>489.023993</ele>
        <time>2026-09-25T11:27:05.396Z</time>
      </trkpt>
      <trkpt lat="49.326967" lon="10.376383">
        <ele>488.883914</ele>
        <time>2026-09-25T11:27:07.399Z</time>
      </trkpt>
      <trkpt lat="49.326889" lon="10.376305">
        <ele>488.751152</ele>
        <time>2026-09-25T11:27:09.374Z</time>
      </trkpt>
      <trkpt lat="49.326808" lon="10.376231">
        <ele>488.616726</ele>
        <time>2026-09-25T11:27:11.442Z</time>
      </trkpt>
      <trkpt lat="49.326699" lon="10.376139">
        <ele>488.439332</ele>
        <time>2026-09-25T11:27:14.386Z</time>
      </trkpt>
      <trkpt lat="49.326596" lon="10.376069">
        <ele>488.278697</ele>
        <time>2026-09-25T11:27:17.381Z</time>
      </trkpt>
      <trkpt lat="49.326490" lon="10.375990">
        <ele>488.110658</ele>
        <time>2026-09-25T11:27:20.382Z</time>
      </trkpt>
      <trkpt lat="49.326380" lon="10.375945">
        <ele>487.948323</ele>
        <time>2026-09-25T11:27:23.389Z</time>
      </trkpt>
      <trkpt lat="49.326268" lon="10.375935">
        <ele>487.788346</ele>
        <time>2026-09-25T11:27:26.378Z</time>
      </trkpt>
      <trkpt lat="49.326174" lon="10.375944">
        <ele>487.654046</ele>
        <time>2026-09-25T11:27:29.372Z</time>
      </trkpt>
      <trkpt lat="49.326076" lon="10.375965">
        <ele>487.512947</ele>
        <time>2026-09-25T11:27:32.403Z</time>
      </trkpt>
      <trkpt lat="49.325972" lon="10.375997">
        <ele>487.361695</ele>
        <time>2026-09-25T11:27:35.393Z</time>
      </trkpt>
      <trkpt lat="49.325869" lon="10.376041">
        <ele>487.209235</ele>
        <time>2026-09-25T11:27:38.538Z</time>
      </trkpt>
      <trkpt lat="49.325762" lon="10.376098">
        <ele>487.047724</ele>
        <time>2026-09-25T11:27:41.382Z</time>
      </trkpt>
      <trkpt lat="49.325654" lon="10.376156">
        <ele>486.884560</ele>
        <time>2026-09-25T11:27:44.386Z</time>
      </trkpt>
      <trkpt lat="49.325548" lon="10.376207">
        <ele>486.809237</ele>
        <time>2026-09-25T11:27:47.382Z</time>
      </trkpt>
      <trkpt lat="49.325438" lon="10.376233">
        <ele>486.779173</ele>
        <time>2026-09-25T11:27:50.386Z</time>
      </trkpt>
      <trkpt lat="49.325330" lon="10.376251">
        <ele>486.749828</ele>
        <time>2026-09-25T11:27:53.399Z</time>
      </trkpt>
      <trkpt lat="49.325234" lon="10.376276">
        <ele>486.723525</ele>
        <time>2026-09-25T11:27:56.395Z</time>
      </trkpt>
      <trkpt lat="49.325137" lon="10.376307">
        <ele>486.696761</ele>
        <time>2026-09-25T11:27:59.381Z</time>
      </trkpt>
      <trkpt lat="49.325027" lon="10.376352">
        <ele>486.666010</ele>
        <time>2026-09-25T11:28:02.375Z</time>
      </trkpt>
      <trkpt lat="49.324930" lon="10.376412">
        <ele>486.637759</ele>
        <time>2026-09-25T11:28:05.409Z</time>
      </trkpt>
      <trkpt lat="49.324820" lon="10.376467">
        <ele>486.606507</ele>
        <time>2026-09-25T11:28:08.393Z</time>
      </trkpt>
      <trkpt lat="49.324709" lon="10.376531">
        <ele>486.574476</ele>
        <time>2026-09-25T11:28:11.365Z</time>
      </trkpt>
      <trkpt lat="49.324606" lon="10.376598">
        <ele>486.544257</ele>
        <time>2026-09-25T11:28:14.391Z</time>
      </trkpt>
      <trkpt lat="49.324513" lon="10.376685">
        <ele>486.514834</ele>
        <time>2026-09-25T11:28:17.373Z</time>
      </trkpt>
      <trkpt lat="49.324420" lon="10.376749">
        <ele>486.487301</ele>
        <time>2026-09-25T11:28:20.393Z</time>
      </trkpt>
      <trkpt lat="49.324316" lon="10.376800">
        <ele>486.457808</ele>
        <time>2026-09-25T11:28:23.386Z</time>
      </trkpt>
      <trkpt lat="49.324204" lon="10.376879">
        <ele>486.424511</ele>
        <time>2026-09-25T11:28:26.402Z</time>
      </trkpt>
      <trkpt lat="49.324096" lon="10.376967">
        <ele>486.391479</ele>
        <time>2026-09-25T11:28:29.390Z</time>
      </trkpt>
      <trkpt lat="49.324006" lon="10.377071">
        <ele>486.361044</ele>
        <time>2026-09-25T11:28:32.389Z</time>
      </trkpt>
      <trkpt lat="49.323933" lon="10.377164">
        <ele>486.374192</ele>
        <time>2026-09-25T11:28:35.388Z</time>
      </trkpt>
      <trkpt lat="49.323847" lon="10.377244">
        <ele>486.489626</ele>
        <time>2026-09-25T11:28:39.407Z</time>
      </trkpt>
      <trkpt lat="49.323751" lon="10.377342">
        <ele>486.621972</ele>
        <time>2026-09-25T11:28:43.402Z</time>
      </trkpt>
      <trkpt lat="49.323645" lon="10.377429">
        <ele>486.759950</ele>
        <time>2026-09-25T11:28:47.380Z</time>
      </trkpt>
      <trkpt lat="49.323559" lon="10.377506">
        <ele>486.874236</ele>
        <time>2026-09-25T11:28:50.389Z</time>
      </trkpt>
      <trkpt lat="49.323477" lon="10.377592">
        <ele>486.988241</ele>
        <time>2026-09-25T11:28:53.397Z</time>
      </trkpt>
      <trkpt lat="49.323397" lon="10.377669">
        <ele>487.096635</ele>
        <time>2026-09-25T11:28:56.387Z</time>
      </trkpt>
      <trkpt lat="49.323330" lon="10.377768">
        <ele>487.203400</ele>
        <time>2026-09-25T11:28:59.382Z</time>
      </trkpt>
      <trkpt lat="49.323252" lon="10.377887">
        <ele>487.329654</ele>
        <time>2026-09-25T11:29:03.374Z</time>
      </trkpt>
      <trkpt lat="49.323184" lon="10.377981">
        <ele>487.434709</ele>
        <time>2026-09-25T11:29:06.396Z</time>
      </trkpt>
      <trkpt lat="49.323092" lon="10.378094">
        <ele>487.569973</ele>
        <time>2026-09-25T11:29:10.382Z</time>
      </trkpt>
      <trkpt lat="49.323015" lon="10.378192">
        <ele>487.684802</ele>
        <time>2026-09-25T11:29:14.382Z</time>
      </trkpt>
      <trkpt lat="49.322927" lon="10.378272">
        <ele>487.802205</ele>
        <time>2026-09-25T11:29:18.382Z</time>
      </trkpt>
      <trkpt lat="49.322838" lon="10.378359">
        <ele>487.923328</ele>
        <time>2026-09-25T11:29:22.380Z</time>
      </trkpt>
      <trkpt lat="49.322738" lon="10.378450">
        <ele>488.056776</ele>
        <time>2026-09-25T11:29:27.389Z</time>
      </trkpt>
      <trkpt lat="49.322628" lon="10.378531">
        <ele>488.196819</ele>
        <time>2026-09-25T11:29:32.392Z</time>
      </trkpt>
      <trkpt lat="49.322523" lon="10.378601">
        <ele>488.328220</ele>
        <time>2026-09-25T11:29:36.387Z</time>
      </trkpt>
      <trkpt lat="49.322423" lon="10.378669">
        <ele>488.503904</ele>
        <time>2026-09-25T11:29:40.403Z</time>
      </trkpt>
      <trkpt lat="49.322325" lon="10.378732">
        <ele>488.757227</ele>
        <time>2026-09-25T11:29:44.383Z</time>
      </trkpt>
      <trkpt lat="49.322228" lon="10.378793">
        <ele>489.007156</ele>
        <time>2026-09-25T11:29:48.378Z</time>
      </trkpt>
      <trkpt lat="49.322104" lon="10.378841">
        <ele>489.312048</ele>
        <time>2026-09-25T11:29:52.374Z</time>
      </trkpt>
      <trkpt lat="49.322001" lon="10.378874">
        <ele>489.562906</ele>
        <time>2026-09-25T11:29:55.396Z</time>
      </trkpt>
      <trkpt lat="49.321887" lon="10.378914">
        <ele>489.841709</ele>
        <time>2026-09-25T11:29:58.398Z</time>
      </trkpt>
      <trkpt lat="49.321769" lon="10.378959">
        <ele>490.131592</ele>
        <time>2026-09-25T11:30:01.380Z</time>
      </trkpt>
      <trkpt lat="49.321654" lon="10.379002">
        <ele>490.413788</ele>
        <time>2026-09-25T11:30:04.393Z</time>
      </trkpt>
      <trkpt lat="49.321549" lon="10.379027">
        <ele>490.667113</ele>
        <time>2026-09-25T11:30:07.401Z</time>
      </trkpt>
      <trkpt lat="49.321449" lon="10.379019">
        <ele>490.905846</ele>
        <time>2026-09-25T11:30:10.448Z</time>
      </trkpt>
      <trkpt lat="49.321358" lon="10.378994">
        <ele>491.126249</ele>
        <time>2026-09-25T11:30:13.373Z</time>
      </trkpt>
      <trkpt lat="49.321247" lon="10.378978">
        <ele>491.392048</ele>
        <time>2026-09-25T11:30:17.379Z</time>
      </trkpt>
      <trkpt lat="49.321152" lon="10.379026">
        <ele>491.630503</ele>
        <time>2026-09-25T11:30:22.382Z</time>
      </trkpt>
      <trkpt lat="49.321058" lon="10.379131">
        <ele>491.907715</ele>
        <time>2026-09-25T11:30:26.384Z</time>
      </trkpt>
      <trkpt lat="49.320979" lon="10.379211">
        <ele>492.133389</ele>
        <time>2026-09-25T11:30:30.385Z</time>
      </trkpt>
      <trkpt lat="49.320883" lon="10.379282">
        <ele>492.387468</ele>
        <time>2026-09-25T11:30:36.382Z</time>
      </trkpt>
      <trkpt lat="49.320794" lon="10.379354">
        <ele>492.627344</ele>
        <time>2026-09-25T11:30:41.382Z</time>
      </trkpt>
      <trkpt lat="49.320684" lon="10.379404">
        <ele>492.992110</ele>
        <time>2026-09-25T11:30:46.402Z</time>
      </trkpt>
      <trkpt lat="49.320595" lon="10.379446">
        <ele>493.312666</ele>
        <time>2026-09-25T11:30:50.384Z</time>
      </trkpt>
      <trkpt lat="49.320497" lon="10.379474">
        <ele>493.655838</ele>
        <time>2026-09-25T11:30:55.392Z</time>
      </trkpt>
      <trkpt lat="49.320447" lon="10.379611">
        <ele>494.008167</ele>
        <time>2026-09-25T11:31:05.410Z</time>
      </trkpt>
      <trkpt lat="49.320471" lon="10.379785">
        <ele>494.407262</ele>
        <time>2026-09-25T11:31:09.385Z</time>
      </trkpt>
      <trkpt lat="49.320515" lon="10.379999">
        <ele>494.910791</ele>
        <time>2026-09-25T11:31:13.385Z</time>
      </trkpt>
      <trkpt lat="49.320497" lon="10.380186">
        <ele>495.334961</ele>
        <time>2026-09-25T11:43:08.385Z</time>
      </trkpt>
      <trkpt lat="49.320536" lon="10.380372">
        <ele>495.773399</ele>
        <time>2026-09-25T11:43:12.398Z</time>
      </trkpt>
      <trkpt lat="49.320561" lon="10.380555">
        <ele>496.192964</ele>
        <time>2026-09-25T11:43:15.397Z</time>
      </trkpt>
      <trkpt lat="49.320588" lon="10.380700">
        <ele>496.531353</ele>
        <time>2026-09-25T11:43:17.407Z</time>
      </trkpt>
      <trkpt lat="49.320628" lon="10.380903">
        <ele>497.007233</ele>
        <time>2026-09-25T11:43:20.374Z</time>
      </trkpt>
      <trkpt lat="49.320650" lon="10.381058">
        <ele>497.363196</ele>
        <time>2026-09-25T11:43:22.388Z</time>
      </trkpt>
      <trkpt lat="49.320680" lon="10.381226">
        <ele>497.754070</ele>
        <time>2026-09-25T11:43:24.371Z</time>
      </trkpt>
      <trkpt lat="49.320707" lon="10.381401">
        <ele>498.157611</ele>
        <time>2026-09-25T11:43:26.390Z</time>
      </trkpt>
      <trkpt lat="49.320739" lon="10.381586">
        <ele>498.587108</ele>
        <time>2026-09-25T11:43:28.375Z</time>
      </trkpt>
      <trkpt lat="49.320763" lon="10.381778">
        <ele>498.772286</ele>
        <time>2026-09-25T11:43:30.383Z</time>
      </trkpt>
      <trkpt lat="49.320764" lon="10.381981">
        <ele>498.394139</ele>
        <time>2026-09-25T11:43:32.382Z</time>
      </trkpt>
      <trkpt lat="49.320735" lon="10.382189">
        <ele>497.997924</ele>
        <time>2026-09-25T11:43:34.394Z</time>
      </trkpt>
      <trkpt lat="49.320681" lon="10.382399">
        <ele>497.577409</ele>
        <time>2026-09-25T11:43:36.391Z</time>
      </trkpt>
      <trkpt lat="49.320594" lon="10.382595">
        <ele>497.135696</ele>
        <time>2026-09-25T11:43:38.417Z</time>
      </trkpt>
      <trkpt lat="49.320499" lon="10.382785">
        <ele>496.689640</ele>
        <time>2026-09-25T11:43:40.421Z</time>
      </trkpt>
      <trkpt lat="49.320400" lon="10.382976">
        <ele>496.235080</ele>
        <time>2026-09-25T11:43:42.409Z</time>
      </trkpt>
      <trkpt lat="49.320303" lon="10.383165">
        <ele>495.786987</ele>
        <time>2026-09-25T11:43:44.414Z</time>
      </trkpt>
      <trkpt lat="49.320207" lon="10.383350">
        <ele>495.346509</ele>
        <time>2026-09-25T11:43:46.453Z</time>
      </trkpt>
      <trkpt lat="49.320113" lon="10.383533">
        <ele>494.912499</ele>
        <time>2026-09-25T11:43:48.427Z</time>
      </trkpt>
      <trkpt lat="49.320024" lon="10.383713">
        <ele>494.491651</ele>
        <time>2026-09-25T11:43:50.396Z</time>
      </trkpt>
      <trkpt lat="49.319939" lon="10.383889">
        <ele>494.083621</ele>
        <time>2026-09-25T11:43:52.442Z</time>
      </trkpt>
      <trkpt lat="49.319858" lon="10.384056">
        <ele>493.723724</ele>
        <time>2026-09-25T11:43:54.407Z</time>
      </trkpt>
      <trkpt lat="49.319778" lon="10.384209">
        <ele>493.556558</ele>
        <time>2026-09-25T11:43:56.423Z</time>
      </trkpt>
      <trkpt lat="49.319705" lon="10.384352">
        <ele>493.401756</ele>
        <time>2026-09-25T11:43:58.412Z</time>
      </trkpt>
      <trkpt lat="49.319634" lon="10.384480">
        <ele>493.258513</ele>
        <time>2026-09-25T11:44:00.443Z</time>
      </trkpt>
      <trkpt lat="49.319572" lon="10.384598">
        <ele>493.129340</ele>
        <time>2026-09-25T11:44:02.429Z</time>
      </trkpt>
      <trkpt lat="49.319516" lon="10.384709">
        <ele>493.009713</ele>
        <time>2026-09-25T11:44:04.405Z</time>
      </trkpt>
      <trkpt lat="49.319430" lon="10.384857">
        <ele>492.840733</ele>
        <time>2026-09-25T11:44:07.394Z</time>
      </trkpt>
      <trkpt lat="49.319338" lon="10.384987">
        <ele>492.677193</ele>
        <time>2026-09-25T11:44:10.390Z</time>
      </trkpt>
      <trkpt lat="49.319252" lon="10.385114">
        <ele>492.521117</ele>
        <time>2026-09-25T11:44:13.414Z</time>
      </trkpt>
      <trkpt lat="49.319166" lon="10.385216">
        <ele>492.378987</ele>
        <time>2026-09-25T11:44:16.394Z</time>
      </trkpt>
      <trkpt lat="49.319068" lon="10.385312">
        <ele>492.226958</ele>
        <time>2026-09-25T11:44:19.430Z</time>
      </trkpt>
      <trkpt lat="49.318972" lon="10.385412">
        <ele>492.075238</ele>
        <time>2026-09-25T11:44:22.376Z</time>
      </trkpt>
      <trkpt lat="49.318863" lon="10.385486">
        <ele>491.919389</ele>
        <time>2026-09-25T11:44:25.402Z</time>
      </trkpt>
      <trkpt lat="49.318753" lon="10.385566">
        <ele>491.760222</ele>
        <time>2026-09-25T11:44:28.399Z</time>
      </trkpt>
      <trkpt lat="49.318637" lon="10.385640">
        <ele>491.595962</ele>
        <time>2026-09-25T11:44:31.396Z</time>
      </trkpt>
      <trkpt lat="49.318518" lon="10.385729">
        <ele>491.422865</ele>
        <time>2026-09-25T11:44:34.379Z</time>
      </trkpt>
      <trkpt lat="49.318434" lon="10.385782">
        <ele>491.277838</ele>
        <time>2026-09-25T11:44:36.379Z</time>
      </trkpt>
      <trkpt lat="49.318308" lon="10.385855">
        <ele>491.051120</ele>
        <time>2026-09-25T11:44:39.375Z</time>
      </trkpt>
      <trkpt lat="49.318226" lon="10.385916">
        <ele>490.897717</ele>
        <time>2026-09-25T11:44:41.387Z</time>
      </trkpt>
      <trkpt lat="49.318133" lon="10.385968">
        <ele>490.731095</ele>
        <time>2026-09-25T11:44:43.400Z</time>
      </trkpt>
      <trkpt lat="49.318045" lon="10.386041">
        <ele>490.562694</ele>
        <time>2026-09-25T11:44:45.405Z</time>
      </trkpt>
      <trkpt lat="49.317946" lon="10.386089">
        <ele>490.387921</ele>
        <time>2026-09-25T11:44:47.370Z</time>
      </trkpt>
      <trkpt lat="49.317854" lon="10.386156">
        <ele>490.216493</ele>
        <time>2026-09-25T11:44:49.391Z</time>
      </trkpt>
      <trkpt lat="49.317756" lon="10.386207">
        <ele>490.042295</ele>
        <time>2026-09-25T11:44:51.391Z</time>
      </trkpt>
      <trkpt lat="49.317657" lon="10.386256">
        <ele>489.867189</ele>
        <time>2026-09-25T11:44:53.376Z</time>
      </trkpt>
      <trkpt lat="49.317565" lon="10.386315">
        <ele>489.699337</ele>
        <time>2026-09-25T11:44:55.387Z</time>
      </trkpt>
      <trkpt lat="49.317476" lon="10.386367">
        <ele>489.539025</ele>
        <time>2026-09-25T11:44:57.376Z</time>
      </trkpt>
      <trkpt lat="49.317386" lon="10.386414">
        <ele>489.378990</ele>
        <time>2026-09-25T11:44:59.380Z</time>
      </trkpt>
      <trkpt lat="49.317300" lon="10.386467">
        <ele>489.222980</ele>
        <time>2026-09-25T11:45:01.409Z</time>
      </trkpt>
      <trkpt lat="49.317175" lon="10.386543">
        <ele>488.996644</ele>
        <time>2026-09-25T11:45:04.456Z</time>
      </trkpt>
      <trkpt lat="49.317054" lon="10.386626">
        <ele>488.773528</ele>
        <time>2026-09-25T11:45:07.424Z</time>
      </trkpt>
      <trkpt lat="49.316940" lon="10.386708">
        <ele>488.561584</ele>
        <time>2026-09-25T11:45:10.425Z</time>
      </trkpt>
      <trkpt lat="49.316826" lon="10.386801">
        <ele>488.363952</ele>
        <time>2026-09-25T11:45:13.382Z</time>
      </trkpt>
      <trkpt lat="49.316714" lon="10.386882">
        <ele>488.329611</ele>
        <time>2026-09-25T11:45:16.389Z</time>
      </trkpt>
      <trkpt lat="49.316605" lon="10.386963">
        <ele>488.296021</ele>
        <time>2026-09-25T11:45:19.384Z</time>
      </trkpt>
      <trkpt lat="49.316505" lon="10.387051">
        <ele>488.264047</ele>
        <time>2026-09-25T11:45:22.410Z</time>
      </trkpt>
      <trkpt lat="49.316404" lon="10.387129">
        <ele>488.232686</ele>
        <time>2026-09-25T11:45:25.384Z</time>
      </trkpt>
      <trkpt lat="49.316302" lon="10.387213">
        <ele>488.200579</ele>
        <time>2026-09-25T11:45:28.398Z</time>
      </trkpt>
      <trkpt lat="49.316200" lon="10.387303">
        <ele>488.167944</ele>
        <time>2026-09-25T11:45:31.403Z</time>
      </trkpt>
      <trkpt lat="49.316097" lon="10.387395">
        <ele>488.134888</ele>
        <time>2026-09-25T11:45:34.410Z</time>
      </trkpt>
      <trkpt lat="49.315994" lon="10.387486">
        <ele>488.101923</ele>
        <time>2026-09-25T11:45:37.400Z</time>
      </trkpt>
      <trkpt lat="49.315896" lon="10.387575">
        <ele>488.070338</ele>
        <time>2026-09-25T11:45:40.394Z</time>
      </trkpt>
      <trkpt lat="49.315789" lon="10.387665">
        <ele>488.036494</ele>
        <time>2026-09-25T11:45:43.388Z</time>
      </trkpt>
      <trkpt lat="49.315683" lon="10.387763">
        <ele>488.002169</ele>
        <time>2026-09-25T11:45:46.401Z</time>
      </trkpt>
      <trkpt lat="49.315573" lon="10.387850">
        <ele>487.967846</ele>
        <time>2026-09-25T11:45:49.396Z</time>
      </trkpt>
      <trkpt lat="49.315463" lon="10.387947">
        <ele>487.932657</ele>
        <time>2026-09-25T11:45:52.392Z</time>
      </trkpt>
      <trkpt lat="49.315351" lon="10.388057">
        <ele>487.895773</ele>
        <time>2026-09-25T11:45:55.395Z</time>
      </trkpt>
      <trkpt lat="49.315235" lon="10.388149">
        <ele>487.905466</ele>
        <time>2026-09-25T11:45:58.413Z</time>
      </trkpt>
      <trkpt lat="49.315116" lon="10.388234">
        <ele>488.045989</ele>
        <time>2026-09-25T11:46:01.407Z</time>
      </trkpt>
      <trkpt lat="49.314994" lon="10.388303">
        <ele>488.185184</ele>
        <time>2026-09-25T11:46:04.395Z</time>
      </trkpt>
      <trkpt lat="49.314871" lon="10.388328">
        <ele>488.318006</ele>
        <time>2026-09-25T11:46:07.388Z</time>
      </trkpt>
      <trkpt lat="49.314758" lon="10.388345">
        <ele>488.439553</ele>
        <time>2026-09-25T11:46:10.462Z</time>
      </trkpt>
      <trkpt lat="49.314653" lon="10.388350">
        <ele>488.552010</ele>
        <time>2026-09-25T11:46:13.396Z</time>
      </trkpt>
      <trkpt lat="49.314561" lon="10.388328">
        <ele>488.651685</ele>
        <time>2026-09-25T11:46:16.369Z</time>
      </trkpt>
      <trkpt lat="49.314451" lon="10.388289">
        <ele>488.772544</ele>
        <time>2026-09-25T11:46:20.394Z</time>
      </trkpt>
      <trkpt lat="49.314350" lon="10.388244">
        <ele>488.885133</ele>
        <time>2026-09-25T11:46:24.382Z</time>
      </trkpt>
      <trkpt lat="49.314262" lon="10.388190">
        <ele>488.986595</ele>
        <time>2026-09-25T11:46:28.378Z</time>
      </trkpt>
      <trkpt lat="49.314170" lon="10.388138">
        <ele>489.091555</ele>
        <time>2026-09-25T11:46:32.392Z</time>
      </trkpt>
      <trkpt lat="49.314074" lon="10.388097">
        <ele>489.198231</ele>
        <time>2026-09-25T11:46:36.408Z</time>
      </trkpt>
      <trkpt lat="49.313970" lon="10.388045">
        <ele>489.315329</ele>
        <time>2026-09-25T11:46:40.412Z</time>
      </trkpt>
      <trkpt lat="49.313867" lon="10.387994">
        <ele>489.431192</ele>
        <time>2026-09-25T11:46:44.407Z</time>
      </trkpt>
      <trkpt lat="49.313762" lon="10.387948">
        <ele>489.548089</ele>
        <time>2026-09-25T11:46:49.413Z</time>
      </trkpt>
      <trkpt lat="49.313667" lon="10.387899">
        <ele>489.655382</ele>
        <time>2026-09-25T11:46:54.390Z</time>
      </trkpt>
      <trkpt lat="49.313565" lon="10.387874">
        <ele>489.765958</ele>
        <time>2026-09-25T11:46:59.385Z</time>
      </trkpt>
      <trkpt lat="49.313466" lon="10.387868">
        <ele>489.912143</ele>
        <time>2026-09-25T11:47:04.375Z</time>
      </trkpt>
      <trkpt lat="49.313361" lon="10.387914">
        <ele>490.089505</ele>
        <time>2026-09-25T11:47:09.389Z</time>
      </trkpt>
      <trkpt lat="49.313314" lon="10.388058">
        <ele>490.260024</ele>
        <time>2026-09-25T11:47:14.393Z</time>
      </trkpt>
      <trkpt lat="49.313246" lon="10.388198">
        <ele>490.444886</ele>
        <time>2026-09-25T11:47:18.384Z</time>
      </trkpt>
      <trkpt lat="49.313179" lon="10.388319">
        <ele>490.612986</ele>
        <time>2026-09-25T11:47:21.386Z</time>
      </trkpt>
      <trkpt lat="49.313085" lon="10.388417">
        <ele>490.797589</ele>
        <time>2026-09-25T11:47:24.412Z</time>
      </trkpt>
      <trkpt lat="49.312971" lon="10.388482">
        <ele>490.995128</ele>
        <time>2026-09-25T11:47:27.439Z</time>
      </trkpt>
      <trkpt lat="49.312880" lon="10.388488">
        <ele>491.143068</ele>
        <time>2026-09-25T11:47:29.462Z</time>
      </trkpt>
      <trkpt lat="49.312785" lon="10.388494">
        <ele>491.297500</ele>
        <time>2026-09-25T11:47:31.509Z</time>
      </trkpt>
      <trkpt lat="49.312599" lon="10.388511">
        <ele>491.600140</ele>
        <time>2026-09-25T11:47:35.391Z</time>
      </trkpt>
      <trkpt lat="49.312508" lon="10.388516">
        <ele>491.748039</ele>
        <time>2026-09-25T11:47:37.377Z</time>
      </trkpt>
      <trkpt lat="49.312373" lon="10.388522">
        <ele>491.967400</ele>
        <time>2026-09-25T11:47:40.386Z</time>
      </trkpt>
      <trkpt lat="49.312279" lon="10.388539">
        <ele>492.121134</ele>
        <time>2026-09-25T11:47:42.394Z</time>
      </trkpt>
      <trkpt lat="49.312192" lon="10.388585">
        <ele>492.270601</ele>
        <time>2026-09-25T11:47:44.396Z</time>
      </trkpt>
      <trkpt lat="49.312102" lon="10.388614">
        <ele>492.419971</ele>
        <time>2026-09-25T11:47:46.398Z</time>
      </trkpt>
      <trkpt lat="49.311982" lon="10.388635">
        <ele>492.616142</ele>
        <time>2026-09-25T11:47:49.380Z</time>
      </trkpt>
      <trkpt lat="49.311879" lon="10.388641">
        <ele>492.714234</ele>
        <time>2026-09-25T11:47:52.398Z</time>
      </trkpt>
      <trkpt lat="49.311775" lon="10.388647">
        <ele>492.710223</ele>
        <time>2026-09-25T11:47:55.402Z</time>
      </trkpt>
      <trkpt lat="49.311684" lon="10.388661">
        <ele>492.706699</ele>
        <time>2026-09-25T11:47:58.369Z</time>
      </trkpt>
      <trkpt lat="49.311567" lon="10.388674">
        <ele>492.702179</ele>
        <time>2026-09-25T11:48:02.378Z</time>
      </trkpt>
      <trkpt lat="49.311450" lon="10.388710">
        <ele>492.697580</ele>
        <time>2026-09-25T11:48:06.383Z</time>
      </trkpt>
      <trkpt lat="49.311355" lon="10.388743">
        <ele>492.693827</ele>
        <time>2026-09-25T11:48:09.412Z</time>
      </trkpt>
      <trkpt lat="49.311253" lon="10.388793">
        <ele>492.689700</ele>
        <time>2026-09-25T11:48:12.403Z</time>
      </trkpt>
      <trkpt lat="49.311159" lon="10.388864">
        <ele>492.685663</ele>
        <time>2026-09-25T11:48:15.415Z</time>
      </trkpt>
      <trkpt lat="49.311067" lon="10.388956">
        <ele>492.681431</ele>
        <time>2026-09-25T11:48:18.379Z</time>
      </trkpt>
      <trkpt lat="49.310985" lon="10.389051">
        <ele>492.677471</ele>
        <time>2026-09-25T11:48:21.402Z</time>
      </trkpt>
      <trkpt lat="49.310895" lon="10.389160">
        <ele>492.673052</ele>
        <time>2026-09-25T11:48:24.431Z</time>
      </trkpt>
      <trkpt lat="49.310774" lon="10.389285">
        <ele>492.667430</ele>
        <time>2026-09-25T11:48:28.391Z</time>
      </trkpt>
      <trkpt lat="49.310676" lon="10.389354">
        <ele>492.663275</ele>
        <time>2026-09-25T11:48:31.382Z</time>
      </trkpt>
      <trkpt lat="49.310576" lon="10.389410">
        <ele>492.659173</ele>
        <time>2026-09-25T11:48:34.375Z</time>
      </trkpt>
      <trkpt lat="49.310480" lon="10.389469">
        <ele>492.655187</ele>
        <time>2026-09-25T11:48:37.383Z</time>
      </trkpt>
      <trkpt lat="49.310384" lon="10.389524">
        <ele>492.651238</ele>
        <time>2026-09-25T11:48:40.383Z</time>
      </trkpt>
      <trkpt lat="49.310285" lon="10.389579">
        <ele>492.647181</ele>
        <time>2026-09-25T11:48:43.386Z</time>
      </trkpt>
      <trkpt lat="49.310198" lon="10.389639">
        <ele>492.501405</ele>
        <time>2026-09-25T11:48:46.369Z</time>
      </trkpt>
      <trkpt lat="49.310116" lon="10.389711">
        <ele>492.326720</ele>
        <time>2026-09-25T11:48:49.376Z</time>
      </trkpt>
      <trkpt lat="49.310042" lon="10.389800">
        <ele>492.152865</ele>
        <time>2026-09-25T11:48:52.382Z</time>
      </trkpt>
      <trkpt lat="49.309969" lon="10.389899">
        <ele>491.972714</ele>
        <time>2026-09-25T11:48:55.363Z</time>
      </trkpt>
      <trkpt lat="49.309898" lon="10.389990">
        <ele>491.801653</ele>
        <time>2026-09-25T11:48:58.383Z</time>
      </trkpt>
      <trkpt lat="49.309825" lon="10.390104">
        <ele>491.609048</ele>
        <time>2026-09-25T11:49:01.383Z</time>
      </trkpt>
      <trkpt lat="49.309766" lon="10.390260">
        <ele>491.391664</ele>
        <time>2026-09-25T11:49:05.389Z</time>
      </trkpt>
      <trkpt lat="49.309700" lon="10.390415">
        <ele>491.168516</ele>
        <time>2026-09-25T11:49:09.380Z</time>
      </trkpt>
      <trkpt lat="49.309638" lon="10.390520">
        <ele>490.997761</ele>
        <time>2026-09-25T11:49:12.368Z</time>
      </trkpt>
      <trkpt lat="49.309551" lon="10.390636">
        <ele>490.784637</ele>
        <time>2026-09-25T11:49:16.372Z</time>
      </trkpt>
      <trkpt lat="49.309454" lon="10.390745">
        <ele>490.562325</ele>
        <time>2026-09-25T11:49:20.395Z</time>
      </trkpt>
      <trkpt lat="49.309386" lon="10.390849">
        <ele>490.384787</ele>
        <time>2026-09-25T11:49:23.398Z</time>
      </trkpt>
      <trkpt lat="49.309320" lon="10.390966">
        <ele>490.198298</ele>
        <time>2026-09-25T11:49:25.423Z</time>
      </trkpt>
      <trkpt lat="49.309230" lon="10.391127">
        <ele>489.942666</ele>
        <time>2026-09-25T11:49:27.393Z</time>
      </trkpt>
      <trkpt lat="49.309137" lon="10.391345">
        <ele>489.628641</ele>
        <time>2026-09-25T11:49:29.389Z</time>
      </trkpt>
      <trkpt lat="49.309014" lon="10.391521">
        <ele>489.314023</ele>
        <time>2026-09-25T11:49:31.394Z</time>
      </trkpt>
      <trkpt lat="49.308893" lon="10.391660">
        <ele>488.749360</ele>
        <time>2026-09-25T11:49:33.378Z</time>
      </trkpt>
      <trkpt lat="49.308776" lon="10.391787">
        <ele>488.213978</ele>
        <time>2026-09-25T11:49:35.381Z</time>
      </trkpt>
      <trkpt lat="49.308658" lon="10.391919">
        <ele>487.668458</ele>
        <time>2026-09-25T11:49:37.388Z</time>
      </trkpt>
      <trkpt lat="49.308526" lon="10.392036">
        <ele>487.099008</ele>
        <time>2026-09-25T11:49:39.385Z</time>
      </trkpt>
      <trkpt lat="49.308398" lon="10.392177">
        <ele>486.510378</ele>
        <time>2026-09-25T11:49:41.377Z</time>
      </trkpt>
      <trkpt lat="49.308265" lon="10.392328">
        <ele>485.892308</ele>
        <time>2026-09-25T11:49:43.410Z</time>
      </trkpt>
      <trkpt lat="49.308125" lon="10.392479">
        <ele>485.253034</ele>
        <time>2026-09-25T11:49:45.376Z</time>
      </trkpt>
      <trkpt lat="49.307987" lon="10.392636">
        <ele>484.611259</ele>
        <time>2026-09-25T11:49:47.377Z</time>
      </trkpt>
      <trkpt lat="49.307849" lon="10.392793">
        <ele>483.969483</ele>
        <time>2026-09-25T11:49:49.404Z</time>
      </trkpt>
      <trkpt lat="49.307708" lon="10.392944">
        <ele>483.327147</ele>
        <time>2026-09-25T11:49:51.406Z</time>
      </trkpt>
      <trkpt lat="49.307577" lon="10.393098">
        <ele>482.710646</ele>
        <time>2026-09-25T11:49:53.401Z</time>
      </trkpt>
      <trkpt lat="49.307475" lon="10.393276">
        <ele>482.505416</ele>
        <time>2026-09-25T11:49:55.392Z</time>
      </trkpt>
      <trkpt lat="49.307390" lon="10.393457">
        <ele>482.392522</ele>
        <time>2026-09-25T11:49:57.403Z</time>
      </trkpt>
      <trkpt lat="49.307318" lon="10.393631">
        <ele>482.288220</ele>
        <time>2026-09-25T11:49:59.391Z</time>
      </trkpt>
      <trkpt lat="49.307251" lon="10.393799">
        <ele>482.188549</ele>
        <time>2026-09-25T11:50:01.388Z</time>
      </trkpt>
      <trkpt lat="49.307203" lon="10.393971">
        <ele>482.093859</ele>
        <time>2026-09-25T11:50:03.449Z</time>
      </trkpt>
      <trkpt lat="49.307155" lon="10.394132">
        <ele>482.004260</ele>
        <time>2026-09-25T11:50:05.397Z</time>
      </trkpt>
      <trkpt lat="49.307115" lon="10.394287">
        <ele>481.919891</ele>
        <time>2026-09-25T11:50:07.392Z</time>
      </trkpt>
      <trkpt lat="49.307074" lon="10.394439">
        <ele>481.836639</ele>
        <time>2026-09-25T11:50:09.406Z</time>
      </trkpt>
      <trkpt lat="49.307026" lon="10.394585">
        <ele>481.753883</ele>
        <time>2026-09-25T11:50:11.388Z</time>
      </trkpt>
      <trkpt lat="49.306996" lon="10.394744">
        <ele>481.670110</ele>
        <time>2026-09-25T11:50:13.396Z</time>
      </trkpt>
      <trkpt lat="49.306953" lon="10.394898">
        <ele>481.585321</ele>
        <time>2026-09-25T11:50:15.400Z</time>
      </trkpt>
      <trkpt lat="49.306915" lon="10.395053">
        <ele>481.501511</ele>
        <time>2026-09-25T11:50:17.386Z</time>
      </trkpt>
      <trkpt lat="49.306886" lon="10.395209">
        <ele>481.419411</ele>
        <time>2026-09-25T11:50:19.391Z</time>
      </trkpt>
      <trkpt lat="49.306857" lon="10.395359">
        <ele>481.340226</ele>
        <time>2026-09-25T11:50:21.396Z</time>
      </trkpt>
      <trkpt lat="49.306832" lon="10.395508">
        <ele>481.262358</ele>
        <time>2026-09-25T11:50:23.412Z</time>
      </trkpt>
      <trkpt lat="49.306786" lon="10.395639">
        <ele>481.215266</ele>
        <time>2026-09-25T11:50:25.403Z</time>
      </trkpt>
      <trkpt lat="49.306730" lon="10.395761">
        <ele>481.247677</ele>
        <time>2026-09-25T11:50:27.393Z</time>
      </trkpt>
      <trkpt lat="49.306679" lon="10.395888">
        <ele>481.280079</ele>
        <time>2026-09-25T11:50:29.397Z</time>
      </trkpt>
      <trkpt lat="49.306627" lon="10.396014">
        <ele>481.312472</ele>
        <time>2026-09-25T11:50:31.403Z</time>
      </trkpt>
      <trkpt lat="49.306580" lon="10.396139">
        <ele>481.343818</ele>
        <time>2026-09-25T11:50:33.391Z</time>
      </trkpt>
      <trkpt lat="49.306526" lon="10.396262">
        <ele>481.376031</ele>
        <time>2026-09-25T11:50:35.389Z</time>
      </trkpt>
      <trkpt lat="49.306475" lon="10.396387">
        <ele>481.408063</ele>
        <time>2026-09-25T11:50:37.393Z</time>
      </trkpt>
      <trkpt lat="49.306427" lon="10.396515">
        <ele>481.440140</ele>
        <time>2026-09-25T11:50:39.512Z</time>
      </trkpt>
      <trkpt lat="49.306376" lon="10.396640">
        <ele>481.472173</ele>
        <time>2026-09-25T11:50:41.378Z</time>
      </trkpt>
      <trkpt lat="49.306330" lon="10.396769">
        <ele>481.504113</ele>
        <time>2026-09-25T11:50:43.375Z</time>
      </trkpt>
      <trkpt lat="49.306272" lon="10.396889">
        <ele>481.536563</ele>
        <time>2026-09-25T11:50:45.381Z</time>
      </trkpt>
      <trkpt lat="49.306219" lon="10.397016">
        <ele>481.569319</ele>
        <time>2026-09-25T11:50:47.379Z</time>
      </trkpt>
      <trkpt lat="49.306169" lon="10.397147">
        <ele>481.602294</ele>
        <time>2026-09-25T11:50:49.374Z</time>
      </trkpt>
      <trkpt lat="49.306118" lon="10.397274">
        <ele>481.634696</ele>
        <time>2026-09-25T11:50:51.387Z</time>
      </trkpt>
      <trkpt lat="49.306069" lon="10.397407">
        <ele>481.667882</ele>
        <time>2026-09-25T11:50:53.387Z</time>
      </trkpt>
      <trkpt lat="49.306021" lon="10.397542">
        <ele>481.701286</ele>
        <time>2026-09-25T11:50:55.371Z</time>
      </trkpt>
      <trkpt lat="49.305980" lon="10.397673">
        <ele>481.732852</ele>
        <time>2026-09-25T11:50:57.402Z</time>
      </trkpt>
      <trkpt lat="49.305936" lon="10.397799">
        <ele>481.763903</ele>
        <time>2026-09-25T11:50:59.382Z</time>
      </trkpt>
      <trkpt lat="49.305886" lon="10.397977">
        <ele>481.806007</ele>
        <time>2026-09-25T11:51:02.383Z</time>
      </trkpt>
      <trkpt lat="49.305839" lon="10.398144">
        <ele>481.957881</ele>
        <time>2026-09-25T11:51:05.373Z</time>
      </trkpt>
      <trkpt lat="49.305793" lon="10.398300">
        <ele>482.100970</ele>
        <time>2026-09-25T11:51:08.383Z</time>
      </trkpt>
      <trkpt lat="49.305739" lon="10.398447">
        <ele>482.241981</ele>
        <time>2026-09-25T11:51:11.371Z</time>
      </trkpt>
      <trkpt lat="49.305664" lon="10.398541">
        <ele>482.366132</ele>
        <time>2026-09-25T11:51:15.409Z</time>
      </trkpt>
      <trkpt lat="49.305523" lon="10.398847">
        <ele>482.679286</ele>
        <time>2026-09-25T11:52:04.402Z</time>
      </trkpt>
      <trkpt lat="49.305551" lon="10.399024">
        <ele>482.831506</ele>
        <time>2026-09-25T11:52:07.489Z</time>
      </trkpt>
      <trkpt lat="49.305577" lon="10.399209">
        <ele>482.989670</ele>
        <time>2026-09-25T11:52:10.445Z</time>
      </trkpt>
      <trkpt lat="49.305609" lon="10.399375">
        <ele>483.134341</ele>
        <time>2026-09-25T11:52:13.357Z</time>
      </trkpt>
      <trkpt lat="49.305610" lon="10.399529">
        <ele>483.263052</ele>
        <time>2026-09-25T11:52:16.392Z</time>
      </trkpt>
      <trkpt lat="49.305550" lon="10.399658">
        <ele>483.395483</ele>
        <time>2026-09-25T11:52:20.441Z</time>
      </trkpt>
      <trkpt lat="49.305464" lon="10.399752">
        <ele>483.530846</ele>
        <time>2026-09-25T11:52:24.515Z</time>
      </trkpt>
      <trkpt lat="49.305382" lon="10.399863">
        <ele>483.671035</ele>
        <time>2026-09-25T11:52:28.637Z</time>
      </trkpt>
      <trkpt lat="49.305318" lon="10.399969">
        <ele>483.791773</ele>
        <time>2026-09-25T11:52:31.415Z</time>
      </trkpt>
      <trkpt lat="49.305259" lon="10.400094">
        <ele>483.920742</ele>
        <time>2026-09-25T11:52:34.443Z</time>
      </trkpt>
      <trkpt lat="49.305191" lon="10.400213">
        <ele>484.052985</ele>
        <time>2026-09-25T11:52:37.428Z</time>
      </trkpt>
      <trkpt lat="49.305120" lon="10.400339">
        <ele>484.180031</ele>
        <time>2026-09-25T11:52:40.419Z</time>
      </trkpt>
      <trkpt lat="49.305047" lon="10.400480">
        <ele>484.307863</ele>
        <time>2026-09-25T11:52:43.428Z</time>
      </trkpt>
      <trkpt lat="49.304976" lon="10.400612">
        <ele>484.429357</ele>
        <time>2026-09-25T11:52:46.424Z</time>
      </trkpt>
      <trkpt lat="49.304912" lon="10.400745">
        <ele>484.546720</ele>
        <time>2026-09-25T11:52:49.454Z</time>
      </trkpt>
      <trkpt lat="49.304868" lon="10.400893">
        <ele>484.662209</ele>
        <time>2026-09-25T11:52:52.449Z</time>
      </trkpt>
      <trkpt lat="49.304852" lon="10.401058">
        <ele>484.780649</ele>
        <time>2026-09-25T11:52:56.434Z</time>
      </trkpt>
      <trkpt lat="49.304862" lon="10.401204">
        <ele>484.884881</ele>
        <time>2026-09-25T11:53:00.451Z</time>
      </trkpt>
      <trkpt lat="49.304757" lon="10.401289">
        <ele>485.014167</ele>
        <time>2026-09-25T11:53:04.442Z</time>
      </trkpt>
      <trkpt lat="49.304666" lon="10.401369">
        <ele>485.128384</ele>
        <time>2026-09-25T11:53:07.415Z</time>
      </trkpt>
      <trkpt lat="49.304565" lon="10.401444">
        <ele>485.250578</ele>
        <time>2026-09-25T11:53:10.350Z</time>
      </trkpt>
      <trkpt lat="49.304455" lon="10.401516">
        <ele>485.380812</ele>
        <time>2026-09-25T11:53:13.389Z</time>
      </trkpt>
      <trkpt lat="49.304341" lon="10.401600">
        <ele>485.518532</ele>
        <time>2026-09-25T11:53:16.378Z</time>
      </trkpt>
      <trkpt lat="49.304263" lon="10.401670">
        <ele>485.616941</ele>
        <time>2026-09-25T11:53:18.395Z</time>
      </trkpt>
      <trkpt lat="49.304183" lon="10.401734">
        <ele>485.715193</ele>
        <time>2026-09-25T11:53:20.384Z</time>
      </trkpt>
      <trkpt lat="49.304062" lon="10.401810">
        <ele>485.857574</ele>
        <time>2026-09-25T11:53:23.402Z</time>
      </trkpt>
      <trkpt lat="49.303942" lon="10.401887">
        <ele>485.999220</ele>
        <time>2026-09-25T11:53:26.398Z</time>
      </trkpt>
      <trkpt lat="49.303817" lon="10.401966">
        <ele>486.104770</ele>
        <time>2026-09-25T11:53:29.381Z</time>
      </trkpt>
      <trkpt lat="49.303691" lon="10.402033">
        <ele>486.170738</ele>
        <time>2026-09-25T11:53:32.405Z</time>
      </trkpt>
      <trkpt lat="49.303570" lon="10.402107">
        <ele>486.235176</ele>
        <time>2026-09-25T11:53:35.384Z</time>
      </trkpt>
      <trkpt lat="49.303457" lon="10.402205">
        <ele>486.299392</ele>
        <time>2026-09-25T11:53:38.386Z</time>
      </trkpt>
      <trkpt lat="49.303355" lon="10.402314">
        <ele>486.360889</ele>
        <time>2026-09-25T11:53:41.399Z</time>
      </trkpt>
      <trkpt lat="49.303271" lon="10.402439">
        <ele>486.418787</ele>
        <time>2026-09-25T11:53:44.376Z</time>
      </trkpt>
      <trkpt lat="49.303177" lon="10.402547">
        <ele>486.476887</ele>
        <time>2026-09-25T11:53:47.382Z</time>
      </trkpt>
      <trkpt lat="49.303099" lon="10.402653">
        <ele>486.528440</ele>
        <time>2026-09-25T11:53:50.379Z</time>
      </trkpt>
      <trkpt lat="49.303027" lon="10.402749">
        <ele>486.575634</ele>
        <time>2026-09-25T11:53:53.399Z</time>
      </trkpt>
      <trkpt lat="49.302957" lon="10.402866">
        <ele>486.626851</ele>
        <time>2026-09-25T11:53:57.386Z</time>
      </trkpt>
      <trkpt lat="49.302920" lon="10.402999">
        <ele>486.673492</ele>
        <time>2026-09-25T11:54:02.402Z</time>
      </trkpt>
      <trkpt lat="49.302792" lon="10.403340">
        <ele>486.800405</ele>
        <time>2026-09-25T11:54:23.454Z</time>
      </trkpt>
      <trkpt lat="49.302739" lon="10.403469">
        <ele>486.849585</ele>
        <time>2026-09-25T11:54:26.385Z</time>
      </trkpt>
      <trkpt lat="49.302678" lon="10.403587">
        <ele>486.898157</ele>
        <time>2026-09-25T11:54:29.380Z</time>
      </trkpt>
      <trkpt lat="49.302614" lon="10.403695">
        <ele>486.945229</ele>
        <time>2026-09-25T11:54:32.414Z</time>
      </trkpt>
      <trkpt lat="49.302539" lon="10.403784">
        <ele>487.135917</ele>
        <time>2026-09-25T11:54:35.391Z</time>
      </trkpt>
      <trkpt lat="49.302447" lon="10.403869">
        <ele>487.425347</ele>
        <time>2026-09-25T11:54:38.405Z</time>
      </trkpt>
      <trkpt lat="49.302385" lon="10.404039">
        <ele>487.767610</ele>
        <time>2026-09-25T11:54:41.382Z</time>
      </trkpt>
      <trkpt lat="49.302336" lon="10.404189">
        <ele>488.062407</ele>
        <time>2026-09-25T11:54:44.396Z</time>
      </trkpt>
      <trkpt lat="49.302282" lon="10.404352">
        <ele>488.383668</ele>
        <time>2026-09-25T11:54:47.402Z</time>
      </trkpt>
      <trkpt lat="49.302239" lon="10.404525">
        <ele>488.708991</ele>
        <time>2026-09-25T11:54:50.409Z</time>
      </trkpt>
      <trkpt lat="49.302210" lon="10.404702">
        <ele>489.029674</ele>
        <time>2026-09-25T11:54:53.376Z</time>
      </trkpt>
      <trkpt lat="49.302181" lon="10.404890">
        <ele>489.369136</ele>
        <time>2026-09-25T11:54:56.376Z</time>
      </trkpt>
      <trkpt lat="49.302155" lon="10.405065">
        <ele>489.684519</ele>
        <time>2026-09-25T11:54:59.413Z</time>
      </trkpt>
      <trkpt lat="49.302129" lon="10.405226">
        <ele>489.975968</ele>
        <time>2026-09-25T11:55:02.400Z</time>
      </trkpt>
      <trkpt lat="49.302103" lon="10.405375">
        <ele>490.246996</ele>
        <time>2026-09-25T11:55:05.406Z</time>
      </trkpt>
      <trkpt lat="49.302070" lon="10.405507">
        <ele>490.495404</ele>
        <time>2026-09-25T11:55:08.379Z</time>
      </trkpt>
      <trkpt lat="49.302040" lon="10.405640">
        <ele>490.742693</ele>
        <time>2026-09-25T11:55:11.386Z</time>
      </trkpt>
      <trkpt lat="49.302021" lon="10.405779">
        <ele>490.992247</ele>
        <time>2026-09-25T11:55:15.402Z</time>
      </trkpt>
      <trkpt lat="49.302070" lon="10.405962">
        <ele>491.339862</ele>
        <time>2026-09-25T11:55:50.399Z</time>
      </trkpt>
      <trkpt lat="49.302150" lon="10.406027">
        <ele>491.583827</ele>
        <time>2026-09-25T11:55:53.403Z</time>
      </trkpt>
      <trkpt lat="49.302237" lon="10.406070">
        <ele>491.807197</ele>
        <time>2026-09-25T11:55:56.388Z</time>
      </trkpt>
      <trkpt lat="49.302341" lon="10.406112">
        <ele>491.813649</ele>
        <time>2026-09-25T11:56:00.403Z</time>
      </trkpt>
      <trkpt lat="49.302441" lon="10.406157">
        <ele>491.819901</ele>
        <time>2026-09-25T11:56:04.474Z</time>
      </trkpt>
      <trkpt lat="49.302528" lon="10.406209">
        <ele>491.825502</ele>
        <time>2026-09-25T11:56:10.450Z</time>
      </trkpt>
      <trkpt lat="49.302439" lon="10.406126">
        <ele>491.831751</ele>
        <time>2026-09-25T11:59:27.377Z</time>
      </trkpt>
      <trkpt lat="49.302219" lon="10.406023">
        <ele>491.845549</ele>
        <time>2026-09-25T11:59:31.383Z</time>
      </trkpt>
      <trkpt lat="49.302008" lon="10.405951">
        <ele>491.858516</ele>
        <time>2026-09-25T11:59:35.383Z</time>
      </trkpt>
      <trkpt lat="49.301805" lon="10.405954">
        <ele>491.870695</ele>
        <time>2026-09-25T11:59:39.389Z</time>
      </trkpt>
      <trkpt lat="49.301612" lon="10.405981">
        <ele>491.882320</ele>
        <time>2026-09-25T11:59:40.423Z</time>
      </trkpt>
      <trkpt lat="49.301503" lon="10.406010">
        <ele>491.888957</ele>
        <time>2026-09-25T11:59:43.398Z</time>
      </trkpt>
      <trkpt lat="49.301413" lon="10.406013">
        <ele>491.894357</ele>
        <time>2026-09-25T11:59:46.391Z</time>
      </trkpt>
      <trkpt lat="49.301319" lon="10.406038">
        <ele>491.900080</ele>
        <time>2026-09-25T11:59:50.404Z</time>
      </trkpt>
      <trkpt lat="49.301245" lon="10.406118">
        <ele>491.905511</ele>
        <time>2026-09-25T11:59:53.388Z</time>
      </trkpt>
      <trkpt lat="49.301154" lon="10.406117">
        <ele>491.910970</ele>
        <time>2026-09-25T11:59:56.374Z</time>
      </trkpt>
      <trkpt lat="49.301066" lon="10.406091">
        <ele>491.803535</ele>
        <time>2026-09-25T11:59:59.384Z</time>
      </trkpt>
      <trkpt lat="49.300973" lon="10.406088">
        <ele>491.454269</ele>
        <time>2026-09-25T12:00:02.376Z</time>
      </trkpt>
      <trkpt lat="49.300888" lon="10.406150">
        <ele>491.100856</ele>
        <time>2026-09-25T12:00:06.394Z</time>
      </trkpt>
      <trkpt lat="49.300774" lon="10.406397">
        <ele>490.359947</ele>
        <time>2026-09-25T12:01:05.393Z</time>
      </trkpt>
      <trkpt lat="49.300703" lon="10.406500">
        <ele>489.992979</ele>
        <time>2026-09-25T12:01:13.463Z</time>
      </trkpt>
      <trkpt lat="49.300633" lon="10.406617">
        <ele>489.604209</ele>
        <time>2026-09-25T12:01:17.385Z</time>
      </trkpt>
      <trkpt lat="49.300555" lon="10.406700">
        <ele>489.247741</ele>
        <time>2026-09-25T12:01:22.358Z</time>
      </trkpt>
      <trkpt lat="49.300485" lon="10.406870">
        <ele>488.755473</ele>
        <time>2026-09-25T12:01:25.395Z</time>
      </trkpt>
      <trkpt lat="49.300386" lon="10.406971">
        <ele>488.309013</ele>
        <time>2026-09-25T12:01:28.422Z</time>
      </trkpt>
      <trkpt lat="49.300305" lon="10.407035">
        <ele>487.966885</ele>
        <time>2026-09-25T12:01:30.366Z</time>
      </trkpt>
      <trkpt lat="49.300214" lon="10.407118">
        <ele>487.569339</ele>
        <time>2026-09-25T12:01:32.396Z</time>
      </trkpt>
      <trkpt lat="49.300138" lon="10.407240">
        <ele>487.156232</ele>
        <time>2026-09-25T12:01:35.381Z</time>
      </trkpt>
      <trkpt lat="49.300075" lon="10.407409">
        <ele>486.679605</ele>
        <time>2026-09-25T12:01:38.397Z</time>
      </trkpt>
      <trkpt lat="49.300028" lon="10.407561">
        <ele>486.267721</ele>
        <time>2026-09-25T12:01:41.412Z</time>
      </trkpt>
      <trkpt lat="49.299985" lon="10.407685">
        <ele>485.923854</ele>
        <time>2026-09-25T12:01:44.381Z</time>
      </trkpt>
      <trkpt lat="49.299984" lon="10.407918">
        <ele>485.353354</ele>
        <time>2026-09-25T12:02:22.472Z</time>
      </trkpt>
      <trkpt lat="49.299964" lon="10.408080">
        <ele>485.170597</ele>
        <time>2026-09-25T12:02:25.378Z</time>
      </trkpt>
      <trkpt lat="49.299946" lon="10.408259">
        <ele>485.190356</ele>
        <time>2026-09-25T12:02:28.385Z</time>
      </trkpt>
      <trkpt lat="49.299917" lon="10.408436">
        <ele>485.210266</ele>
        <time>2026-09-25T12:02:31.385Z</time>
      </trkpt>
      <trkpt lat="49.299899" lon="10.408608">
        <ele>485.229271</ele>
        <time>2026-09-25T12:02:34.391Z</time>
      </trkpt>
      <trkpt lat="49.299877" lon="10.408784">
        <ele>485.248822</ele>
        <time>2026-09-25T12:02:37.375Z</time>
      </trkpt>
      <trkpt lat="49.299814" lon="10.408939">
        <ele>485.268748</ele>
        <time>2026-09-25T12:02:40.382Z</time>
      </trkpt>
      <trkpt lat="49.299714" lon="10.409055">
        <ele>485.289725</ele>
        <time>2026-09-25T12:02:43.383Z</time>
      </trkpt>
      <trkpt lat="49.299612" lon="10.409146">
        <ele>485.309468</ele>
        <time>2026-09-25T12:02:46.351Z</time>
      </trkpt>
      <trkpt lat="49.299524" lon="10.409217">
        <ele>485.326103</ele>
        <time>2026-09-25T12:02:49.374Z</time>
      </trkpt>
      <trkpt lat="49.299432" lon="10.409275">
        <ele>485.342745</ele>
        <time>2026-09-25T12:02:53.362Z</time>
      </trkpt>
      <trkpt lat="49.299321" lon="10.409337">
        <ele>485.362509</ele>
        <time>2026-09-25T12:02:57.357Z</time>
      </trkpt>
      <trkpt lat="49.299220" lon="10.409380">
        <ele>485.380046</ele>
        <time>2026-09-25T12:03:01.364Z</time>
      </trkpt>
      <trkpt lat="49.299126" lon="10.409443">
        <ele>485.397208</ele>
        <time>2026-09-25T12:03:04.374Z</time>
      </trkpt>
      <trkpt lat="49.299023" lon="10.409494">
        <ele>485.415316</ele>
        <time>2026-09-25T12:03:07.422Z</time>
      </trkpt>
      <trkpt lat="49.298923" lon="10.409544">
        <ele>485.432913</ele>
        <time>2026-09-25T12:03:10.884Z</time>
      </trkpt>
      <trkpt lat="49.298823" lon="10.409637">
        <ele>485.452480</ele>
        <time>2026-09-25T12:03:13.358Z</time>
      </trkpt>
      <trkpt lat="49.298754" lon="10.409735">
        <ele>485.636889</ele>
        <time>2026-09-25T12:03:17.364Z</time>
      </trkpt>
      <trkpt lat="49.298863" lon="10.409691">
        <ele>486.174898</ele>
        <time>2026-09-25T12:03:22.362Z</time>
      </trkpt>
      <trkpt lat="49.298951" lon="10.409630">
        <ele>486.635866</ele>
        <time>2026-09-25T12:03:27.362Z</time>
      </trkpt>
      <trkpt lat="49.298984" lon="10.409480">
        <ele>487.128626</ele>
        <time>2026-09-25T12:03:32.386Z</time>
      </trkpt>
      <trkpt lat="49.298912" lon="10.409339">
        <ele>487.686064</ele>
        <time>2026-09-25T12:03:36.382Z</time>
      </trkpt>
      <trkpt lat="49.298834" lon="10.409234">
        <ele>488.181481</ele>
        <time>2026-09-25T12:03:39.390Z</time>
      </trkpt>
      <trkpt lat="49.298757" lon="10.409112">
        <ele>488.709966</ele>
        <time>2026-09-25T12:03:42.380Z</time>
      </trkpt>
      <trkpt lat="49.298697" lon="10.408999">
        <ele>489.163553</ele>
        <time>2026-09-25T12:03:46.372Z</time>
      </trkpt>
      <trkpt lat="49.298612" lon="10.408894">
        <ele>489.684548</ele>
        <time>2026-09-25T12:03:49.403Z</time>
      </trkpt>
      <trkpt lat="49.298526" lon="10.408785">
        <ele>490.217113</ele>
        <time>2026-09-25T12:03:52.376Z</time>
      </trkpt>
      <trkpt lat="49.298445" lon="10.408657">
        <ele>490.772299</ele>
        <time>2026-09-25T12:03:55.366Z</time>
      </trkpt>
      <trkpt lat="49.298362" lon="10.408547">
        <ele>491.295938</ele>
        <time>2026-09-25T12:03:58.387Z</time>
      </trkpt>
      <trkpt lat="49.298295" lon="10.408412">
        <ele>491.824012</ele>
        <time>2026-09-25T12:04:01.364Z</time>
      </trkpt>
      <trkpt lat="49.298213" lon="10.408289">
        <ele>492.371540</ele>
        <time>2026-09-25T12:04:04.378Z</time>
      </trkpt>
      <trkpt lat="49.298145" lon="10.408163">
        <ele>492.880636</ele>
        <time>2026-09-25T12:04:07.375Z</time>
      </trkpt>
      <trkpt lat="49.298101" lon="10.408033">
        <ele>493.336550</ele>
        <time>2026-09-25T12:04:10.384Z</time>
      </trkpt>
      <trkpt lat="49.298045" lon="10.407864">
        <ele>493.926622</ele>
        <time>2026-09-25T12:04:14.380Z</time>
      </trkpt>
      <trkpt lat="49.297983" lon="10.407743">
        <ele>494.147128</ele>
        <time>2026-09-25T12:04:17.405Z</time>
      </trkpt>
      <trkpt lat="49.297923" lon="10.407622">
        <ele>494.278784</ele>
        <time>2026-09-25T12:04:20.405Z</time>
      </trkpt>
      <trkpt lat="49.297866" lon="10.407494">
        <ele>494.413029</ele>
        <time>2026-09-25T12:04:23.395Z</time>
      </trkpt>
      <trkpt lat="49.297806" lon="10.407371">
        <ele>494.546069</ele>
        <time>2026-09-25T12:04:26.402Z</time>
      </trkpt>
      <trkpt lat="49.297741" lon="10.407246">
        <ele>494.684540</ele>
        <time>2026-09-25T12:04:29.383Z</time>
      </trkpt>
      <trkpt lat="49.297678" lon="10.407130">
        <ele>494.815289</ele>
        <time>2026-09-25T12:04:32.392Z</time>
      </trkpt>
      <trkpt lat="49.297622" lon="10.407018">
        <ele>494.937527</ele>
        <time>2026-09-25T12:04:35.379Z</time>
      </trkpt>
      <trkpt lat="49.297577" lon="10.406890">
        <ele>495.063475</ele>
        <time>2026-09-25T12:04:38.396Z</time>
      </trkpt>
      <trkpt lat="49.297543" lon="10.406755">
        <ele>495.188818</ele>
        <time>2026-09-25T12:04:41.387Z</time>
      </trkpt>
      <trkpt lat="49.297500" lon="10.406585">
        <ele>495.346747</ele>
        <time>2026-09-25T12:04:45.405Z</time>
      </trkpt>
      <trkpt lat="49.297468" lon="10.406424">
        <ele>495.492527</ele>
        <time>2026-09-25T12:04:48.398Z</time>
      </trkpt>
      <trkpt lat="49.297445" lon="10.406290">
        <ele>495.612540</ele>
        <time>2026-09-25T12:04:51.381Z</time>
      </trkpt>
      <trkpt lat="49.297394" lon="10.406163">
        <ele>495.741721</ele>
        <time>2026-09-25T12:04:54.406Z</time>
      </trkpt>
      <trkpt lat="49.297332" lon="10.406052">
        <ele>495.868306</ele>
        <time>2026-09-25T12:04:57.390Z</time>
      </trkpt>
      <trkpt lat="49.297267" lon="10.405921">
        <ele>496.010877</ele>
        <time>2026-09-25T12:05:00.381Z</time>
      </trkpt>
      <trkpt lat="49.297206" lon="10.405793">
        <ele>496.148190</ele>
        <time>2026-09-25T12:05:03.390Z</time>
      </trkpt>
      <trkpt lat="49.297129" lon="10.405675">
        <ele>496.292773</ele>
        <time>2026-09-25T12:05:06.385Z</time>
      </trkpt>
      <trkpt lat="49.297055" lon="10.405555">
        <ele>496.435819</ele>
        <time>2026-09-25T12:05:09.387Z</time>
      </trkpt>
      <trkpt lat="49.296987" lon="10.405446">
        <ele>496.407583</ele>
        <time>2026-09-25T12:05:12.380Z</time>
      </trkpt>
      <trkpt lat="49.296910" lon="10.405332">
        <ele>496.376175</ele>
        <time>2026-09-25T12:05:15.369Z</time>
      </trkpt>
      <trkpt lat="49.296827" lon="10.405229">
        <ele>496.344843</ele>
        <time>2026-09-25T12:05:18.376Z</time>
      </trkpt>
      <trkpt lat="49.296746" lon="10.405140">
        <ele>496.315602</ele>
        <time>2026-09-25T12:05:21.373Z</time>
      </trkpt>
      <trkpt lat="49.296640" lon="10.405200">
        <ele>496.282445</ele>
        <time>2026-09-25T12:05:25.383Z</time>
      </trkpt>
      <trkpt lat="49.296587" lon="10.405349">
        <ele>496.249965</ele>
        <time>2026-09-25T12:05:28.375Z</time>
      </trkpt>
      <trkpt lat="49.296522" lon="10.405482">
        <ele>496.218160</ele>
        <time>2026-09-25T12:05:31.376Z</time>
      </trkpt>
      <trkpt lat="49.296462" lon="10.405595">
        <ele>496.190274</ele>
        <time>2026-09-25T12:05:34.396Z</time>
      </trkpt>
      <trkpt lat="49.296400" lon="10.405706">
        <ele>496.162306</ele>
        <time>2026-09-25T12:05:37.391Z</time>
      </trkpt>
      <trkpt lat="49.296337" lon="10.405828">
        <ele>496.132526</ele>
        <time>2026-09-25T12:05:40.389Z</time>
      </trkpt>
      <trkpt lat="49.296270" lon="10.405946">
        <ele>496.102585</ele>
        <time>2026-09-25T12:05:43.403Z</time>
      </trkpt>
      <trkpt lat="49.296197" lon="10.406057">
        <ele>496.072417</ele>
        <time>2026-09-25T12:05:46.385Z</time>
      </trkpt>
      <trkpt lat="49.296120" lon="10.406192">
        <ele>496.038095</ele>
        <time>2026-09-25T12:05:49.381Z</time>
      </trkpt>
      <trkpt lat="49.296041" lon="10.406335">
        <ele>496.002230</ele>
        <time>2026-09-25T12:05:52.400Z</time>
      </trkpt>
      <trkpt lat="49.295955" lon="10.406470">
        <ele>495.966115</ele>
        <time>2026-09-25T12:05:55.412Z</time>
      </trkpt>
      <trkpt lat="49.295882" lon="10.406624">
        <ele>495.929681</ele>
        <time>2026-09-25T12:05:58.399Z</time>
      </trkpt>
      <trkpt lat="49.295808" lon="10.406772">
        <ele>495.875552</ele>
        <time>2026-09-25T12:06:01.396Z</time>
      </trkpt>
      <trkpt lat="49.295730" lon="10.406911">
        <ele>495.795962</ele>
        <time>2026-09-25T12:06:04.434Z</time>
      </trkpt>
      <trkpt lat="49.295657" lon="10.407040">
        <ele>495.721832</ele>
        <time>2026-09-25T12:06:07.386Z</time>
      </trkpt>
      <trkpt lat="49.295572" lon="10.407185">
        <ele>495.637209</ele>
        <time>2026-09-25T12:06:10.394Z</time>
      </trkpt>
      <trkpt lat="49.295483" lon="10.407329">
        <ele>495.551100</ele>
        <time>2026-09-25T12:06:13.393Z</time>
      </trkpt>
      <trkpt lat="49.295393" lon="10.407466">
        <ele>495.466698</ele>
        <time>2026-09-25T12:06:16.422Z</time>
      </trkpt>
      <trkpt lat="49.295298" lon="10.407606">
        <ele>495.379006</ele>
        <time>2026-09-25T12:06:19.415Z</time>
      </trkpt>
      <trkpt lat="49.295237" lon="10.407713">
        <ele>495.317322</ele>
        <time>2026-09-25T12:06:21.391Z</time>
      </trkpt>
      <trkpt lat="49.295166" lon="10.407860">
        <ele>495.237926</ele>
        <time>2026-09-25T12:06:24.384Z</time>
      </trkpt>
      <trkpt lat="49.295079" lon="10.408009">
        <ele>495.151122</ele>
        <time>2026-09-25T12:06:27.411Z</time>
      </trkpt>
      <trkpt lat="49.294945" lon="10.408176">
        <ele>495.036198</ele>
        <time>2026-09-25T12:06:31.379Z</time>
      </trkpt>
      <trkpt lat="49.294848" lon="10.408314">
        <ele>494.948134</ele>
        <time>2026-09-25T12:06:34.380Z</time>
      </trkpt>
      <trkpt lat="49.294747" lon="10.408437">
        <ele>494.862294</ele>
        <time>2026-09-25T12:06:37.389Z</time>
      </trkpt>
      <trkpt lat="49.294642" lon="10.408538">
        <ele>494.779801</ele>
        <time>2026-09-25T12:06:40.376Z</time>
      </trkpt>
      <trkpt lat="49.294528" lon="10.408638">
        <ele>494.713036</ele>
        <time>2026-09-25T12:06:43.391Z</time>
      </trkpt>
      <trkpt lat="49.294415" lon="10.408729">
        <ele>494.719981</ele>
        <time>2026-09-25T12:06:46.395Z</time>
      </trkpt>
      <trkpt lat="49.294331" lon="10.408802">
        <ele>494.725235</ele>
        <time>2026-09-25T12:06:48.377Z</time>
      </trkpt>
      <trkpt lat="49.294252" lon="10.408870">
        <ele>494.730164</ele>
        <time>2026-09-25T12:06:50.379Z</time>
      </trkpt>
      <trkpt lat="49.294137" lon="10.408963">
        <ele>494.737238</ele>
        <time>2026-09-25T12:06:53.364Z</time>
      </trkpt>
      <trkpt lat="49.294022" lon="10.409060">
        <ele>494.744380</ele>
        <time>2026-09-25T12:06:56.382Z</time>
      </trkpt>
      <trkpt lat="49.293907" lon="10.409141">
        <ele>494.751266</ele>
        <time>2026-09-25T12:06:59.388Z</time>
      </trkpt>
      <trkpt lat="49.293791" lon="10.409234">
        <ele>494.758388</ele>
        <time>2026-09-25T12:07:02.415Z</time>
      </trkpt>
      <trkpt lat="49.293688" lon="10.409318">
        <ele>494.764736</ele>
        <time>2026-09-25T12:07:05.381Z</time>
      </trkpt>
      <trkpt lat="49.293609" lon="10.409384">
        <ele>494.769631</ele>
        <time>2026-09-25T12:07:07.392Z</time>
      </trkpt>
      <trkpt lat="49.293524" lon="10.409446">
        <ele>494.774753</ele>
        <time>2026-09-25T12:07:09.392Z</time>
      </trkpt>
      <trkpt lat="49.293406" lon="10.409536">
        <ele>494.781924</ele>
        <time>2026-09-25T12:07:12.389Z</time>
      </trkpt>
      <trkpt lat="49.293288" lon="10.409621">
        <ele>494.789017</ele>
        <time>2026-09-25T12:07:15.389Z</time>
      </trkpt>
      <trkpt lat="49.293165" lon="10.409713">
        <ele>494.796464</ele>
        <time>2026-09-25T12:07:18.378Z</time>
      </trkpt>
      <trkpt lat="49.293085" lon="10.409776">
        <ele>494.801357</ele>
        <time>2026-09-25T12:07:20.401Z</time>
      </trkpt>
      <trkpt lat="49.292971" lon="10.409864">
        <ele>494.808302</ele>
        <time>2026-09-25T12:07:23.402Z</time>
      </trkpt>
      <trkpt lat="49.292889" lon="10.409930">
        <ele>494.896879</ele>
        <time>2026-09-25T12:07:25.379Z</time>
      </trkpt>
      <trkpt lat="49.292802" lon="10.409995">
        <ele>495.012155</ele>
        <time>2026-09-25T12:07:27.386Z</time>
      </trkpt>
      <trkpt lat="49.292674" lon="10.410064">
        <ele>495.173768</ele>
        <time>2026-09-25T12:07:30.392Z</time>
      </trkpt>
      <trkpt lat="49.292579" lon="10.410107">
        <ele>495.291752</ele>
        <time>2026-09-25T12:07:32.424Z</time>
      </trkpt>
      <trkpt lat="49.292445" lon="10.410129">
        <ele>495.452276</ele>
        <time>2026-09-25T12:07:35.374Z</time>
      </trkpt>
      <trkpt lat="49.292319" lon="10.410122">
        <ele>495.602457</ele>
        <time>2026-09-25T12:07:38.392Z</time>
      </trkpt>
      <trkpt lat="49.292199" lon="10.410047">
        <ele>495.756811</ele>
        <time>2026-09-25T12:07:41.376Z</time>
      </trkpt>
      <trkpt lat="49.292114" lon="10.409955">
        <ele>495.880742</ele>
        <time>2026-09-25T12:07:44.374Z</time>
      </trkpt>
      <trkpt lat="49.292060" lon="10.409780">
        <ele>496.031140</ele>
        <time>2026-09-25T12:07:47.382Z</time>
      </trkpt>
      <trkpt lat="49.292026" lon="10.409611">
        <ele>496.168533</ele>
        <time>2026-09-25T12:07:50.383Z</time>
      </trkpt>
      <trkpt lat="49.292006" lon="10.409461">
        <ele>496.287472</ele>
        <time>2026-09-25T12:07:53.373Z</time>
      </trkpt>
      <trkpt lat="49.291925" lon="10.409387">
        <ele>496.399782</ele>
        <time>2026-09-25T12:07:56.395Z</time>
      </trkpt>
      <trkpt lat="49.291816" lon="10.409406">
        <ele>496.530451</ele>
        <time>2026-09-25T12:07:59.376Z</time>
      </trkpt>
      <trkpt lat="49.291710" lon="10.409450">
        <ele>496.661256</ele>
        <time>2026-09-25T12:08:03.394Z</time>
      </trkpt>
      <trkpt lat="49.291612" lon="10.409477">
        <ele>496.779856</ele>
        <time>2026-09-25T12:08:06.404Z</time>
      </trkpt>
      <trkpt lat="49.291491" lon="10.409505">
        <ele>496.925615</ele>
        <time>2026-09-25T12:08:10.389Z</time>
      </trkpt>
      <trkpt lat="49.291392" lon="10.409531">
        <ele>497.000552</ele>
        <time>2026-09-25T12:08:13.402Z</time>
      </trkpt>
      <trkpt lat="49.291298" lon="10.409561">
        <ele>497.060239</ele>
        <time>2026-09-25T12:08:16.397Z</time>
      </trkpt>
      <trkpt lat="49.291198" lon="10.409591">
        <ele>497.123582</ele>
        <time>2026-09-25T12:08:19.381Z</time>
      </trkpt>
      <trkpt lat="49.291105" lon="10.409623">
        <ele>497.182832</ele>
        <time>2026-09-25T12:08:22.374Z</time>
      </trkpt>
      <trkpt lat="49.291009" lon="10.409649">
        <ele>497.243434</ele>
        <time>2026-09-25T12:08:25.390Z</time>
      </trkpt>
      <trkpt lat="49.290916" lon="10.409695">
        <ele>497.304180</ele>
        <time>2026-09-25T12:08:28.382Z</time>
      </trkpt>
      <trkpt lat="49.290814" lon="10.409748">
        <ele>497.371130</ele>
        <time>2026-09-25T12:08:31.401Z</time>
      </trkpt>
      <trkpt lat="49.290713" lon="10.409799">
        <ele>497.437233</ele>
        <time>2026-09-25T12:08:34.394Z</time>
      </trkpt>
      <trkpt lat="49.290607" lon="10.409870">
        <ele>497.509140</ele>
        <time>2026-09-25T12:08:37.369Z</time>
      </trkpt>
      <trkpt lat="49.290499" lon="10.409968">
        <ele>497.587154</ele>
        <time>2026-09-25T12:08:40.393Z</time>
      </trkpt>
      <trkpt lat="49.290388" lon="10.410051">
        <ele>497.663925</ele>
        <time>2026-09-25T12:08:43.391Z</time>
      </trkpt>
      <trkpt lat="49.290308" lon="10.410121">
        <ele>497.721185</ele>
        <time>2026-09-25T12:08:45.367Z</time>
      </trkpt>
      <trkpt lat="49.290209" lon="10.410222">
        <ele>497.795106</ele>
        <time>2026-09-25T12:08:48.384Z</time>
      </trkpt>
      <trkpt lat="49.290101" lon="10.410324">
        <ele>497.873959</ele>
        <time>2026-09-25T12:08:51.413Z</time>
      </trkpt>
      <trkpt lat="49.289989" lon="10.410441">
        <ele>497.958207</ele>
        <time>2026-09-25T12:08:54.379Z</time>
      </trkpt>
      <trkpt lat="49.289884" lon="10.410544">
        <ele>498.035696</ele>
        <time>2026-09-25T12:08:57.390Z</time>
      </trkpt>
      <trkpt lat="49.289772" lon="10.410648">
        <ele>497.987179</ele>
        <time>2026-09-25T12:09:00.394Z</time>
      </trkpt>
      <trkpt lat="49.289660" lon="10.410746">
        <ele>497.846826</ele>
        <time>2026-09-25T12:09:03.387Z</time>
      </trkpt>
      <trkpt lat="49.289549" lon="10.410847">
        <ele>497.706342</ele>
        <time>2026-09-25T12:09:06.389Z</time>
      </trkpt>
      <trkpt lat="49.289441" lon="10.410948">
        <ele>497.568656</ele>
        <time>2026-09-25T12:09:09.395Z</time>
      </trkpt>
      <trkpt lat="49.289327" lon="10.411054">
        <ele>497.423546</ele>
        <time>2026-09-25T12:09:12.384Z</time>
      </trkpt>
      <trkpt lat="49.289215" lon="10.411160">
        <ele>497.280293</ele>
        <time>2026-09-25T12:09:15.403Z</time>
      </trkpt>
      <trkpt lat="49.289139" lon="10.411235">
        <ele>497.181923</ele>
        <time>2026-09-25T12:09:17.405Z</time>
      </trkpt>
      <trkpt lat="49.289027" lon="10.411344">
        <ele>497.037540</ele>
        <time>2026-09-25T12:09:20.401Z</time>
      </trkpt>
      <trkpt lat="49.288951" lon="10.411417">
        <ele>496.939930</ele>
        <time>2026-09-25T12:09:22.354Z</time>
      </trkpt>
      <trkpt lat="49.288839" lon="10.411522">
        <ele>496.797049</ele>
        <time>2026-09-25T12:09:25.377Z</time>
      </trkpt>
      <trkpt lat="49.288727" lon="10.411630">
        <ele>496.653044</ele>
        <time>2026-09-25T12:09:28.374Z</time>
      </trkpt>
      <trkpt lat="49.288621" lon="10.411737">
        <ele>496.514916</ele>
        <time>2026-09-25T12:09:31.390Z</time>
      </trkpt>
      <trkpt lat="49.288508" lon="10.411846">
        <ele>496.369612</ele>
        <time>2026-09-25T12:09:34.382Z</time>
      </trkpt>
      <trkpt lat="49.288394" lon="10.411961">
        <ele>496.221088</ele>
        <time>2026-09-25T12:09:37.375Z</time>
      </trkpt>
      <trkpt lat="49.288297" lon="10.412069">
        <ele>496.130731</ele>
        <time>2026-09-25T12:09:40.393Z</time>
      </trkpt>
      <trkpt lat="49.288199" lon="10.412179">
        <ele>496.243522</ele>
        <time>2026-09-25T12:09:43.390Z</time>
      </trkpt>
      <trkpt lat="49.288122" lon="10.412258">
        <ele>496.329562</ele>
        <time>2026-09-25T12:09:45.386Z</time>
      </trkpt>
      <trkpt lat="49.288013" lon="10.412368">
        <ele>496.450746</ele>
        <time>2026-09-25T12:09:48.369Z</time>
      </trkpt>
      <trkpt lat="49.287914" lon="10.412462">
        <ele>496.558886</ele>
        <time>2026-09-25T12:09:51.372Z</time>
      </trkpt>
      <trkpt lat="49.287831" lon="10.412550">
        <ele>496.652600</ele>
        <time>2026-09-25T12:09:53.380Z</time>
      </trkpt>
      <trkpt lat="49.287725" lon="10.412658">
        <ele>496.770792</ele>
        <time>2026-09-25T12:09:56.380Z</time>
      </trkpt>
      <trkpt lat="49.287614" lon="10.412764">
        <ele>496.892233</ele>
        <time>2026-09-25T12:09:59.380Z</time>
      </trkpt>
      <trkpt lat="49.287542" lon="10.412849">
        <ele>496.976622</ele>
        <time>2026-09-25T12:10:01.369Z</time>
      </trkpt>
      <trkpt lat="49.287432" lon="10.412970">
        <ele>497.102347</ele>
        <time>2026-09-25T12:10:04.481Z</time>
      </trkpt>
      <trkpt lat="49.287358" lon="10.413052">
        <ele>497.187138</ele>
        <time>2026-09-25T12:10:06.406Z</time>
      </trkpt>
      <trkpt lat="49.287282" lon="10.413134">
        <ele>497.273441</ele>
        <time>2026-09-25T12:10:08.390Z</time>
      </trkpt>
      <trkpt lat="49.287180" lon="10.413250">
        <ele>497.391379</ele>
        <time>2026-09-25T12:10:11.405Z</time>
      </trkpt>
      <trkpt lat="49.287108" lon="10.413338">
        <ele>497.476889</ele>
        <time>2026-09-25T12:10:13.384Z</time>
      </trkpt>
      <trkpt lat="49.287010" lon="10.413450">
        <ele>497.590401</ele>
        <time>2026-09-25T12:10:16.403Z</time>
      </trkpt>
      <trkpt lat="49.286916" lon="10.413563">
        <ele>497.701330</ele>
        <time>2026-09-25T12:10:19.391Z</time>
      </trkpt>
      <trkpt lat="49.286820" lon="10.413684">
        <ele>497.782704</ele>
        <time>2026-09-25T12:10:22.376Z</time>
      </trkpt>
      <trkpt lat="49.286720" lon="10.413802">
        <ele>497.783158</ele>
        <time>2026-09-25T12:10:25.385Z</time>
      </trkpt>
      <trkpt lat="49.286624" lon="10.413926">
        <ele>497.783611</ele>
        <time>2026-09-25T12:10:28.391Z</time>
      </trkpt>
      <trkpt lat="49.286531" lon="10.414045">
        <ele>497.784047</ele>
        <time>2026-09-25T12:10:31.384Z</time>
      </trkpt>
      <trkpt lat="49.286442" lon="10.414164">
        <ele>497.784473</ele>
        <time>2026-09-25T12:10:34.371Z</time>
      </trkpt>
      <trkpt lat="49.286354" lon="10.414278">
        <ele>497.784888</ele>
        <time>2026-09-25T12:10:37.390Z</time>
      </trkpt>
      <trkpt lat="49.286268" lon="10.414394">
        <ele>497.785301</ele>
        <time>2026-09-25T12:10:40.394Z</time>
      </trkpt>
      <trkpt lat="49.286175" lon="10.414519">
        <ele>497.785746</ele>
        <time>2026-09-25T12:10:43.370Z</time>
      </trkpt>
      <trkpt lat="49.286099" lon="10.414623">
        <ele>497.786113</ele>
        <time>2026-09-25T12:10:46.377Z</time>
      </trkpt>
      <trkpt lat="49.286017" lon="10.414749">
        <ele>497.786532</ele>
        <time>2026-09-25T12:10:49.454Z</time>
      </trkpt>
      <trkpt lat="49.285930" lon="10.414878">
        <ele>497.786968</ele>
        <time>2026-09-25T12:10:52.377Z</time>
      </trkpt>
      <trkpt lat="49.285839" lon="10.415000">
        <ele>497.787404</ele>
        <time>2026-09-25T12:10:55.409Z</time>
      </trkpt>
      <trkpt lat="49.285751" lon="10.415128">
        <ele>497.787841</ele>
        <time>2026-09-25T12:10:58.410Z</time>
      </trkpt>
      <trkpt lat="49.285660" lon="10.415269">
        <ele>497.788307</ele>
        <time>2026-09-25T12:11:01.383Z</time>
      </trkpt>
      <trkpt lat="49.285570" lon="10.415397">
        <ele>497.788749</ele>
        <time>2026-09-25T12:11:04.392Z</time>
      </trkpt>
      <trkpt lat="49.285502" lon="10.415490">
        <ele>497.786646</ele>
        <time>2026-09-25T12:11:06.390Z</time>
      </trkpt>
      <trkpt lat="49.285408" lon="10.415631">
        <ele>497.741516</ele>
        <time>2026-09-25T12:11:09.388Z</time>
      </trkpt>
      <trkpt lat="49.285313" lon="10.415774">
        <ele>497.695827</ele>
        <time>2026-09-25T12:11:12.415Z</time>
      </trkpt>
      <trkpt lat="49.285249" lon="10.415872">
        <ele>497.664785</ele>
        <time>2026-09-25T12:11:14.417Z</time>
      </trkpt>
      <trkpt lat="49.285156" lon="10.416011">
        <ele>497.620213</ele>
        <time>2026-09-25T12:11:17.399Z</time>
      </trkpt>
      <trkpt lat="49.285064" lon="10.416153">
        <ele>497.575412</ele>
        <time>2026-09-25T12:11:20.366Z</time>
      </trkpt>
      <trkpt lat="49.284976" lon="10.416293">
        <ele>497.531891</ele>
        <time>2026-09-25T12:11:23.381Z</time>
      </trkpt>
      <trkpt lat="49.284891" lon="10.416434">
        <ele>497.488914</ele>
        <time>2026-09-25T12:11:26.404Z</time>
      </trkpt>
      <trkpt lat="49.284801" lon="10.416577">
        <ele>497.444433</ele>
        <time>2026-09-25T12:11:29.386Z</time>
      </trkpt>
      <trkpt lat="49.284717" lon="10.416719">
        <ele>497.401523</ele>
        <time>2026-09-25T12:11:32.396Z</time>
      </trkpt>
      <trkpt lat="49.284630" lon="10.416865">
        <ele>497.357257</ele>
        <time>2026-09-25T12:11:35.399Z</time>
      </trkpt>
      <trkpt lat="49.284543" lon="10.417003">
        <ele>497.314296</ele>
        <time>2026-09-25T12:11:38.418Z</time>
      </trkpt>
      <trkpt lat="49.284465" lon="10.417153">
        <ele>497.271355</ele>
        <time>2026-09-25T12:11:41.388Z</time>
      </trkpt>
      <trkpt lat="49.284377" lon="10.417303">
        <ele>497.226196</ele>
        <time>2026-09-25T12:11:44.391Z</time>
      </trkpt>
      <trkpt lat="49.284288" lon="10.417453">
        <ele>497.180806</ele>
        <time>2026-09-25T12:11:47.402Z</time>
      </trkpt>
      <trkpt lat="49.284209" lon="10.417599">
        <ele>497.257221</ele>
        <time>2026-09-25T12:11:50.403Z</time>
      </trkpt>
      <trkpt lat="49.284135" lon="10.417747">
        <ele>497.363725</ele>
        <time>2026-09-25T12:11:53.406Z</time>
      </trkpt>
      <trkpt lat="49.284051" lon="10.417900">
        <ele>497.477940</ele>
        <time>2026-09-25T12:11:56.385Z</time>
      </trkpt>
      <trkpt lat="49.283965" lon="10.418052">
        <ele>497.592860</ele>
        <time>2026-09-25T12:11:59.389Z</time>
      </trkpt>
      <trkpt lat="49.283881" lon="10.418210">
        <ele>497.709275</ele>
        <time>2026-09-25T12:12:02.373Z</time>
      </trkpt>
      <trkpt lat="49.283823" lon="10.418319">
        <ele>497.789615</ele>
        <time>2026-09-25T12:12:04.375Z</time>
      </trkpt>
      <trkpt lat="49.283765" lon="10.418426">
        <ele>497.869073</ele>
        <time>2026-09-25T12:12:06.390Z</time>
      </trkpt>
      <trkpt lat="49.283677" lon="10.418582">
        <ele>497.986866</ele>
        <time>2026-09-25T12:12:09.405Z</time>
      </trkpt>
      <trkpt lat="49.283601" lon="10.418720">
        <ele>498.090018</ele>
        <time>2026-09-25T12:12:12.391Z</time>
      </trkpt>
      <trkpt lat="49.283518" lon="10.418872">
        <ele>498.203234</ele>
        <time>2026-09-25T12:12:15.355Z</time>
      </trkpt>
      <trkpt lat="49.283435" lon="10.419026">
        <ele>498.317328</ele>
        <time>2026-09-25T12:12:18.387Z</time>
      </trkpt>
      <trkpt lat="49.283354" lon="10.419175">
        <ele>498.428107</ele>
        <time>2026-09-25T12:12:21.382Z</time>
      </trkpt>
      <trkpt lat="49.283273" lon="10.419323">
        <ele>498.538448</ele>
        <time>2026-09-25T12:12:24.375Z</time>
      </trkpt>
      <trkpt lat="49.283197" lon="10.419458">
        <ele>498.640297</ele>
        <time>2026-09-25T12:12:27.387Z</time>
      </trkpt>
      <trkpt lat="49.283109" lon="10.419586">
        <ele>498.746510</ele>
        <time>2026-09-25T12:12:30.378Z</time>
      </trkpt>
      <trkpt lat="49.283021" lon="10.419633">
        <ele>498.758673</ele>
        <time>2026-09-25T12:12:32.386Z</time>
      </trkpt>
      <trkpt lat="49.282909" lon="10.419713">
        <ele>498.774648</ele>
        <time>2026-09-25T12:12:35.387Z</time>
      </trkpt>
      <trkpt lat="49.282825" lon="10.419775">
        <ele>498.786700</ele>
        <time>2026-09-25T12:12:37.375Z</time>
      </trkpt>
      <trkpt lat="49.282740" lon="10.419825">
        <ele>498.798471</ele>
        <time>2026-09-25T12:12:39.381Z</time>
      </trkpt>
      <trkpt lat="49.282653" lon="10.419886">
        <ele>498.810839</ele>
        <time>2026-09-25T12:12:41.401Z</time>
      </trkpt>
      <trkpt lat="49.282559" lon="10.420008">
        <ele>498.826762</ele>
        <time>2026-09-25T12:12:44.384Z</time>
      </trkpt>
      <trkpt lat="49.282526" lon="10.420151">
        <ele>498.839554</ele>
        <time>2026-09-25T12:12:47.389Z</time>
      </trkpt>
      <trkpt lat="49.282504" lon="10.420304">
        <ele>498.852767</ele>
        <time>2026-09-25T12:12:50.395Z</time>
      </trkpt>
      <trkpt lat="49.282428" lon="10.420436">
        <ele>498.867615</ele>
        <time>2026-09-25T12:12:53.383Z</time>
      </trkpt>
      <trkpt lat="49.282322" lon="10.420528">
        <ele>498.883363</ele>
        <time>2026-09-25T12:12:56.409Z</time>
      </trkpt>
      <trkpt lat="49.282233" lon="10.420616">
        <ele>498.897055</ele>
        <time>2026-09-25T12:12:59.394Z</time>
      </trkpt>
      <trkpt lat="49.282167" lon="10.420726">
        <ele>498.909659</ele>
        <time>2026-09-25T12:13:01.399Z</time>
      </trkpt>
      <trkpt lat="49.282102" lon="10.420845">
        <ele>498.922748</ele>
        <time>2026-09-25T12:13:03.401Z</time>
      </trkpt>
      <trkpt lat="49.282043" lon="10.420963">
        <ele>498.935287</ele>
        <time>2026-09-25T12:13:05.438Z</time>
      </trkpt>
      <trkpt lat="49.281988" lon="10.421073">
        <ele>498.946975</ele>
        <time>2026-09-25T12:13:07.408Z</time>
      </trkpt>
      <trkpt lat="49.281939" lon="10.421195">
        <ele>498.959058</ele>
        <time>2026-09-25T12:13:09.383Z</time>
      </trkpt>
      <trkpt lat="49.281890" lon="10.421313">
        <ele>498.970855</ele>
        <time>2026-09-25T12:13:11.411Z</time>
      </trkpt>
      <trkpt lat="49.281828" lon="10.421465">
        <ele>499.062490</ele>
        <time>2026-09-25T12:13:14.382Z</time>
      </trkpt>
      <trkpt lat="49.281756" lon="10.421631">
        <ele>499.268599</ele>
        <time>2026-09-25T12:13:17.408Z</time>
      </trkpt>
      <trkpt lat="49.281682" lon="10.421781">
        <ele>499.463045</ele>
        <time>2026-09-25T12:13:20.426Z</time>
      </trkpt>
      <trkpt lat="49.281601" lon="10.421930">
        <ele>499.663583</ele>
        <time>2026-09-25T12:13:23.381Z</time>
      </trkpt>
      <trkpt lat="49.281524" lon="10.422072">
        <ele>499.854503</ele>
        <time>2026-09-25T12:13:26.440Z</time>
      </trkpt>
      <trkpt lat="49.281449" lon="10.422203">
        <ele>500.034715</ele>
        <time>2026-09-25T12:13:29.393Z</time>
      </trkpt>
      <trkpt lat="49.281347" lon="10.422300">
        <ele>500.224963</ele>
        <time>2026-09-25T12:13:32.374Z</time>
      </trkpt>
      <trkpt lat="49.281251" lon="10.422417">
        <ele>500.419349</ele>
        <time>2026-09-25T12:13:35.376Z</time>
      </trkpt>
      <trkpt lat="49.281152" lon="10.422507">
        <ele>500.601778</ele>
        <time>2026-09-25T12:13:38.371Z</time>
      </trkpt>
      <trkpt lat="49.281051" lon="10.422626">
        <ele>500.803682</ele>
        <time>2026-09-25T12:13:41.375Z</time>
      </trkpt>
      <trkpt lat="49.280978" lon="10.422711">
        <ele>500.948978</ele>
        <time>2026-09-25T12:13:43.379Z</time>
      </trkpt>
      <trkpt lat="49.280880" lon="10.422819">
        <ele>501.140278</ele>
        <time>2026-09-25T12:13:46.375Z</time>
      </trkpt>
      <trkpt lat="49.280783" lon="10.422889">
        <ele>501.310204</ele>
        <time>2026-09-25T12:13:49.413Z</time>
      </trkpt>
      <trkpt lat="49.280672" lon="10.423008">
        <ele>501.524892</ele>
        <time>2026-09-25T12:13:52.381Z</time>
      </trkpt>
      <trkpt lat="49.280616" lon="10.423134">
        <ele>501.682532</ele>
        <time>2026-09-25T12:13:55.382Z</time>
      </trkpt>
      <trkpt lat="49.280566" lon="10.423270">
        <ele>501.805862</ele>
        <time>2026-09-25T12:13:58.397Z</time>
      </trkpt>
      <trkpt lat="49.280498" lon="10.423439">
        <ele>501.451930</ele>
        <time>2026-09-25T12:14:01.382Z</time>
      </trkpt>
      <trkpt lat="49.280418" lon="10.423591">
        <ele>501.103808</ele>
        <time>2026-09-25T12:14:04.404Z</time>
      </trkpt>
      <trkpt lat="49.280319" lon="10.423728">
        <ele>500.739381</ele>
        <time>2026-09-25T12:14:07.392Z</time>
      </trkpt>
      <trkpt lat="49.280250" lon="10.423824">
        <ele>500.484770</ele>
        <time>2026-09-25T12:14:09.389Z</time>
      </trkpt>
      <trkpt lat="49.280161" lon="10.423921">
        <ele>500.186387</ele>
        <time>2026-09-25T12:14:12.411Z</time>
      </trkpt>
      <trkpt lat="49.280053" lon="10.424002">
        <ele>499.857863</ele>
        <time>2026-09-25T12:14:15.404Z</time>
      </trkpt>
      <trkpt lat="49.279934" lon="10.424069">
        <ele>499.511471</ele>
        <time>2026-09-25T12:14:18.388Z</time>
      </trkpt>
      <trkpt lat="49.279827" lon="10.424123">
        <ele>499.203669</ele>
        <time>2026-09-25T12:14:21.375Z</time>
      </trkpt>
      <trkpt lat="49.279746" lon="10.424246">
        <ele>498.892135</ele>
        <time>2026-09-25T12:14:24.385Z</time>
      </trkpt>
      <trkpt lat="49.279728" lon="10.424430">
        <ele>498.560485</ele>
        <time>2026-09-25T12:14:27.402Z</time>
      </trkpt>
      <trkpt lat="49.279714" lon="10.424622">
        <ele>498.216112</ele>
        <time>2026-09-25T12:14:30.379Z</time>
      </trkpt>
      <trkpt lat="49.279694" lon="10.424805">
        <ele>497.885366</ele>
        <time>2026-09-25T12:14:33.410Z</time>
      </trkpt>
      <trkpt lat="49.279672" lon="10.424989">
        <ele>497.551921</ele>
        <time>2026-09-25T12:14:36.402Z</time>
      </trkpt>
      <trkpt lat="49.279644" lon="10.425166">
        <ele>497.227272</ele>
        <time>2026-09-25T12:14:39.393Z</time>
      </trkpt>
      <trkpt lat="49.279602" lon="10.425334">
        <ele>496.911952</ele>
        <time>2026-09-25T12:14:42.413Z</time>
      </trkpt>
      <trkpt lat="49.279542" lon="10.425485">
        <ele>496.788999</ele>
        <time>2026-09-25T12:14:45.382Z</time>
      </trkpt>
      <trkpt lat="49.279458" lon="10.425584">
        <ele>496.676049</ele>
        <time>2026-09-25T12:14:48.408Z</time>
      </trkpt>
      <trkpt lat="49.279361" lon="10.425671">
        <ele>496.556249</ele>
        <time>2026-09-25T12:14:51.379Z</time>
      </trkpt>
      <trkpt lat="49.279284" lon="10.425756">
        <ele>496.455099</ele>
        <time>2026-09-25T12:14:54.395Z</time>
      </trkpt>
      <trkpt lat="49.279192" lon="10.425843">
        <ele>496.339868</ele>
        <time>2026-09-25T12:14:57.385Z</time>
      </trkpt>
      <trkpt lat="49.279098" lon="10.425927">
        <ele>496.223881</ele>
        <time>2026-09-25T12:15:00.405Z</time>
      </trkpt>
      <trkpt lat="49.278997" lon="10.426025">
        <ele>496.096460</ele>
        <time>2026-09-25T12:15:03.397Z</time>
      </trkpt>
      <trkpt lat="49.278906" lon="10.426116">
        <ele>495.980638</ele>
        <time>2026-09-25T12:15:06.408Z</time>
      </trkpt>
      <trkpt lat="49.278813" lon="10.426189">
        <ele>495.869259</ele>
        <time>2026-09-25T12:15:09.393Z</time>
      </trkpt>
      <trkpt lat="49.278711" lon="10.426282">
        <ele>495.742748</ele>
        <time>2026-09-25T12:15:12.381Z</time>
      </trkpt>
      <trkpt lat="49.278616" lon="10.426376">
        <ele>495.622213</ele>
        <time>2026-09-25T12:15:15.397Z</time>
      </trkpt>
      <trkpt lat="49.278519" lon="10.426470">
        <ele>495.499882</ele>
        <time>2026-09-25T12:15:18.380Z</time>
      </trkpt>
      <trkpt lat="49.278418" lon="10.426566">
        <ele>495.373198</ele>
        <time>2026-09-25T12:15:21.392Z</time>
      </trkpt>
      <trkpt lat="49.278314" lon="10.426658">
        <ele>495.245199</ele>
        <time>2026-09-25T12:15:24.403Z</time>
      </trkpt>
      <trkpt lat="49.278218" lon="10.426738">
        <ele>495.128719</ele>
        <time>2026-09-25T12:15:27.391Z</time>
      </trkpt>
      <trkpt lat="49.278115" lon="10.426836">
        <ele>494.999490</ele>
        <time>2026-09-25T12:15:30.402Z</time>
      </trkpt>
      <trkpt lat="49.278020" lon="10.426927">
        <ele>495.197876</ele>
        <time>2026-09-25T12:15:33.381Z</time>
      </trkpt>
      <trkpt lat="49.277919" lon="10.427021">
        <ele>495.411172</ele>
        <time>2026-09-25T12:15:36.407Z</time>
      </trkpt>
      <trkpt lat="49.277810" lon="10.427115">
        <ele>495.636936</ele>
        <time>2026-09-25T12:15:39.384Z</time>
      </trkpt>
      <trkpt lat="49.277705" lon="10.427222">
        <ele>495.864541</ele>
        <time>2026-09-25T12:15:42.396Z</time>
      </trkpt>
      <trkpt lat="49.277606" lon="10.427308">
        <ele>496.069954</ele>
        <time>2026-09-25T12:15:45.397Z</time>
      </trkpt>
      <trkpt lat="49.277499" lon="10.427402">
        <ele>496.292579</ele>
        <time>2026-09-25T12:15:48.384Z</time>
      </trkpt>
      <trkpt lat="49.277400" lon="10.427513">
        <ele>496.513995</ele>
        <time>2026-09-25T12:15:51.415Z</time>
      </trkpt>
      <trkpt lat="49.277282" lon="10.427633">
        <ele>496.769619</ele>
        <time>2026-09-25T12:15:54.379Z</time>
      </trkpt>
      <trkpt lat="49.277192" lon="10.427754">
        <ele>496.985722</ele>
        <time>2026-09-25T12:15:57.395Z</time>
      </trkpt>
      <trkpt lat="49.277103" lon="10.427870">
        <ele>497.196609</ele>
        <time>2026-09-25T12:16:00.391Z</time>
      </trkpt>
      <trkpt lat="49.277011" lon="10.427988">
        <ele>497.413155</ele>
        <time>2026-09-25T12:16:03.381Z</time>
      </trkpt>
      <trkpt lat="49.276921" lon="10.428099">
        <ele>497.621680</ele>
        <time>2026-09-25T12:16:06.394Z</time>
      </trkpt>
      <trkpt lat="49.276827" lon="10.428212">
        <ele>497.837324</ele>
        <time>2026-09-25T12:16:09.416Z</time>
      </trkpt>
      <trkpt lat="49.276737" lon="10.428312">
        <ele>498.037982</ele>
        <time>2026-09-25T12:16:12.384Z</time>
      </trkpt>
      <trkpt lat="49.276643" lon="10.428422">
        <ele>498.244964</ele>
        <time>2026-09-25T12:16:15.397Z</time>
      </trkpt>
      <trkpt lat="49.276552" lon="10.428530">
        <ele>498.247608</ele>
        <time>2026-09-25T12:16:18.376Z</time>
      </trkpt>
      <trkpt lat="49.276460" lon="10.428621">
        <ele>498.250124</ele>
        <time>2026-09-25T12:16:21.433Z</time>
      </trkpt>
      <trkpt lat="49.276362" lon="10.428743">
        <ele>498.253024</ele>
        <time>2026-09-25T12:16:24.564Z</time>
      </trkpt>
      <trkpt lat="49.276267" lon="10.428842">
        <ele>498.255664</ele>
        <time>2026-09-25T12:16:27.385Z</time>
      </trkpt>
      <trkpt lat="49.276168" lon="10.428940">
        <ele>498.258371</ele>
        <time>2026-09-25T12:16:30.362Z</time>
      </trkpt>
      <trkpt lat="49.275952" lon="10.429027">
        <ele>498.263502</ele>
        <time>2026-09-25T12:17:51.420Z</time>
      </trkpt>
      <trkpt lat="49.275846" lon="10.429039">
        <ele>498.265944</ele>
        <time>2026-09-25T12:17:55.397Z</time>
      </trkpt>
      <trkpt lat="49.275754" lon="10.429035">
        <ele>498.268059</ele>
        <time>2026-09-25T12:17:59.422Z</time>
      </trkpt>
      <trkpt lat="49.275655" lon="10.429006">
        <ele>498.270374</ele>
        <time>2026-09-25T12:18:05.386Z</time>
      </trkpt>
      <trkpt lat="49.275548" lon="10.428964">
        <ele>498.272912</ele>
        <time>2026-09-25T12:18:12.414Z</time>
      </trkpt>
      <trkpt lat="49.275456" lon="10.428931">
        <ele>498.275083</ele>
        <time>2026-09-25T12:18:17.388Z</time>
      </trkpt>
      <trkpt lat="49.275358" lon="10.428895">
        <ele>498.277398</ele>
        <time>2026-09-25T12:18:21.415Z</time>
      </trkpt>
      <trkpt lat="49.275244" lon="10.428852">
        <ele>498.280096</ele>
        <time>2026-09-25T12:18:25.403Z</time>
      </trkpt>
      <trkpt lat="49.275146" lon="10.428821">
        <ele>498.282395</ele>
        <time>2026-09-25T12:18:28.387Z</time>
      </trkpt>
      <trkpt lat="49.275046" lon="10.428791">
        <ele>498.284736</ele>
        <time>2026-09-25T12:18:31.407Z</time>
      </trkpt>
      <trkpt lat="49.274944" lon="10.428753">
        <ele>498.312023</ele>
        <time>2026-09-25T12:18:34.387Z</time>
      </trkpt>
      <trkpt lat="49.274836" lon="10.428717">
        <ele>498.381517</ele>
        <time>2026-09-25T12:18:37.410Z</time>
      </trkpt>
      <trkpt lat="49.274730" lon="10.428678">
        <ele>498.450060</ele>
        <time>2026-09-25T12:18:40.415Z</time>
      </trkpt>
      <trkpt lat="49.274619" lon="10.428638">
        <ele>498.521756</ele>
        <time>2026-09-25T12:18:43.379Z</time>
      </trkpt>
      <trkpt lat="49.274510" lon="10.428596">
        <ele>498.592424</ele>
        <time>2026-09-25T12:18:46.396Z</time>
      </trkpt>
      <trkpt lat="49.274400" lon="10.428554">
        <ele>498.663702</ele>
        <time>2026-09-25T12:18:49.402Z</time>
      </trkpt>
      <trkpt lat="49.274292" lon="10.428504">
        <ele>498.734638</ele>
        <time>2026-09-25T12:18:52.403Z</time>
      </trkpt>
      <trkpt lat="49.274177" lon="10.428443">
        <ele>498.811154</ele>
        <time>2026-09-25T12:18:55.408Z</time>
      </trkpt>
      <trkpt lat="49.274061" lon="10.428385">
        <ele>498.887874</ele>
        <time>2026-09-25T12:18:58.392Z</time>
      </trkpt>
      <trkpt lat="49.273963" lon="10.428333">
        <ele>498.953081</ele>
        <time>2026-09-25T12:19:01.409Z</time>
      </trkpt>
      <trkpt lat="49.273854" lon="10.428280">
        <ele>499.024982</ele>
        <time>2026-09-25T12:19:04.392Z</time>
      </trkpt>
      <trkpt lat="49.273750" lon="10.428221">
        <ele>499.094709</ele>
        <time>2026-09-25T12:19:07.406Z</time>
      </trkpt>
      <trkpt lat="49.273653" lon="10.428168">
        <ele>499.159459</ele>
        <time>2026-09-25T12:19:10.430Z</time>
      </trkpt>
      <trkpt lat="49.273546" lon="10.428105">
        <ele>499.231530</ele>
        <time>2026-09-25T12:19:13.366Z</time>
      </trkpt>
      <trkpt lat="49.273445" lon="10.428033">
        <ele>499.301569</ele>
        <time>2026-09-25T12:19:16.404Z</time>
      </trkpt>
      <trkpt lat="49.273338" lon="10.427963">
        <ele>499.374719</ele>
        <time>2026-09-25T12:19:19.405Z</time>
      </trkpt>
      <trkpt lat="49.273232" lon="10.427896">
        <ele>499.400828</ele>
        <time>2026-09-25T12:19:22.386Z</time>
      </trkpt>
      <trkpt lat="49.273133" lon="10.427826">
        <ele>499.363188</ele>
        <time>2026-09-25T12:19:25.385Z</time>
      </trkpt>
      <trkpt lat="49.273027" lon="10.427796">
        <ele>499.325973</ele>
        <time>2026-09-25T12:19:29.390Z</time>
      </trkpt>
      <trkpt lat="49.273050" lon="10.427961">
        <ele>499.287968</ele>
        <time>2026-09-25T12:19:33.387Z</time>
      </trkpt>
      <trkpt lat="49.273098" lon="10.428120">
        <ele>499.248504</ele>
        <time>2026-09-25T12:19:37.394Z</time>
      </trkpt>
      <trkpt lat="49.273124" lon="10.428261">
        <ele>499.215499</ele>
        <time>2026-09-25T12:19:40.408Z</time>
      </trkpt>
      <trkpt lat="49.273155" lon="10.428392">
        <ele>499.184110</ele>
        <time>2026-09-25T12:19:43.394Z</time>
      </trkpt>
      <trkpt lat="49.273170" lon="10.428534">
        <ele>499.151707</ele>
        <time>2026-09-25T12:19:46.386Z</time>
      </trkpt>
      <trkpt lat="49.273174" lon="10.428678">
        <ele>499.119242</ele>
        <time>2026-09-25T12:19:49.418Z</time>
      </trkpt>
      <trkpt lat="49.273176" lon="10.428822">
        <ele>499.086798</ele>
        <time>2026-09-25T12:19:52.386Z</time>
      </trkpt>
      <trkpt lat="49.273173" lon="10.428995">
        <ele>499.047815</ele>
        <time>2026-09-25T12:19:56.408Z</time>
      </trkpt>
      <trkpt lat="49.273168" lon="10.429143">
        <ele>499.014433</ele>
        <time>2026-09-25T12:19:59.402Z</time>
      </trkpt>
      <trkpt lat="49.273166" lon="10.429309">
        <ele>498.977034</ele>
        <time>2026-09-25T12:20:02.405Z</time>
      </trkpt>
      <trkpt lat="49.273162" lon="10.429462">
        <ele>498.942543</ele>
        <time>2026-09-25T12:20:05.407Z</time>
      </trkpt>
      <trkpt lat="49.273157" lon="10.429609">
        <ele>498.909386</ele>
        <time>2026-09-25T12:20:08.401Z</time>
      </trkpt>
      <trkpt lat="49.273149" lon="10.429783">
        <ele>498.870094</ele>
        <time>2026-09-25T12:20:11.393Z</time>
      </trkpt>
      <trkpt lat="49.273141" lon="10.429953">
        <ele>498.831702</ele>
        <time>2026-09-25T12:20:14.406Z</time>
      </trkpt>
      <trkpt lat="49.273129" lon="10.430145">
        <ele>498.768523</ele>
        <time>2026-09-25T12:20:17.384Z</time>
      </trkpt>
      <trkpt lat="49.273123" lon="10.430323">
        <ele>498.628190</ele>
        <time>2026-09-25T12:20:20.421Z</time>
      </trkpt>
      <trkpt lat="49.273116" lon="10.430525">
        <ele>498.468923</ele>
        <time>2026-09-25T12:20:23.396Z</time>
      </trkpt>
      <trkpt lat="49.273103" lon="10.430698">
        <ele>498.331813</ele>
        <time>2026-09-25T12:20:26.411Z</time>
      </trkpt>
      <trkpt lat="49.273099" lon="10.430881">
        <ele>498.187648</ele>
        <time>2026-09-25T12:20:29.396Z</time>
      </trkpt>
      <trkpt lat="49.273087" lon="10.431061">
        <ele>498.045189</ele>
        <time>2026-09-25T12:20:32.406Z</time>
      </trkpt>
      <trkpt lat="49.273076" lon="10.431251">
        <ele>497.895006</ele>
        <time>2026-09-25T12:20:35.396Z</time>
      </trkpt>
      <trkpt lat="49.273063" lon="10.431442">
        <ele>497.743808</ele>
        <time>2026-09-25T12:20:38.402Z</time>
      </trkpt>
      <trkpt lat="49.273052" lon="10.431642">
        <ele>497.585781</ele>
        <time>2026-09-25T12:20:41.381Z</time>
      </trkpt>
      <trkpt lat="49.273041" lon="10.431844">
        <ele>497.426185</ele>
        <time>2026-09-25T12:20:44.399Z</time>
      </trkpt>
      <trkpt lat="49.273028" lon="10.432040">
        <ele>497.271071</ele>
        <time>2026-09-25T12:20:47.399Z</time>
      </trkpt>
      <trkpt lat="49.273015" lon="10.432238">
        <ele>497.114390</ele>
        <time>2026-09-25T12:20:50.387Z</time>
      </trkpt>
      <trkpt lat="49.273003" lon="10.432438">
        <ele>496.956257</ele>
        <time>2026-09-25T12:20:53.399Z</time>
      </trkpt>
      <trkpt lat="49.272990" lon="10.432638">
        <ele>496.798009</ele>
        <time>2026-09-25T12:20:56.418Z</time>
      </trkpt>
      <trkpt lat="49.272977" lon="10.432846">
        <ele>496.633492</ele>
        <time>2026-09-25T12:20:59.404Z</time>
      </trkpt>
      <trkpt lat="49.272964" lon="10.433054">
        <ele>496.629813</ele>
        <time>2026-09-25T12:21:02.404Z</time>
      </trkpt>
      <trkpt lat="49.272953" lon="10.433257">
        <ele>496.634051</ele>
        <time>2026-09-25T12:21:05.394Z</time>
      </trkpt>
      <trkpt lat="49.272942" lon="10.433459">
        <ele>496.638268</ele>
        <time>2026-09-25T12:21:08.380Z</time>
      </trkpt>
      <trkpt lat="49.272929" lon="10.433655">
        <ele>496.642367</ele>
        <time>2026-09-25T12:21:11.394Z</time>
      </trkpt>
      <trkpt lat="49.272916" lon="10.433849">
        <ele>496.646424</ele>
        <time>2026-09-25T12:21:14.402Z</time>
      </trkpt>
      <trkpt lat="49.272894" lon="10.434046">
        <ele>496.650583</ele>
        <time>2026-09-25T12:21:17.387Z</time>
      </trkpt>
      <trkpt lat="49.272870" lon="10.434251">
        <ele>496.654916</ele>
        <time>2026-09-25T12:21:20.423Z</time>
      </trkpt>
      <trkpt lat="49.272841" lon="10.434440">
        <ele>496.658955</ele>
        <time>2026-09-25T12:21:23.407Z</time>
      </trkpt>
      <trkpt lat="49.272816" lon="10.434575">
        <ele>496.661875</ele>
        <time>2026-09-25T12:21:25.386Z</time>
      </trkpt>
      <trkpt lat="49.272779" lon="10.434764">
        <ele>496.665981</ele>
        <time>2026-09-25T12:21:28.413Z</time>
      </trkpt>
      <trkpt lat="49.272750" lon="10.434896">
        <ele>496.668878</ele>
        <time>2026-09-25T12:21:30.415Z</time>
      </trkpt>
      <trkpt lat="49.272719" lon="10.435027">
        <ele>496.671778</ele>
        <time>2026-09-25T12:21:32.384Z</time>
      </trkpt>
      <trkpt lat="49.272688" lon="10.435156">
        <ele>496.674638</ele>
        <time>2026-09-25T12:21:34.425Z</time>
      </trkpt>
      <trkpt lat="49.272635" lon="10.435347">
        <ele>496.678956</ele>
        <time>2026-09-25T12:21:37.374Z</time>
      </trkpt>
      <trkpt lat="49.272592" lon="10.435474">
        <ele>496.681933</ele>
        <time>2026-09-25T12:21:39.396Z</time>
      </trkpt>
      <trkpt lat="49.272547" lon="10.435618">
        <ele>496.747437</ele>
        <time>2026-09-25T12:21:41.407Z</time>
      </trkpt>
      <trkpt lat="49.272505" lon="10.435749">
        <ele>496.835227</ele>
        <time>2026-09-25T12:21:43.383Z</time>
      </trkpt>
      <trkpt lat="49.272436" lon="10.435930">
        <ele>496.961312</ele>
        <time>2026-09-25T12:21:46.403Z</time>
      </trkpt>
      <trkpt lat="49.272368" lon="10.436104">
        <ele>497.083303</ele>
        <time>2026-09-25T12:21:49.383Z</time>
      </trkpt>
      <trkpt lat="49.272297" lon="10.436279">
        <ele>497.207249</ele>
        <time>2026-09-25T12:21:52.401Z</time>
      </trkpt>
      <trkpt lat="49.272249" lon="10.436404">
        <ele>497.294486</ele>
        <time>2026-09-25T12:21:54.450Z</time>
      </trkpt>
      <trkpt lat="49.272197" lon="10.436526">
        <ele>497.382135</ele>
        <time>2026-09-25T12:21:56.406Z</time>
      </trkpt>
      <trkpt lat="49.272130" lon="10.436689">
        <ele>497.498006</ele>
        <time>2026-09-25T12:21:59.408Z</time>
      </trkpt>
      <trkpt lat="49.272079" lon="10.436807">
        <ele>497.583138</ele>
        <time>2026-09-25T12:22:01.397Z</time>
      </trkpt>
      <trkpt lat="49.272027" lon="10.436935">
        <ele>497.673830</ele>
        <time>2026-09-25T12:22:03.411Z</time>
      </trkpt>
      <trkpt lat="49.271977" lon="10.437056">
        <ele>497.759975</ele>
        <time>2026-09-25T12:22:05.397Z</time>
      </trkpt>
      <trkpt lat="49.271926" lon="10.437174">
        <ele>497.845107</ele>
        <time>2026-09-25T12:22:07.391Z</time>
      </trkpt>
      <trkpt lat="49.271877" lon="10.437293">
        <ele>497.929743</ele>
        <time>2026-09-25T12:22:09.411Z</time>
      </trkpt>
      <trkpt lat="49.271830" lon="10.437411">
        <ele>498.012896</ele>
        <time>2026-09-25T12:22:11.399Z</time>
      </trkpt>
      <trkpt lat="49.271775" lon="10.437534">
        <ele>498.102582</ele>
        <time>2026-09-25T12:22:13.385Z</time>
      </trkpt>
      <trkpt lat="49.271721" lon="10.437657">
        <ele>498.191751</ele>
        <time>2026-09-25T12:22:15.399Z</time>
      </trkpt>
      <trkpt lat="49.271674" lon="10.437775">
        <ele>498.274904</ele>
        <time>2026-09-25T12:22:17.406Z</time>
      </trkpt>
      <trkpt lat="49.271605" lon="10.437957">
        <ele>498.262290</ele>
        <time>2026-09-25T12:22:20.393Z</time>
      </trkpt>
      <trkpt lat="49.271559" lon="10.438080">
        <ele>498.151123</ele>
        <time>2026-09-25T12:22:22.437Z</time>
      </trkpt>
      <trkpt lat="49.271494" lon="10.438265">
        <ele>497.986367</ele>
        <time>2026-09-25T12:22:25.375Z</time>
      </trkpt>
      <trkpt lat="49.271456" lon="10.438391">
        <ele>497.877524</ele>
        <time>2026-09-25T12:22:27.382Z</time>
      </trkpt>
      <trkpt lat="49.271406" lon="10.438572">
        <ele>497.723402</ele>
        <time>2026-09-25T12:22:30.403Z</time>
      </trkpt>
      <trkpt lat="49.271360" lon="10.438752">
        <ele>497.571821</ele>
        <time>2026-09-25T12:22:33.385Z</time>
      </trkpt>
      <trkpt lat="49.271321" lon="10.438889">
        <ele>497.454617</ele>
        <time>2026-09-25T12:22:35.383Z</time>
      </trkpt>
      <trkpt lat="49.271285" lon="10.439018">
        <ele>497.344601</ele>
        <time>2026-09-25T12:22:37.379Z</time>
      </trkpt>
      <trkpt lat="49.271249" lon="10.439150">
        <ele>497.232419</ele>
        <time>2026-09-25T12:22:39.377Z</time>
      </trkpt>
      <trkpt lat="49.271209" lon="10.439281">
        <ele>497.119007</ele>
        <time>2026-09-25T12:22:41.380Z</time>
      </trkpt>
      <trkpt lat="49.271164" lon="10.439442">
        <ele>496.981668</ele>
        <time>2026-09-25T12:22:44.369Z</time>
      </trkpt>
      <trkpt lat="49.271126" lon="10.439579">
        <ele>496.864939</ele>
        <time>2026-09-25T12:22:46.406Z</time>
      </trkpt>
      <trkpt lat="49.271074" lon="10.439763">
        <ele>496.707708</ele>
        <time>2026-09-25T12:22:49.396Z</time>
      </trkpt>
      <trkpt lat="49.271024" lon="10.439940">
        <ele>496.556469</ele>
        <time>2026-09-25T12:22:52.374Z</time>
      </trkpt>
      <trkpt lat="49.270985" lon="10.440068">
        <ele>496.445697</ele>
        <time>2026-09-25T12:22:54.373Z</time>
      </trkpt>
      <trkpt lat="49.270948" lon="10.440194">
        <ele>496.337352</ele>
        <time>2026-09-25T12:22:56.379Z</time>
      </trkpt>
      <trkpt lat="49.270908" lon="10.440320">
        <ele>496.227478</ele>
        <time>2026-09-25T12:22:58.410Z</time>
      </trkpt>
      <trkpt lat="49.270843" lon="10.440504">
        <ele>496.192173</ele>
        <time>2026-09-25T12:23:01.383Z</time>
      </trkpt>
      <trkpt lat="49.270776" lon="10.440667">
        <ele>496.208610</ele>
        <time>2026-09-25T12:23:04.387Z</time>
      </trkpt>
      <trkpt lat="49.270700" lon="10.440840">
        <ele>496.226404</ele>
        <time>2026-09-25T12:23:07.384Z</time>
      </trkpt>
      <trkpt lat="49.270643" lon="10.440956">
        <ele>496.238793</ele>
        <time>2026-09-25T12:23:09.405Z</time>
      </trkpt>
      <trkpt lat="49.270556" lon="10.441118">
        <ele>496.256695</ele>
        <time>2026-09-25T12:23:12.384Z</time>
      </trkpt>
      <trkpt lat="49.270467" lon="10.441275">
        <ele>496.274439</ele>
        <time>2026-09-25T12:23:15.399Z</time>
      </trkpt>
      <trkpt lat="49.270380" lon="10.441421">
        <ele>496.291309</ele>
        <time>2026-09-25T12:23:18.414Z</time>
      </trkpt>
      <trkpt lat="49.270317" lon="10.441524">
        <ele>496.303355</ele>
        <time>2026-09-25T12:23:20.417Z</time>
      </trkpt>
      <trkpt lat="49.270226" lon="10.441667">
        <ele>496.320397</ele>
        <time>2026-09-25T12:23:23.388Z</time>
      </trkpt>
      <trkpt lat="49.270161" lon="10.441764">
        <ele>496.332261</ele>
        <time>2026-09-25T12:23:25.387Z</time>
      </trkpt>
      <trkpt lat="49.270066" lon="10.441900">
        <ele>496.349259</ele>
        <time>2026-09-25T12:23:28.390Z</time>
      </trkpt>
      <trkpt lat="49.269964" lon="10.442038">
        <ele>496.367051</ele>
        <time>2026-09-25T12:23:31.407Z</time>
      </trkpt>
      <trkpt lat="49.269885" lon="10.442138">
        <ele>496.380449</ele>
        <time>2026-09-25T12:23:33.402Z</time>
      </trkpt>
      <trkpt lat="49.269778" lon="10.442269">
        <ele>496.398356</ele>
        <time>2026-09-25T12:23:36.395Z</time>
      </trkpt>
      <trkpt lat="49.269702" lon="10.442353">
        <ele>496.410609</ele>
        <time>2026-09-25T12:23:38.383Z</time>
      </trkpt>
      <trkpt lat="49.269597" lon="10.442472">
        <ele>496.395651</ele>
        <time>2026-09-25T12:23:41.379Z</time>
      </trkpt>
      <trkpt lat="49.269524" lon="10.442557">
        <ele>496.377996</ele>
        <time>2026-09-25T12:23:43.396Z</time>
      </trkpt>
      <trkpt lat="49.269418" lon="10.442680">
        <ele>496.352392</ele>
        <time>2026-09-25T12:23:46.380Z</time>
      </trkpt>
      <trkpt lat="49.269317" lon="10.442794">
        <ele>496.328237</ele>
        <time>2026-09-25T12:23:49.425Z</time>
      </trkpt>
      <trkpt lat="49.269212" lon="10.442911">
        <ele>496.303237</ele>
        <time>2026-09-25T12:23:52.384Z</time>
      </trkpt>
      <trkpt lat="49.269117" lon="10.443018">
        <ele>496.280533</ele>
        <time>2026-09-25T12:23:55.382Z</time>
      </trkpt>
      <trkpt lat="49.269021" lon="10.443127">
        <ele>496.257526</ele>
        <time>2026-09-25T12:23:58.375Z</time>
      </trkpt>
      <trkpt lat="49.268912" lon="10.443248">
        <ele>496.231607</ele>
        <time>2026-09-25T12:24:01.408Z</time>
      </trkpt>
      <trkpt lat="49.268807" lon="10.443357">
        <ele>496.207185</ele>
        <time>2026-09-25T12:24:04.406Z</time>
      </trkpt>
      <trkpt lat="49.268705" lon="10.443471">
        <ele>496.182874</ele>
        <time>2026-09-25T12:24:07.389Z</time>
      </trkpt>
      <trkpt lat="49.268605" lon="10.443573">
        <ele>496.159741</ele>
        <time>2026-09-25T12:24:10.383Z</time>
      </trkpt>
      <trkpt lat="49.268529" lon="10.443653">
        <ele>496.141986</ele>
        <time>2026-09-25T12:24:12.384Z</time>
      </trkpt>
      <trkpt lat="49.268420" lon="10.443775">
        <ele>496.115994</ele>
        <time>2026-09-25T12:24:15.369Z</time>
      </trkpt>
      <trkpt lat="49.268313" lon="10.443891">
        <ele>496.090754</ele>
        <time>2026-09-25T12:24:18.383Z</time>
      </trkpt>
      <trkpt lat="49.268234" lon="10.443961">
        <ele>496.073181</ele>
        <time>2026-09-25T12:24:20.409Z</time>
      </trkpt>
      <trkpt lat="49.268147" lon="10.444048">
        <ele>496.164123</ele>
        <time>2026-09-25T12:24:22.389Z</time>
      </trkpt>
      <trkpt lat="49.268045" lon="10.444171">
        <ele>496.321745</ele>
        <time>2026-09-25T12:24:25.391Z</time>
      </trkpt>
      <trkpt lat="49.267952" lon="10.444288">
        <ele>496.467868</ele>
        <time>2026-09-25T12:24:28.382Z</time>
      </trkpt>
      <trkpt lat="49.267849" lon="10.444410">
        <ele>496.625960</ele>
        <time>2026-09-25T12:24:31.391Z</time>
      </trkpt>
      <trkpt lat="49.267776" lon="10.444496">
        <ele>496.737781</ele>
        <time>2026-09-25T12:24:33.397Z</time>
      </trkpt>
      <trkpt lat="49.267684" lon="10.444600">
        <ele>496.876616</ele>
        <time>2026-09-25T12:24:36.421Z</time>
      </trkpt>
      <trkpt lat="49.267581" lon="10.444713">
        <ele>497.030450</ele>
        <time>2026-09-25T12:24:39.387Z</time>
      </trkpt>
      <trkpt lat="49.267491" lon="10.444812">
        <ele>497.164990</ele>
        <time>2026-09-25T12:24:42.385Z</time>
      </trkpt>
      <trkpt lat="49.267392" lon="10.444916">
        <ele>497.310754</ele>
        <time>2026-09-25T12:24:45.390Z</time>
      </trkpt>
      <trkpt lat="49.267284" lon="10.445029">
        <ele>497.469565</ele>
        <time>2026-09-25T12:24:48.393Z</time>
      </trkpt>
      <trkpt lat="49.267172" lon="10.445140">
        <ele>497.631546</ele>
        <time>2026-09-25T12:24:51.397Z</time>
      </trkpt>
      <trkpt lat="49.267062" lon="10.445234">
        <ele>497.784498</ele>
        <time>2026-09-25T12:24:54.379Z</time>
      </trkpt>
      <trkpt lat="49.266945" lon="10.445316">
        <ele>497.940740</ele>
        <time>2026-09-25T12:24:57.386Z</time>
      </trkpt>
      <trkpt lat="49.266862" lon="10.445371">
        <ele>498.050557</ele>
        <time>2026-09-25T12:24:59.390Z</time>
      </trkpt>
      <trkpt lat="49.266733" lon="10.445414">
        <ele>498.210881</ele>
        <time>2026-09-25T12:25:02.378Z</time>
      </trkpt>
      <trkpt lat="49.266601" lon="10.445473">
        <ele>498.305989</ele>
        <time>2026-09-25T12:25:05.386Z</time>
      </trkpt>
      <trkpt lat="49.266510" lon="10.445511">
        <ele>498.354765</ele>
        <time>2026-09-25T12:25:07.388Z</time>
      </trkpt>
      <trkpt lat="49.266385" lon="10.445548">
        <ele>498.420602</ele>
        <time>2026-09-25T12:25:10.375Z</time>
      </trkpt>
      <trkpt lat="49.266287" lon="10.445581">
        <ele>498.472491</ele>
        <time>2026-09-25T12:25:12.380Z</time>
      </trkpt>
      <trkpt lat="49.266192" lon="10.445608">
        <ele>498.522457</ele>
        <time>2026-09-25T12:25:14.380Z</time>
      </trkpt>
      <trkpt lat="49.266102" lon="10.445630">
        <ele>498.569588</ele>
        <time>2026-09-25T12:25:16.413Z</time>
      </trkpt>
      <trkpt lat="49.266006" lon="10.445650">
        <ele>498.619690</ele>
        <time>2026-09-25T12:25:18.367Z</time>
      </trkpt>
      <trkpt lat="49.265876" lon="10.445672">
        <ele>498.687327</ele>
        <time>2026-09-25T12:25:21.376Z</time>
      </trkpt>
      <trkpt lat="49.265784" lon="10.445673">
        <ele>498.734905</ele>
        <time>2026-09-25T12:25:23.380Z</time>
      </trkpt>
      <trkpt lat="49.265673" lon="10.445699">
        <ele>498.792974</ele>
        <time>2026-09-25T12:25:26.377Z</time>
      </trkpt>
      <trkpt lat="49.265579" lon="10.445829">
        <ele>498.858454</ele>
        <time>2026-09-25T12:25:29.385Z</time>
      </trkpt>
      <trkpt lat="49.265513" lon="10.445965">
        <ele>498.915649</ele>
        <time>2026-09-25T12:25:31.400Z</time>
      </trkpt>
      <trkpt lat="49.265460" lon="10.446085">
        <ele>498.964548</ele>
        <time>2026-09-25T12:25:33.380Z</time>
      </trkpt>
      <trkpt lat="49.265404" lon="10.446198">
        <ele>499.012432</ele>
        <time>2026-09-25T12:25:35.383Z</time>
      </trkpt>
      <trkpt lat="49.265351" lon="10.446313">
        <ele>499.059943</ele>
        <time>2026-09-25T12:25:37.399Z</time>
      </trkpt>
      <trkpt lat="49.265272" lon="10.446469">
        <ele>499.126580</ele>
        <time>2026-09-25T12:25:40.387Z</time>
      </trkpt>
      <trkpt lat="49.265216" lon="10.446584">
        <ele>499.175002</ele>
        <time>2026-09-25T12:25:42.386Z</time>
      </trkpt>
      <trkpt lat="49.265136" lon="10.446746">
        <ele>499.055573</ele>
        <time>2026-09-25T12:25:45.385Z</time>
      </trkpt>
      <trkpt lat="49.265057" lon="10.446896">
        <ele>498.919257</ele>
        <time>2026-09-25T12:25:48.423Z</time>
      </trkpt>
      <trkpt lat="49.264997" lon="10.447007">
        <ele>498.817326</ele>
        <time>2026-09-25T12:25:50.383Z</time>
      </trkpt>
      <trkpt lat="49.264913" lon="10.447164">
        <ele>498.673750</ele>
        <time>2026-09-25T12:25:53.386Z</time>
      </trkpt>
      <trkpt lat="49.264831" lon="10.447316">
        <ele>498.534281</ele>
        <time>2026-09-25T12:25:56.388Z</time>
      </trkpt>
      <trkpt lat="49.264766" lon="10.447422">
        <ele>498.431416</ele>
        <time>2026-09-25T12:25:58.405Z</time>
      </trkpt>
      <trkpt lat="49.264704" lon="10.447543">
        <ele>498.322619</ele>
        <time>2026-09-25T12:26:00.401Z</time>
      </trkpt>
      <trkpt lat="49.264638" lon="10.447667">
        <ele>498.209457</ele>
        <time>2026-09-25T12:26:02.399Z</time>
      </trkpt>
      <trkpt lat="49.264556" lon="10.447823">
        <ele>498.067796</ele>
        <time>2026-09-25T12:26:05.387Z</time>
      </trkpt>
      <trkpt lat="49.264478" lon="10.447978">
        <ele>497.929374</ele>
        <time>2026-09-25T12:26:08.416Z</time>
      </trkpt>
      <trkpt lat="49.264422" lon="10.448087">
        <ele>497.831267</ele>
        <time>2026-09-25T12:26:10.379Z</time>
      </trkpt>
      <trkpt lat="49.264365" lon="10.448197">
        <ele>497.731933</ele>
        <time>2026-09-25T12:26:12.386Z</time>
      </trkpt>
      <trkpt lat="49.264305" lon="10.448311">
        <ele>497.628359</ele>
        <time>2026-09-25T12:26:14.397Z</time>
      </trkpt>
      <trkpt lat="49.264222" lon="10.448464">
        <ele>497.487653</ele>
        <time>2026-09-25T12:26:17.383Z</time>
      </trkpt>
      <trkpt lat="49.264160" lon="10.448576">
        <ele>497.383787</ele>
        <time>2026-09-25T12:26:19.398Z</time>
      </trkpt>
      <trkpt lat="49.264079" lon="10.448738">
        <ele>497.239458</ele>
        <time>2026-09-25T12:26:22.392Z</time>
      </trkpt>
      <trkpt lat="49.263999" lon="10.448883">
        <ele>497.463161</ele>
        <time>2026-09-25T12:26:25.386Z</time>
      </trkpt>
      <trkpt lat="49.263907" lon="10.449029">
        <ele>497.719646</ele>
        <time>2026-09-25T12:26:28.391Z</time>
      </trkpt>
      <trkpt lat="49.263847" lon="10.449136">
        <ele>497.897931</ele>
        <time>2026-09-25T12:26:30.393Z</time>
      </trkpt>
      <trkpt lat="49.263784" lon="10.449251">
        <ele>498.087683</ele>
        <time>2026-09-25T12:26:32.383Z</time>
      </trkpt>
      <trkpt lat="49.263721" lon="10.449368">
        <ele>498.279378</ele>
        <time>2026-09-25T12:26:34.391Z</time>
      </trkpt>
      <trkpt lat="49.263655" lon="10.449490">
        <ele>498.479645</ele>
        <time>2026-09-25T12:26:36.402Z</time>
      </trkpt>
      <trkpt lat="49.263588" lon="10.449609">
        <ele>498.678268</ele>
        <time>2026-09-25T12:26:38.401Z</time>
      </trkpt>
      <trkpt lat="49.263526" lon="10.449716">
        <ele>498.859101</ele>
        <time>2026-09-25T12:26:40.388Z</time>
      </trkpt>
      <trkpt lat="49.263434" lon="10.449859">
        <ele>499.112875</ele>
        <time>2026-09-25T12:26:43.383Z</time>
      </trkpt>
      <trkpt lat="49.263364" lon="10.449977">
        <ele>499.314404</ele>
        <time>2026-09-25T12:26:45.391Z</time>
      </trkpt>
      <trkpt lat="49.263298" lon="10.450095">
        <ele>499.510806</ele>
        <time>2026-09-25T12:26:47.384Z</time>
      </trkpt>
      <trkpt lat="49.263223" lon="10.450234">
        <ele>499.738737</ele>
        <time>2026-09-25T12:26:50.381Z</time>
      </trkpt>
      <trkpt lat="49.263162" lon="10.450346">
        <ele>499.923098</ele>
        <time>2026-09-25T12:26:52.387Z</time>
      </trkpt>
      <trkpt lat="49.263081" lon="10.450503">
        <ele>500.176025</ele>
        <time>2026-09-25T12:26:55.383Z</time>
      </trkpt>
      <trkpt lat="49.263020" lon="10.450616">
        <ele>500.361358</ele>
        <time>2026-09-25T12:26:57.383Z</time>
      </trkpt>
      <trkpt lat="49.262938" lon="10.450763">
        <ele>500.605752</ele>
        <time>2026-09-25T12:27:00.402Z</time>
      </trkpt>
      <trkpt lat="49.262883" lon="10.450880">
        <ele>500.686716</ele>
        <time>2026-09-25T12:27:02.386Z</time>
      </trkpt>
      <trkpt lat="49.262812" lon="10.451035">
        <ele>500.585606</ele>
        <time>2026-09-25T12:27:05.378Z</time>
      </trkpt>
      <trkpt lat="49.262735" lon="10.451181">
        <ele>500.485379</ele>
        <time>2026-09-25T12:27:08.388Z</time>
      </trkpt>
      <trkpt lat="49.262659" lon="10.451332">
        <ele>500.383564</ele>
        <time>2026-09-25T12:27:11.409Z</time>
      </trkpt>
      <trkpt lat="49.262575" lon="10.451493">
        <ele>500.273506</ele>
        <time>2026-09-25T12:27:14.382Z</time>
      </trkpt>
      <trkpt lat="49.262516" lon="10.451601">
        <ele>500.198305</ele>
        <time>2026-09-25T12:27:16.379Z</time>
      </trkpt>
      <trkpt lat="49.262455" lon="10.451711">
        <ele>500.121232</ele>
        <time>2026-09-25T12:27:18.382Z</time>
      </trkpt>
      <trkpt lat="49.262389" lon="10.451819">
        <ele>500.042232</ele>
        <time>2026-09-25T12:27:20.383Z</time>
      </trkpt>
      <trkpt lat="49.262297" lon="10.451947">
        <ele>499.940564</ele>
        <time>2026-09-25T12:27:23.381Z</time>
      </trkpt>
      <trkpt lat="49.262186" lon="10.452050">
        <ele>499.834395</ele>
        <time>2026-09-25T12:27:26.392Z</time>
      </trkpt>
      <trkpt lat="49.262062" lon="10.452123">
        <ele>499.725714</ele>
        <time>2026-09-25T12:27:29.386Z</time>
      </trkpt>
      <trkpt lat="49.261935" lon="10.452170">
        <ele>499.618820</ele>
        <time>2026-09-25T12:27:32.401Z</time>
      </trkpt>
      <trkpt lat="49.261808" lon="10.452169">
        <ele>499.514912</ele>
        <time>2026-09-25T12:27:35.397Z</time>
      </trkpt>
      <trkpt lat="49.261710" lon="10.452164">
        <ele>499.434688</ele>
        <time>2026-09-25T12:27:37.391Z</time>
      </trkpt>
      <trkpt lat="49.261588" lon="10.452124">
        <ele>499.332614</ele>
        <time>2026-09-25T12:27:40.381Z</time>
      </trkpt>
      <trkpt lat="49.261466" lon="10.452063">
        <ele>499.250437</ele>
        <time>2026-09-25T12:27:43.404Z</time>
      </trkpt>
      <trkpt lat="49.261351" lon="10.451997">
        <ele>499.280246</ele>
        <time>2026-09-25T12:27:46.390Z</time>
      </trkpt>
      <trkpt lat="49.261244" lon="10.451929">
        <ele>499.308365</ele>
        <time>2026-09-25T12:27:49.385Z</time>
      </trkpt>
      <trkpt lat="49.261128" lon="10.451849">
        <ele>499.339244</ele>
        <time>2026-09-25T12:27:52.428Z</time>
      </trkpt>
      <trkpt lat="49.261008" lon="10.451786">
        <ele>499.370035</ele>
        <time>2026-09-25T12:27:55.384Z</time>
      </trkpt>
      <trkpt lat="49.260888" lon="10.451728">
        <ele>499.400579</ele>
        <time>2026-09-25T12:27:58.386Z</time>
      </trkpt>
      <trkpt lat="49.260773" lon="10.451660">
        <ele>499.430501</ele>
        <time>2026-09-25T12:28:01.404Z</time>
      </trkpt>
      <trkpt lat="49.260664" lon="10.451583">
        <ele>499.459636</ele>
        <time>2026-09-25T12:28:04.387Z</time>
      </trkpt>
      <trkpt lat="49.260546" lon="10.451508">
        <ele>499.490646</ele>
        <time>2026-09-25T12:28:07.373Z</time>
      </trkpt>
      <trkpt lat="49.260431" lon="10.451436">
        <ele>499.520802</ele>
        <time>2026-09-25T12:28:10.402Z</time>
      </trkpt>
      <trkpt lat="49.260315" lon="10.451379">
        <ele>499.550373</ele>
        <time>2026-09-25T12:28:13.378Z</time>
      </trkpt>
      <trkpt lat="49.260190" lon="10.451315">
        <ele>499.582365</ele>
        <time>2026-09-25T12:28:16.389Z</time>
      </trkpt>
      <trkpt lat="49.260074" lon="10.451259">
        <ele>499.611887</ele>
        <time>2026-09-25T12:28:19.384Z</time>
      </trkpt>
      <trkpt lat="49.259960" lon="10.451192">
        <ele>499.641526</ele>
        <time>2026-09-25T12:28:22.379Z</time>
      </trkpt>
      <trkpt lat="49.259847" lon="10.451122">
        <ele>499.671112</ele>
        <time>2026-09-25T12:28:25.374Z</time>
      </trkpt>
      <trkpt lat="49.259732" lon="10.451053">
        <ele>499.721814</ele>
        <time>2026-09-25T12:28:28.372Z</time>
      </trkpt>
      <trkpt lat="49.259627" lon="10.450999">
        <ele>499.777613</ele>
        <time>2026-09-25T12:28:31.381Z</time>
      </trkpt>
      <trkpt lat="49.259530" lon="10.450966">
        <ele>499.827672</ele>
        <time>2026-09-25T12:28:34.373Z</time>
      </trkpt>
      <trkpt lat="49.259421" lon="10.450993">
        <ele>499.883299</ele>
        <time>2026-09-25T12:28:38.367Z</time>
      </trkpt>
      <trkpt lat="49.259354" lon="10.451088">
        <ele>499.929288</ele>
        <time>2026-09-25T12:28:41.376Z</time>
      </trkpt>
      <trkpt lat="49.259303" lon="10.451211">
        <ele>499.977202</ele>
        <time>2026-09-25T12:28:44.402Z</time>
      </trkpt>
      <trkpt lat="49.259230" lon="10.451331">
        <ele>500.031140</ele>
        <time>2026-09-25T12:28:47.386Z</time>
      </trkpt>
      <trkpt lat="49.259148" lon="10.451398">
        <ele>500.077959</ele>
        <time>2026-09-25T12:28:50.385Z</time>
      </trkpt>
      <trkpt lat="49.259049" lon="10.451456">
        <ele>500.131356</ele>
        <time>2026-09-25T12:28:54.396Z</time>
      </trkpt>
      <trkpt lat="49.258957" lon="10.451500">
        <ele>500.179911</ele>
        <time>2026-09-25T12:28:57.384Z</time>
      </trkpt>
      <trkpt lat="49.258855" lon="10.451556">
        <ele>500.234498</ele>
        <time>2026-09-25T12:29:00.380Z</time>
      </trkpt>
      <trkpt lat="49.258751" lon="10.451602">
        <ele>500.289033</ele>
        <time>2026-09-25T12:29:03.387Z</time>
      </trkpt>
      <trkpt lat="49.258664" lon="10.451639">
        <ele>500.334520</ele>
        <time>2026-09-25T12:29:06.380Z</time>
      </trkpt>
      <trkpt lat="49.258559" lon="10.451687">
        <ele>500.389724</ele>
        <time>2026-09-25T12:29:10.378Z</time>
      </trkpt>
      <trkpt lat="49.258457" lon="10.451729">
        <ele>500.442934</ele>
        <time>2026-09-25T12:29:13.388Z</time>
      </trkpt>
      <trkpt lat="49.258366" lon="10.451767">
        <ele>500.490452</ele>
        <time>2026-09-25T12:29:16.393Z</time>
      </trkpt>
      <trkpt lat="49.258259" lon="10.451823">
        <ele>500.547417</ele>
        <time>2026-09-25T12:29:19.393Z</time>
      </trkpt>
      <trkpt lat="49.258158" lon="10.451876">
        <ele>500.580195</ele>
        <time>2026-09-25T12:29:22.384Z</time>
      </trkpt>
      <trkpt lat="49.258045" lon="10.451933">
        <ele>500.544904</ele>
        <time>2026-09-25T12:29:25.385Z</time>
      </trkpt>
      <trkpt lat="49.257942" lon="10.451977">
        <ele>500.513185</ele>
        <time>2026-09-25T12:29:28.385Z</time>
      </trkpt>
      <trkpt lat="49.257837" lon="10.452021">
        <ele>500.480893</ele>
        <time>2026-09-25T12:29:31.406Z</time>
      </trkpt>
      <trkpt lat="49.257735" lon="10.452062">
        <ele>500.449612</ele>
        <time>2026-09-25T12:29:34.378Z</time>
      </trkpt>
      <trkpt lat="49.257617" lon="10.452124">
        <ele>500.412607</ele>
        <time>2026-09-25T12:29:37.391Z</time>
      </trkpt>
      <trkpt lat="49.257528" lon="10.452178">
        <ele>500.384211</ele>
        <time>2026-09-25T12:29:39.388Z</time>
      </trkpt>
      <trkpt lat="49.257417" lon="10.452236">
        <ele>500.349422</ele>
        <time>2026-09-25T12:29:42.379Z</time>
      </trkpt>
      <trkpt lat="49.257303" lon="10.452298">
        <ele>500.313537</ele>
        <time>2026-09-25T12:29:45.382Z</time>
      </trkpt>
      <trkpt lat="49.257179" lon="10.452366">
        <ele>500.274469</ele>
        <time>2026-09-25T12:29:48.380Z</time>
      </trkpt>
      <trkpt lat="49.257062" lon="10.452423">
        <ele>500.238049</ele>
        <time>2026-09-25T12:29:51.390Z</time>
      </trkpt>
      <trkpt lat="49.256953" lon="10.452469">
        <ele>500.204511</ele>
        <time>2026-09-25T12:29:54.390Z</time>
      </trkpt>
      <trkpt lat="49.256838" lon="10.452524">
        <ele>500.168774</ele>
        <time>2026-09-25T12:29:57.452Z</time>
      </trkpt>
      <trkpt lat="49.256721" lon="10.452587">
        <ele>500.131986</ele>
        <time>2026-09-25T12:30:00.396Z</time>
      </trkpt>
      <trkpt lat="49.256607" lon="10.452655">
        <ele>500.095696</ele>
        <time>2026-09-25T12:30:03.390Z</time>
      </trkpt>
      <trkpt lat="49.256497" lon="10.452714">
        <ele>500.061124</ele>
        <time>2026-09-25T12:30:06.412Z</time>
      </trkpt>
      <trkpt lat="49.256377" lon="10.452792">
        <ele>500.018779</ele>
        <time>2026-09-25T12:30:09.377Z</time>
      </trkpt>
      <trkpt lat="49.256297" lon="10.452860">
        <ele>499.988519</ele>
        <time>2026-09-25T12:30:11.399Z</time>
      </trkpt>
      <trkpt lat="49.256184" lon="10.452942">
        <ele>499.947162</ele>
        <time>2026-09-25T12:30:14.391Z</time>
      </trkpt>
      <trkpt lat="49.256106" lon="10.453013">
        <ele>499.917153</ele>
        <time>2026-09-25T12:30:16.385Z</time>
      </trkpt>
      <trkpt lat="49.256029" lon="10.453092">
        <ele>499.886502</ele>
        <time>2026-09-25T12:30:18.383Z</time>
      </trkpt>
      <trkpt lat="49.255937" lon="10.453213">
        <ele>499.846398</ele>
        <time>2026-09-25T12:30:20.386Z</time>
      </trkpt>
      <trkpt lat="49.255842" lon="10.453302">
        <ele>499.809567</ele>
        <time>2026-09-25T12:30:23.408Z</time>
      </trkpt>
      <trkpt lat="49.255755" lon="10.453405">
        <ele>499.773201</ele>
        <time>2026-09-25T12:30:25.415Z</time>
      </trkpt>
      <trkpt lat="49.255677" lon="10.453489">
        <ele>499.741665</ele>
        <time>2026-09-25T12:30:27.391Z</time>
      </trkpt>
      <trkpt lat="49.255600" lon="10.453584">
        <ele>499.708966</ele>
        <time>2026-09-25T12:30:29.384Z</time>
      </trkpt>
      <trkpt lat="49.255527" lon="10.453674">
        <ele>499.677974</ele>
        <time>2026-09-25T12:30:31.388Z</time>
      </trkpt>
      <trkpt lat="49.255436" lon="10.453757">
        <ele>499.642945</ele>
        <time>2026-09-25T12:30:34.392Z</time>
      </trkpt>
      <trkpt lat="49.255353" lon="10.453859">
        <ele>499.607751</ele>
        <time>2026-09-25T12:30:36.379Z</time>
      </trkpt>
      <trkpt lat="49.255279" lon="10.453940">
        <ele>499.577670</ele>
        <time>2026-09-25T12:30:38.385Z</time>
      </trkpt>
      <trkpt lat="49.255203" lon="10.454020">
        <ele>499.547171</ele>
        <time>2026-09-25T12:30:40.396Z</time>
      </trkpt>
      <trkpt lat="49.255116" lon="10.454120">
        <ele>499.511197</ele>
        <time>2026-09-25T12:30:42.447Z</time>
      </trkpt>
      <trkpt lat="49.255004" lon="10.454239">
        <ele>499.466115</ele>
        <time>2026-09-25T12:30:45.392Z</time>
      </trkpt>
      <trkpt lat="49.254883" lon="10.454346">
        <ele>499.555935</ele>
        <time>2026-09-25T12:30:48.391Z</time>
      </trkpt>
      <trkpt lat="49.254803" lon="10.454418">
        <ele>499.630668</ele>
        <time>2026-09-25T12:30:50.404Z</time>
      </trkpt>
      <trkpt lat="49.254715" lon="10.454493">
        <ele>499.711779</ele>
        <time>2026-09-25T12:30:52.392Z</time>
      </trkpt>
      <trkpt lat="49.254629" lon="10.454556">
        <ele>499.788561</ele>
        <time>2026-09-25T12:30:54.394Z</time>
      </trkpt>
      <trkpt lat="49.254529" lon="10.454619">
        <ele>499.875652</ele>
        <time>2026-09-25T12:30:56.382Z</time>
      </trkpt>
      <trkpt lat="49.254401" lon="10.454682">
        <ele>499.983943</ele>
        <time>2026-09-25T12:30:59.370Z</time>
      </trkpt>
      <trkpt lat="49.254284" lon="10.454726">
        <ele>500.080981</ele>
        <time>2026-09-25T12:31:02.394Z</time>
      </trkpt>
      <trkpt lat="49.254152" lon="10.454767">
        <ele>500.189467</ele>
        <time>2026-09-25T12:31:05.388Z</time>
      </trkpt>
      <trkpt lat="49.254029" lon="10.454793">
        <ele>500.289479</ele>
        <time>2026-09-25T12:31:08.391Z</time>
      </trkpt>
      <trkpt lat="49.253907" lon="10.454815">
        <ele>500.388425</ele>
        <time>2026-09-25T12:31:11.405Z</time>
      </trkpt>
      <trkpt lat="49.253777" lon="10.454826">
        <ele>500.493297</ele>
        <time>2026-09-25T12:31:14.389Z</time>
      </trkpt>
      <trkpt lat="49.253658" lon="10.454826">
        <ele>500.589148</ele>
        <time>2026-09-25T12:31:17.408Z</time>
      </trkpt>
      <trkpt lat="49.253539" lon="10.454822">
        <ele>500.685023</ele>
        <time>2026-09-25T12:31:20.404Z</time>
      </trkpt>
      <trkpt lat="49.253415" lon="10.454820">
        <ele>500.784907</ele>
        <time>2026-09-25T12:31:23.387Z</time>
      </trkpt>
      <trkpt lat="49.253297" lon="10.454815">
        <ele>500.879990</ele>
        <time>2026-09-25T12:31:26.393Z</time>
      </trkpt>
      <trkpt lat="49.253171" lon="10.454807">
        <ele>501.027611</ele>
        <time>2026-09-25T12:31:29.383Z</time>
      </trkpt>
      <trkpt lat="49.253049" lon="10.454806">
        <ele>501.187609</ele>
        <time>2026-09-25T12:31:32.393Z</time>
      </trkpt>
      <trkpt lat="49.252929" lon="10.454813">
        <ele>501.345095</ele>
        <time>2026-09-25T12:31:35.388Z</time>
      </trkpt>
      <trkpt lat="49.252802" lon="10.454831">
        <ele>501.512359</ele>
        <time>2026-09-25T12:31:38.411Z</time>
      </trkpt>
      <trkpt lat="49.252705" lon="10.454851">
        <ele>501.640716</ele>
        <time>2026-09-25T12:31:40.383Z</time>
      </trkpt>
      <trkpt lat="49.252600" lon="10.454841">
        <ele>501.778683</ele>
        <time>2026-09-25T12:31:43.384Z</time>
      </trkpt>
      <trkpt lat="49.252481" lon="10.454853">
        <ele>501.935082</ele>
        <time>2026-09-25T12:31:46.394Z</time>
      </trkpt>
      <trkpt lat="49.252391" lon="10.454871">
        <ele>502.054113</ele>
        <time>2026-09-25T12:31:48.384Z</time>
      </trkpt>
      <trkpt lat="49.252293" lon="10.454891">
        <ele>502.183769</ele>
        <time>2026-09-25T12:31:50.386Z</time>
      </trkpt>
      <trkpt lat="49.252204" lon="10.454898">
        <ele>502.300641</ele>
        <time>2026-09-25T12:31:52.403Z</time>
      </trkpt>
      <trkpt lat="49.252112" lon="10.454895">
        <ele>502.421321</ele>
        <time>2026-09-25T12:31:54.377Z</time>
      </trkpt>
      <trkpt lat="49.251982" lon="10.454871">
        <ele>502.593041</ele>
        <time>2026-09-25T12:31:57.395Z</time>
      </trkpt>
      <trkpt lat="49.251860" lon="10.454830">
        <ele>502.756841</ele>
        <time>2026-09-25T12:32:00.392Z</time>
      </trkpt>
      <trkpt lat="49.251738" lon="10.454781">
        <ele>502.922244</ele>
        <time>2026-09-25T12:32:03.413Z</time>
      </trkpt>
      <trkpt lat="49.251619" lon="10.454735">
        <ele>503.083196</ele>
        <time>2026-09-25T12:32:06.386Z</time>
      </trkpt>
      <trkpt lat="49.251500" lon="10.454683">
        <ele>503.245482</ele>
        <time>2026-09-25T12:32:09.403Z</time>
      </trkpt>
      <trkpt lat="49.251380" lon="10.454616">
        <ele>503.401054</ele>
        <time>2026-09-25T12:32:12.395Z</time>
      </trkpt>
      <trkpt lat="49.251262" lon="10.454551">
        <ele>503.552061</ele>
        <time>2026-09-25T12:32:15.400Z</time>
      </trkpt>
      <trkpt lat="49.251139" lon="10.454494">
        <ele>503.706812</ele>
        <time>2026-09-25T12:32:18.395Z</time>
      </trkpt>
      <trkpt lat="49.251021" lon="10.454432">
        <ele>503.857037</ele>
        <time>2026-09-25T12:32:21.414Z</time>
      </trkpt>
      <trkpt lat="49.250907" lon="10.454369">
        <ele>504.002980</ele>
        <time>2026-09-25T12:32:24.380Z</time>
      </trkpt>
      <trkpt lat="49.250788" lon="10.454306">
        <ele>504.154600</ele>
        <time>2026-09-25T12:32:27.402Z</time>
      </trkpt>
      <trkpt lat="49.250676" lon="10.454234">
        <ele>504.300869</ele>
        <time>2026-09-25T12:32:30.415Z</time>
      </trkpt>
      <trkpt lat="49.250563" lon="10.454158">
        <ele>504.449485</ele>
        <time>2026-09-25T12:32:33.416Z</time>
      </trkpt>
      <trkpt lat="49.250470" lon="10.454113">
        <ele>504.566933</ele>
        <time>2026-09-25T12:32:35.382Z</time>
      </trkpt>
      <trkpt lat="49.250334" lon="10.454032">
        <ele>504.742651</ele>
        <time>2026-09-25T12:32:38.401Z</time>
      </trkpt>
      <trkpt lat="49.250209" lon="10.453965">
        <ele>504.902129</ele>
        <time>2026-09-25T12:32:41.389Z</time>
      </trkpt>
      <trkpt lat="49.250121" lon="10.453917">
        <ele>505.014619</ele>
        <time>2026-09-25T12:32:43.437Z</time>
      </trkpt>
      <trkpt lat="49.250014" lon="10.453865">
        <ele>505.149802</ele>
        <time>2026-09-25T12:32:46.393Z</time>
      </trkpt>
      <trkpt lat="49.249899" lon="10.453822">
        <ele>505.292355</ele>
        <time>2026-09-25T12:32:49.406Z</time>
      </trkpt>
      <trkpt lat="49.249779" lon="10.453764">
        <ele>505.430536</ele>
        <time>2026-09-25T12:32:52.419Z</time>
      </trkpt>
      <trkpt lat="49.249658" lon="10.453718">
        <ele>505.395156</ele>
        <time>2026-09-25T12:32:55.421Z</time>
      </trkpt>
      <trkpt lat="49.249540" lon="10.453682">
        <ele>505.361011</ele>
        <time>2026-09-25T12:32:58.378Z</time>
      </trkpt>
      <trkpt lat="49.249410" lon="10.453675">
        <ele>505.324096</ele>
        <time>2026-09-25T12:33:01.380Z</time>
      </trkpt>
      <trkpt lat="49.249284" lon="10.453680">
        <ele>505.288327</ele>
        <time>2026-09-25T12:33:04.401Z</time>
      </trkpt>
      <trkpt lat="49.249156" lon="10.453689">
        <ele>505.251964</ele>
        <time>2026-09-25T12:33:07.400Z</time>
      </trkpt>
      <trkpt lat="49.249026" lon="10.453703">
        <ele>505.214980</ele>
        <time>2026-09-25T12:33:10.395Z</time>
      </trkpt>
      <trkpt lat="49.248895" lon="10.453722">
        <ele>505.177638</ele>
        <time>2026-09-25T12:33:13.393Z</time>
      </trkpt>
      <trkpt lat="49.248755" lon="10.453725">
        <ele>505.137903</ele>
        <time>2026-09-25T12:33:16.382Z</time>
      </trkpt>
      <trkpt lat="49.248623" lon="10.453717">
        <ele>505.100414</ele>
        <time>2026-09-25T12:33:19.414Z</time>
      </trkpt>
      <trkpt lat="49.248489" lon="10.453690">
        <ele>505.062059</ele>
        <time>2026-09-25T12:33:22.420Z</time>
      </trkpt>
      <trkpt lat="49.248398" lon="10.453666">
        <ele>505.035854</ele>
        <time>2026-09-25T12:33:24.393Z</time>
      </trkpt>
      <trkpt lat="49.248274" lon="10.453607">
        <ele>504.999006</ele>
        <time>2026-09-25T12:33:27.387Z</time>
      </trkpt>
      <trkpt lat="49.248153" lon="10.453542">
        <ele>504.962617</ele>
        <time>2026-09-25T12:33:30.396Z</time>
      </trkpt>
      <trkpt lat="49.248065" lon="10.453504">
        <ele>504.936671</ele>
        <time>2026-09-25T12:33:32.402Z</time>
      </trkpt>
      <trkpt lat="49.247943" lon="10.453447">
        <ele>504.979664</ele>
        <time>2026-09-25T12:33:35.393Z</time>
      </trkpt>
      <trkpt lat="49.247856" lon="10.453409">
        <ele>505.045681</ele>
        <time>2026-09-25T12:33:37.419Z</time>
      </trkpt>
      <trkpt lat="49.247733" lon="10.453350">
        <ele>505.139734</ele>
        <time>2026-09-25T12:33:40.398Z</time>
      </trkpt>
      <trkpt lat="49.247608" lon="10.453290">
        <ele>505.235323</ele>
        <time>2026-09-25T12:33:43.410Z</time>
      </trkpt>
      <trkpt lat="49.247482" lon="10.453228">
        <ele>505.331895</ele>
        <time>2026-09-25T12:33:46.375Z</time>
      </trkpt>
      <trkpt lat="49.247360" lon="10.453162">
        <ele>505.426310</ele>
        <time>2026-09-25T12:33:49.394Z</time>
      </trkpt>
      <trkpt lat="49.247241" lon="10.453084">
        <ele>505.520763</ele>
        <time>2026-09-25T12:33:52.415Z</time>
      </trkpt>
      <trkpt lat="49.247158" lon="10.453033">
        <ele>505.586021</ele>
        <time>2026-09-25T12:33:54.398Z</time>
      </trkpt>
      <trkpt lat="49.247052" lon="10.452929">
        <ele>505.677877</ele>
        <time>2026-09-25T12:33:57.384Z</time>
      </trkpt>
      <trkpt lat="49.246937" lon="10.452831">
        <ele>505.773907</ele>
        <time>2026-09-25T12:34:00.404Z</time>
      </trkpt>
      <trkpt lat="49.246814" lon="10.452754">
        <ele>505.870869</ele>
        <time>2026-09-25T12:34:03.387Z</time>
      </trkpt>
      <trkpt lat="49.246705" lon="10.452657">
        <ele>505.962857</ele>
        <time>2026-09-25T12:34:06.404Z</time>
      </trkpt>
      <trkpt lat="49.246594" lon="10.452552">
        <ele>506.058056</ele>
        <time>2026-09-25T12:34:09.379Z</time>
      </trkpt>
      <trkpt lat="49.246486" lon="10.452438">
        <ele>506.153765</ele>
        <time>2026-09-25T12:34:12.412Z</time>
      </trkpt>
      <trkpt lat="49.246379" lon="10.452329">
        <ele>506.226535</ele>
        <time>2026-09-25T12:34:15.381Z</time>
      </trkpt>
      <trkpt lat="49.246276" lon="10.452215">
        <ele>506.161844</ele>
        <time>2026-09-25T12:34:18.415Z</time>
      </trkpt>
      <trkpt lat="49.246176" lon="10.452098">
        <ele>506.097784</ele>
        <time>2026-09-25T12:34:21.382Z</time>
      </trkpt>
      <trkpt lat="49.246072" lon="10.451981">
        <ele>506.032094</ele>
        <time>2026-09-25T12:34:24.404Z</time>
      </trkpt>
      <trkpt lat="49.245967" lon="10.451862">
        <ele>505.965600</ele>
        <time>2026-09-25T12:34:27.420Z</time>
      </trkpt>
      <trkpt lat="49.245852" lon="10.451769">
        <ele>505.899397</ele>
        <time>2026-09-25T12:34:30.387Z</time>
      </trkpt>
      <trkpt lat="49.245747" lon="10.451672">
        <ele>505.836975</ele>
        <time>2026-09-25T12:34:33.398Z</time>
      </trkpt>
      <trkpt lat="49.245631" lon="10.451604">
        <ele>505.773744</ele>
        <time>2026-09-25T12:34:36.403Z</time>
      </trkpt>
      <trkpt lat="49.245508" lon="10.451554">
        <ele>505.708959</ele>
        <time>2026-09-25T12:34:39.391Z</time>
      </trkpt>
      <trkpt lat="49.245384" lon="10.451510">
        <ele>505.644160</ele>
        <time>2026-09-25T12:34:42.420Z</time>
      </trkpt>
      <trkpt lat="49.245262" lon="10.451472">
        <ele>505.580780</ele>
        <time>2026-09-25T12:34:45.401Z</time>
      </trkpt>
      <trkpt lat="49.245135" lon="10.451443">
        <ele>505.515412</ele>
        <time>2026-09-25T12:34:48.404Z</time>
      </trkpt>
      <trkpt lat="49.245042" lon="10.451430">
        <ele>505.467870</ele>
        <time>2026-09-25T12:34:50.410Z</time>
      </trkpt>
      <trkpt lat="49.244922" lon="10.451391">
        <ele>505.405419</ele>
        <time>2026-09-25T12:34:53.407Z</time>
      </trkpt>
      <trkpt lat="49.244802" lon="10.451353">
        <ele>505.343037</ele>
        <time>2026-09-25T12:34:56.439Z</time>
      </trkpt>
      <trkpt lat="49.244679" lon="10.451322">
        <ele>505.498782</ele>
        <time>2026-09-25T12:34:59.382Z</time>
      </trkpt>
      <trkpt lat="49.244558" lon="10.451292">
        <ele>505.779047</ele>
        <time>2026-09-25T12:35:02.396Z</time>
      </trkpt>
      <trkpt lat="49.244440" lon="10.451267">
        <ele>506.051419</ele>
        <time>2026-09-25T12:35:05.419Z</time>
      </trkpt>
      <trkpt lat="49.244318" lon="10.451255">
        <ele>506.330944</ele>
        <time>2026-09-25T12:35:08.402Z</time>
      </trkpt>
      <trkpt lat="49.244192" lon="10.451247">
        <ele>506.619288</ele>
        <time>2026-09-25T12:35:11.422Z</time>
      </trkpt>
      <trkpt lat="49.244070" lon="10.451236">
        <ele>506.898721</ele>
        <time>2026-09-25T12:35:14.385Z</time>
      </trkpt>
      <trkpt lat="49.243931" lon="10.451234">
        <ele>507.216555</ele>
        <time>2026-09-25T12:35:17.394Z</time>
      </trkpt>
      <trkpt lat="49.243840" lon="10.451244">
        <ele>507.425159</ele>
        <time>2026-09-25T12:35:19.402Z</time>
      </trkpt>
      <trkpt lat="49.243708" lon="10.451266">
        <ele>507.728755</ele>
        <time>2026-09-25T12:35:22.405Z</time>
      </trkpt>
      <trkpt lat="49.243603" lon="10.451271">
        <ele>507.968951</ele>
        <time>2026-09-25T12:35:25.385Z</time>
      </trkpt>
      <trkpt lat="49.243512" lon="10.451288">
        <ele>508.178563</ele>
        <time>2026-09-25T12:35:27.397Z</time>
      </trkpt>
      <trkpt lat="49.243420" lon="10.451295">
        <ele>508.389178</ele>
        <time>2026-09-25T12:35:29.406Z</time>
      </trkpt>
      <trkpt lat="49.243286" lon="10.451296">
        <ele>508.695569</ele>
        <time>2026-09-25T12:35:32.383Z</time>
      </trkpt>
      <trkpt lat="49.243195" lon="10.451299">
        <ele>508.903687</ele>
        <time>2026-09-25T12:35:34.407Z</time>
      </trkpt>
      <trkpt lat="49.243062" lon="10.451283">
        <ele>509.208725</ele>
        <time>2026-09-25T12:35:37.367Z</time>
      </trkpt>
      <trkpt lat="49.242964" lon="10.451269">
        <ele>509.431015</ele>
        <time>2026-09-25T12:35:39.387Z</time>
      </trkpt>
      <trkpt lat="49.242837" lon="10.451229">
        <ele>509.252411</ele>
        <time>2026-09-25T12:35:42.376Z</time>
      </trkpt>
      <trkpt lat="49.242742" lon="10.451198">
        <ele>509.118610</ele>
        <time>2026-09-25T12:35:44.363Z</time>
      </trkpt>
      <trkpt lat="49.242654" lon="10.451161">
        <ele>508.992905</ele>
        <time>2026-09-25T12:35:46.397Z</time>
      </trkpt>
      <trkpt lat="49.242564" lon="10.451131">
        <ele>508.866027</ele>
        <time>2026-09-25T12:35:48.384Z</time>
      </trkpt>
      <trkpt lat="49.242464" lon="10.451097">
        <ele>508.724923</ele>
        <time>2026-09-25T12:35:50.371Z</time>
      </trkpt>
      <trkpt lat="49.242357" lon="10.451072">
        <ele>508.575824</ele>
        <time>2026-09-25T12:35:52.369Z</time>
      </trkpt>
      <trkpt lat="49.242252" lon="10.451027">
        <ele>508.425630</ele>
        <time>2026-09-25T12:35:54.373Z</time>
      </trkpt>
      <trkpt lat="49.242133" lon="10.450988">
        <ele>508.257995</ele>
        <time>2026-09-25T12:35:56.373Z</time>
      </trkpt>
      <trkpt lat="49.242006" lon="10.450958">
        <ele>508.080983</ele>
        <time>2026-09-25T12:35:58.376Z</time>
      </trkpt>
      <trkpt lat="49.241881" lon="10.450948">
        <ele>507.908559</ele>
        <time>2026-09-25T12:36:00.388Z</time>
      </trkpt>
      <trkpt lat="49.241750" lon="10.450943">
        <ele>507.728048</ele>
        <time>2026-09-25T12:36:02.390Z</time>
      </trkpt>
      <trkpt lat="49.241617" lon="10.450968">
        <ele>507.543464</ele>
        <time>2026-09-25T12:36:04.413Z</time>
      </trkpt>
      <trkpt lat="49.241487" lon="10.450990">
        <ele>507.363298</ele>
        <time>2026-09-25T12:36:06.369Z</time>
      </trkpt>
      <trkpt lat="49.241366" lon="10.451004">
        <ele>507.196143</ele>
        <time>2026-09-25T12:36:08.373Z</time>
      </trkpt>
      <trkpt lat="49.241256" lon="10.451017">
        <ele>507.044166</ele>
        <time>2026-09-25T12:36:10.377Z</time>
      </trkpt>
      <trkpt lat="49.241149" lon="10.451031">
        <ele>506.933161</ele>
        <time>2026-09-25T12:36:12.385Z</time>
      </trkpt>
      <trkpt lat="49.241070" lon="10.451153">
        <ele>506.876742</ele>
        <time>2026-09-25T12:36:15.369Z</time>
      </trkpt>
      <trkpt lat="49.241052" lon="10.451343">
        <ele>506.813705</ele>
        <time>2026-09-25T12:36:18.369Z</time>
      </trkpt>
      <trkpt lat="49.241046" lon="10.451539">
        <ele>506.749279</ele>
        <time>2026-09-25T12:36:21.381Z</time>
      </trkpt>
      <trkpt lat="49.241039" lon="10.451731">
        <ele>506.686140</ele>
        <time>2026-09-25T12:36:24.386Z</time>
      </trkpt>
      <trkpt lat="49.241028" lon="10.451916">
        <ele>506.625145</ele>
        <time>2026-09-25T12:36:27.377Z</time>
      </trkpt>
      <trkpt lat="49.241021" lon="10.452107">
        <ele>506.562334</ele>
        <time>2026-09-25T12:36:30.401Z</time>
      </trkpt>
      <trkpt lat="49.241010" lon="10.452292">
        <ele>506.501339</ele>
        <time>2026-09-25T12:36:33.378Z</time>
      </trkpt>
      <trkpt lat="49.240988" lon="10.452492">
        <ele>506.434746</ele>
        <time>2026-09-25T12:36:36.376Z</time>
      </trkpt>
      <trkpt lat="49.240974" lon="10.452634">
        <ele>506.387593</ele>
        <time>2026-09-25T12:36:38.368Z</time>
      </trkpt>
      <trkpt lat="49.240959" lon="10.452779">
        <ele>506.339390</ele>
        <time>2026-09-25T12:36:40.379Z</time>
      </trkpt>
      <trkpt lat="49.240940" lon="10.452927">
        <ele>506.289865</ele>
        <time>2026-09-25T12:36:42.401Z</time>
      </trkpt>
      <trkpt lat="49.240925" lon="10.453074">
        <ele>506.241013</ele>
        <time>2026-09-25T12:36:44.410Z</time>
      </trkpt>
      <trkpt lat="49.240907" lon="10.453219">
        <ele>506.192550</ele>
        <time>2026-09-25T12:36:46.392Z</time>
      </trkpt>
      <trkpt lat="49.240892" lon="10.453369">
        <ele>506.142725</ele>
        <time>2026-09-25T12:36:48.379Z</time>
      </trkpt>
      <trkpt lat="49.240867" lon="10.453516">
        <ele>506.092848</ele>
        <time>2026-09-25T12:36:50.411Z</time>
      </trkpt>
      <trkpt lat="49.240847" lon="10.453661">
        <ele>506.037334</ele>
        <time>2026-09-25T12:36:52.402Z</time>
      </trkpt>
      <trkpt lat="49.240826" lon="10.453809">
        <ele>505.927257</ele>
        <time>2026-09-25T12:36:54.388Z</time>
      </trkpt>
      <trkpt lat="49.240801" lon="10.453951">
        <ele>505.820366</ele>
        <time>2026-09-25T12:36:56.405Z</time>
      </trkpt>
      <trkpt lat="49.240774" lon="10.454085">
        <ele>505.718442</ele>
        <time>2026-09-25T12:36:58.404Z</time>
      </trkpt>
      <trkpt lat="49.240739" lon="10.454280">
        <ele>505.571459</ele>
        <time>2026-09-25T12:37:01.403Z</time>
      </trkpt>
      <trkpt lat="49.240685" lon="10.454465">
        <ele>505.424176</ele>
        <time>2026-09-25T12:37:04.366Z</time>
      </trkpt>
      <trkpt lat="49.240635" lon="10.454580">
        <ele>505.323757</ele>
        <time>2026-09-25T12:37:06.370Z</time>
      </trkpt>
      <trkpt lat="49.240575" lon="10.454686">
        <ele>505.221794</ele>
        <time>2026-09-25T12:37:08.373Z</time>
      </trkpt>
      <trkpt lat="49.240495" lon="10.454761">
        <ele>505.117379</ele>
        <time>2026-09-25T12:37:10.421Z</time>
      </trkpt>
      <trkpt lat="49.240405" lon="10.454812">
        <ele>505.010553</ele>
        <time>2026-09-25T12:37:12.383Z</time>
      </trkpt>
      <trkpt lat="49.240317" lon="10.454855">
        <ele>504.907726</ele>
        <time>2026-09-25T12:37:14.372Z</time>
      </trkpt>
      <trkpt lat="49.240233" lon="10.454906">
        <ele>504.807137</ele>
        <time>2026-09-25T12:37:16.401Z</time>
      </trkpt>
      <trkpt lat="49.240149" lon="10.454970">
        <ele>504.702697</ele>
        <time>2026-09-25T12:37:18.414Z</time>
      </trkpt>
      <trkpt lat="49.240077" lon="10.455063">
        <ele>504.597850</ele>
        <time>2026-09-25T12:37:20.387Z</time>
      </trkpt>
      <trkpt lat="49.240027" lon="10.455181">
        <ele>504.495608</ele>
        <time>2026-09-25T12:37:22.393Z</time>
      </trkpt>
      <trkpt lat="49.239974" lon="10.455366">
        <ele>504.348773</ele>
        <time>2026-09-25T12:37:25.404Z</time>
      </trkpt>
      <trkpt lat="49.239949" lon="10.455550">
        <ele>504.212176</ele>
        <time>2026-09-25T12:37:28.371Z</time>
      </trkpt>
      <trkpt lat="49.239917" lon="10.455711">
        <ele>504.089858</ele>
        <time>2026-09-25T12:37:31.390Z</time>
      </trkpt>
      <trkpt lat="49.239896" lon="10.455851">
        <ele>504.070186</ele>
        <time>2026-09-25T12:37:34.382Z</time>
      </trkpt>
      <trkpt lat="49.239854" lon="10.456015">
        <ele>504.116815</ele>
        <time>2026-09-25T12:37:38.401Z</time>
      </trkpt>
      <trkpt lat="49.239821" lon="10.456192">
        <ele>504.165537</ele>
        <time>2026-09-25T12:37:42.432Z</time>
      </trkpt>
      <trkpt lat="49.239802" lon="10.456338">
        <ele>504.204942</ele>
        <time>2026-09-25T12:37:45.382Z</time>
      </trkpt>
      <trkpt lat="49.239779" lon="10.456480">
        <ele>504.243667</ele>
        <time>2026-09-25T12:37:48.411Z</time>
      </trkpt>
      <trkpt lat="49.239757" lon="10.456625">
        <ele>504.283069</ele>
        <time>2026-09-25T12:37:51.398Z</time>
      </trkpt>
      <trkpt lat="49.239743" lon="10.456781">
        <ele>504.324749</ele>
        <time>2026-09-25T12:37:54.385Z</time>
      </trkpt>
      <trkpt lat="49.239727" lon="10.456943">
        <ele>504.368116</ele>
        <time>2026-09-25T12:37:57.401Z</time>
      </trkpt>
      <trkpt lat="49.239702" lon="10.457100">
        <ele>504.410890</ele>
        <time>2026-09-25T12:38:00.414Z</time>
      </trkpt>
      <trkpt lat="49.239666" lon="10.457241">
        <ele>504.450963</ele>
        <time>2026-09-25T12:38:03.387Z</time>
      </trkpt>
      <trkpt lat="49.239653" lon="10.457418">
        <ele>504.498109</ele>
        <time>2026-09-25T12:38:06.389Z</time>
      </trkpt>
      <trkpt lat="49.239651" lon="10.457602">
        <ele>504.546818</ele>
        <time>2026-09-25T12:38:09.393Z</time>
      </trkpt>
      <trkpt lat="49.239623" lon="10.457781">
        <ele>504.595538</ele>
        <time>2026-09-25T12:38:12.400Z</time>
      </trkpt>
      <trkpt lat="49.239612" lon="10.457963">
        <ele>504.643917</ele>
        <time>2026-09-25T12:38:15.379Z</time>
      </trkpt>
      <trkpt lat="49.239599" lon="10.458142">
        <ele>504.691589</ele>
        <time>2026-09-25T12:38:18.419Z</time>
      </trkpt>
      <trkpt lat="49.239580" lon="10.458328">
        <ele>504.741420</ele>
        <time>2026-09-25T12:38:21.401Z</time>
      </trkpt>
      <trkpt lat="49.239560" lon="10.458520">
        <ele>504.756757</ele>
        <time>2026-09-25T12:38:24.383Z</time>
      </trkpt>
      <trkpt lat="49.239534" lon="10.458721">
        <ele>504.689562</ele>
        <time>2026-09-25T12:38:27.410Z</time>
      </trkpt>
      <trkpt lat="49.239515" lon="10.458858">
        <ele>504.643634</ele>
        <time>2026-09-25T12:38:29.372Z</time>
      </trkpt>
      <trkpt lat="49.239494" lon="10.458997">
        <ele>504.596848</ele>
        <time>2026-09-25T12:38:31.395Z</time>
      </trkpt>
      <trkpt lat="49.239466" lon="10.459135">
        <ele>504.549459</ele>
        <time>2026-09-25T12:38:33.392Z</time>
      </trkpt>
      <trkpt lat="49.239438" lon="10.459274">
        <ele>504.501757</ele>
        <time>2026-09-25T12:38:35.385Z</time>
      </trkpt>
      <trkpt lat="49.239404" lon="10.459409">
        <ele>504.454307</ele>
        <time>2026-09-25T12:38:37.412Z</time>
      </trkpt>
      <trkpt lat="49.239375" lon="10.459552">
        <ele>504.405203</ele>
        <time>2026-09-25T12:38:39.371Z</time>
      </trkpt>
      <trkpt lat="49.239343" lon="10.459700">
        <ele>504.354078</ele>
        <time>2026-09-25T12:38:41.400Z</time>
      </trkpt>
      <trkpt lat="49.239304" lon="10.459850">
        <ele>504.301132</ele>
        <time>2026-09-25T12:38:43.398Z</time>
      </trkpt>
      <trkpt lat="49.239271" lon="10.460007">
        <ele>504.247045</ele>
        <time>2026-09-25T12:38:45.396Z</time>
      </trkpt>
      <trkpt lat="49.239246" lon="10.460162">
        <ele>504.194688</ele>
        <time>2026-09-25T12:38:47.402Z</time>
      </trkpt>
      <trkpt lat="49.239210" lon="10.460307">
        <ele>504.143817</ele>
        <time>2026-09-25T12:38:49.382Z</time>
      </trkpt>
      <trkpt lat="49.239176" lon="10.460449">
        <ele>504.094218</ele>
        <time>2026-09-25T12:38:51.404Z</time>
      </trkpt>
      <trkpt lat="49.239138" lon="10.460585">
        <ele>504.045707</ele>
        <time>2026-09-25T12:38:53.385Z</time>
      </trkpt>
      <trkpt lat="49.239100" lon="10.460719">
        <ele>503.997799</ele>
        <time>2026-09-25T12:38:55.388Z</time>
      </trkpt>
      <trkpt lat="49.239064" lon="10.460860">
        <ele>503.948151</ele>
        <time>2026-09-25T12:38:57.377Z</time>
      </trkpt>
      <trkpt lat="49.239025" lon="10.460995">
        <ele>503.899741</ele>
        <time>2026-09-25T12:38:59.410Z</time>
      </trkpt>
      <trkpt lat="49.238990" lon="10.461131">
        <ele>503.826138</ele>
        <time>2026-09-25T12:39:01.392Z</time>
      </trkpt>
      <trkpt lat="49.238952" lon="10.461264">
        <ele>503.721837</ele>
        <time>2026-09-25T12:39:03.403Z</time>
      </trkpt>
      <trkpt lat="49.238912" lon="10.461395">
        <ele>503.617938</ele>
        <time>2026-09-25T12:39:05.391Z</time>
      </trkpt>
      <trkpt lat="49.238884" lon="10.461531">
        <ele>503.515488</ele>
        <time>2026-09-25T12:39:07.399Z</time>
      </trkpt>
      <trkpt lat="49.238852" lon="10.461660">
        <ele>503.416346</ele>
        <time>2026-09-25T12:39:09.394Z</time>
      </trkpt>
      <trkpt lat="49.238799" lon="10.461836">
        <ele>503.277100</ele>
        <time>2026-09-25T12:39:12.388Z</time>
      </trkpt>
      <trkpt lat="49.238745" lon="10.462016">
        <ele>503.134783</ele>
        <time>2026-09-25T12:39:15.411Z</time>
      </trkpt>
      <trkpt lat="49.238691" lon="10.462199">
        <ele>502.990504</ele>
        <time>2026-09-25T12:39:18.377Z</time>
      </trkpt>
      <trkpt lat="49.238636" lon="10.462387">
        <ele>502.842498</ele>
        <time>2026-09-25T12:39:21.403Z</time>
      </trkpt>
      <trkpt lat="49.238590" lon="10.462509">
        <ele>502.741283</ele>
        <time>2026-09-25T12:39:23.397Z</time>
      </trkpt>
      <trkpt lat="49.238552" lon="10.462636">
        <ele>502.640916</ele>
        <time>2026-09-25T12:39:25.421Z</time>
      </trkpt>
      <trkpt lat="49.238509" lon="10.462760">
        <ele>502.540044</ele>
        <time>2026-09-25T12:39:27.377Z</time>
      </trkpt>
      <trkpt lat="49.238466" lon="10.462884">
        <ele>502.439171</ele>
        <time>2026-09-25T12:39:29.409Z</time>
      </trkpt>
      <trkpt lat="49.238422" lon="10.463006">
        <ele>502.339038</ele>
        <time>2026-09-25T12:39:31.378Z</time>
      </trkpt>
      <trkpt lat="49.238368" lon="10.463189">
        <ele>502.194759</ele>
        <time>2026-09-25T12:39:34.396Z</time>
      </trkpt>
      <trkpt lat="49.238311" lon="10.463371">
        <ele>502.049737</ele>
        <time>2026-09-25T12:39:37.392Z</time>
      </trkpt>
      <trkpt lat="49.238252" lon="10.463554">
        <ele>501.903106</ele>
        <time>2026-09-25T12:39:40.384Z</time>
      </trkpt>
      <trkpt lat="49.238183" lon="10.463730">
        <ele>501.841487</ele>
        <time>2026-09-25T12:39:43.422Z</time>
      </trkpt>
      <trkpt lat="49.238128" lon="10.463842">
        <ele>501.803197</ele>
        <time>2026-09-25T12:39:45.378Z</time>
      </trkpt>
      <trkpt lat="49.238080" lon="10.463962">
        <ele>501.764746</ele>
        <time>2026-09-25T12:39:47.370Z</time>
      </trkpt>
      <trkpt lat="49.238033" lon="10.464088">
        <ele>501.725097</ele>
        <time>2026-09-25T12:39:49.376Z</time>
      </trkpt>
      <trkpt lat="49.237981" lon="10.464208">
        <ele>501.685746</ele>
        <time>2026-09-25T12:39:51.393Z</time>
      </trkpt>
      <trkpt lat="49.237925" lon="10.464386">
        <ele>501.631760</ele>
        <time>2026-09-25T12:39:54.407Z</time>
      </trkpt>
      <trkpt lat="49.237861" lon="10.464536">
        <ele>501.582800</ele>
        <time>2026-09-25T12:39:57.391Z</time>
      </trkpt>
      <trkpt lat="49.237789" lon="10.464694">
        <ele>501.530156</ele>
        <time>2026-09-25T12:40:00.379Z</time>
      </trkpt>
      <trkpt lat="49.237713" lon="10.464858">
        <ele>501.475207</ele>
        <time>2026-09-25T12:40:03.389Z</time>
      </trkpt>
      <trkpt lat="49.237632" lon="10.465021">
        <ele>501.419239</ele>
        <time>2026-09-25T12:40:06.381Z</time>
      </trkpt>
      <trkpt lat="49.237574" lon="10.465129">
        <ele>501.381030</ele>
        <time>2026-09-25T12:40:08.399Z</time>
      </trkpt>
      <trkpt lat="49.237514" lon="10.465237">
        <ele>501.342285</ele>
        <time>2026-09-25T12:40:10.396Z</time>
      </trkpt>
      <trkpt lat="49.237457" lon="10.465346">
        <ele>501.304128</ele>
        <time>2026-09-25T12:40:12.402Z</time>
      </trkpt>
      <trkpt lat="49.237396" lon="10.465448">
        <ele>501.266335</ele>
        <time>2026-09-25T12:40:14.410Z</time>
      </trkpt>
      <trkpt lat="49.237338" lon="10.465554">
        <ele>501.228547</ele>
        <time>2026-09-25T12:40:16.398Z</time>
      </trkpt>
      <trkpt lat="49.237275" lon="10.465661">
        <ele>501.189180</ele>
        <time>2026-09-25T12:40:18.382Z</time>
      </trkpt>
      <trkpt lat="49.237209" lon="10.465763">
        <ele>501.149943</ele>
        <time>2026-09-25T12:40:20.413Z</time>
      </trkpt>
      <trkpt lat="49.237140" lon="10.465863">
        <ele>501.121688</ele>
        <time>2026-09-25T12:40:22.408Z</time>
      </trkpt>
      <trkpt lat="49.237075" lon="10.465964">
        <ele>501.097166</ele>
        <time>2026-09-25T12:40:24.404Z</time>
      </trkpt>
      <trkpt lat="49.237011" lon="10.466065">
        <ele>501.072829</ele>
        <time>2026-09-25T12:40:26.419Z</time>
      </trkpt>
      <trkpt lat="49.236914" lon="10.466210">
        <ele>501.036933</ele>
        <time>2026-09-25T12:40:29.382Z</time>
      </trkpt>
      <trkpt lat="49.236847" lon="10.466306">
        <ele>501.012635</ele>
        <time>2026-09-25T12:40:31.403Z</time>
      </trkpt>
      <trkpt lat="49.236780" lon="10.466399">
        <ele>500.988688</ele>
        <time>2026-09-25T12:40:33.411Z</time>
      </trkpt>
      <trkpt lat="49.236707" lon="10.466486">
        <ele>500.964192</ele>
        <time>2026-09-25T12:40:35.402Z</time>
      </trkpt>
      <trkpt lat="49.236635" lon="10.466580">
        <ele>500.939137</ele>
        <time>2026-09-25T12:40:37.408Z</time>
      </trkpt>
      <trkpt lat="49.236563" lon="10.466675">
        <ele>500.913969</ele>
        <time>2026-09-25T12:40:39.384Z</time>
      </trkpt>
      <trkpt lat="49.236491" lon="10.466766">
        <ele>500.889247</ele>
        <time>2026-09-25T12:40:41.413Z</time>
      </trkpt>
      <trkpt lat="49.236424" lon="10.466866">
        <ele>500.864471</ele>
        <time>2026-09-25T12:40:43.380Z</time>
      </trkpt>
      <trkpt lat="49.236359" lon="10.466960">
        <ele>500.840796</ele>
        <time>2026-09-25T12:40:45.429Z</time>
      </trkpt>
      <trkpt lat="49.236259" lon="10.467098">
        <ele>500.805148</ele>
        <time>2026-09-25T12:40:48.383Z</time>
      </trkpt>
      <trkpt lat="49.236159" lon="10.467222">
        <ele>500.771073</ele>
        <time>2026-09-25T12:40:51.399Z</time>
      </trkpt>
      <trkpt lat="49.236057" lon="10.467345">
        <ele>500.736692</ele>
        <time>2026-09-25T12:40:54.383Z</time>
      </trkpt>
      <trkpt lat="49.235954" lon="10.467468">
        <ele>500.702102</ele>
        <time>2026-09-25T12:40:57.399Z</time>
      </trkpt>
      <trkpt lat="49.235847" lon="10.467592">
        <ele>500.666568</ele>
        <time>2026-09-25T12:41:00.396Z</time>
      </trkpt>
      <trkpt lat="49.235745" lon="10.467725">
        <ele>500.629031</ele>
        <time>2026-09-25T12:41:03.406Z</time>
      </trkpt>
      <trkpt lat="49.235672" lon="10.467807">
        <ele>500.603607</ele>
        <time>2026-09-25T12:41:05.400Z</time>
      </trkpt>
      <trkpt lat="49.235600" lon="10.467893">
        <ele>500.577964</ele>
        <time>2026-09-25T12:41:07.386Z</time>
      </trkpt>
      <trkpt lat="49.235500" lon="10.468015">
        <ele>500.542060</ele>
        <time>2026-09-25T12:41:10.404Z</time>
      </trkpt>
      <trkpt lat="49.235405" lon="10.468130">
        <ele>500.508053</ele>
        <time>2026-09-25T12:41:13.384Z</time>
      </trkpt>
      <trkpt lat="49.235312" lon="10.468236">
        <ele>500.475496</ele>
        <time>2026-09-25T12:41:16.451Z</time>
      </trkpt>
      <trkpt lat="49.235241" lon="10.468320">
        <ele>500.450300</ele>
        <time>2026-09-25T12:41:18.378Z</time>
      </trkpt>
      <trkpt lat="49.235134" lon="10.468439">
        <ele>500.413164</ele>
        <time>2026-09-25T12:41:21.384Z</time>
      </trkpt>
      <trkpt lat="49.235033" lon="10.468557">
        <ele>500.377488</ele>
        <time>2026-09-25T12:41:24.391Z</time>
      </trkpt>
      <trkpt lat="49.234925" lon="10.468684">
        <ele>500.339249</ele>
        <time>2026-09-25T12:41:27.381Z</time>
      </trkpt>
      <trkpt lat="49.234812" lon="10.468794">
        <ele>500.301646</ele>
        <time>2026-09-25T12:41:30.394Z</time>
      </trkpt>
      <trkpt lat="49.234712" lon="10.468912">
        <ele>500.266194</ele>
        <time>2026-09-25T12:41:33.401Z</time>
      </trkpt>
      <trkpt lat="49.234628" lon="10.469030">
        <ele>500.234183</ele>
        <time>2026-09-25T12:41:36.383Z</time>
      </trkpt>
      <trkpt lat="49.234530" lon="10.469127">
        <ele>500.201413</ele>
        <time>2026-09-25T12:41:39.387Z</time>
      </trkpt>
      <trkpt lat="49.234442" lon="10.469224">
        <ele>500.170964</ele>
        <time>2026-09-25T12:41:42.395Z</time>
      </trkpt>
      <trkpt lat="49.234350" lon="10.469343">
        <ele>500.192548</ele>
        <time>2026-09-25T12:41:45.383Z</time>
      </trkpt>
      <trkpt lat="49.234264" lon="10.469461">
        <ele>500.238551</ele>
        <time>2026-09-25T12:41:48.391Z</time>
      </trkpt>
      <trkpt lat="49.234176" lon="10.469580">
        <ele>500.285323</ele>
        <time>2026-09-25T12:41:51.378Z</time>
      </trkpt>
      <trkpt lat="49.234095" lon="10.469690">
        <ele>500.328454</ele>
        <time>2026-09-25T12:41:54.384Z</time>
      </trkpt>
      <trkpt lat="49.234015" lon="10.469819">
        <ele>500.374737</ele>
        <time>2026-09-25T12:41:57.382Z</time>
      </trkpt>
      <trkpt lat="49.233934" lon="10.469938">
        <ele>500.419456</ele>
        <time>2026-09-25T12:42:00.385Z</time>
      </trkpt>
      <trkpt lat="49.233852" lon="10.470069">
        <ele>500.466665</ele>
        <time>2026-09-25T12:42:03.391Z</time>
      </trkpt>
      <trkpt lat="49.233772" lon="10.470198">
        <ele>500.512948</ele>
        <time>2026-09-25T12:42:06.436Z</time>
      </trkpt>
      <trkpt lat="49.233688" lon="10.470316">
        <ele>500.558361</ele>
        <time>2026-09-25T12:42:09.361Z</time>
      </trkpt>
      <trkpt lat="49.233609" lon="10.470452">
        <ele>500.605716</ele>
        <time>2026-09-25T12:42:12.403Z</time>
      </trkpt>
      <trkpt lat="49.233523" lon="10.470560">
        <ele>500.650025</ele>
        <time>2026-09-25T12:42:15.377Z</time>
      </trkpt>
      <trkpt lat="49.233436" lon="10.470661">
        <ele>500.693521</ele>
        <time>2026-09-25T12:42:18.386Z</time>
      </trkpt>
      <trkpt lat="49.233349" lon="10.470764">
        <ele>500.737332</ele>
        <time>2026-09-25T12:42:21.387Z</time>
      </trkpt>
      <trkpt lat="49.233226" lon="10.470897">
        <ele>500.797320</ele>
        <time>2026-09-25T12:42:24.392Z</time>
      </trkpt>
      <trkpt lat="49.233159" lon="10.470992">
        <ele>500.833698</ele>
        <time>2026-09-25T12:42:26.403Z</time>
      </trkpt>
      <trkpt lat="49.233073" lon="10.471088">
        <ele>500.876098</ele>
        <time>2026-09-25T12:42:29.375Z</time>
      </trkpt>
      <trkpt lat="49.232984" lon="10.471179">
        <ele>500.892741</ele>
        <time>2026-09-25T12:42:32.362Z</time>
      </trkpt>
      <trkpt lat="49.232896" lon="10.471266">
        <ele>500.908700</ele>
        <time>2026-09-25T12:42:35.384Z</time>
      </trkpt>
      <trkpt lat="49.232820" lon="10.471405">
        <ele>500.926737</ele>
        <time>2026-09-25T12:42:38.386Z</time>
      </trkpt>
      <trkpt lat="49.232829" lon="10.471594">
        <ele>500.945590</ele>
        <time>2026-09-25T12:42:41.384Z</time>
      </trkpt>
      <trkpt lat="49.232847" lon="10.471805">
        <ele>500.966760</ele>
        <time>2026-09-25T12:42:44.404Z</time>
      </trkpt>
      <trkpt lat="49.232852" lon="10.471951">
        <ele>500.981305</ele>
        <time>2026-09-25T12:42:46.373Z</time>
      </trkpt>
      <trkpt lat="49.232872" lon="10.472150">
        <ele>501.001337</ele>
        <time>2026-09-25T12:42:49.378Z</time>
      </trkpt>
      <trkpt lat="49.232887" lon="10.472288">
        <ele>501.015255</ele>
        <time>2026-09-25T12:42:51.399Z</time>
      </trkpt>
      <trkpt lat="49.232908" lon="10.472482">
        <ele>501.034819</ele>
        <time>2026-09-25T12:42:54.384Z</time>
      </trkpt>
      <trkpt lat="49.232933" lon="10.472643">
        <ele>501.051283</ele>
        <time>2026-09-25T12:42:57.387Z</time>
      </trkpt>
      <trkpt lat="49.232952" lon="10.472822">
        <ele>501.069325</ele>
        <time>2026-09-25T12:43:00.378Z</time>
      </trkpt>
      <trkpt lat="49.232983" lon="10.473016">
        <ele>501.089196</ele>
        <time>2026-09-25T12:43:03.401Z</time>
      </trkpt>
      <trkpt lat="49.232993" lon="10.473202">
        <ele>501.107763</ele>
        <time>2026-09-25T12:43:06.382Z</time>
      </trkpt>
      <trkpt lat="49.233002" lon="10.473402">
        <ele>501.127708</ele>
        <time>2026-09-25T12:43:09.398Z</time>
      </trkpt>
      <trkpt lat="49.233008" lon="10.473552">
        <ele>501.142659</ele>
        <time>2026-09-25T12:43:11.402Z</time>
      </trkpt>
      <trkpt lat="49.233022" lon="10.473688">
        <ele>501.144485</ele>
        <time>2026-09-25T12:43:13.397Z</time>
      </trkpt>
      <trkpt lat="49.233036" lon="10.473834">
        <ele>501.128429</ele>
        <time>2026-09-25T12:43:15.382Z</time>
      </trkpt>
      <trkpt lat="49.233054" lon="10.473989">
        <ele>501.111300</ele>
        <time>2026-09-25T12:43:17.385Z</time>
      </trkpt>
      <trkpt lat="49.233069" lon="10.474128">
        <ele>501.095971</ele>
        <time>2026-09-25T12:43:19.391Z</time>
      </trkpt>
      <trkpt lat="49.233097" lon="10.474303">
        <ele>501.076367</ele>
        <time>2026-09-25T12:43:22.375Z</time>
      </trkpt>
      <trkpt lat="49.233104" lon="10.474453">
        <ele>501.060005</ele>
        <time>2026-09-25T12:43:24.378Z</time>
      </trkpt>
      <trkpt lat="49.233114" lon="10.474596">
        <ele>501.044357</ele>
        <time>2026-09-25T12:43:26.396Z</time>
      </trkpt>
      <trkpt lat="49.233141" lon="10.474797">
        <ele>501.022030</ele>
        <time>2026-09-25T12:43:29.396Z</time>
      </trkpt>
      <trkpt lat="49.233168" lon="10.474950">
        <ele>501.004786</ele>
        <time>2026-09-25T12:43:31.394Z</time>
      </trkpt>
      <trkpt lat="49.233203" lon="10.475130">
        <ele>500.984351</ele>
        <time>2026-09-25T12:43:34.400Z</time>
      </trkpt>
      <trkpt lat="49.233231" lon="10.475334">
        <ele>500.961670</ele>
        <time>2026-09-25T12:43:37.381Z</time>
      </trkpt>
      <trkpt lat="49.233279" lon="10.475516">
        <ele>500.940314</ele>
        <time>2026-09-25T12:43:40.387Z</time>
      </trkpt>
      <trkpt lat="49.233347" lon="10.475676">
        <ele>500.919543</ele>
        <time>2026-09-25T12:43:43.360Z</time>
      </trkpt>
      <trkpt lat="49.233408" lon="10.475831">
        <ele>500.899852</ele>
        <time>2026-09-25T12:43:46.396Z</time>
      </trkpt>
      <trkpt lat="49.233480" lon="10.475973">
        <ele>500.880291</ele>
        <time>2026-09-25T12:43:50.401Z</time>
      </trkpt>
      <trkpt lat="49.233547" lon="10.476084">
        <ele>500.863845</ele>
        <time>2026-09-25T12:43:53.403Z</time>
      </trkpt>
      <trkpt lat="49.233612" lon="10.476203">
        <ele>500.596480</ele>
        <time>2026-09-25T12:43:56.373Z</time>
      </trkpt>
      <trkpt lat="49.233691" lon="10.476301">
        <ele>499.524546</ele>
        <time>2026-09-25T12:43:59.412Z</time>
      </trkpt>
      <trkpt lat="49.233774" lon="10.476408">
        <ele>498.380635</ele>
        <time>2026-09-25T12:44:02.389Z</time>
      </trkpt>
      <trkpt lat="49.233864" lon="10.476479">
        <ele>497.313200</ele>
        <time>2026-09-25T12:44:05.414Z</time>
      </trkpt>
      <trkpt lat="49.233948" lon="10.476535">
        <ele>496.347250</ele>
        <time>2026-09-25T12:44:08.486Z</time>
      </trkpt>
      <trkpt lat="49.234036" lon="10.476583">
        <ele>495.362310</ele>
        <time>2026-09-25T12:44:13.388Z</time>
      </trkpt>
      <trkpt lat="49.234115" lon="10.476649">
        <ele>494.413478</ele>
        <time>2026-09-25T12:47:08.409Z</time>
      </trkpt>
      <trkpt lat="49.234212" lon="10.476713">
        <ele>493.299861</ele>
        <time>2026-09-25T12:47:11.378Z</time>
      </trkpt>
      <trkpt lat="49.234320" lon="10.476826">
        <ele>491.920759</ele>
        <time>2026-09-25T12:47:14.386Z</time>
      </trkpt>
      <trkpt lat="49.234420" lon="10.476878">
        <ele>490.807267</ele>
        <time>2026-09-25T12:47:16.390Z</time>
      </trkpt>
      <trkpt lat="49.234522" lon="10.476938">
        <ele>489.655206</ele>
        <time>2026-09-25T12:47:18.387Z</time>
      </trkpt>
      <trkpt lat="49.234642" lon="10.476993">
        <ele>488.334515</ele>
        <time>2026-09-25T12:47:20.402Z</time>
      </trkpt>
      <trkpt lat="49.234740" lon="10.477062">
        <ele>487.197265</ele>
        <time>2026-09-25T12:47:22.383Z</time>
      </trkpt>
      <trkpt lat="49.234845" lon="10.477133">
        <ele>485.987067</ele>
        <time>2026-09-25T12:47:24.386Z</time>
      </trkpt>
      <trkpt lat="49.234957" lon="10.477189">
        <ele>484.744830</ele>
        <time>2026-09-25T12:47:26.422Z</time>
      </trkpt>
      <trkpt lat="49.235067" lon="10.477248">
        <ele>483.515951</ele>
        <time>2026-09-25T12:47:28.388Z</time>
      </trkpt>
      <trkpt lat="49.235162" lon="10.477309">
        <ele>482.429824</ele>
        <time>2026-09-25T12:47:30.407Z</time>
      </trkpt>
      <trkpt lat="49.235252" lon="10.477382">
        <ele>481.909127</ele>
        <time>2026-09-25T12:47:32.396Z</time>
      </trkpt>
      <trkpt lat="49.235332" lon="10.477461">
        <ele>481.951691</ele>
        <time>2026-09-25T12:47:34.382Z</time>
      </trkpt>
      <trkpt lat="49.235420" lon="10.477532">
        <ele>481.996167</ele>
        <time>2026-09-25T12:47:36.373Z</time>
      </trkpt>
      <trkpt lat="49.235509" lon="10.477601">
        <ele>482.040772</ele>
        <time>2026-09-25T12:47:38.410Z</time>
      </trkpt>
      <trkpt lat="49.235614" lon="10.477723">
        <ele>482.099706</ele>
        <time>2026-09-25T12:47:41.385Z</time>
      </trkpt>
      <trkpt lat="49.235696" lon="10.477805">
        <ele>482.143497</ele>
        <time>2026-09-25T12:47:43.395Z</time>
      </trkpt>
      <trkpt lat="49.235775" lon="10.477898">
        <ele>482.188053</ele>
        <time>2026-09-25T12:47:45.414Z</time>
      </trkpt>
      <trkpt lat="49.235860" lon="10.477991">
        <ele>482.234764</ele>
        <time>2026-09-25T12:47:47.368Z</time>
      </trkpt>
      <trkpt lat="49.235930" lon="10.478104">
        <ele>482.280242</ele>
        <time>2026-09-25T12:47:49.383Z</time>
      </trkpt>
      <trkpt lat="49.236009" lon="10.478209">
        <ele>482.327014</ele>
        <time>2026-09-25T12:47:51.429Z</time>
      </trkpt>
      <trkpt lat="49.236092" lon="10.478309">
        <ele>482.374236</ele>
        <time>2026-09-25T12:47:53.413Z</time>
      </trkpt>
      <trkpt lat="49.236169" lon="10.478403">
        <ele>482.418267</ele>
        <time>2026-09-25T12:47:55.400Z</time>
      </trkpt>
      <trkpt lat="49.236236" lon="10.478499">
        <ele>482.459294</ele>
        <time>2026-09-25T12:47:57.402Z</time>
      </trkpt>
      <trkpt lat="49.236337" lon="10.478628">
        <ele>482.518100</ele>
        <time>2026-09-25T12:48:00.396Z</time>
      </trkpt>
      <trkpt lat="49.236436" lon="10.478736">
        <ele>482.572451</ele>
        <time>2026-09-25T12:48:03.386Z</time>
      </trkpt>
      <trkpt lat="49.236541" lon="10.478825">
        <ele>482.626113</ele>
        <time>2026-09-25T12:48:06.395Z</time>
      </trkpt>
      <trkpt lat="49.236661" lon="10.478911">
        <ele>482.685356</ele>
        <time>2026-09-25T12:48:09.392Z</time>
      </trkpt>
      <trkpt lat="49.236775" lon="10.478990">
        <ele>482.781621</ele>
        <time>2026-09-25T12:48:12.398Z</time>
      </trkpt>
      <trkpt lat="49.236885" lon="10.479066">
        <ele>482.878734</ele>
        <time>2026-09-25T12:48:15.396Z</time>
      </trkpt>
      <trkpt lat="49.236994" lon="10.479124">
        <ele>482.971596</ele>
        <time>2026-09-25T12:48:18.417Z</time>
      </trkpt>
      <trkpt lat="49.237095" lon="10.479191">
        <ele>483.060173</ele>
        <time>2026-09-25T12:48:21.386Z</time>
      </trkpt>
      <trkpt lat="49.237189" lon="10.479272">
        <ele>483.146971</ele>
        <time>2026-09-25T12:48:24.377Z</time>
      </trkpt>
      <trkpt lat="49.237282" lon="10.479329">
        <ele>483.227583</ele>
        <time>2026-09-25T12:48:27.401Z</time>
      </trkpt>
      <trkpt lat="49.237292" lon="10.479468">
        <ele>483.301062</ele>
        <time>2026-09-25T12:48:32.405Z</time>
      </trkpt>
      <trkpt lat="49.237223" lon="10.479600">
        <ele>483.389910</ele>
        <time>2026-09-25T12:48:36.402Z</time>
      </trkpt>
      <trkpt lat="49.237194" lon="10.479744">
        <ele>483.469092</ele>
        <time>2026-09-25T12:48:41.383Z</time>
      </trkpt>
      <trkpt lat="49.237245" lon="10.479863">
        <ele>483.543887</ele>
        <time>2026-09-25T12:48:47.396Z</time>
      </trkpt>
      <trkpt lat="49.237216" lon="10.480015">
        <ele>483.627095</ele>
        <time>2026-09-25T12:48:59.401Z</time>
      </trkpt>
      <trkpt lat="49.237110" lon="10.480318">
        <ele>483.807718</ele>
        <time>2026-09-25T12:49:23.413Z</time>
      </trkpt>
      <trkpt lat="49.237055" lon="10.480438">
        <ele>483.884756</ele>
        <time>2026-09-25T12:49:25.400Z</time>
      </trkpt>
      <trkpt lat="49.236992" lon="10.480576">
        <ele>483.973234</ele>
        <time>2026-09-25T12:49:27.393Z</time>
      </trkpt>
      <trkpt lat="49.236948" lon="10.480720">
        <ele>484.056774</ele>
        <time>2026-09-25T12:49:29.410Z</time>
      </trkpt>
      <trkpt lat="49.236895" lon="10.480875">
        <ele>484.151940</ele>
        <time>2026-09-25T12:49:31.396Z</time>
      </trkpt>
      <trkpt lat="49.236850" lon="10.481029">
        <ele>484.268251</ele>
        <time>2026-09-25T12:49:33.396Z</time>
      </trkpt>
      <trkpt lat="49.236811" lon="10.481170">
        <ele>484.373815</ele>
        <time>2026-09-25T12:49:35.390Z</time>
      </trkpt>
      <trkpt lat="49.236759" lon="10.481339">
        <ele>484.502608</ele>
        <time>2026-09-25T12:49:37.391Z</time>
      </trkpt>
      <trkpt lat="49.236705" lon="10.481509">
        <ele>484.632935</ele>
        <time>2026-09-25T12:49:39.410Z</time>
      </trkpt>
      <trkpt lat="49.236641" lon="10.481660">
        <ele>484.757039</ele>
        <time>2026-09-25T12:49:41.390Z</time>
      </trkpt>
      <trkpt lat="49.236584" lon="10.481846">
        <ele>484.898685</ele>
        <time>2026-09-25T12:49:43.405Z</time>
      </trkpt>
      <trkpt lat="49.236534" lon="10.482030">
        <ele>485.036077</ele>
        <time>2026-09-25T12:49:45.392Z</time>
      </trkpt>
      <trkpt lat="49.236480" lon="10.482200">
        <ele>485.166405</ele>
        <time>2026-09-25T12:49:47.385Z</time>
      </trkpt>
      <trkpt lat="49.236432" lon="10.482359">
        <ele>485.287165</ele>
        <time>2026-09-25T12:49:49.398Z</time>
      </trkpt>
      <trkpt lat="49.236402" lon="10.482501">
        <ele>485.390054</ele>
        <time>2026-09-25T12:49:51.411Z</time>
      </trkpt>
      <trkpt lat="49.236371" lon="10.482649">
        <ele>485.497204</ele>
        <time>2026-09-25T12:49:53.400Z</time>
      </trkpt>
      <trkpt lat="49.236334" lon="10.482799">
        <ele>485.607744</ele>
        <time>2026-09-25T12:49:55.443Z</time>
      </trkpt>
      <trkpt lat="49.236301" lon="10.482940">
        <ele>485.711003</ele>
        <time>2026-09-25T12:49:57.403Z</time>
      </trkpt>
      <trkpt lat="49.236267" lon="10.483108">
        <ele>485.832256</ele>
        <time>2026-09-25T12:50:00.396Z</time>
      </trkpt>
      <trkpt lat="49.236218" lon="10.483239">
        <ele>485.936334</ele>
        <time>2026-09-25T12:50:03.396Z</time>
      </trkpt>
      <trkpt lat="49.236171" lon="10.483416">
        <ele>486.066434</ele>
        <time>2026-09-25T12:50:06.409Z</time>
      </trkpt>
      <trkpt lat="49.236118" lon="10.483608">
        <ele>486.202520</ele>
        <time>2026-09-25T12:50:09.407Z</time>
      </trkpt>
      <trkpt lat="49.236079" lon="10.483762">
        <ele>486.310354</ele>
        <time>2026-09-25T12:50:11.403Z</time>
      </trkpt>
      <trkpt lat="49.236041" lon="10.483907">
        <ele>486.412356</ele>
        <time>2026-09-25T12:50:13.419Z</time>
      </trkpt>
      <trkpt lat="49.236002" lon="10.484058">
        <ele>486.518367</ele>
        <time>2026-09-25T12:50:15.397Z</time>
      </trkpt>
      <trkpt lat="49.235969" lon="10.484203">
        <ele>486.618614</ele>
        <time>2026-09-25T12:50:17.391Z</time>
      </trkpt>
      <trkpt lat="49.235933" lon="10.484346">
        <ele>486.718669</ele>
        <time>2026-09-25T12:50:19.409Z</time>
      </trkpt>
      <trkpt lat="49.235890" lon="10.484503">
        <ele>486.829816</ele>
        <time>2026-09-25T12:50:21.405Z</time>
      </trkpt>
      <trkpt lat="49.235851" lon="10.484655">
        <ele>486.936435</ele>
        <time>2026-09-25T12:50:23.400Z</time>
      </trkpt>
      <trkpt lat="49.235790" lon="10.484867">
        <ele>487.087680</ele>
        <time>2026-09-25T12:50:25.406Z</time>
      </trkpt>
      <trkpt lat="49.235744" lon="10.485035">
        <ele>487.206611</ele>
        <time>2026-09-25T12:50:27.374Z</time>
      </trkpt>
      <trkpt lat="49.235702" lon="10.485201">
        <ele>487.322834</ele>
        <time>2026-09-25T12:50:29.405Z</time>
      </trkpt>
      <trkpt lat="49.235664" lon="10.485353">
        <ele>487.429091</ele>
        <time>2026-09-25T12:50:31.383Z</time>
      </trkpt>
      <trkpt lat="49.235640" lon="10.485486">
        <ele>487.519174</ele>
        <time>2026-09-25T12:50:33.380Z</time>
      </trkpt>
      <trkpt lat="49.235619" lon="10.485625">
        <ele>487.612317</ele>
        <time>2026-09-25T12:50:35.411Z</time>
      </trkpt>
      <trkpt lat="49.235604" lon="10.485762">
        <ele>487.703006</ele>
        <time>2026-09-25T12:50:37.385Z</time>
      </trkpt>
      <trkpt lat="49.235576" lon="10.485925">
        <ele>487.813040</ele>
        <time>2026-09-25T12:50:39.441Z</time>
      </trkpt>
      <trkpt lat="49.235544" lon="10.486129">
        <ele>487.923356</ele>
        <time>2026-09-25T12:50:42.425Z</time>
      </trkpt>
      <trkpt lat="49.235526" lon="10.486268">
        <ele>487.994288</ele>
        <time>2026-09-25T12:50:44.415Z</time>
      </trkpt>
      <trkpt lat="49.235515" lon="10.486406">
        <ele>488.063877</ele>
        <time>2026-09-25T12:50:46.401Z</time>
      </trkpt>
      <trkpt lat="49.235502" lon="10.486559">
        <ele>488.141107</ele>
        <time>2026-09-25T12:50:48.399Z</time>
      </trkpt>
      <trkpt lat="49.235492" lon="10.486700">
        <ele>488.212100</ele>
        <time>2026-09-25T12:50:50.417Z</time>
      </trkpt>
      <trkpt lat="49.235472" lon="10.486850">
        <ele>488.288733</ele>
        <time>2026-09-25T12:50:52.397Z</time>
      </trkpt>
      <trkpt lat="49.235449" lon="10.487021">
        <ele>488.376124</ele>
        <time>2026-09-25T12:50:54.377Z</time>
      </trkpt>
      <trkpt lat="49.235438" lon="10.487163">
        <ele>488.447702</ele>
        <time>2026-09-25T12:50:56.469Z</time>
      </trkpt>
      <trkpt lat="49.235423" lon="10.487369">
        <ele>488.551455</ele>
        <time>2026-09-25T12:50:59.467Z</time>
      </trkpt>
      <trkpt lat="49.235408" lon="10.487553">
        <ele>488.644272</ele>
        <time>2026-09-25T12:51:02.388Z</time>
      </trkpt>
      <trkpt lat="49.235406" lon="10.487747">
        <ele>488.741392</ele>
        <time>2026-09-25T12:51:05.421Z</time>
      </trkpt>
      <trkpt lat="49.235396" lon="10.487955">
        <ele>488.845789</ele>
        <time>2026-09-25T12:51:08.398Z</time>
      </trkpt>
      <trkpt lat="49.235368" lon="10.488140">
        <ele>488.940846</ele>
        <time>2026-09-25T12:51:11.418Z</time>
      </trkpt>
      <trkpt lat="49.235352" lon="10.488321">
        <ele>489.032273</ele>
        <time>2026-09-25T12:51:14.413Z</time>
      </trkpt>
      <trkpt lat="49.235343" lon="10.488471">
        <ele>489.107673</ele>
        <time>2026-09-25T12:51:17.410Z</time>
      </trkpt>
      <trkpt lat="49.235331" lon="10.488623">
        <ele>489.184311</ele>
        <time>2026-09-25T12:51:20.410Z</time>
      </trkpt>
      <trkpt lat="49.235311" lon="10.488799">
        <ele>489.380971</ele>
        <time>2026-09-25T12:51:23.408Z</time>
      </trkpt>
      <trkpt lat="49.235281" lon="10.488984">
        <ele>489.649392</ele>
        <time>2026-09-25T12:51:26.412Z</time>
      </trkpt>
      <trkpt lat="49.235284" lon="10.489129">
        <ele>489.853675</ele>
        <time>2026-09-25T12:51:29.415Z</time>
      </trkpt>
      <trkpt lat="49.235275" lon="10.489282">
        <ele>490.069994</ele>
        <time>2026-09-25T12:51:32.403Z</time>
      </trkpt>
      <trkpt lat="49.235256" lon="10.489418">
        <ele>490.265836</ele>
        <time>2026-09-25T12:51:35.407Z</time>
      </trkpt>
      <trkpt lat="49.235226" lon="10.489576">
        <ele>490.497539</ele>
        <time>2026-09-25T12:51:39.396Z</time>
      </trkpt>
      <trkpt lat="49.235203" lon="10.489731">
        <ele>490.721367</ele>
        <time>2026-09-25T12:51:42.398Z</time>
      </trkpt>
      <trkpt lat="49.235196" lon="10.489886">
        <ele>490.940151</ele>
        <time>2026-09-25T12:51:45.411Z</time>
      </trkpt>
      <trkpt lat="49.235198" lon="10.490078">
        <ele>491.210550</ele>
        <time>2026-09-25T12:51:48.419Z</time>
      </trkpt>
      <trkpt lat="49.235187" lon="10.490256">
        <ele>491.462320</ele>
        <time>2026-09-25T12:51:51.395Z</time>
      </trkpt>
      <trkpt lat="49.235174" lon="10.490417">
        <ele>491.690759</ele>
        <time>2026-09-25T12:51:54.404Z</time>
      </trkpt>
      <trkpt lat="49.235152" lon="10.490594">
        <ele>491.944477</ele>
        <time>2026-09-25T12:51:58.433Z</time>
      </trkpt>
      <trkpt lat="49.235127" lon="10.490769">
        <ele>492.196732</ele>
        <time>2026-09-25T12:52:01.408Z</time>
      </trkpt>
      <trkpt lat="49.235118" lon="10.490963">
        <ele>492.470602</ele>
        <time>2026-09-25T12:52:04.409Z</time>
      </trkpt>
      <trkpt lat="49.235115" lon="10.491134">
        <ele>492.711482</ele>
        <time>2026-09-25T12:52:07.407Z</time>
      </trkpt>
      <trkpt lat="49.235114" lon="10.491273">
        <ele>492.907227</ele>
        <time>2026-09-25T12:52:09.391Z</time>
      </trkpt>
      <trkpt lat="49.235125" lon="10.491436">
        <ele>493.258324</ele>
        <time>2026-09-25T12:52:12.436Z</time>
      </trkpt>
      <trkpt lat="49.235131" lon="10.491583">
        <ele>494.026891</ele>
        <time>2026-09-25T12:52:14.444Z</time>
      </trkpt>
      <trkpt lat="49.235140" lon="10.491731">
        <ele>494.802521</ele>
        <time>2026-09-25T12:52:16.431Z</time>
      </trkpt>
      <trkpt lat="49.235143" lon="10.491921">
        <ele>495.794262</ele>
        <time>2026-09-25T12:52:19.411Z</time>
      </trkpt>
      <trkpt lat="49.235158" lon="10.492090">
        <ele>496.684241</ele>
        <time>2026-09-25T12:52:22.390Z</time>
      </trkpt>
      <trkpt lat="49.235174" lon="10.492247">
        <ele>497.513410</ele>
        <time>2026-09-25T12:52:24.654Z</time>
      </trkpt>
      <trkpt lat="49.235182" lon="10.492507">
        <ele>498.871637</ele>
        <time>2026-09-25T12:52:28.406Z</time>
      </trkpt>
      <trkpt lat="49.235179" lon="10.492679">
        <ele>499.769480</ele>
        <time>2026-09-25T12:52:31.414Z</time>
      </trkpt>
      <trkpt lat="49.235185" lon="10.492830">
        <ele>500.558879</ele>
        <time>2026-09-25T12:52:34.404Z</time>
      </trkpt>
      <trkpt lat="49.235154" lon="10.492971">
        <ele>501.335228</ele>
        <time>2026-09-25T12:52:37.404Z</time>
      </trkpt>
      <trkpt lat="49.235111" lon="10.493139">
        <ele>502.276825</ele>
        <time>2026-09-25T12:52:41.414Z</time>
      </trkpt>
      <trkpt lat="49.235074" lon="10.493296">
        <ele>503.147805</ele>
        <time>2026-09-25T12:52:44.408Z</time>
      </trkpt>
      <trkpt lat="49.235037" lon="10.493454">
        <ele>504.023696</ele>
        <time>2026-09-25T12:52:47.412Z</time>
      </trkpt>
      <trkpt lat="49.235000" lon="10.493581">
        <ele>504.749378</ele>
        <time>2026-09-25T12:52:49.396Z</time>
      </trkpt>
      <trkpt lat="49.234970" lon="10.493767">
        <ele>505.749131</ele>
        <time>2026-09-25T12:52:52.394Z</time>
      </trkpt>
      <trkpt lat="49.234924" lon="10.493924">
        <ele>506.647083</ele>
        <time>2026-09-25T12:52:55.421Z</time>
      </trkpt>
      <trkpt lat="49.234911" lon="10.494061">
        <ele>507.369484</ele>
        <time>2026-09-25T12:52:57.929Z</time>
      </trkpt>
      <trkpt lat="49.234874" lon="10.494221">
        <ele>507.287150</ele>
        <time>2026-09-25T12:53:01.410Z</time>
      </trkpt>
      <trkpt lat="49.234854" lon="10.494381">
        <ele>507.092485</ele>
        <time>2026-09-25T12:53:07.433Z</time>
      </trkpt>
      <trkpt lat="49.234880" lon="10.494545">
        <ele>506.890819</ele>
        <time>2026-09-25T12:53:10.421Z</time>
      </trkpt>
      <trkpt lat="49.234866" lon="10.494687">
        <ele>506.719212</ele>
        <time>2026-09-25T12:53:13.419Z</time>
      </trkpt>
      <trkpt lat="49.234771" lon="10.494802">
        <ele>506.497604</ele>
        <time>2026-09-25T12:53:18.397Z</time>
      </trkpt>
      <trkpt lat="49.234727" lon="10.494953">
        <ele>506.300014</ele>
        <time>2026-09-25T12:53:21.426Z</time>
      </trkpt>
      <trkpt lat="49.234704" lon="10.495118">
        <ele>506.098403</ele>
        <time>2026-09-25T12:53:24.398Z</time>
      </trkpt>
      <trkpt lat="49.234669" lon="10.495269">
        <ele>505.906933</ele>
        <time>2026-09-25T12:53:26.409Z</time>
      </trkpt>
      <trkpt lat="49.234609" lon="10.495467">
        <ele>505.646093</ele>
        <time>2026-09-25T12:53:29.429Z</time>
      </trkpt>
      <trkpt lat="49.234526" lon="10.495587">
        <ele>505.437205</ele>
        <time>2026-09-25T12:53:32.397Z</time>
      </trkpt>
      <trkpt lat="49.234421" lon="10.495700">
        <ele>505.202349</ele>
        <time>2026-09-25T12:53:36.413Z</time>
      </trkpt>
      <trkpt lat="49.234322" lon="10.495712">
        <ele>505.020607</ele>
        <time>2026-09-25T12:53:38.408Z</time>
      </trkpt>
      <trkpt lat="49.234217" lon="10.495665">
        <ele>504.820411</ele>
        <time>2026-09-25T12:53:41.401Z</time>
      </trkpt>
      <trkpt lat="49.234119" lon="10.495625">
        <ele>504.634805</ele>
        <time>2026-09-25T12:53:44.417Z</time>
      </trkpt>
      <trkpt lat="49.234011" lon="10.495585">
        <ele>504.431461</ele>
        <time>2026-09-25T12:53:48.408Z</time>
      </trkpt>
      <trkpt lat="49.233916" lon="10.495538">
        <ele>504.248759</ele>
        <time>2026-09-25T12:53:51.402Z</time>
      </trkpt>
      <trkpt lat="49.233822" lon="10.495524">
        <ele>504.115137</ele>
        <time>2026-09-25T12:53:54.411Z</time>
      </trkpt>
      <trkpt lat="49.233727" lon="10.495550">
        <ele>504.007798</ele>
        <time>2026-09-25T12:53:57.422Z</time>
      </trkpt>
      <trkpt lat="49.233642" lon="10.495620">
        <ele>503.900452</ele>
        <time>2026-09-25T12:54:00.418Z</time>
      </trkpt>
      <trkpt lat="49.233577" lon="10.495719">
        <ele>503.798487</ele>
        <time>2026-09-25T12:54:03.383Z</time>
      </trkpt>
      <trkpt lat="49.233535" lon="10.495849">
        <ele>503.693145</ele>
        <time>2026-09-25T12:54:08.428Z</time>
      </trkpt>
      <trkpt lat="49.233480" lon="10.495995">
        <ele>503.570726</ele>
        <time>2026-09-25T12:54:12.409Z</time>
      </trkpt>
      <trkpt lat="49.233427" lon="10.496161">
        <ele>503.436521</ele>
        <time>2026-09-25T12:54:16.406Z</time>
      </trkpt>
      <trkpt lat="49.233372" lon="10.496311">
        <ele>503.311577</ele>
        <time>2026-09-25T12:54:20.396Z</time>
      </trkpt>
      <trkpt lat="49.233323" lon="10.496445">
        <ele>503.200033</ele>
        <time>2026-09-25T12:54:23.416Z</time>
      </trkpt>
      <trkpt lat="49.233256" lon="10.496559">
        <ele>503.088638</ele>
        <time>2026-09-25T12:54:26.385Z</time>
      </trkpt>
      <trkpt lat="49.233180" lon="10.496729">
        <ele>502.939003</ele>
        <time>2026-09-25T12:54:29.406Z</time>
      </trkpt>
      <trkpt lat="49.233118" lon="10.496911">
        <ele>502.789911</ele>
        <time>2026-09-25T12:54:32.442Z</time>
      </trkpt>
      <trkpt lat="49.233067" lon="10.497049">
        <ele>502.674743</ele>
        <time>2026-09-25T12:54:34.391Z</time>
      </trkpt>
      <trkpt lat="49.233025" lon="10.497188">
        <ele>502.563504</ele>
        <time>2026-09-25T12:54:36.408Z</time>
      </trkpt>
      <trkpt lat="49.232985" lon="10.497328">
        <ele>502.452515</ele>
        <time>2026-09-25T12:54:39.405Z</time>
      </trkpt>
      <trkpt lat="49.232907" lon="10.497415">
        <ele>502.345186</ele>
        <time>2026-09-25T12:54:43.385Z</time>
      </trkpt>
      <trkpt lat="49.232859" lon="10.497535">
        <ele>502.242978</ele>
        <time>2026-09-25T12:54:48.420Z</time>
      </trkpt>
      <trkpt lat="49.232797" lon="10.497680">
        <ele>501.683523</ele>
        <time>2026-09-25T12:56:47.401Z</time>
      </trkpt>
      <trkpt lat="49.232783" lon="10.497841">
        <ele>500.687236</ele>
        <time>2026-09-25T12:57:00.380Z</time>
      </trkpt>
      <trkpt lat="49.232736" lon="10.497959">
        <ele>499.839401</ele>
        <time>2026-09-25T12:57:20.390Z</time>
      </trkpt>
      <trkpt lat="49.232838" lon="10.497991">
        <ele>498.861344</ele>
        <time>2026-09-25T12:57:36.403Z</time>
      </trkpt>
      <trkpt lat="49.232945" lon="10.497986">
        <ele>497.855750</ele>
        <time>2026-09-25T12:57:47.396Z</time>
      </trkpt>
      <trkpt lat="49.233034" lon="10.497914">
        <ele>496.910228</ele>
        <time>2026-09-25T12:57:59.387Z</time>
      </trkpt>
      <trkpt lat="49.233131" lon="10.497971">
        <ele>495.934262</ele>
        <time>2026-09-25T12:58:04.406Z</time>
      </trkpt>
      <trkpt lat="49.233216" lon="10.498058">
        <ele>494.973882</ele>
        <time>2026-09-25T12:58:10.404Z</time>
      </trkpt>
      <trkpt lat="49.233240" lon="10.498285">
        <ele>493.563350</ele>
        <time>2026-09-25T12:58:28.577Z</time>
      </trkpt>
      <trkpt lat="49.233250" lon="10.498431">
        <ele>492.662886</ele>
        <time>2026-09-25T12:58:33.414Z</time>
      </trkpt>
      <trkpt lat="49.233333" lon="10.498509">
        <ele>491.748115</ele>
        <time>2026-09-25T12:58:37.426Z</time>
      </trkpt>
      <trkpt lat="49.233426" lon="10.498543">
        <ele>490.849952</ele>
        <time>2026-09-25T12:58:41.421Z</time>
      </trkpt>
      <trkpt lat="49.233490" lon="10.498639">
        <ele>490.008414</ele>
        <time>2026-09-25T12:58:48.435Z</time>
      </trkpt>
      <trkpt lat="49.233580" lon="10.498693">
        <ele>489.100411</ele>
        <time>2026-09-25T12:58:54.429Z</time>
      </trkpt>
      <trkpt lat="49.233659" lon="10.498765">
        <ele>488.236837</ele>
        <time>2026-09-25T12:58:58.435Z</time>
      </trkpt>
      <trkpt lat="49.233768" lon="10.498810">
        <ele>487.176371</ele>
        <time>2026-09-25T12:59:03.415Z</time>
      </trkpt>
      <trkpt lat="49.233873" lon="10.498875">
        <ele>486.112498</ele>
        <time>2026-09-25T12:59:07.397Z</time>
      </trkpt>
      <trkpt lat="49.233981" lon="10.498882">
        <ele>485.264784</ele>
        <time>2026-09-25T12:59:10.395Z</time>
      </trkpt>
      <trkpt lat="49.234074" lon="10.498870">
        <ele>485.194474</ele>
        <time>2026-09-25T12:59:13.414Z</time>
      </trkpt>
      <trkpt lat="49.234175" lon="10.498825">
        <ele>485.115231</ele>
        <time>2026-09-25T12:59:16.405Z</time>
      </trkpt>
      <trkpt lat="49.234238" lon="10.498694">
        <ele>485.035198</ele>
        <time>2026-09-25T12:59:21.387Z</time>
      </trkpt>
      <trkpt lat="49.234328" lon="10.498641">
        <ele>484.962556</ele>
        <time>2026-09-25T12:59:25.415Z</time>
      </trkpt>
      <trkpt lat="49.234422" lon="10.498657">
        <ele>484.891305</ele>
        <time>2026-09-25T12:59:28.408Z</time>
      </trkpt>
      <trkpt lat="49.234510" lon="10.498580">
        <ele>484.814952</ele>
        <time>2026-09-25T12:59:31.428Z</time>
      </trkpt>
      <trkpt lat="49.234552" lon="10.498441">
        <ele>484.739610</ele>
        <time>2026-09-25T12:59:34.414Z</time>
      </trkpt>
      <trkpt lat="49.234576" lon="10.498282">
        <ele>484.659333</ele>
        <time>2026-09-25T12:59:37.421Z</time>
      </trkpt>
      <trkpt lat="49.234602" lon="10.498147">
        <ele>484.590096</ele>
        <time>2026-09-25T12:59:39.397Z</time>
      </trkpt>
      <trkpt lat="49.234640" lon="10.497976">
        <ele>484.501241</ele>
        <time>2026-09-25T12:59:42.409Z</time>
      </trkpt>
      <trkpt lat="49.234663" lon="10.497841">
        <ele>484.432609</ele>
        <time>2026-09-25T12:59:45.430Z</time>
      </trkpt>
      <trkpt lat="49.234786" lon="10.497891">
        <ele>484.336738</ele>
        <time>2026-09-25T12:59:49.382Z</time>
      </trkpt>
      <trkpt lat="49.234901" lon="10.497942">
        <ele>484.246543</ele>
        <time>2026-09-25T12:59:53.412Z</time>
      </trkpt>
      <trkpt lat="49.234989" lon="10.497985">
        <ele>484.176955</ele>
        <time>2026-09-25T12:59:56.411Z</time>
      </trkpt>
      <trkpt lat="49.234993" lon="10.498140">
        <ele>484.100649</ele>
        <time>2026-09-25T13:00:00.637Z</time>
      </trkpt>
      <trkpt lat="49.234974" lon="10.498310">
        <ele>484.015809</ele>
        <time>2026-09-25T13:00:05.410Z</time>
      </trkpt>
      <trkpt lat="49.234976" lon="10.498465">
        <ele>483.939548</ele>
        <time>2026-09-25T13:00:08.441Z</time>
      </trkpt>
      <trkpt lat="49.234989" lon="10.498662">
        <ele>483.726314</ele>
        <time>2026-09-25T13:00:11.404Z</time>
      </trkpt>
      <trkpt lat="49.235016" lon="10.498854">
        <ele>483.493628</ele>
        <time>2026-09-25T13:00:14.405Z</time>
      </trkpt>
      <trkpt lat="49.235038" lon="10.498997">
        <ele>483.319572</ele>
        <time>2026-09-25T13:00:16.408Z</time>
      </trkpt>
      <trkpt lat="49.235055" lon="10.499160">
        <ele>483.124011</ele>
        <time>2026-09-25T13:00:18.406Z</time>
      </trkpt>
      <trkpt lat="49.235081" lon="10.499309">
        <ele>482.941290</ele>
        <time>2026-09-25T13:00:20.414Z</time>
      </trkpt>
      <trkpt lat="49.235105" lon="10.499470">
        <ele>482.745640</ele>
        <time>2026-09-25T13:00:22.415Z</time>
      </trkpt>
      <trkpt lat="49.235121" lon="10.499623">
        <ele>482.562065</ele>
        <time>2026-09-25T13:00:24.411Z</time>
      </trkpt>
      <trkpt lat="49.235139" lon="10.499806">
        <ele>482.342812</ele>
        <time>2026-09-25T13:00:26.408Z</time>
      </trkpt>
      <trkpt lat="49.235132" lon="10.499962">
        <ele>482.157558</ele>
        <time>2026-09-25T13:00:28.410Z</time>
      </trkpt>
      <trkpt lat="49.235113" lon="10.500117">
        <ele>481.970716</ele>
        <time>2026-09-25T13:00:30.418Z</time>
      </trkpt>
      <trkpt lat="49.235063" lon="10.500261">
        <ele>481.777492</ele>
        <time>2026-09-25T13:00:33.431Z</time>
      </trkpt>
      <trkpt lat="49.235021" lon="10.500409">
        <ele>481.586306</ele>
        <time>2026-09-25T13:00:35.382Z</time>
      </trkpt>
      <trkpt lat="49.235062" lon="10.500553">
        <ele>481.400190</ele>
        <time>2026-09-25T13:00:37.419Z</time>
      </trkpt>
      <trkpt lat="49.235126" lon="10.500656">
        <ele>481.231740</ele>
        <time>2026-09-25T13:00:39.401Z</time>
      </trkpt>
      <trkpt lat="49.235214" lon="10.500772">
        <ele>481.021072</ele>
        <time>2026-09-25T13:00:42.514Z</time>
      </trkpt>
      <trkpt lat="49.235284" lon="10.500898">
        <ele>480.825075</ele>
        <time>2026-09-25T13:00:45.402Z</time>
      </trkpt>
      <trkpt lat="49.235341" lon="10.501054">
        <ele>480.506280</ele>
        <time>2026-09-25T13:00:48.407Z</time>
      </trkpt>
      <trkpt lat="49.235400" lon="10.501219">
        <ele>479.782468</ele>
        <time>2026-09-25T13:00:51.392Z</time>
      </trkpt>
      <trkpt lat="49.235445" lon="10.501398">
        <ele>479.044469</ele>
        <time>2026-09-25T13:00:54.410Z</time>
      </trkpt>
      <trkpt lat="49.235477" lon="10.501528">
        <ele>478.509923</ele>
        <time>2026-09-25T13:00:56.424Z</time>
      </trkpt>
      <trkpt lat="49.235509" lon="10.501670">
        <ele>477.931944</ele>
        <time>2026-09-25T13:00:58.411Z</time>
      </trkpt>
      <trkpt lat="49.235540" lon="10.501805">
        <ele>477.381338</ele>
        <time>2026-09-25T13:01:00.427Z</time>
      </trkpt>
      <trkpt lat="49.235569" lon="10.501940">
        <ele>476.834529</ele>
        <time>2026-09-25T13:01:02.399Z</time>
      </trkpt>
      <trkpt lat="49.235599" lon="10.502079">
        <ele>476.271259</ele>
        <time>2026-09-25T13:01:04.405Z</time>
      </trkpt>
      <trkpt lat="49.235632" lon="10.502231">
        <ele>475.654950</ele>
        <time>2026-09-25T13:01:06.421Z</time>
      </trkpt>
      <trkpt lat="49.235667" lon="10.502386">
        <ele>475.023924</ele>
        <time>2026-09-25T13:01:08.411Z</time>
      </trkpt>
      <trkpt lat="49.235709" lon="10.502539">
        <ele>474.385340</ele>
        <time>2026-09-25T13:01:10.403Z</time>
      </trkpt>
      <trkpt lat="49.235755" lon="10.502702">
        <ele>473.702119</ele>
        <time>2026-09-25T13:01:12.406Z</time>
      </trkpt>
      <trkpt lat="49.235803" lon="10.502913">
        <ele>472.842426</ele>
        <time>2026-09-25T13:01:15.424Z</time>
      </trkpt>
      <trkpt lat="49.235850" lon="10.503035">
        <ele>472.297414</ele>
        <time>2026-09-25T13:01:17.437Z</time>
      </trkpt>
      <trkpt lat="49.235888" lon="10.503166">
        <ele>471.745886</ele>
        <time>2026-09-25T13:01:19.431Z</time>
      </trkpt>
      <trkpt lat="49.235932" lon="10.503297">
        <ele>471.179082</ele>
        <time>2026-09-25T13:01:21.433Z</time>
      </trkpt>
      <trkpt lat="49.235980" lon="10.503426">
        <ele>470.607815</ele>
        <time>2026-09-25T13:01:23.407Z</time>
      </trkpt>
      <trkpt lat="49.236046" lon="10.503602">
        <ele>470.295559</ele>
        <time>2026-09-25T13:01:26.455Z</time>
      </trkpt>
      <trkpt lat="49.236121" lon="10.503741">
        <ele>470.983372</ele>
        <time>2026-09-25T13:01:29.404Z</time>
      </trkpt>
      <trkpt lat="49.236066" lon="10.503912">
        <ele>471.710481</ele>
        <time>2026-09-25T13:01:33.402Z</time>
      </trkpt>
      <trkpt lat="49.235983" lon="10.504069">
        <ele>472.481030</ele>
        <time>2026-09-25T13:01:36.414Z</time>
      </trkpt>
      <trkpt lat="49.235924" lon="10.504185">
        <ele>473.041906</ele>
        <time>2026-09-25T13:01:38.403Z</time>
      </trkpt>
      <trkpt lat="49.235866" lon="10.504307">
        <ele>473.617550</ele>
        <time>2026-09-25T13:01:41.420Z</time>
      </trkpt>
      <trkpt lat="49.235798" lon="10.504453">
        <ele>474.301622</ele>
        <time>2026-09-25T13:01:43.419Z</time>
      </trkpt>
      <trkpt lat="49.235742" lon="10.504579">
        <ele>474.883017</ele>
        <time>2026-09-25T13:01:45.414Z</time>
      </trkpt>
      <trkpt lat="49.235688" lon="10.504704">
        <ele>475.454735</ele>
        <time>2026-09-25T13:01:47.423Z</time>
      </trkpt>
      <trkpt lat="49.235615" lon="10.504866">
        <ele>476.205547</ele>
        <time>2026-09-25T13:01:50.434Z</time>
      </trkpt>
      <trkpt lat="49.235566" lon="10.505007">
        <ele>476.814818</ele>
        <time>2026-09-25T13:01:53.419Z</time>
      </trkpt>
      <trkpt lat="49.235549" lon="10.505158">
        <ele>477.399302</ele>
        <time>2026-09-25T13:01:56.419Z</time>
      </trkpt>
      <trkpt lat="49.235540" lon="10.505300">
        <ele>477.943502</ele>
        <time>2026-09-25T13:01:59.442Z</time>
      </trkpt>
      <trkpt lat="49.235439" lon="10.505386">
        <ele>478.618594</ele>
        <time>2026-09-25T13:04:22.411Z</time>
      </trkpt>
      <trkpt lat="49.235354" lon="10.505440">
        <ele>479.156182</ele>
        <time>2026-09-25T13:04:45.408Z</time>
      </trkpt>
      <trkpt lat="49.235300" lon="10.505570">
        <ele>479.743903</ele>
        <time>2026-09-25T13:04:56.411Z</time>
      </trkpt>
      <trkpt lat="49.235324" lon="10.505703">
        <ele>480.270247</ele>
        <time>2026-09-25T13:05:19.403Z</time>
      </trkpt>
      <trkpt lat="49.235412" lon="10.505667">
        <ele>480.562083</ele>
        <time>2026-09-25T13:06:37.422Z</time>
      </trkpt>
      <trkpt lat="49.235346" lon="10.505787">
        <ele>480.542426</ele>
        <time>2026-09-25T13:19:04.369Z</time>
      </trkpt>
      <trkpt lat="49.234395" lon="10.506713">
        <ele>480.326192</ele>
        <time>2026-09-25T14:45:51.407Z</time>
      </trkpt>
      <trkpt lat="49.234432" lon="10.506991">
        <ele>480.290645</ele>
        <time>2026-09-25T14:45:54.424Z</time>
      </trkpt>
      <trkpt lat="49.234407" lon="10.507277">
        <ele>480.254492</ele>
        <time>2026-09-25T14:45:59.416Z</time>
      </trkpt>
      <trkpt lat="49.234312" lon="10.507549">
        <ele>480.343569</ele>
        <time>2026-09-25T14:46:05.390Z</time>
      </trkpt>
      <trkpt lat="49.234131" lon="10.507614">
        <ele>480.828014</ele>
        <time>2026-09-25T14:46:12.408Z</time>
      </trkpt>
      <trkpt lat="49.233968" lon="10.507493">
        <ele>481.300028</ele>
        <time>2026-09-25T14:46:18.385Z</time>
      </trkpt>
      <trkpt lat="49.233810" lon="10.507325">
        <ele>481.801251</ele>
        <time>2026-09-25T14:46:23.404Z</time>
      </trkpt>
      <trkpt lat="49.233662" lon="10.507165">
        <ele>482.273321</ele>
        <time>2026-09-25T14:46:29.402Z</time>
      </trkpt>
      <trkpt lat="49.233521" lon="10.506993">
        <ele>482.743053</ele>
        <time>2026-09-25T14:46:34.399Z</time>
      </trkpt>
      <trkpt lat="49.233381" lon="10.506806">
        <ele>483.227131</ele>
        <time>2026-09-25T14:46:38.400Z</time>
      </trkpt>
      <trkpt lat="49.233244" lon="10.506613">
        <ele>483.712199</ele>
        <time>2026-09-25T14:46:43.403Z</time>
      </trkpt>
      <trkpt lat="49.233019" lon="10.506336">
        <ele>484.464466</ele>
        <time>2026-09-25T14:46:48.402Z</time>
      </trkpt>
      <trkpt lat="49.232931" lon="10.506262">
        <ele>484.726072</ele>
        <time>2026-09-25T14:46:51.432Z</time>
      </trkpt>
      <trkpt lat="49.232865" lon="10.506147">
        <ele>484.958567</ele>
        <time>2026-09-25T14:46:54.414Z</time>
      </trkpt>
      <trkpt lat="49.232767" lon="10.506047">
        <ele>485.150887</ele>
        <time>2026-09-25T14:46:58.426Z</time>
      </trkpt>
      <trkpt lat="49.232684" lon="10.505965">
        <ele>485.312195</ele>
        <time>2026-09-25T14:47:01.397Z</time>
      </trkpt>
      <trkpt lat="49.232600" lon="10.505865">
        <ele>485.485951</ele>
        <time>2026-09-25T14:47:04.446Z</time>
      </trkpt>
      <trkpt lat="49.232570" lon="10.505717">
        <ele>485.651209</ele>
        <time>2026-09-25T14:47:07.424Z</time>
      </trkpt>
      <trkpt lat="49.232579" lon="10.505572">
        <ele>485.806536</ele>
        <time>2026-09-25T14:47:10.426Z</time>
      </trkpt>
      <trkpt lat="49.232596" lon="10.505436">
        <ele>485.954201</ele>
        <time>2026-09-25T14:47:13.453Z</time>
      </trkpt>
      <trkpt lat="49.232625" lon="10.505295">
        <ele>486.111847</ele>
        <time>2026-09-25T14:47:16.439Z</time>
      </trkpt>
      <trkpt lat="49.232652" lon="10.505139">
        <ele>486.283952</ele>
        <time>2026-09-25T14:47:19.411Z</time>
      </trkpt>
      <trkpt lat="49.232677" lon="10.504994">
        <ele>486.443880</ele>
        <time>2026-09-25T14:47:22.425Z</time>
      </trkpt>
      <trkpt lat="49.232728" lon="10.504849">
        <ele>486.619514</ele>
        <time>2026-09-25T14:47:25.435Z</time>
      </trkpt>
      <trkpt lat="49.232790" lon="10.504703">
        <ele>486.805238</ele>
        <time>2026-09-25T14:47:28.415Z</time>
      </trkpt>
      <trkpt lat="49.232855" lon="10.504579">
        <ele>486.974809</ele>
        <time>2026-09-25T14:47:31.410Z</time>
      </trkpt>
      <trkpt lat="49.232921" lon="10.504446">
        <ele>487.152950</ele>
        <time>2026-09-25T14:47:34.406Z</time>
      </trkpt>
      <trkpt lat="49.232982" lon="10.504318">
        <ele>487.321936</ele>
        <time>2026-09-25T14:47:37.411Z</time>
      </trkpt>
      <trkpt lat="49.233046" lon="10.504191">
        <ele>487.493010</ele>
        <time>2026-09-25T14:47:40.405Z</time>
      </trkpt>
      <trkpt lat="49.233106" lon="10.504065">
        <ele>487.659311</ele>
        <time>2026-09-25T14:47:43.481Z</time>
      </trkpt>
      <trkpt lat="49.233165" lon="10.503942">
        <ele>487.822065</ele>
        <time>2026-09-25T14:47:46.428Z</time>
      </trkpt>
      <trkpt lat="49.233126" lon="10.503803">
        <ele>487.612384</ele>
        <time>2026-09-25T14:47:50.426Z</time>
      </trkpt>
      <trkpt lat="49.233039" lon="10.503700">
        <ele>487.296502</ele>
        <time>2026-09-25T14:47:53.412Z</time>
      </trkpt>
      <trkpt lat="49.232972" lon="10.503532">
        <ele>486.927257</ele>
        <time>2026-09-25T14:47:56.437Z</time>
      </trkpt>
      <trkpt lat="49.232933" lon="10.503404">
        <ele>486.662313</ele>
        <time>2026-09-25T14:47:58.407Z</time>
      </trkpt>
      <trkpt lat="49.232893" lon="10.503269">
        <ele>486.384241</ele>
        <time>2026-09-25T14:48:00.482Z</time>
      </trkpt>
      <trkpt lat="49.232847" lon="10.503134">
        <ele>486.098615</ele>
        <time>2026-09-25T14:48:02.412Z</time>
      </trkpt>
      <trkpt lat="49.232804" lon="10.503004">
        <ele>485.825271</ele>
        <time>2026-09-25T14:48:04.419Z</time>
      </trkpt>
      <trkpt lat="49.232765" lon="10.502879">
        <ele>485.565415</ele>
        <time>2026-09-25T14:48:06.438Z</time>
      </trkpt>
      <trkpt lat="49.232728" lon="10.502743">
        <ele>485.289060</ele>
        <time>2026-09-25T14:48:08.411Z</time>
      </trkpt>
      <trkpt lat="49.232695" lon="10.502613">
        <ele>485.027437</ele>
        <time>2026-09-25T14:48:10.430Z</time>
      </trkpt>
      <trkpt lat="49.232660" lon="10.502483">
        <ele>484.763678</ele>
        <time>2026-09-25T14:48:12.405Z</time>
      </trkpt>
      <trkpt lat="49.232605" lon="10.502299">
        <ele>484.384101</ele>
        <time>2026-09-25T14:48:15.427Z</time>
      </trkpt>
      <trkpt lat="49.232545" lon="10.502117">
        <ele>484.001676</ele>
        <time>2026-09-25T14:48:18.418Z</time>
      </trkpt>
      <trkpt lat="49.232483" lon="10.501940">
        <ele>483.624918</ele>
        <time>2026-09-25T14:48:21.442Z</time>
      </trkpt>
      <trkpt lat="49.232435" lon="10.501823">
        <ele>483.365736</ele>
        <time>2026-09-25T14:48:23.430Z</time>
      </trkpt>
      <trkpt lat="49.232359" lon="10.501662">
        <ele>482.993095</ele>
        <time>2026-09-25T14:48:26.429Z</time>
      </trkpt>
      <trkpt lat="49.232281" lon="10.501497">
        <ele>482.612749</ele>
        <time>2026-09-25T14:48:29.402Z</time>
      </trkpt>
      <trkpt lat="49.232221" lon="10.501382">
        <ele>482.343391</ele>
        <time>2026-09-25T14:48:31.450Z</time>
      </trkpt>
      <trkpt lat="49.232137" lon="10.501213">
        <ele>481.954744</ele>
        <time>2026-09-25T14:48:34.401Z</time>
      </trkpt>
      <trkpt lat="49.232069" lon="10.501093">
        <ele>481.664003</ele>
        <time>2026-09-25T14:48:36.439Z</time>
      </trkpt>
      <trkpt lat="49.232010" lon="10.500986">
        <ele>481.407736</ele>
        <time>2026-09-25T14:48:38.411Z</time>
      </trkpt>
      <trkpt lat="49.231947" lon="10.500873">
        <ele>481.135844</ele>
        <time>2026-09-25T14:48:40.423Z</time>
      </trkpt>
      <trkpt lat="49.231886" lon="10.500764">
        <ele>480.873157</ele>
        <time>2026-09-25T14:48:42.427Z</time>
      </trkpt>
      <trkpt lat="49.231826" lon="10.500652">
        <ele>480.608064</ele>
        <time>2026-09-25T14:48:44.433Z</time>
      </trkpt>
      <trkpt lat="49.231765" lon="10.500536">
        <ele>480.335523</ele>
        <time>2026-09-25T14:48:46.384Z</time>
      </trkpt>
      <trkpt lat="49.231708" lon="10.500429">
        <ele>480.082834</ele>
        <time>2026-09-25T14:48:48.407Z</time>
      </trkpt>
      <trkpt lat="49.231631" lon="10.500281">
        <ele>479.736559</ele>
        <time>2026-09-25T14:48:51.463Z</time>
      </trkpt>
      <trkpt lat="49.231561" lon="10.500154">
        <ele>479.432440</ele>
        <time>2026-09-25T14:48:54.426Z</time>
      </trkpt>
      <trkpt lat="49.231551" lon="10.499941">
        <ele>479.041663</ele>
        <time>2026-09-25T14:49:25.388Z</time>
      </trkpt>
      <trkpt lat="49.231455" lon="10.499942">
        <ele>478.772636</ele>
        <time>2026-09-25T14:49:28.403Z</time>
      </trkpt>
      <trkpt lat="49.231360" lon="10.499811">
        <ele>478.414394</ele>
        <time>2026-09-25T14:49:31.375Z</time>
      </trkpt>
      <trkpt lat="49.231283" lon="10.499677">
        <ele>478.087763</ele>
        <time>2026-09-25T14:49:34.416Z</time>
      </trkpt>
      <trkpt lat="49.231186" lon="10.499573">
        <ele>477.755941</ele>
        <time>2026-09-25T14:49:37.362Z</time>
      </trkpt>
      <trkpt lat="49.231071" lon="10.499536">
        <ele>477.737588</ele>
        <time>2026-09-25T14:49:40.403Z</time>
      </trkpt>
      <trkpt lat="49.230941" lon="10.499566">
        <ele>477.901321</ele>
        <time>2026-09-25T14:49:43.391Z</time>
      </trkpt>
      <trkpt lat="49.230855" lon="10.499640">
        <ele>478.024177</ele>
        <time>2026-09-25T14:49:45.403Z</time>
      </trkpt>
      <trkpt lat="49.230778" lon="10.499719">
        <ele>478.139608</ele>
        <time>2026-09-25T14:49:47.421Z</time>
      </trkpt>
      <trkpt lat="49.230669" lon="10.499841">
        <ele>478.307754</ele>
        <time>2026-09-25T14:49:50.397Z</time>
      </trkpt>
      <trkpt lat="49.230611" lon="10.499946">
        <ele>478.419603</ele>
        <time>2026-09-25T14:49:52.414Z</time>
      </trkpt>
      <trkpt lat="49.230536" lon="10.500119">
        <ele>478.588483</ele>
        <time>2026-09-25T14:49:55.421Z</time>
      </trkpt>
      <trkpt lat="49.230489" lon="10.500238">
        <ele>478.701589</ele>
        <time>2026-09-25T14:49:57.420Z</time>
      </trkpt>
      <trkpt lat="49.230405" lon="10.500399">
        <ele>478.869188</ele>
        <time>2026-09-25T14:50:00.380Z</time>
      </trkpt>
      <trkpt lat="49.230310" lon="10.500520">
        <ele>479.023079</ele>
        <time>2026-09-25T14:50:03.412Z</time>
      </trkpt>
      <trkpt lat="49.230192" lon="10.500624">
        <ele>479.192642</ele>
        <time>2026-09-25T14:50:06.429Z</time>
      </trkpt>
      <trkpt lat="49.230105" lon="10.500686">
        <ele>479.312152</ele>
        <time>2026-09-25T14:50:08.411Z</time>
      </trkpt>
      <trkpt lat="49.230012" lon="10.500750">
        <ele>479.439134</ele>
        <time>2026-09-25T14:50:10.416Z</time>
      </trkpt>
      <trkpt lat="49.229922" lon="10.500815">
        <ele>479.563063</ele>
        <time>2026-09-25T14:50:12.401Z</time>
      </trkpt>
      <trkpt lat="49.229837" lon="10.500881">
        <ele>479.681755</ele>
        <time>2026-09-25T14:50:14.389Z</time>
      </trkpt>
      <trkpt lat="49.229717" lon="10.500978">
        <ele>479.850750</ele>
        <time>2026-09-25T14:50:17.420Z</time>
      </trkpt>
      <trkpt lat="49.229628" lon="10.501049">
        <ele>479.955966</ele>
        <time>2026-09-25T14:50:19.439Z</time>
      </trkpt>
      <trkpt lat="49.229550" lon="10.501118">
        <ele>480.044499</ele>
        <time>2026-09-25T14:50:21.382Z</time>
      </trkpt>
      <trkpt lat="49.229464" lon="10.501187">
        <ele>480.139922</ele>
        <time>2026-09-25T14:50:23.414Z</time>
      </trkpt>
      <trkpt lat="49.229384" lon="10.501252">
        <ele>480.228930</ele>
        <time>2026-09-25T14:50:25.413Z</time>
      </trkpt>
      <trkpt lat="49.229299" lon="10.501324">
        <ele>480.324400</ele>
        <time>2026-09-25T14:50:27.427Z</time>
      </trkpt>
      <trkpt lat="49.229216" lon="10.501392">
        <ele>480.416917</ele>
        <time>2026-09-25T14:50:29.380Z</time>
      </trkpt>
      <trkpt lat="49.229102" lon="10.501494">
        <ele>480.546683</ele>
        <time>2026-09-25T14:50:32.413Z</time>
      </trkpt>
      <trkpt lat="49.228984" lon="10.501592">
        <ele>480.678616</ele>
        <time>2026-09-25T14:50:35.414Z</time>
      </trkpt>
      <trkpt lat="49.228899" lon="10.501660">
        <ele>480.772870</ele>
        <time>2026-09-25T14:50:37.432Z</time>
      </trkpt>
      <trkpt lat="49.228816" lon="10.501726">
        <ele>480.864788</ele>
        <time>2026-09-25T14:50:39.392Z</time>
      </trkpt>
      <trkpt lat="49.228727" lon="10.501794">
        <ele>480.962544</ele>
        <time>2026-09-25T14:50:41.417Z</time>
      </trkpt>
      <trkpt lat="49.228642" lon="10.501867">
        <ele>481.058327</ele>
        <time>2026-09-25T14:50:43.414Z</time>
      </trkpt>
      <trkpt lat="49.228523" lon="10.501967">
        <ele>481.191737</ele>
        <time>2026-09-25T14:50:46.422Z</time>
      </trkpt>
      <trkpt lat="49.228441" lon="10.502037">
        <ele>481.284007</ele>
        <time>2026-09-25T14:50:48.404Z</time>
      </trkpt>
      <trkpt lat="49.228359" lon="10.502108">
        <ele>481.376590</ele>
        <time>2026-09-25T14:50:50.414Z</time>
      </trkpt>
      <trkpt lat="49.228272" lon="10.502185">
        <ele>481.475352</ele>
        <time>2026-09-25T14:50:52.423Z</time>
      </trkpt>
      <trkpt lat="49.228190" lon="10.502269">
        <ele>481.572315</ele>
        <time>2026-09-25T14:50:54.399Z</time>
      </trkpt>
      <trkpt lat="49.228117" lon="10.502353">
        <ele>481.636278</ele>
        <time>2026-09-25T14:50:56.432Z</time>
      </trkpt>
      <trkpt lat="49.228049" lon="10.502463">
        <ele>481.529878</ele>
        <time>2026-09-25T14:50:58.402Z</time>
      </trkpt>
      <trkpt lat="49.227957" lon="10.502605">
        <ele>481.389367</ele>
        <time>2026-09-25T14:51:01.405Z</time>
      </trkpt>
      <trkpt lat="49.227871" lon="10.502753">
        <ele>481.250204</ele>
        <time>2026-09-25T14:51:04.405Z</time>
      </trkpt>
      <trkpt lat="49.227783" lon="10.502889">
        <ele>481.115715</ele>
        <time>2026-09-25T14:51:07.418Z</time>
      </trkpt>
      <trkpt lat="49.227694" lon="10.503034">
        <ele>480.975929</ele>
        <time>2026-09-25T14:51:10.404Z</time>
      </trkpt>
      <trkpt lat="49.227607" lon="10.503144">
        <ele>480.854568</ele>
        <time>2026-09-25T14:51:13.389Z</time>
      </trkpt>
      <trkpt lat="49.227495" lon="10.503251">
        <ele>480.712568</ele>
        <time>2026-09-25T14:51:16.418Z</time>
      </trkpt>
      <trkpt lat="49.227380" lon="10.503350">
        <ele>480.570658</ele>
        <time>2026-09-25T14:51:19.381Z</time>
      </trkpt>
      <trkpt lat="49.227257" lon="10.503452">
        <ele>480.420195</ele>
        <time>2026-09-25T14:51:22.408Z</time>
      </trkpt>
      <trkpt lat="49.227137" lon="10.503549">
        <ele>480.274234</ele>
        <time>2026-09-25T14:51:25.380Z</time>
      </trkpt>
      <trkpt lat="49.227049" lon="10.503619">
        <ele>480.167565</ele>
        <time>2026-09-25T14:51:27.413Z</time>
      </trkpt>
      <trkpt lat="49.226960" lon="10.503688">
        <ele>480.060259</ele>
        <time>2026-09-25T14:51:29.399Z</time>
      </trkpt>
      <trkpt lat="49.226866" lon="10.503764">
        <ele>479.945917</ele>
        <time>2026-09-25T14:51:31.395Z</time>
      </trkpt>
      <trkpt lat="49.226778" lon="10.503843">
        <ele>479.836190</ele>
        <time>2026-09-25T14:51:33.383Z</time>
      </trkpt>
      <trkpt lat="49.226693" lon="10.503928">
        <ele>479.726988</ele>
        <time>2026-09-25T14:51:35.378Z</time>
      </trkpt>
      <trkpt lat="49.226614" lon="10.504023">
        <ele>479.893840</ele>
        <time>2026-09-25T14:51:37.410Z</time>
      </trkpt>
      <trkpt lat="49.226546" lon="10.504138">
        <ele>480.096689</ele>
        <time>2026-09-25T14:51:39.398Z</time>
      </trkpt>
      <trkpt lat="49.226485" lon="10.504252">
        <ele>480.289396</ele>
        <time>2026-09-25T14:51:41.379Z</time>
      </trkpt>
      <trkpt lat="49.226425" lon="10.504379">
        <ele>480.494353</ele>
        <time>2026-09-25T14:51:43.430Z</time>
      </trkpt>
      <trkpt lat="49.226372" lon="10.504502">
        <ele>480.687037</ele>
        <time>2026-09-25T14:51:45.408Z</time>
      </trkpt>
      <trkpt lat="49.226329" lon="10.504632">
        <ele>480.877580</ele>
        <time>2026-09-25T14:51:47.416Z</time>
      </trkpt>
      <trkpt lat="49.226291" lon="10.504767">
        <ele>481.069801</ele>
        <time>2026-09-25T14:51:49.394Z</time>
      </trkpt>
      <trkpt lat="49.226256" lon="10.504911">
        <ele>481.270708</ele>
        <time>2026-09-25T14:51:51.420Z</time>
      </trkpt>
      <trkpt lat="49.226226" lon="10.505051">
        <ele>481.463371</ele>
        <time>2026-09-25T14:51:53.382Z</time>
      </trkpt>
      <trkpt lat="49.226197" lon="10.505193">
        <ele>481.657913</ele>
        <time>2026-09-25T14:51:55.454Z</time>
      </trkpt>
      <trkpt lat="49.226174" lon="10.505335">
        <ele>481.849214</ele>
        <time>2026-09-25T14:51:57.412Z</time>
      </trkpt>
      <trkpt lat="49.226156" lon="10.505485">
        <ele>482.048633</ele>
        <time>2026-09-25T14:51:59.423Z</time>
      </trkpt>
      <trkpt lat="49.226142" lon="10.505634">
        <ele>482.245468</ele>
        <time>2026-09-25T14:52:01.455Z</time>
      </trkpt>
      <trkpt lat="49.226130" lon="10.505778">
        <ele>482.435285</ele>
        <time>2026-09-25T14:52:03.407Z</time>
      </trkpt>
      <trkpt lat="49.226112" lon="10.505984">
        <ele>482.707046</ele>
        <time>2026-09-25T14:52:06.405Z</time>
      </trkpt>
      <trkpt lat="49.226106" lon="10.506124">
        <ele>482.890500</ele>
        <time>2026-09-25T14:52:08.427Z</time>
      </trkpt>
      <trkpt lat="49.226097" lon="10.506313">
        <ele>483.138288</ele>
        <time>2026-09-25T14:52:11.393Z</time>
      </trkpt>
      <trkpt lat="49.226102" lon="10.506509">
        <ele>483.327113</ele>
        <time>2026-09-25T14:52:14.415Z</time>
      </trkpt>
      <trkpt lat="49.226103" lon="10.506708">
        <ele>483.363197</ele>
        <time>2026-09-25T14:52:17.387Z</time>
      </trkpt>
      <trkpt lat="49.226115" lon="10.506911">
        <ele>483.400155</ele>
        <time>2026-09-25T14:52:20.419Z</time>
      </trkpt>
      <trkpt lat="49.226124" lon="10.507114">
        <ele>483.437048</ele>
        <time>2026-09-25T14:52:23.413Z</time>
      </trkpt>
      <trkpt lat="49.226136" lon="10.507300">
        <ele>483.470938</ele>
        <time>2026-09-25T14:52:26.406Z</time>
      </trkpt>
      <trkpt lat="49.226144" lon="10.507479">
        <ele>483.503470</ele>
        <time>2026-09-25T14:52:29.472Z</time>
      </trkpt>
      <trkpt lat="49.226145" lon="10.507659">
        <ele>483.536109</ele>
        <time>2026-09-25T14:52:32.387Z</time>
      </trkpt>
      <trkpt lat="49.226144" lon="10.507861">
        <ele>483.572737</ele>
        <time>2026-09-25T14:52:35.386Z</time>
      </trkpt>
      <trkpt lat="49.226142" lon="10.508059">
        <ele>483.608643</ele>
        <time>2026-09-25T14:52:38.398Z</time>
      </trkpt>
      <trkpt lat="49.226132" lon="10.508261">
        <ele>483.645375</ele>
        <time>2026-09-25T14:52:41.426Z</time>
      </trkpt>
      <trkpt lat="49.226113" lon="10.508468">
        <ele>483.683277</ele>
        <time>2026-09-25T14:52:44.394Z</time>
      </trkpt>
      <trkpt lat="49.226094" lon="10.508617">
        <ele>483.710804</ele>
        <time>2026-09-25T14:52:46.404Z</time>
      </trkpt>
      <trkpt lat="49.226079" lon="10.508770">
        <ele>483.738857</ele>
        <time>2026-09-25T14:52:48.398Z</time>
      </trkpt>
      <trkpt lat="49.226064" lon="10.508921">
        <ele>483.766551</ele>
        <time>2026-09-25T14:52:50.409Z</time>
      </trkpt>
      <trkpt lat="49.226050" lon="10.509074">
        <ele>483.794565</ele>
        <time>2026-09-25T14:52:52.439Z</time>
      </trkpt>
      <trkpt lat="49.226033" lon="10.509233">
        <ele>483.825006</ele>
        <time>2026-09-25T14:52:54.419Z</time>
      </trkpt>
      <trkpt lat="49.226012" lon="10.509389">
        <ele>483.858223</ele>
        <time>2026-09-25T14:52:56.398Z</time>
      </trkpt>
      <trkpt lat="49.225990" lon="10.509538">
        <ele>483.890080</ele>
        <time>2026-09-25T14:52:58.396Z</time>
      </trkpt>
      <trkpt lat="49.225963" lon="10.509681">
        <ele>483.921123</ele>
        <time>2026-09-25T14:53:00.417Z</time>
      </trkpt>
      <trkpt lat="49.225936" lon="10.509821">
        <ele>483.951565</ele>
        <time>2026-09-25T14:53:02.407Z</time>
      </trkpt>
      <trkpt lat="49.225906" lon="10.509959">
        <ele>483.981896</ele>
        <time>2026-09-25T14:53:04.455Z</time>
      </trkpt>
      <trkpt lat="49.225869" lon="10.510096">
        <ele>484.012813</ele>
        <time>2026-09-25T14:53:06.384Z</time>
      </trkpt>
      <trkpt lat="49.225834" lon="10.510229">
        <ele>484.042716</ele>
        <time>2026-09-25T14:53:08.393Z</time>
      </trkpt>
      <trkpt lat="49.225790" lon="10.510355">
        <ele>484.072513</ele>
        <time>2026-09-25T14:53:10.392Z</time>
      </trkpt>
      <trkpt lat="49.225723" lon="10.510529">
        <ele>484.114637</ele>
        <time>2026-09-25T14:53:13.405Z</time>
      </trkpt>
      <trkpt lat="49.225675" lon="10.510647">
        <ele>484.143628</ele>
        <time>2026-09-25T14:53:15.459Z</time>
      </trkpt>
      <trkpt lat="49.225604" lon="10.510808">
        <ele>484.184142</ele>
        <time>2026-09-25T14:53:18.392Z</time>
      </trkpt>
      <trkpt lat="49.225532" lon="10.510974">
        <ele>484.225699</ele>
        <time>2026-09-25T14:53:21.398Z</time>
      </trkpt>
      <trkpt lat="49.225456" lon="10.511141">
        <ele>484.268148</ele>
        <time>2026-09-25T14:53:24.379Z</time>
      </trkpt>
      <trkpt lat="49.225405" lon="10.511258">
        <ele>484.297483</ele>
        <time>2026-09-25T14:53:26.391Z</time>
      </trkpt>
      <trkpt lat="49.225331" lon="10.511424">
        <ele>484.339397</ele>
        <time>2026-09-25T14:53:29.383Z</time>
      </trkpt>
      <trkpt lat="49.225276" lon="10.511539">
        <ele>484.369123</ele>
        <time>2026-09-25T14:53:31.382Z</time>
      </trkpt>
      <trkpt lat="49.225223" lon="10.511652">
        <ele>484.400350</ele>
        <time>2026-09-25T14:53:33.406Z</time>
      </trkpt>
      <trkpt lat="49.225169" lon="10.511765">
        <ele>484.437443</ele>
        <time>2026-09-25T14:53:35.419Z</time>
      </trkpt>
      <trkpt lat="49.225094" lon="10.511917">
        <ele>484.487910</ele>
        <time>2026-09-25T14:53:38.408Z</time>
      </trkpt>
      <trkpt lat="49.225014" lon="10.512072">
        <ele>484.540246</ele>
        <time>2026-09-25T14:53:41.388Z</time>
      </trkpt>
      <trkpt lat="49.224929" lon="10.512214">
        <ele>484.591274</ele>
        <time>2026-09-25T14:53:44.391Z</time>
      </trkpt>
      <trkpt lat="49.224837" lon="10.512359">
        <ele>484.644829</ele>
        <time>2026-09-25T14:53:47.409Z</time>
      </trkpt>
      <trkpt lat="49.224747" lon="10.512504">
        <ele>484.697822</ele>
        <time>2026-09-25T14:53:50.388Z</time>
      </trkpt>
      <trkpt lat="49.224681" lon="10.512613">
        <ele>484.737198</ele>
        <time>2026-09-25T14:53:52.392Z</time>
      </trkpt>
      <trkpt lat="49.224594" lon="10.512758">
        <ele>484.789361</ele>
        <time>2026-09-25T14:53:55.402Z</time>
      </trkpt>
      <trkpt lat="49.224510" lon="10.512896">
        <ele>484.839335</ele>
        <time>2026-09-25T14:53:58.405Z</time>
      </trkpt>
      <trkpt lat="49.224422" lon="10.513041">
        <ele>484.891773</ele>
        <time>2026-09-25T14:54:01.391Z</time>
      </trkpt>
      <trkpt lat="49.224360" lon="10.513145">
        <ele>484.929076</ele>
        <time>2026-09-25T14:54:03.442Z</time>
      </trkpt>
      <trkpt lat="49.224298" lon="10.513246">
        <ele>484.965797</ele>
        <time>2026-09-25T14:54:05.428Z</time>
      </trkpt>
      <trkpt lat="49.224202" lon="10.513397">
        <ele>485.021623</ele>
        <time>2026-09-25T14:54:08.390Z</time>
      </trkpt>
      <trkpt lat="49.224141" lon="10.513499">
        <ele>485.058262</ele>
        <time>2026-09-25T14:54:10.402Z</time>
      </trkpt>
      <trkpt lat="49.224078" lon="10.513599">
        <ele>485.095070</ele>
        <time>2026-09-25T14:54:12.392Z</time>
      </trkpt>
      <trkpt lat="49.224018" lon="10.513702">
        <ele>485.107981</ele>
        <time>2026-09-25T14:54:14.404Z</time>
      </trkpt>
      <trkpt lat="49.223957" lon="10.513805">
        <ele>485.072847</ele>
        <time>2026-09-25T14:54:16.477Z</time>
      </trkpt>
      <trkpt lat="49.223887" lon="10.513918">
        <ele>485.033492</ele>
        <time>2026-09-25T14:54:18.398Z</time>
      </trkpt>
      <trkpt lat="49.223826" lon="10.514021">
        <ele>484.998358</ele>
        <time>2026-09-25T14:54:20.387Z</time>
      </trkpt>
      <trkpt lat="49.223761" lon="10.514123">
        <ele>484.962347</ele>
        <time>2026-09-25T14:54:22.385Z</time>
      </trkpt>
      <trkpt lat="49.223698" lon="10.514227">
        <ele>484.926504</ele>
        <time>2026-09-25T14:54:24.372Z</time>
      </trkpt>
      <trkpt lat="49.223609" lon="10.514380">
        <ele>484.874731</ele>
        <time>2026-09-25T14:54:27.412Z</time>
      </trkpt>
      <trkpt lat="49.223548" lon="10.514486">
        <ele>484.839032</ele>
        <time>2026-09-25T14:54:29.393Z</time>
      </trkpt>
      <trkpt lat="49.223486" lon="10.514595">
        <ele>484.802507</ele>
        <time>2026-09-25T14:54:31.403Z</time>
      </trkpt>
      <trkpt lat="49.223419" lon="10.514700">
        <ele>484.765414</ele>
        <time>2026-09-25T14:54:33.390Z</time>
      </trkpt>
      <trkpt lat="49.223354" lon="10.514802">
        <ele>484.729403</ele>
        <time>2026-09-25T14:54:35.391Z</time>
      </trkpt>
      <trkpt lat="49.223286" lon="10.514903">
        <ele>484.692748</ele>
        <time>2026-09-25T14:54:37.391Z</time>
      </trkpt>
      <trkpt lat="49.223219" lon="10.515010">
        <ele>484.655292</ele>
        <time>2026-09-25T14:54:39.391Z</time>
      </trkpt>
      <trkpt lat="49.223154" lon="10.515119">
        <ele>484.617994</ele>
        <time>2026-09-25T14:54:41.393Z</time>
      </trkpt>
      <trkpt lat="49.223089" lon="10.515225">
        <ele>484.581253</ele>
        <time>2026-09-25T14:54:43.428Z</time>
      </trkpt>
      <trkpt lat="49.223024" lon="10.515334">
        <ele>484.543956</ele>
        <time>2026-09-25T14:54:45.402Z</time>
      </trkpt>
      <trkpt lat="49.222958" lon="10.515444">
        <ele>484.506211</ele>
        <time>2026-09-25T14:54:47.455Z</time>
      </trkpt>
      <trkpt lat="49.222894" lon="10.515549">
        <ele>484.469919</ele>
        <time>2026-09-25T14:54:49.393Z</time>
      </trkpt>
      <trkpt lat="49.222824" lon="10.515649">
        <ele>484.432878</ele>
        <time>2026-09-25T14:54:51.422Z</time>
      </trkpt>
      <trkpt lat="49.222754" lon="10.515752">
        <ele>484.408256</ele>
        <time>2026-09-25T14:54:53.446Z</time>
      </trkpt>
      <trkpt lat="49.222683" lon="10.515863">
        <ele>484.386941</ele>
        <time>2026-09-25T14:54:55.408Z</time>
      </trkpt>
      <trkpt lat="49.222620" lon="10.515978">
        <ele>484.366347</ele>
        <time>2026-09-25T14:54:57.411Z</time>
      </trkpt>
      <trkpt lat="49.222560" lon="10.516087">
        <ele>484.346790</ele>
        <time>2026-09-25T14:54:59.429Z</time>
      </trkpt>
      <trkpt lat="49.222499" lon="10.516190">
        <ele>484.327714</ele>
        <time>2026-09-25T14:55:01.393Z</time>
      </trkpt>
      <trkpt lat="49.222410" lon="10.516338">
        <ele>484.300112</ele>
        <time>2026-09-25T14:55:04.405Z</time>
      </trkpt>
      <trkpt lat="49.222346" lon="10.516437">
        <ele>484.281001</ele>
        <time>2026-09-25T14:55:06.407Z</time>
      </trkpt>
      <trkpt lat="49.222265" lon="10.516576">
        <ele>484.255443</ele>
        <time>2026-09-25T14:55:09.386Z</time>
      </trkpt>
      <trkpt lat="49.222184" lon="10.516718">
        <ele>484.229577</ele>
        <time>2026-09-25T14:55:12.401Z</time>
      </trkpt>
      <trkpt lat="49.222098" lon="10.516871">
        <ele>484.201882</ele>
        <time>2026-09-25T14:55:15.400Z</time>
      </trkpt>
      <trkpt lat="49.222025" lon="10.517041">
        <ele>484.173969</ele>
        <time>2026-09-25T14:55:18.393Z</time>
      </trkpt>
      <trkpt lat="49.221962" lon="10.517216">
        <ele>484.146553</ele>
        <time>2026-09-25T14:55:21.399Z</time>
      </trkpt>
      <trkpt lat="49.221929" lon="10.517344">
        <ele>484.127673</ele>
        <time>2026-09-25T14:55:23.394Z</time>
      </trkpt>
      <trkpt lat="49.221895" lon="10.517475">
        <ele>484.108333</ele>
        <time>2026-09-25T14:55:25.410Z</time>
      </trkpt>
      <trkpt lat="49.221868" lon="10.517609">
        <ele>484.089093</ele>
        <time>2026-09-25T14:55:27.431Z</time>
      </trkpt>
      <trkpt lat="49.221847" lon="10.517745">
        <ele>484.069919</ele>
        <time>2026-09-25T14:55:29.401Z</time>
      </trkpt>
      <trkpt lat="49.221831" lon="10.517886">
        <ele>484.050284</ele>
        <time>2026-09-25T14:55:31.412Z</time>
      </trkpt>
      <trkpt lat="49.221819" lon="10.518024">
        <ele>484.063756</ele>
        <time>2026-09-25T14:55:33.419Z</time>
      </trkpt>
      <trkpt lat="49.221816" lon="10.518163">
        <ele>484.087203</ele>
        <time>2026-09-25T14:55:35.403Z</time>
      </trkpt>
      <trkpt lat="49.221817" lon="10.518302">
        <ele>484.110639</ele>
        <time>2026-09-25T14:55:37.401Z</time>
      </trkpt>
      <trkpt lat="49.221824" lon="10.518448">
        <ele>484.135320</ele>
        <time>2026-09-25T14:55:39.392Z</time>
      </trkpt>
      <trkpt lat="49.221836" lon="10.518642">
        <ele>484.168174</ele>
        <time>2026-09-25T14:55:42.383Z</time>
      </trkpt>
      <trkpt lat="49.221859" lon="10.518828">
        <ele>484.200090</ele>
        <time>2026-09-25T14:55:45.397Z</time>
      </trkpt>
      <trkpt lat="49.221879" lon="10.518962">
        <ele>484.223264</ele>
        <time>2026-09-25T14:55:47.391Z</time>
      </trkpt>
      <trkpt lat="49.221914" lon="10.519154">
        <ele>484.256871</ele>
        <time>2026-09-25T14:55:50.406Z</time>
      </trkpt>
      <trkpt lat="49.221950" lon="10.519346">
        <ele>484.290548</ele>
        <time>2026-09-25T14:55:53.387Z</time>
      </trkpt>
      <trkpt lat="49.221984" lon="10.519530">
        <ele>484.322787</ele>
        <time>2026-09-25T14:55:56.386Z</time>
      </trkpt>
      <trkpt lat="49.222006" lon="10.519666">
        <ele>484.346409</ele>
        <time>2026-09-25T14:55:58.430Z</time>
      </trkpt>
      <trkpt lat="49.222037" lon="10.519850">
        <ele>484.378445</ele>
        <time>2026-09-25T14:56:01.394Z</time>
      </trkpt>
      <trkpt lat="49.222077" lon="10.520045">
        <ele>484.412904</ele>
        <time>2026-09-25T14:56:04.395Z</time>
      </trkpt>
      <trkpt lat="49.222115" lon="10.520238">
        <ele>484.446889</ele>
        <time>2026-09-25T14:56:07.390Z</time>
      </trkpt>
      <trkpt lat="49.222158" lon="10.520437">
        <ele>484.482228</ele>
        <time>2026-09-25T14:56:10.381Z</time>
      </trkpt>
      <trkpt lat="49.222178" lon="10.520574">
        <ele>484.505895</ele>
        <time>2026-09-25T14:56:12.395Z</time>
      </trkpt>
      <trkpt lat="49.222171" lon="10.520775">
        <ele>484.490216</ele>
        <time>2026-09-25T14:56:15.380Z</time>
      </trkpt>
      <trkpt lat="49.222099" lon="10.520940">
        <ele>484.467869</ele>
        <time>2026-09-25T14:56:18.385Z</time>
      </trkpt>
      <trkpt lat="49.222026" lon="10.521028">
        <ele>484.451849</ele>
        <time>2026-09-25T14:56:20.380Z</time>
      </trkpt>
      <trkpt lat="49.221926" lon="10.521150">
        <ele>484.429803</ele>
        <time>2026-09-25T14:56:23.406Z</time>
      </trkpt>
      <trkpt lat="49.221828" lon="10.521277">
        <ele>484.407665</ele>
        <time>2026-09-25T14:56:26.390Z</time>
      </trkpt>
      <trkpt lat="49.221760" lon="10.521372">
        <ele>484.391793</ele>
        <time>2026-09-25T14:56:28.398Z</time>
      </trkpt>
      <trkpt lat="49.221664" lon="10.521511">
        <ele>484.369010</ele>
        <time>2026-09-25T14:56:31.421Z</time>
      </trkpt>
      <trkpt lat="49.221564" lon="10.521656">
        <ele>484.345263</ele>
        <time>2026-09-25T14:56:34.410Z</time>
      </trkpt>
      <trkpt lat="49.221497" lon="10.521750">
        <ele>484.329594</ele>
        <time>2026-09-25T14:56:36.393Z</time>
      </trkpt>
      <trkpt lat="49.221402" lon="10.521890">
        <ele>484.306859</ele>
        <time>2026-09-25T14:56:39.403Z</time>
      </trkpt>
      <trkpt lat="49.221336" lon="10.521987">
        <ele>484.291084</ele>
        <time>2026-09-25T14:56:41.390Z</time>
      </trkpt>
      <trkpt lat="49.221265" lon="10.522085">
        <ele>484.274602</ele>
        <time>2026-09-25T14:56:43.438Z</time>
      </trkpt>
      <trkpt lat="49.221163" lon="10.522220">
        <ele>484.251354</ele>
        <time>2026-09-25T14:56:46.391Z</time>
      </trkpt>
      <trkpt lat="49.221069" lon="10.522344">
        <ele>484.229960</ele>
        <time>2026-09-25T14:56:49.394Z</time>
      </trkpt>
      <trkpt lat="49.220999" lon="10.522439">
        <ele>484.213832</ele>
        <time>2026-09-25T14:56:51.404Z</time>
      </trkpt>
      <trkpt lat="49.220896" lon="10.522583">
        <ele>484.125938</ele>
        <time>2026-09-25T14:56:54.451Z</time>
      </trkpt>
      <trkpt lat="49.220823" lon="10.522688">
        <ele>484.000304</ele>
        <time>2026-09-25T14:56:56.402Z</time>
      </trkpt>
      <trkpt lat="49.220758" lon="10.522789">
        <ele>483.884141</ele>
        <time>2026-09-25T14:56:58.406Z</time>
      </trkpt>
      <trkpt lat="49.220673" lon="10.522940">
        <ele>483.720829</ele>
        <time>2026-09-25T14:57:01.405Z</time>
      </trkpt>
      <trkpt lat="49.220617" lon="10.523054">
        <ele>483.603967</ele>
        <time>2026-09-25T14:57:03.408Z</time>
      </trkpt>
      <trkpt lat="49.220558" lon="10.523174">
        <ele>483.480916</ele>
        <time>2026-09-25T14:57:05.392Z</time>
      </trkpt>
      <trkpt lat="49.220501" lon="10.523288">
        <ele>483.363296</ele>
        <time>2026-09-25T14:57:07.392Z</time>
      </trkpt>
      <trkpt lat="49.220445" lon="10.523402">
        <ele>483.246434</ele>
        <time>2026-09-25T14:57:09.383Z</time>
      </trkpt>
      <trkpt lat="49.220387" lon="10.523513">
        <ele>483.129977</ele>
        <time>2026-09-25T14:57:11.421Z</time>
      </trkpt>
      <trkpt lat="49.220303" lon="10.523676">
        <ele>482.959877</ele>
        <time>2026-09-25T14:57:14.409Z</time>
      </trkpt>
      <trkpt lat="49.220238" lon="10.523849">
        <ele>482.796367</ele>
        <time>2026-09-25T14:57:17.399Z</time>
      </trkpt>
      <trkpt lat="49.220200" lon="10.523975">
        <ele>482.682667</ele>
        <time>2026-09-25T14:57:19.405Z</time>
      </trkpt>
      <trkpt lat="49.220177" lon="10.524168">
        <ele>482.521939</ele>
        <time>2026-09-25T14:57:22.395Z</time>
      </trkpt>
      <trkpt lat="49.220180" lon="10.524350">
        <ele>482.372785</ele>
        <time>2026-09-25T14:57:25.383Z</time>
      </trkpt>
      <trkpt lat="49.220182" lon="10.524538">
        <ele>482.218743</ele>
        <time>2026-09-25T14:57:28.406Z</time>
      </trkpt>
      <trkpt lat="49.220192" lon="10.524680">
        <ele>482.101734</ele>
        <time>2026-09-25T14:57:30.386Z</time>
      </trkpt>
      <trkpt lat="49.220203" lon="10.524818">
        <ele>481.987837</ele>
        <time>2026-09-25T14:57:32.411Z</time>
      </trkpt>
      <trkpt lat="49.220220" lon="10.525016">
        <ele>482.005456</ele>
        <time>2026-09-25T14:57:35.384Z</time>
      </trkpt>
      <trkpt lat="49.220224" lon="10.525206">
        <ele>482.085596</ele>
        <time>2026-09-25T14:57:38.407Z</time>
      </trkpt>
      <trkpt lat="49.220212" lon="10.525405">
        <ele>482.169845</ele>
        <time>2026-09-25T14:57:41.493Z</time>
      </trkpt>
      <trkpt lat="49.220198" lon="10.525594">
        <ele>482.250032</ele>
        <time>2026-09-25T14:57:44.402Z</time>
      </trkpt>
      <trkpt lat="49.220184" lon="10.525785">
        <ele>482.331057</ele>
        <time>2026-09-25T14:57:47.387Z</time>
      </trkpt>
      <trkpt lat="49.220170" lon="10.525965">
        <ele>482.407476</ele>
        <time>2026-09-25T14:57:50.392Z</time>
      </trkpt>
      <trkpt lat="49.220152" lon="10.526144">
        <ele>482.483826</ele>
        <time>2026-09-25T14:57:53.399Z</time>
      </trkpt>
      <trkpt lat="49.220135" lon="10.526315">
        <ele>482.556744</ele>
        <time>2026-09-25T14:57:56.383Z</time>
      </trkpt>
      <trkpt lat="49.220121" lon="10.526495">
        <ele>482.633163</ele>
        <time>2026-09-25T14:57:59.413Z</time>
      </trkpt>
      <trkpt lat="49.220111" lon="10.526680">
        <ele>482.711420</ele>
        <time>2026-09-25T14:58:02.408Z</time>
      </trkpt>
      <trkpt lat="49.220092" lon="10.526876">
        <ele>482.794953</ele>
        <time>2026-09-25T14:58:05.374Z</time>
      </trkpt>
      <trkpt lat="49.220079" lon="10.527013">
        <ele>482.853314</ele>
        <time>2026-09-25T14:58:07.375Z</time>
      </trkpt>
      <trkpt lat="49.220064" lon="10.527217">
        <ele>482.939858</ele>
        <time>2026-09-25T14:58:10.391Z</time>
      </trkpt>
      <trkpt lat="49.220066" lon="10.527356">
        <ele>482.998470</ele>
        <time>2026-09-25T14:58:12.405Z</time>
      </trkpt>
      <trkpt lat="49.220071" lon="10.527502">
        <ele>483.060104</ele>
        <time>2026-09-25T14:58:14.393Z</time>
      </trkpt>
      <trkpt lat="49.220090" lon="10.527702">
        <ele>482.981675</ele>
        <time>2026-09-25T14:58:17.389Z</time>
      </trkpt>
      <trkpt lat="49.220115" lon="10.527836">
        <ele>482.803130</ele>
        <time>2026-09-25T14:58:19.388Z</time>
      </trkpt>
      <trkpt lat="49.220141" lon="10.527970">
        <ele>482.624036</ele>
        <time>2026-09-25T14:58:21.393Z</time>
      </trkpt>
      <trkpt lat="49.220172" lon="10.528103">
        <ele>482.443114</ele>
        <time>2026-09-25T14:58:23.411Z</time>
      </trkpt>
      <trkpt lat="49.220206" lon="10.528234">
        <ele>482.262514</ele>
        <time>2026-09-25T14:58:25.394Z</time>
      </trkpt>
      <trkpt lat="49.220242" lon="10.528364">
        <ele>482.081609</ele>
        <time>2026-09-25T14:58:27.396Z</time>
      </trkpt>
      <trkpt lat="49.220292" lon="10.528565">
        <ele>481.806047</ele>
        <time>2026-09-25T14:58:30.448Z</time>
      </trkpt>
      <trkpt lat="49.220335" lon="10.528758">
        <ele>481.544789</ele>
        <time>2026-09-25T14:58:33.382Z</time>
      </trkpt>
      <trkpt lat="49.220374" lon="10.528947">
        <ele>481.290850</ele>
        <time>2026-09-25T14:58:36.386Z</time>
      </trkpt>
      <trkpt lat="49.220401" lon="10.529079">
        <ele>481.113635</ele>
        <time>2026-09-25T14:58:38.383Z</time>
      </trkpt>
      <trkpt lat="49.220405" lon="10.529253">
        <ele>480.890572</ele>
        <time>2026-09-25T14:58:41.379Z</time>
      </trkpt>
      <trkpt lat="49.220320" lon="10.529344">
        <ele>480.687123</ele>
        <time>2026-09-25T14:58:44.396Z</time>
      </trkpt>
      <trkpt lat="49.220212" lon="10.529416">
        <ele>480.456065</ele>
        <time>2026-09-25T14:58:47.382Z</time>
      </trkpt>
      <trkpt lat="49.220100" lon="10.529498">
        <ele>480.212546</ele>
        <time>2026-09-25T14:58:50.404Z</time>
      </trkpt>
      <trkpt lat="49.219992" lon="10.529580">
        <ele>479.976081</ele>
        <time>2026-09-25T14:58:53.420Z</time>
      </trkpt>
      <trkpt lat="49.219884" lon="10.529658">
        <ele>479.741848</ele>
        <time>2026-09-25T14:58:56.393Z</time>
      </trkpt>
      <trkpt lat="49.219769" lon="10.529748">
        <ele>479.620386</ele>
        <time>2026-09-25T14:58:59.433Z</time>
      </trkpt>
      <trkpt lat="49.219656" lon="10.529833">
        <ele>479.742745</ele>
        <time>2026-09-25T14:59:02.411Z</time>
      </trkpt>
      <trkpt lat="49.219539" lon="10.529919">
        <ele>479.868878</ele>
        <time>2026-09-25T14:59:05.401Z</time>
      </trkpt>
      <trkpt lat="49.219423" lon="10.529989">
        <ele>479.990055</ele>
        <time>2026-09-25T14:59:08.425Z</time>
      </trkpt>
      <trkpt lat="49.219301" lon="10.530031">
        <ele>480.111583</ele>
        <time>2026-09-25T14:59:11.393Z</time>
      </trkpt>
      <trkpt lat="49.219179" lon="10.530030">
        <ele>480.230151</ele>
        <time>2026-09-25T14:59:14.402Z</time>
      </trkpt>
      <trkpt lat="49.219087" lon="10.530016">
        <ele>480.320003</ele>
        <time>2026-09-25T14:59:16.461Z</time>
      </trkpt>
      <trkpt lat="49.218992" lon="10.530006">
        <ele>480.412547</ele>
        <time>2026-09-25T14:59:18.385Z</time>
      </trkpt>
      <trkpt lat="49.218873" lon="10.529963">
        <ele>480.531376</ele>
        <time>2026-09-25T14:59:21.403Z</time>
      </trkpt>
      <trkpt lat="49.218746" lon="10.529917">
        <ele>480.658210</ele>
        <time>2026-09-25T14:59:24.392Z</time>
      </trkpt>
      <trkpt lat="49.218617" lon="10.529876">
        <ele>480.786253</ele>
        <time>2026-09-25T14:59:27.419Z</time>
      </trkpt>
      <trkpt lat="49.218489" lon="10.529837">
        <ele>480.913090</ele>
        <time>2026-09-25T14:59:30.422Z</time>
      </trkpt>
      <trkpt lat="49.218363" lon="10.529797">
        <ele>481.038149</ele>
        <time>2026-09-25T14:59:33.388Z</time>
      </trkpt>
      <trkpt lat="49.218242" lon="10.529758">
        <ele>481.158322</ele>
        <time>2026-09-25T14:59:36.410Z</time>
      </trkpt>
      <trkpt lat="49.218112" lon="10.529725">
        <ele>481.286389</ele>
        <time>2026-09-25T14:59:39.455Z</time>
      </trkpt>
      <trkpt lat="49.217984" lon="10.529686">
        <ele>481.331956</ele>
        <time>2026-09-25T14:59:42.399Z</time>
      </trkpt>
      <trkpt lat="49.217857" lon="10.529644">
        <ele>481.342276</ele>
        <time>2026-09-25T14:59:45.430Z</time>
      </trkpt>
      <trkpt lat="49.217733" lon="10.529608">
        <ele>481.352301</ele>
        <time>2026-09-25T14:59:48.423Z</time>
      </trkpt>
      <trkpt lat="49.217604" lon="10.529571">
        <ele>481.362725</ele>
        <time>2026-09-25T14:59:51.411Z</time>
      </trkpt>
      <trkpt lat="49.217481" lon="10.529532">
        <ele>481.372702</ele>
        <time>2026-09-25T14:59:54.395Z</time>
      </trkpt>
      <trkpt lat="49.217356" lon="10.529492">
        <ele>481.382845</ele>
        <time>2026-09-25T14:59:57.423Z</time>
      </trkpt>
      <trkpt lat="49.217230" lon="10.529463">
        <ele>481.392965</ele>
        <time>2026-09-25T15:00:00.397Z</time>
      </trkpt>
      <trkpt lat="49.217106" lon="10.529498">
        <ele>481.402980</ele>
        <time>2026-09-25T15:00:03.443Z</time>
      </trkpt>
      <trkpt lat="49.217004" lon="10.529630">
        <ele>481.413588</ele>
        <time>2026-09-25T15:00:06.396Z</time>
      </trkpt>
      <trkpt lat="49.216961" lon="10.529754">
        <ele>481.420872</ele>
        <time>2026-09-25T15:00:08.426Z</time>
      </trkpt>
      <trkpt lat="49.216930" lon="10.529884">
        <ele>481.428052</ele>
        <time>2026-09-25T15:00:10.410Z</time>
      </trkpt>
      <trkpt lat="49.216897" lon="10.530025">
        <ele>481.435823</ele>
        <time>2026-09-25T15:00:12.407Z</time>
      </trkpt>
      <trkpt lat="49.216867" lon="10.530161">
        <ele>481.443270</ele>
        <time>2026-09-25T15:00:14.396Z</time>
      </trkpt>
      <trkpt lat="49.216830" lon="10.530303">
        <ele>481.451202</ele>
        <time>2026-09-25T15:00:16.392Z</time>
      </trkpt>
      <trkpt lat="49.216797" lon="10.530437">
        <ele>481.458632</ele>
        <time>2026-09-25T15:00:18.398Z</time>
      </trkpt>
      <trkpt lat="49.216760" lon="10.530574">
        <ele>481.466323</ele>
        <time>2026-09-25T15:00:20.394Z</time>
      </trkpt>
      <trkpt lat="49.216725" lon="10.530704">
        <ele>481.526845</ele>
        <time>2026-09-25T15:00:22.411Z</time>
      </trkpt>
      <trkpt lat="49.216690" lon="10.530837">
        <ele>481.599908</ele>
        <time>2026-09-25T15:00:24.394Z</time>
      </trkpt>
      <trkpt lat="49.216647" lon="10.530964">
        <ele>481.672798</ele>
        <time>2026-09-25T15:00:26.415Z</time>
      </trkpt>
      <trkpt lat="49.216601" lon="10.531088">
        <ele>481.745460</ele>
        <time>2026-09-25T15:00:28.412Z</time>
      </trkpt>
      <trkpt lat="49.216536" lon="10.531258">
        <ele>481.845833</ele>
        <time>2026-09-25T15:00:31.380Z</time>
      </trkpt>
      <trkpt lat="49.216487" lon="10.531382">
        <ele>481.919679</ele>
        <time>2026-09-25T15:00:33.387Z</time>
      </trkpt>
      <trkpt lat="49.216416" lon="10.531540">
        <ele>482.017400</ele>
        <time>2026-09-25T15:00:36.407Z</time>
      </trkpt>
      <trkpt lat="49.216318" lon="10.531635">
        <ele>482.107885</ele>
        <time>2026-09-25T15:00:39.378Z</time>
      </trkpt>
      <trkpt lat="49.216195" lon="10.531585">
        <ele>482.207159</ele>
        <time>2026-09-25T15:00:42.396Z</time>
      </trkpt>
      <trkpt lat="49.216071" lon="10.531520">
        <ele>482.309402</ele>
        <time>2026-09-25T15:00:45.379Z</time>
      </trkpt>
      <trkpt lat="49.215951" lon="10.531460">
        <ele>482.407878</ele>
        <time>2026-09-25T15:00:48.394Z</time>
      </trkpt>
      <trkpt lat="49.215832" lon="10.531395">
        <ele>482.506439</ele>
        <time>2026-09-25T15:00:51.387Z</time>
      </trkpt>
      <trkpt lat="49.215710" lon="10.531327">
        <ele>482.607721</ele>
        <time>2026-09-25T15:00:54.391Z</time>
      </trkpt>
      <trkpt lat="49.215594" lon="10.531246">
        <ele>482.707178</ele>
        <time>2026-09-25T15:00:57.402Z</time>
      </trkpt>
      <trkpt lat="49.215485" lon="10.531165">
        <ele>482.801695</ele>
        <time>2026-09-25T15:01:00.401Z</time>
      </trkpt>
      <trkpt lat="49.215374" lon="10.531059">
        <ele>482.895299</ele>
        <time>2026-09-25T15:01:03.387Z</time>
      </trkpt>
      <trkpt lat="49.215272" lon="10.530947">
        <ele>482.968203</ele>
        <time>2026-09-25T15:01:06.409Z</time>
      </trkpt>
      <trkpt lat="49.215165" lon="10.530848">
        <ele>483.040816</ele>
        <time>2026-09-25T15:01:09.394Z</time>
      </trkpt>
      <trkpt lat="49.215068" lon="10.530726">
        <ele>483.113729</ele>
        <time>2026-09-25T15:01:12.390Z</time>
      </trkpt>
      <trkpt lat="49.214981" lon="10.530613">
        <ele>483.179994</ele>
        <time>2026-09-25T15:01:15.400Z</time>
      </trkpt>
      <trkpt lat="49.214914" lon="10.530521">
        <ele>483.232268</ele>
        <time>2026-09-25T15:01:18.393Z</time>
      </trkpt>
      <trkpt lat="49.214830" lon="10.530392">
        <ele>483.301372</ele>
        <time>2026-09-25T15:01:21.394Z</time>
      </trkpt>
      <trkpt lat="49.214736" lon="10.530256">
        <ele>483.376491</ele>
        <time>2026-09-25T15:01:24.413Z</time>
      </trkpt>
      <trkpt lat="49.214671" lon="10.530157">
        <ele>483.429745</ele>
        <time>2026-09-25T15:01:26.414Z</time>
      </trkpt>
      <trkpt lat="49.214602" lon="10.530062">
        <ele>483.483643</ele>
        <time>2026-09-25T15:01:28.399Z</time>
      </trkpt>
      <trkpt lat="49.214504" lon="10.529929">
        <ele>483.559708</ele>
        <time>2026-09-25T15:01:31.385Z</time>
      </trkpt>
      <trkpt lat="49.214404" lon="10.529805">
        <ele>483.634450</ele>
        <time>2026-09-25T15:01:34.413Z</time>
      </trkpt>
      <trkpt lat="49.214303" lon="10.529682">
        <ele>483.709408</ele>
        <time>2026-09-25T15:01:37.403Z</time>
      </trkpt>
      <trkpt lat="49.214203" lon="10.529565">
        <ele>483.782508</ele>
        <time>2026-09-25T15:01:40.433Z</time>
      </trkpt>
      <trkpt lat="49.214104" lon="10.529448">
        <ele>483.855148</ele>
        <time>2026-09-25T15:01:43.392Z</time>
      </trkpt>
      <trkpt lat="49.213996" lon="10.529336">
        <ele>483.926990</ele>
        <time>2026-09-25T15:01:46.396Z</time>
      </trkpt>
      <trkpt lat="49.213885" lon="10.529227">
        <ele>483.984324</ele>
        <time>2026-09-25T15:01:49.418Z</time>
      </trkpt>
      <trkpt lat="49.213767" lon="10.529129">
        <ele>484.042689</ele>
        <time>2026-09-25T15:01:52.396Z</time>
      </trkpt>
      <trkpt lat="49.213648" lon="10.529045">
        <ele>484.099661</ele>
        <time>2026-09-25T15:01:55.394Z</time>
      </trkpt>
      <trkpt lat="49.213529" lon="10.528964">
        <ele>484.156282</ele>
        <time>2026-09-25T15:01:58.394Z</time>
      </trkpt>
      <trkpt lat="49.213446" lon="10.528911">
        <ele>484.195381</ele>
        <time>2026-09-25T15:02:00.397Z</time>
      </trkpt>
      <trkpt lat="49.213330" lon="10.528831">
        <ele>484.250695</ele>
        <time>2026-09-25T15:02:03.441Z</time>
      </trkpt>
      <trkpt lat="49.213218" lon="10.528751">
        <ele>484.304428</ele>
        <time>2026-09-25T15:02:06.389Z</time>
      </trkpt>
      <trkpt lat="49.213111" lon="10.528670">
        <ele>484.356325</ele>
        <time>2026-09-25T15:02:09.412Z</time>
      </trkpt>
      <trkpt lat="49.213003" lon="10.528578">
        <ele>484.410060</ele>
        <time>2026-09-25T15:02:12.416Z</time>
      </trkpt>
      <trkpt lat="49.212891" lon="10.528478">
        <ele>484.466430</ele>
        <time>2026-09-25T15:02:15.408Z</time>
      </trkpt>
      <trkpt lat="49.212780" lon="10.528377">
        <ele>484.522570</ele>
        <time>2026-09-25T15:02:18.400Z</time>
      </trkpt>
      <trkpt lat="49.212670" lon="10.528280">
        <ele>484.577761</ele>
        <time>2026-09-25T15:02:21.391Z</time>
      </trkpt>
      <trkpt lat="49.212563" lon="10.528184">
        <ele>484.631682</ele>
        <time>2026-09-25T15:02:24.422Z</time>
      </trkpt>
      <trkpt lat="49.212454" lon="10.528084">
        <ele>484.686930</ele>
        <time>2026-09-25T15:02:27.379Z</time>
      </trkpt>
      <trkpt lat="49.212343" lon="10.527985">
        <ele>484.700660</ele>
        <time>2026-09-25T15:02:30.390Z</time>
      </trkpt>
      <trkpt lat="49.212231" lon="10.527888">
        <ele>484.704797</ele>
        <time>2026-09-25T15:02:33.385Z</time>
      </trkpt>
      <trkpt lat="49.212125" lon="10.527803">
        <ele>484.708645</ele>
        <time>2026-09-25T15:02:36.386Z</time>
      </trkpt>
      <trkpt lat="49.212028" lon="10.527777">
        <ele>484.711811</ele>
        <time>2026-09-25T15:02:39.393Z</time>
      </trkpt>
      <trkpt lat="49.211945" lon="10.527869">
        <ele>484.715106</ele>
        <time>2026-09-25T15:02:42.385Z</time>
      </trkpt>
      <trkpt lat="49.211859" lon="10.527980">
        <ele>484.718723</ele>
        <time>2026-09-25T15:02:45.374Z</time>
      </trkpt>
      <trkpt lat="49.211770" lon="10.528090">
        <ele>484.722401</ele>
        <time>2026-09-25T15:02:48.410Z</time>
      </trkpt>
      <trkpt lat="49.211683" lon="10.528214">
        <ele>484.726223</ele>
        <time>2026-09-25T15:02:51.423Z</time>
      </trkpt>
      <trkpt lat="49.211591" lon="10.528356">
        <ele>484.730424</ele>
        <time>2026-09-25T15:02:54.401Z</time>
      </trkpt>
      <trkpt lat="49.211510" lon="10.528495">
        <ele>484.734336</ele>
        <time>2026-09-25T15:02:57.457Z</time>
      </trkpt>
      <trkpt lat="49.211428" lon="10.528619">
        <ele>484.738042</ele>
        <time>2026-09-25T15:03:00.392Z</time>
      </trkpt>
      <trkpt lat="49.211346" lon="10.528759">
        <ele>484.741992</ele>
        <time>2026-09-25T15:03:03.454Z</time>
      </trkpt>
      <trkpt lat="49.211269" lon="10.528895">
        <ele>484.745772</ele>
        <time>2026-09-25T15:03:06.402Z</time>
      </trkpt>
      <trkpt lat="49.211192" lon="10.529029">
        <ele>484.749520</ele>
        <time>2026-09-25T15:03:09.441Z</time>
      </trkpt>
      <trkpt lat="49.211110" lon="10.529174">
        <ele>484.753549</ele>
        <time>2026-09-25T15:03:12.395Z</time>
      </trkpt>
      <trkpt lat="49.211031" lon="10.529317">
        <ele>484.832543</ele>
        <time>2026-09-25T15:03:15.469Z</time>
      </trkpt>
      <trkpt lat="49.210956" lon="10.529461">
        <ele>484.959707</ele>
        <time>2026-09-25T15:03:18.395Z</time>
      </trkpt>
      <trkpt lat="49.210875" lon="10.529600">
        <ele>485.088322</ele>
        <time>2026-09-25T15:03:21.451Z</time>
      </trkpt>
      <trkpt lat="49.210803" lon="10.529747">
        <ele>485.215185</ele>
        <time>2026-09-25T15:03:24.400Z</time>
      </trkpt>
      <trkpt lat="49.210725" lon="10.529878">
        <ele>485.337574</ele>
        <time>2026-09-25T15:03:27.454Z</time>
      </trkpt>
      <trkpt lat="49.210660" lon="10.530030">
        <ele>485.463017</ele>
        <time>2026-09-25T15:03:30.399Z</time>
      </trkpt>
      <trkpt lat="49.210600" lon="10.530181">
        <ele>485.585054</ele>
        <time>2026-09-25T15:03:33.394Z</time>
      </trkpt>
      <trkpt lat="49.210548" lon="10.530335">
        <ele>485.704755</ele>
        <time>2026-09-25T15:03:36.384Z</time>
      </trkpt>
      <trkpt lat="49.210516" lon="10.530498">
        <ele>485.822279</ele>
        <time>2026-09-25T15:03:39.421Z</time>
      </trkpt>
      <trkpt lat="49.210496" lon="10.530659">
        <ele>485.935442</ele>
        <time>2026-09-25T15:03:42.428Z</time>
      </trkpt>
      <trkpt lat="49.210479" lon="10.530829">
        <ele>486.054194</ele>
        <time>2026-09-25T15:03:45.391Z</time>
      </trkpt>
      <trkpt lat="49.210483" lon="10.531010">
        <ele>486.179246</ele>
        <time>2026-09-25T15:03:48.403Z</time>
      </trkpt>
      <trkpt lat="49.210492" lon="10.531189">
        <ele>486.303211</ele>
        <time>2026-09-25T15:03:51.400Z</time>
      </trkpt>
      <trkpt lat="49.210521" lon="10.531376">
        <ele>486.435923</ele>
        <time>2026-09-25T15:03:54.471Z</time>
      </trkpt>
      <trkpt lat="49.210545" lon="10.531557">
        <ele>486.563452</ele>
        <time>2026-09-25T15:03:57.394Z</time>
      </trkpt>
      <trkpt lat="49.210571" lon="10.531745">
        <ele>486.639356</ele>
        <time>2026-09-25T15:04:00.423Z</time>
      </trkpt>
      <trkpt lat="49.210597" lon="10.531940">
        <ele>486.581199</ele>
        <time>2026-09-25T15:04:03.402Z</time>
      </trkpt>
      <trkpt lat="49.210608" lon="10.532141">
        <ele>486.522258</ele>
        <time>2026-09-25T15:04:06.415Z</time>
      </trkpt>
      <trkpt lat="49.210617" lon="10.532336">
        <ele>486.465135</ele>
        <time>2026-09-25T15:04:09.389Z</time>
      </trkpt>
      <trkpt lat="49.210603" lon="10.532477">
        <ele>486.423459</ele>
        <time>2026-09-25T15:04:11.480Z</time>
      </trkpt>
      <trkpt lat="49.210581" lon="10.532675">
        <ele>486.364770</ele>
        <time>2026-09-25T15:04:14.397Z</time>
      </trkpt>
      <trkpt lat="49.210569" lon="10.532817">
        <ele>486.322930</ele>
        <time>2026-09-25T15:04:16.410Z</time>
      </trkpt>
      <trkpt lat="49.210556" lon="10.532959">
        <ele>486.281030</ele>
        <time>2026-09-25T15:04:18.416Z</time>
      </trkpt>
      <trkpt lat="49.210543" lon="10.533097">
        <ele>486.240287</ele>
        <time>2026-09-25T15:04:20.417Z</time>
      </trkpt>
      <trkpt lat="49.210529" lon="10.533234">
        <ele>486.199767</ele>
        <time>2026-09-25T15:04:22.418Z</time>
      </trkpt>
      <trkpt lat="49.210507" lon="10.533432">
        <ele>486.141078</ele>
        <time>2026-09-25T15:04:25.394Z</time>
      </trkpt>
      <trkpt lat="49.210485" lon="10.533566">
        <ele>486.100703</ele>
        <time>2026-09-25T15:04:27.426Z</time>
      </trkpt>
      <trkpt lat="49.210466" lon="10.533703">
        <ele>486.059778</ele>
        <time>2026-09-25T15:04:29.460Z</time>
      </trkpt>
      <trkpt lat="49.210450" lon="10.533839">
        <ele>486.019397</ele>
        <time>2026-09-25T15:04:31.402Z</time>
      </trkpt>
      <trkpt lat="49.210425" lon="10.534043">
        <ele>485.958746</ele>
        <time>2026-09-25T15:04:34.421Z</time>
      </trkpt>
      <trkpt lat="49.210405" lon="10.534182">
        <ele>485.917154</ele>
        <time>2026-09-25T15:04:36.418Z</time>
      </trkpt>
      <trkpt lat="49.210382" lon="10.534323">
        <ele>485.874687</ele>
        <time>2026-09-25T15:04:38.384Z</time>
      </trkpt>
      <trkpt lat="49.210358" lon="10.534459">
        <ele>485.837732</ele>
        <time>2026-09-25T15:04:40.414Z</time>
      </trkpt>
      <trkpt lat="49.210322" lon="10.534656">
        <ele>485.791800</ele>
        <time>2026-09-25T15:04:43.409Z</time>
      </trkpt>
      <trkpt lat="49.210291" lon="10.534789">
        <ele>485.760092</ele>
        <time>2026-09-25T15:04:45.400Z</time>
      </trkpt>
      <trkpt lat="49.210235" lon="10.534977">
        <ele>485.713698</ele>
        <time>2026-09-25T15:04:48.414Z</time>
      </trkpt>
      <trkpt lat="49.210174" lon="10.535156">
        <ele>485.668366</ele>
        <time>2026-09-25T15:04:51.387Z</time>
      </trkpt>
      <trkpt lat="49.210131" lon="10.535280">
        <ele>485.636843</ele>
        <time>2026-09-25T15:04:53.432Z</time>
      </trkpt>
      <trkpt lat="49.210060" lon="10.535452">
        <ele>485.591159</ele>
        <time>2026-09-25T15:04:56.406Z</time>
      </trkpt>
      <trkpt lat="49.210010" lon="10.535568">
        <ele>485.559954</ele>
        <time>2026-09-25T15:04:58.396Z</time>
      </trkpt>
      <trkpt lat="49.209957" lon="10.535686">
        <ele>485.527800</ele>
        <time>2026-09-25T15:05:00.413Z</time>
      </trkpt>
      <trkpt lat="49.209904" lon="10.535799">
        <ele>485.496565</ele>
        <time>2026-09-25T15:05:02.393Z</time>
      </trkpt>
      <trkpt lat="49.209828" lon="10.535968">
        <ele>485.450496</ele>
        <time>2026-09-25T15:05:05.421Z</time>
      </trkpt>
      <trkpt lat="49.209753" lon="10.536139">
        <ele>485.404248</ele>
        <time>2026-09-25T15:05:08.403Z</time>
      </trkpt>
      <trkpt lat="49.209701" lon="10.536259">
        <ele>485.371915</ele>
        <time>2026-09-25T15:05:10.405Z</time>
      </trkpt>
      <trkpt lat="49.209651" lon="10.536378">
        <ele>485.340145</ele>
        <time>2026-09-25T15:05:12.397Z</time>
      </trkpt>
      <trkpt lat="49.209581" lon="10.536543">
        <ele>485.295969</ele>
        <time>2026-09-25T15:05:15.413Z</time>
      </trkpt>
      <trkpt lat="49.209510" lon="10.536716">
        <ele>485.250094</ele>
        <time>2026-09-25T15:05:18.384Z</time>
      </trkpt>
      <trkpt lat="49.209462" lon="10.536835">
        <ele>485.194724</ele>
        <time>2026-09-25T15:05:20.389Z</time>
      </trkpt>
      <trkpt lat="49.209413" lon="10.536956">
        <ele>485.111013</ele>
        <time>2026-09-25T15:05:22.392Z</time>
      </trkpt>
      <trkpt lat="49.209362" lon="10.537081">
        <ele>485.024354</ele>
        <time>2026-09-25T15:05:24.407Z</time>
      </trkpt>
      <trkpt lat="49.209316" lon="10.537214">
        <ele>484.935863</ele>
        <time>2026-09-25T15:05:26.416Z</time>
      </trkpt>
      <trkpt lat="49.209274" lon="10.537343">
        <ele>484.851110</ele>
        <time>2026-09-25T15:05:28.394Z</time>
      </trkpt>
      <trkpt lat="49.209231" lon="10.537477">
        <ele>484.763323</ele>
        <time>2026-09-25T15:05:30.378Z</time>
      </trkpt>
      <trkpt lat="49.209186" lon="10.537603">
        <ele>484.678884</ele>
        <time>2026-09-25T15:05:32.405Z</time>
      </trkpt>
      <trkpt lat="49.209142" lon="10.537729">
        <ele>484.594873</ele>
        <time>2026-09-25T15:05:34.414Z</time>
      </trkpt>
      <trkpt lat="49.209081" lon="10.537909">
        <ele>484.475635</ele>
        <time>2026-09-25T15:05:37.399Z</time>
      </trkpt>
      <trkpt lat="49.209035" lon="10.538036">
        <ele>484.390247</ele>
        <time>2026-09-25T15:05:39.390Z</time>
      </trkpt>
      <trkpt lat="49.208974" lon="10.538212">
        <ele>484.273092</ele>
        <time>2026-09-25T15:05:42.415Z</time>
      </trkpt>
      <trkpt lat="49.208928" lon="10.538348">
        <ele>484.183038</ele>
        <time>2026-09-25T15:05:44.415Z</time>
      </trkpt>
      <trkpt lat="49.208884" lon="10.538477">
        <ele>484.097467</ele>
        <time>2026-09-25T15:05:46.388Z</time>
      </trkpt>
      <trkpt lat="49.208839" lon="10.538612">
        <ele>484.008347</ele>
        <time>2026-09-25T15:05:48.399Z</time>
      </trkpt>
      <trkpt lat="49.208793" lon="10.538744">
        <ele>483.920375</ele>
        <time>2026-09-25T15:05:50.435Z</time>
      </trkpt>
      <trkpt lat="49.208748" lon="10.538876">
        <ele>483.832823</ele>
        <time>2026-09-25T15:05:52.451Z</time>
      </trkpt>
      <trkpt lat="49.208701" lon="10.539007">
        <ele>483.744940</ele>
        <time>2026-09-25T15:05:54.408Z</time>
      </trkpt>
      <trkpt lat="49.208652" lon="10.539141">
        <ele>483.654641</ele>
        <time>2026-09-25T15:05:56.416Z</time>
      </trkpt>
      <trkpt lat="49.208605" lon="10.539267">
        <ele>483.527360</ele>
        <time>2026-09-25T15:05:58.400Z</time>
      </trkpt>
      <trkpt lat="49.208557" lon="10.539391">
        <ele>483.364008</ele>
        <time>2026-09-25T15:06:00.421Z</time>
      </trkpt>
      <trkpt lat="49.208512" lon="10.539514">
        <ele>483.204235</ele>
        <time>2026-09-25T15:06:02.414Z</time>
      </trkpt>
      <trkpt lat="49.208462" lon="10.539644">
        <ele>483.033263</ele>
        <time>2026-09-25T15:06:04.391Z</time>
      </trkpt>
      <trkpt lat="49.208412" lon="10.539774">
        <ele>482.862291</ele>
        <time>2026-09-25T15:06:06.427Z</time>
      </trkpt>
      <trkpt lat="49.208357" lon="10.539910">
        <ele>482.681013</ele>
        <time>2026-09-25T15:06:08.383Z</time>
      </trkpt>
      <trkpt lat="49.208306" lon="10.540041">
        <ele>482.508181</ele>
        <time>2026-09-25T15:06:10.423Z</time>
      </trkpt>
      <trkpt lat="49.208255" lon="10.540179">
        <ele>482.328488</ele>
        <time>2026-09-25T15:06:12.390Z</time>
      </trkpt>
      <trkpt lat="49.208206" lon="10.540315">
        <ele>482.152465</ele>
        <time>2026-09-25T15:06:14.403Z</time>
      </trkpt>
      <trkpt lat="49.208156" lon="10.540449">
        <ele>481.977570</ele>
        <time>2026-09-25T15:06:16.452Z</time>
      </trkpt>
      <trkpt lat="49.208107" lon="10.540582">
        <ele>481.804517</ele>
        <time>2026-09-25T15:06:18.492Z</time>
      </trkpt>
      <trkpt lat="49.208059" lon="10.540711">
        <ele>481.636263</ele>
        <time>2026-09-25T15:06:20.377Z</time>
      </trkpt>
      <trkpt lat="49.208013" lon="10.540845">
        <ele>481.464703</ele>
        <time>2026-09-25T15:06:22.393Z</time>
      </trkpt>
      <trkpt lat="49.207967" lon="10.540973">
        <ele>481.299133</ele>
        <time>2026-09-25T15:06:24.382Z</time>
      </trkpt>
      <trkpt lat="49.207920" lon="10.541102">
        <ele>481.131731</ele>
        <time>2026-09-25T15:06:26.400Z</time>
      </trkpt>
      <trkpt lat="49.207873" lon="10.541231">
        <ele>480.964328</ele>
        <time>2026-09-25T15:06:28.409Z</time>
      </trkpt>
      <trkpt lat="49.207815" lon="10.541378">
        <ele>480.769697</ele>
        <time>2026-09-25T15:06:30.428Z</time>
      </trkpt>
      <trkpt lat="49.207764" lon="10.541514">
        <ele>480.591972</ele>
        <time>2026-09-25T15:06:32.393Z</time>
      </trkpt>
      <trkpt lat="49.207712" lon="10.541649">
        <ele>480.485841</ele>
        <time>2026-09-25T15:06:34.406Z</time>
      </trkpt>
      <trkpt lat="49.207664" lon="10.541784">
        <ele>480.467398</ele>
        <time>2026-09-25T15:06:36.403Z</time>
      </trkpt>
      <trkpt lat="49.207622" lon="10.541910">
        <ele>480.450424</ele>
        <time>2026-09-25T15:06:38.403Z</time>
      </trkpt>
      <trkpt lat="49.207578" lon="10.542045">
        <ele>480.432320</ele>
        <time>2026-09-25T15:06:40.410Z</time>
      </trkpt>
      <trkpt lat="49.207529" lon="10.542179">
        <ele>480.413893</ele>
        <time>2026-09-25T15:06:42.410Z</time>
      </trkpt>
      <trkpt lat="49.207479" lon="10.542302">
        <ele>480.396509</ele>
        <time>2026-09-25T15:06:44.468Z</time>
      </trkpt>
      <trkpt lat="49.207431" lon="10.542424">
        <ele>480.379419</ele>
        <time>2026-09-25T15:06:46.400Z</time>
      </trkpt>
      <trkpt lat="49.207375" lon="10.542550">
        <ele>480.361132</ele>
        <time>2026-09-25T15:06:48.427Z</time>
      </trkpt>
      <trkpt lat="49.207320" lon="10.542661">
        <ele>480.344415</ele>
        <time>2026-09-25T15:06:50.394Z</time>
      </trkpt>
      <trkpt lat="49.207258" lon="10.542788">
        <ele>480.325390</ele>
        <time>2026-09-25T15:06:52.410Z</time>
      </trkpt>
      <trkpt lat="49.207204" lon="10.542906">
        <ele>480.308102</ele>
        <time>2026-09-25T15:06:54.392Z</time>
      </trkpt>
      <trkpt lat="49.207144" lon="10.543020">
        <ele>480.290535</ele>
        <time>2026-09-25T15:06:56.454Z</time>
      </trkpt>
      <trkpt lat="49.207081" lon="10.543139">
        <ele>480.272155</ele>
        <time>2026-09-25T15:06:58.414Z</time>
      </trkpt>
      <trkpt lat="49.207018" lon="10.543256">
        <ele>480.253961</ele>
        <time>2026-09-25T15:07:00.416Z</time>
      </trkpt>
      <trkpt lat="49.206954" lon="10.543377">
        <ele>480.235279</ele>
        <time>2026-09-25T15:07:02.424Z</time>
      </trkpt>
      <trkpt lat="49.206892" lon="10.543495">
        <ele>480.217108</ele>
        <time>2026-09-25T15:07:04.390Z</time>
      </trkpt>
      <trkpt lat="49.206824" lon="10.543613">
        <ele>480.198227</ele>
        <time>2026-09-25T15:07:06.382Z</time>
      </trkpt>
      <trkpt lat="49.206765" lon="10.543734">
        <ele>480.180108</ele>
        <time>2026-09-25T15:07:08.411Z</time>
      </trkpt>
      <trkpt lat="49.206676" lon="10.543889">
        <ele>480.149433</ele>
        <time>2026-09-25T15:07:11.402Z</time>
      </trkpt>
      <trkpt lat="49.206607" lon="10.543996">
        <ele>480.118980</ele>
        <time>2026-09-25T15:07:13.391Z</time>
      </trkpt>
      <trkpt lat="49.206546" lon="10.544102">
        <ele>480.090367</ele>
        <time>2026-09-25T15:07:15.412Z</time>
      </trkpt>
      <trkpt lat="49.206486" lon="10.544210">
        <ele>480.061651</ele>
        <time>2026-09-25T15:07:17.406Z</time>
      </trkpt>
      <trkpt lat="49.206425" lon="10.544314">
        <ele>480.033341</ele>
        <time>2026-09-25T15:07:19.409Z</time>
      </trkpt>
      <trkpt lat="49.206326" lon="10.544512">
        <ele>479.982837</ele>
        <time>2026-09-25T15:07:22.404Z</time>
      </trkpt>
      <trkpt lat="49.206276" lon="10.544650">
        <ele>479.950873</ele>
        <time>2026-09-25T15:07:24.493Z</time>
      </trkpt>
      <trkpt lat="49.206223" lon="10.544787">
        <ele>479.918622</ele>
        <time>2026-09-25T15:07:26.393Z</time>
      </trkpt>
      <trkpt lat="49.206176" lon="10.544919">
        <ele>479.888171</ele>
        <time>2026-09-25T15:07:28.374Z</time>
      </trkpt>
      <trkpt lat="49.206130" lon="10.545047">
        <ele>479.858580</ele>
        <time>2026-09-25T15:07:30.396Z</time>
      </trkpt>
      <trkpt lat="49.206086" lon="10.545183">
        <ele>479.827839</ele>
        <time>2026-09-25T15:07:32.385Z</time>
      </trkpt>
      <trkpt lat="49.206040" lon="10.545335">
        <ele>479.793907</ele>
        <time>2026-09-25T15:07:34.375Z</time>
      </trkpt>
      <trkpt lat="49.205994" lon="10.545500">
        <ele>479.757569</ele>
        <time>2026-09-25T15:07:36.406Z</time>
      </trkpt>
      <trkpt lat="49.205953" lon="10.545651">
        <ele>479.724446</ele>
        <time>2026-09-25T15:07:38.422Z</time>
      </trkpt>
      <trkpt lat="49.205915" lon="10.545818">
        <ele>479.688626</ele>
        <time>2026-09-25T15:07:40.412Z</time>
      </trkpt>
      <trkpt lat="49.205881" lon="10.545977">
        <ele>479.654737</ele>
        <time>2026-09-25T15:07:42.416Z</time>
      </trkpt>
      <trkpt lat="49.205851" lon="10.546141">
        <ele>479.620240</ele>
        <time>2026-09-25T15:07:44.412Z</time>
      </trkpt>
      <trkpt lat="49.205829" lon="10.546301">
        <ele>479.586051</ele>
        <time>2026-09-25T15:07:46.401Z</time>
      </trkpt>
      <trkpt lat="49.205807" lon="10.546461">
        <ele>479.551084</ele>
        <time>2026-09-25T15:07:48.494Z</time>
      </trkpt>
      <trkpt lat="49.205785" lon="10.546621">
        <ele>479.516118</ele>
        <time>2026-09-25T15:07:50.384Z</time>
      </trkpt>
      <trkpt lat="49.205767" lon="10.546765">
        <ele>479.484764</ele>
        <time>2026-09-25T15:07:52.388Z</time>
      </trkpt>
      <trkpt lat="49.205747" lon="10.546909">
        <ele>479.453280</ele>
        <time>2026-09-25T15:07:54.459Z</time>
      </trkpt>
      <trkpt lat="49.205728" lon="10.547048">
        <ele>479.422911</ele>
        <time>2026-09-25T15:07:56.394Z</time>
      </trkpt>
      <trkpt lat="49.205705" lon="10.547188">
        <ele>479.392039</ele>
        <time>2026-09-25T15:07:58.414Z</time>
      </trkpt>
      <trkpt lat="49.205688" lon="10.547335">
        <ele>479.360113</ele>
        <time>2026-09-25T15:08:00.371Z</time>
      </trkpt>
      <trkpt lat="49.205664" lon="10.547474">
        <ele>479.329366</ele>
        <time>2026-09-25T15:08:02.378Z</time>
      </trkpt>
      <trkpt lat="49.205628" lon="10.547672">
        <ele>479.285413</ele>
        <time>2026-09-25T15:08:04.376Z</time>
      </trkpt>
      <trkpt lat="49.205596" lon="10.547833">
        <ele>479.249424</ele>
        <time>2026-09-25T15:08:07.414Z</time>
      </trkpt>
      <trkpt lat="49.205561" lon="10.548033">
        <ele>479.205145</ele>
        <time>2026-09-25T15:08:10.394Z</time>
      </trkpt>
      <trkpt lat="49.205550" lon="10.548199">
        <ele>479.169462</ele>
        <time>2026-09-25T15:08:12.386Z</time>
      </trkpt>
      <trkpt lat="49.205535" lon="10.548381">
        <ele>479.130232</ele>
        <time>2026-09-25T15:08:15.402Z</time>
      </trkpt>
      <trkpt lat="49.205494" lon="10.548504">
        <ele>479.100702</ele>
        <time>2026-09-25T15:08:17.394Z</time>
      </trkpt>
      <trkpt lat="49.205446" lon="10.548621">
        <ele>479.071156</ele>
        <time>2026-09-25T15:08:19.403Z</time>
      </trkpt>
      <trkpt lat="49.205386" lon="10.548748">
        <ele>479.037639</ele>
        <time>2026-09-25T15:08:21.389Z</time>
      </trkpt>
      <trkpt lat="49.205326" lon="10.548870">
        <ele>478.998206</ele>
        <time>2026-09-25T15:08:23.416Z</time>
      </trkpt>
      <trkpt lat="49.205261" lon="10.548995">
        <ele>478.945615</ele>
        <time>2026-09-25T15:08:25.372Z</time>
      </trkpt>
      <trkpt lat="49.205190" lon="10.549160">
        <ele>478.880576</ele>
        <time>2026-09-25T15:08:28.422Z</time>
      </trkpt>
      <trkpt lat="49.205136" lon="10.549275">
        <ele>478.833955</ele>
        <time>2026-09-25T15:08:30.384Z</time>
      </trkpt>
      <trkpt lat="49.205098" lon="10.549402">
        <ele>478.787971</ele>
        <time>2026-09-25T15:08:32.396Z</time>
      </trkpt>
      <trkpt lat="49.205045" lon="10.549573">
        <ele>478.725666</ele>
        <time>2026-09-25T15:08:35.386Z</time>
      </trkpt>
      <trkpt lat="49.205010" lon="10.549704">
        <ele>478.679075</ele>
        <time>2026-09-25T15:08:37.405Z</time>
      </trkpt>
      <trkpt lat="49.204965" lon="10.549850">
        <ele>478.625933</ele>
        <time>2026-09-25T15:08:39.386Z</time>
      </trkpt>
      <trkpt lat="49.204933" lon="10.550001">
        <ele>478.573674</ele>
        <time>2026-09-25T15:08:41.386Z</time>
      </trkpt>
      <trkpt lat="49.204902" lon="10.550185">
        <ele>478.511121</ele>
        <time>2026-09-25T15:08:44.384Z</time>
      </trkpt>
      <trkpt lat="49.204875" lon="10.550317">
        <ele>478.465587</ele>
        <time>2026-09-25T15:08:46.360Z</time>
      </trkpt>
      <trkpt lat="49.204845" lon="10.550466">
        <ele>478.414260</ele>
        <time>2026-09-25T15:08:48.377Z</time>
      </trkpt>
      <trkpt lat="49.204818" lon="10.550599">
        <ele>478.368412</ele>
        <time>2026-09-25T15:08:50.421Z</time>
      </trkpt>
      <trkpt lat="49.204788" lon="10.550729">
        <ele>478.323025</ele>
        <time>2026-09-25T15:08:52.406Z</time>
      </trkpt>
      <trkpt lat="49.204755" lon="10.550858">
        <ele>478.277420</ele>
        <time>2026-09-25T15:08:54.401Z</time>
      </trkpt>
      <trkpt lat="49.204709" lon="10.550989">
        <ele>478.228461</ele>
        <time>2026-09-25T15:08:56.447Z</time>
      </trkpt>
      <trkpt lat="49.204657" lon="10.551104">
        <ele>478.182421</ele>
        <time>2026-09-25T15:08:58.407Z</time>
      </trkpt>
      <trkpt lat="49.204600" lon="10.551216">
        <ele>478.135685</ele>
        <time>2026-09-25T15:09:00.420Z</time>
      </trkpt>
      <trkpt lat="49.204536" lon="10.551318">
        <ele>478.174544</ele>
        <time>2026-09-25T15:09:02.455Z</time>
      </trkpt>
      <trkpt lat="49.204464" lon="10.551423">
        <ele>478.317560</ele>
        <time>2026-09-25T15:09:04.386Z</time>
      </trkpt>
      <trkpt lat="49.204393" lon="10.551521">
        <ele>478.455049</ele>
        <time>2026-09-25T15:09:06.386Z</time>
      </trkpt>
      <trkpt lat="49.204331" lon="10.551643">
        <ele>478.600270</ele>
        <time>2026-09-25T15:09:08.373Z</time>
      </trkpt>
      <trkpt lat="49.204236" lon="10.551777">
        <ele>478.786054</ele>
        <time>2026-09-25T15:09:11.395Z</time>
      </trkpt>
      <trkpt lat="49.204167" lon="10.551869">
        <ele>478.917652</ele>
        <time>2026-09-25T15:09:13.398Z</time>
      </trkpt>
      <trkpt lat="49.204098" lon="10.552043">
        <ele>479.108895</ele>
        <time>2026-09-25T15:09:16.408Z</time>
      </trkpt>
      <trkpt lat="49.204067" lon="10.552185">
        <ele>479.249566</ele>
        <time>2026-09-25T15:09:18.417Z</time>
      </trkpt>
      <trkpt lat="49.203992" lon="10.552310">
        <ele>479.409024</ele>
        <time>2026-09-25T15:09:20.407Z</time>
      </trkpt>
      <trkpt lat="49.203924" lon="10.552419">
        <ele>479.550626</ele>
        <time>2026-09-25T15:09:22.439Z</time>
      </trkpt>
      <trkpt lat="49.203862" lon="10.552529">
        <ele>479.687124</ele>
        <time>2026-09-25T15:09:24.392Z</time>
      </trkpt>
      <trkpt lat="49.203784" lon="10.552692">
        <ele>479.876960</ele>
        <time>2026-09-25T15:09:27.418Z</time>
      </trkpt>
      <trkpt lat="49.203721" lon="10.552871">
        <ele>480.067996</ele>
        <time>2026-09-25T15:09:30.392Z</time>
      </trkpt>
      <trkpt lat="49.203662" lon="10.553045">
        <ele>480.252189</ele>
        <time>2026-09-25T15:09:33.416Z</time>
      </trkpt>
      <trkpt lat="49.203604" lon="10.553224">
        <ele>480.439922</ele>
        <time>2026-09-25T15:09:36.401Z</time>
      </trkpt>
      <trkpt lat="49.203553" lon="10.553405">
        <ele>480.625128</ele>
        <time>2026-09-25T15:09:39.440Z</time>
      </trkpt>
      <trkpt lat="49.203503" lon="10.553595">
        <ele>480.775447</ele>
        <time>2026-09-25T15:09:42.384Z</time>
      </trkpt>
      <trkpt lat="49.203451" lon="10.553785">
        <ele>480.900878</ele>
        <time>2026-09-25T15:09:45.421Z</time>
      </trkpt>
      <trkpt lat="49.203414" lon="10.553915">
        <ele>480.987220</ele>
        <time>2026-09-25T15:09:47.407Z</time>
      </trkpt>
      <trkpt lat="49.203359" lon="10.554102">
        <ele>481.112089</ele>
        <time>2026-09-25T15:09:50.471Z</time>
      </trkpt>
      <trkpt lat="49.203315" lon="10.554226">
        <ele>481.198010</ele>
        <time>2026-09-25T15:09:52.422Z</time>
      </trkpt>
      <trkpt lat="49.203246" lon="10.554394">
        <ele>481.318838</ele>
        <time>2026-09-25T15:09:55.419Z</time>
      </trkpt>
      <trkpt lat="49.203196" lon="10.554508">
        <ele>481.402443</ele>
        <time>2026-09-25T15:09:57.399Z</time>
      </trkpt>
      <trkpt lat="49.203144" lon="10.554625">
        <ele>481.488604</ele>
        <time>2026-09-25T15:09:59.402Z</time>
      </trkpt>
      <trkpt lat="49.203091" lon="10.554741">
        <ele>481.574794</ele>
        <time>2026-09-25T15:10:01.421Z</time>
      </trkpt>
      <trkpt lat="49.203018" lon="10.554908">
        <ele>481.697140</ele>
        <time>2026-09-25T15:10:04.384Z</time>
      </trkpt>
      <trkpt lat="49.202947" lon="10.555065">
        <ele>481.813404</ele>
        <time>2026-09-25T15:10:07.412Z</time>
      </trkpt>
      <trkpt lat="49.202872" lon="10.555223">
        <ele>481.932321</ele>
        <time>2026-09-25T15:10:10.382Z</time>
      </trkpt>
      <trkpt lat="49.202794" lon="10.555377">
        <ele>482.050969</ele>
        <time>2026-09-25T15:10:13.405Z</time>
      </trkpt>
      <trkpt lat="49.202719" lon="10.555519">
        <ele>482.162151</ele>
        <time>2026-09-25T15:10:16.393Z</time>
      </trkpt>
      <trkpt lat="49.202637" lon="10.555673">
        <ele>482.283119</ele>
        <time>2026-09-25T15:10:19.408Z</time>
      </trkpt>
      <trkpt lat="49.202555" lon="10.555817">
        <ele>482.352928</ele>
        <time>2026-09-25T15:10:22.383Z</time>
      </trkpt>
      <trkpt lat="49.202468" lon="10.555954">
        <ele>482.255926</ele>
        <time>2026-09-25T15:10:25.419Z</time>
      </trkpt>
      <trkpt lat="49.202402" lon="10.556049">
        <ele>482.185519</ele>
        <time>2026-09-25T15:10:27.390Z</time>
      </trkpt>
      <trkpt lat="49.202308" lon="10.556178">
        <ele>482.087408</ele>
        <time>2026-09-25T15:10:30.415Z</time>
      </trkpt>
      <trkpt lat="49.202241" lon="10.556274">
        <ele>482.016086</ele>
        <time>2026-09-25T15:10:32.417Z</time>
      </trkpt>
      <trkpt lat="49.202147" lon="10.556400">
        <ele>481.918985</ele>
        <time>2026-09-25T15:10:35.468Z</time>
      </trkpt>
      <trkpt lat="49.202062" lon="10.556518">
        <ele>481.829807</ele>
        <time>2026-09-25T15:10:38.412Z</time>
      </trkpt>
      <trkpt lat="49.201976" lon="10.556638">
        <ele>481.739371</ele>
        <time>2026-09-25T15:10:41.393Z</time>
      </trkpt>
      <trkpt lat="49.201878" lon="10.556772">
        <ele>481.637250</ele>
        <time>2026-09-25T15:10:44.396Z</time>
      </trkpt>
      <trkpt lat="49.201811" lon="10.556868">
        <ele>481.565928</ele>
        <time>2026-09-25T15:10:46.457Z</time>
      </trkpt>
      <trkpt lat="49.201742" lon="10.556966">
        <ele>481.492777</ele>
        <time>2026-09-25T15:10:48.394Z</time>
      </trkpt>
      <trkpt lat="49.201668" lon="10.557079">
        <ele>481.411544</ele>
        <time>2026-09-25T15:10:50.386Z</time>
      </trkpt>
      <trkpt lat="49.201600" lon="10.557186">
        <ele>481.335755</ele>
        <time>2026-09-25T15:10:52.441Z</time>
      </trkpt>
      <trkpt lat="49.201512" lon="10.557336">
        <ele>481.233397</ele>
        <time>2026-09-25T15:10:55.423Z</time>
      </trkpt>
      <trkpt lat="49.201451" lon="10.557440">
        <ele>481.162436</ele>
        <time>2026-09-25T15:10:57.410Z</time>
      </trkpt>
      <trkpt lat="49.201363" lon="10.557605">
        <ele>481.054291</ele>
        <time>2026-09-25T15:11:00.426Z</time>
      </trkpt>
      <trkpt lat="49.201305" lon="10.557717">
        <ele>480.981728</ele>
        <time>2026-09-25T15:11:02.437Z</time>
      </trkpt>
      <trkpt lat="49.201220" lon="10.557876">
        <ele>481.106912</ele>
        <time>2026-09-25T15:11:05.402Z</time>
      </trkpt>
      <trkpt lat="49.201137" lon="10.558036">
        <ele>481.243778</ele>
        <time>2026-09-25T15:11:08.414Z</time>
      </trkpt>
      <trkpt lat="49.201058" lon="10.558192">
        <ele>481.376004</ele>
        <time>2026-09-25T15:11:11.419Z</time>
      </trkpt>
      <trkpt lat="49.201001" lon="10.558305">
        <ele>481.471643</ele>
        <time>2026-09-25T15:11:13.410Z</time>
      </trkpt>
      <trkpt lat="49.200946" lon="10.558416">
        <ele>481.564972</ele>
        <time>2026-09-25T15:11:15.402Z</time>
      </trkpt>
      <trkpt lat="49.200890" lon="10.558525">
        <ele>481.657867</ele>
        <time>2026-09-25T15:11:17.414Z</time>
      </trkpt>
      <trkpt lat="49.200806" lon="10.558684">
        <ele>481.794852</ele>
        <time>2026-09-25T15:11:20.421Z</time>
      </trkpt>
      <trkpt lat="49.200727" lon="10.558838">
        <ele>481.926022</ele>
        <time>2026-09-25T15:11:23.416Z</time>
      </trkpt>
      <trkpt lat="49.200668" lon="10.558955">
        <ele>482.025036</ele>
        <time>2026-09-25T15:11:25.406Z</time>
      </trkpt>
      <trkpt lat="49.200609" lon="10.559069">
        <ele>482.122466</ele>
        <time>2026-09-25T15:11:27.497Z</time>
      </trkpt>
      <trkpt lat="49.200551" lon="10.559188">
        <ele>482.221927</ele>
        <time>2026-09-25T15:11:29.373Z</time>
      </trkpt>
      <trkpt lat="49.200489" lon="10.559310">
        <ele>482.325473</ele>
        <time>2026-09-25T15:11:31.386Z</time>
      </trkpt>
      <trkpt lat="49.200424" lon="10.559437">
        <ele>482.433552</ele>
        <time>2026-09-25T15:11:33.393Z</time>
      </trkpt>
      <trkpt lat="49.200360" lon="10.559568">
        <ele>482.543136</ele>
        <time>2026-09-25T15:11:35.375Z</time>
      </trkpt>
      <trkpt lat="49.200296" lon="10.559697">
        <ele>482.651650</ele>
        <time>2026-09-25T15:11:37.402Z</time>
      </trkpt>
      <trkpt lat="49.200230" lon="10.559828">
        <ele>482.762475</ele>
        <time>2026-09-25T15:11:39.418Z</time>
      </trkpt>
      <trkpt lat="49.200168" lon="10.559952">
        <ele>482.801402</ele>
        <time>2026-09-25T15:11:41.398Z</time>
      </trkpt>
      <trkpt lat="49.200103" lon="10.560081">
        <ele>482.756505</ele>
        <time>2026-09-25T15:11:43.420Z</time>
      </trkpt>
      <trkpt lat="49.200040" lon="10.560207">
        <ele>482.712778</ele>
        <time>2026-09-25T15:11:45.421Z</time>
      </trkpt>
      <trkpt lat="49.199975" lon="10.560337">
        <ele>482.667663</ele>
        <time>2026-09-25T15:11:47.438Z</time>
      </trkpt>
      <trkpt lat="49.199911" lon="10.560471">
        <ele>482.621917</ele>
        <time>2026-09-25T15:11:49.391Z</time>
      </trkpt>
      <trkpt lat="49.199846" lon="10.560603">
        <ele>482.576363</ele>
        <time>2026-09-25T15:11:51.410Z</time>
      </trkpt>
      <trkpt lat="49.199780" lon="10.560738">
        <ele>482.529894</ele>
        <time>2026-09-25T15:11:53.402Z</time>
      </trkpt>
      <trkpt lat="49.199714" lon="10.560871">
        <ele>482.483865</ele>
        <time>2026-09-25T15:11:55.430Z</time>
      </trkpt>
      <trkpt lat="49.199646" lon="10.561001">
        <ele>482.437970</ele>
        <time>2026-09-25T15:11:57.397Z</time>
      </trkpt>
      <trkpt lat="49.199576" lon="10.561135">
        <ele>482.390686</ele>
        <time>2026-09-25T15:11:59.413Z</time>
      </trkpt>
      <trkpt lat="49.199503" lon="10.561271">
        <ele>482.342178</ele>
        <time>2026-09-25T15:12:01.412Z</time>
      </trkpt>
      <trkpt lat="49.199435" lon="10.561398">
        <ele>482.296925</ele>
        <time>2026-09-25T15:12:03.422Z</time>
      </trkpt>
      <trkpt lat="49.199361" lon="10.561530">
        <ele>482.248990</ele>
        <time>2026-09-25T15:12:05.396Z</time>
      </trkpt>
      <trkpt lat="49.199290" lon="10.561646">
        <ele>482.205184</ele>
        <time>2026-09-25T15:12:07.401Z</time>
      </trkpt>
      <trkpt lat="49.199219" lon="10.561758">
        <ele>482.162175</ele>
        <time>2026-09-25T15:12:09.411Z</time>
      </trkpt>
      <trkpt lat="49.199139" lon="10.561862">
        <ele>482.117901</ele>
        <time>2026-09-25T15:12:11.426Z</time>
      </trkpt>
      <trkpt lat="49.199058" lon="10.561960">
        <ele>482.074349</ele>
        <time>2026-09-25T15:12:13.403Z</time>
      </trkpt>
      <trkpt lat="49.198982" lon="10.562047">
        <ele>482.013813</ele>
        <time>2026-09-25T15:12:15.399Z</time>
      </trkpt>
      <trkpt lat="49.198902" lon="10.562140">
        <ele>481.939928</ele>
        <time>2026-09-25T15:12:17.411Z</time>
      </trkpt>
      <trkpt lat="49.198820" lon="10.562228">
        <ele>481.866273</ele>
        <time>2026-09-25T15:12:19.411Z</time>
      </trkpt>
      <trkpt lat="49.198732" lon="10.562313">
        <ele>481.789742</ele>
        <time>2026-09-25T15:12:21.432Z</time>
      </trkpt>
      <trkpt lat="49.198650" lon="10.562377">
        <ele>481.722047</ele>
        <time>2026-09-25T15:12:23.410Z</time>
      </trkpt>
      <trkpt lat="49.198557" lon="10.562443">
        <ele>481.646655</ele>
        <time>2026-09-25T15:12:25.414Z</time>
      </trkpt>
      <trkpt lat="49.198468" lon="10.562498">
        <ele>481.576066</ele>
        <time>2026-09-25T15:12:27.396Z</time>
      </trkpt>
      <trkpt lat="49.198381" lon="10.562556">
        <ele>481.506276</ele>
        <time>2026-09-25T15:12:29.407Z</time>
      </trkpt>
      <trkpt lat="49.198290" lon="10.562608">
        <ele>481.434838</ele>
        <time>2026-09-25T15:12:31.418Z</time>
      </trkpt>
      <trkpt lat="49.198199" lon="10.562650">
        <ele>481.364937</ele>
        <time>2026-09-25T15:12:33.398Z</time>
      </trkpt>
      <trkpt lat="49.198111" lon="10.562682">
        <ele>481.298417</ele>
        <time>2026-09-25T15:12:35.411Z</time>
      </trkpt>
      <trkpt lat="49.197991" lon="10.562723">
        <ele>481.207992</ele>
        <time>2026-09-25T15:12:38.395Z</time>
      </trkpt>
      <trkpt lat="49.197874" lon="10.562754">
        <ele>481.120666</ele>
        <time>2026-09-25T15:12:41.407Z</time>
      </trkpt>
      <trkpt lat="49.197756" lon="10.562777">
        <ele>481.033184</ele>
        <time>2026-09-25T15:12:44.386Z</time>
      </trkpt>
      <trkpt lat="49.197642" lon="10.562800">
        <ele>480.948619</ele>
        <time>2026-09-25T15:12:47.403Z</time>
      </trkpt>
      <trkpt lat="49.197528" lon="10.562825">
        <ele>480.863923</ele>
        <time>2026-09-25T15:12:50.397Z</time>
      </trkpt>
      <trkpt lat="49.197421" lon="10.562858">
        <ele>480.783650</ele>
        <time>2026-09-25T15:12:53.389Z</time>
      </trkpt>
      <trkpt lat="49.197307" lon="10.562900">
        <ele>480.784366</ele>
        <time>2026-09-25T15:12:56.392Z</time>
      </trkpt>
      <trkpt lat="49.197188" lon="10.562965">
        <ele>480.885235</ele>
        <time>2026-09-25T15:12:59.395Z</time>
      </trkpt>
      <trkpt lat="49.197105" lon="10.563031">
        <ele>480.959906</ele>
        <time>2026-09-25T15:13:01.412Z</time>
      </trkpt>
      <trkpt lat="49.197022" lon="10.563104">
        <ele>481.036330</ele>
        <time>2026-09-25T15:13:03.384Z</time>
      </trkpt>
      <trkpt lat="49.196917" lon="10.563209">
        <ele>481.136462</ele>
        <time>2026-09-25T15:13:06.385Z</time>
      </trkpt>
      <trkpt lat="49.196823" lon="10.563314">
        <ele>481.229367</ele>
        <time>2026-09-25T15:13:09.390Z</time>
      </trkpt>
      <trkpt lat="49.196727" lon="10.563425">
        <ele>481.325421</ele>
        <time>2026-09-25T15:13:12.381Z</time>
      </trkpt>
      <trkpt lat="49.196633" lon="10.563552">
        <ele>481.425523</ele>
        <time>2026-09-25T15:13:15.392Z</time>
      </trkpt>
      <trkpt lat="49.196566" lon="10.563658">
        <ele>481.502455</ele>
        <time>2026-09-25T15:13:17.388Z</time>
      </trkpt>
      <trkpt lat="49.196497" lon="10.563783">
        <ele>481.587815</ele>
        <time>2026-09-25T15:13:19.410Z</time>
      </trkpt>
      <trkpt lat="49.196436" lon="10.563918">
        <ele>481.673437</ele>
        <time>2026-09-25T15:13:21.433Z</time>
      </trkpt>
      <trkpt lat="49.196378" lon="10.564051">
        <ele>481.756850</ele>
        <time>2026-09-25T15:13:23.402Z</time>
      </trkpt>
      <trkpt lat="49.196328" lon="10.564173">
        <ele>481.831975</ele>
        <time>2026-09-25T15:13:25.434Z</time>
      </trkpt>
      <trkpt lat="49.196275" lon="10.564295">
        <ele>481.908400</ele>
        <time>2026-09-25T15:13:27.424Z</time>
      </trkpt>
      <trkpt lat="49.196223" lon="10.564415">
        <ele>481.983513</ele>
        <time>2026-09-25T15:13:29.392Z</time>
      </trkpt>
      <trkpt lat="49.196171" lon="10.564532">
        <ele>482.057328</ele>
        <time>2026-09-25T15:13:31.412Z</time>
      </trkpt>
      <trkpt lat="49.196113" lon="10.564645">
        <ele>482.132287</ele>
        <time>2026-09-25T15:13:33.444Z</time>
      </trkpt>
      <trkpt lat="49.196054" lon="10.564761">
        <ele>482.234833</ele>
        <time>2026-09-25T15:13:35.438Z</time>
      </trkpt>
      <trkpt lat="49.195997" lon="10.564871">
        <ele>482.363794</ele>
        <time>2026-09-25T15:13:37.393Z</time>
      </trkpt>
      <trkpt lat="49.195941" lon="10.564984">
        <ele>482.494072</ele>
        <time>2026-09-25T15:13:39.450Z</time>
      </trkpt>
      <trkpt lat="49.195859" lon="10.565147">
        <ele>482.683037</ele>
        <time>2026-09-25T15:13:42.396Z</time>
      </trkpt>
      <trkpt lat="49.195776" lon="10.565306">
        <ele>482.869979</ele>
        <time>2026-09-25T15:13:45.439Z</time>
      </trkpt>
      <trkpt lat="49.195718" lon="10.565414">
        <ele>482.998394</ele>
        <time>2026-09-25T15:13:47.435Z</time>
      </trkpt>
      <trkpt lat="49.195654" lon="10.565535">
        <ele>483.141395</ele>
        <time>2026-09-25T15:13:49.407Z</time>
      </trkpt>
      <trkpt lat="49.195589" lon="10.565659">
        <ele>483.287423</ele>
        <time>2026-09-25T15:13:51.437Z</time>
      </trkpt>
      <trkpt lat="49.195524" lon="10.565779">
        <ele>483.430605</ele>
        <time>2026-09-25T15:13:53.409Z</time>
      </trkpt>
      <trkpt lat="49.195453" lon="10.565907">
        <ele>483.584837</ele>
        <time>2026-09-25T15:13:55.390Z</time>
      </trkpt>
      <trkpt lat="49.195385" lon="10.566029">
        <ele>483.732138</ele>
        <time>2026-09-25T15:13:57.453Z</time>
      </trkpt>
      <trkpt lat="49.195316" lon="10.566150">
        <ele>483.879663</ele>
        <time>2026-09-25T15:13:59.388Z</time>
      </trkpt>
      <trkpt lat="49.195242" lon="10.566274">
        <ele>484.033925</ele>
        <time>2026-09-25T15:14:01.398Z</time>
      </trkpt>
      <trkpt lat="49.195166" lon="10.566394">
        <ele>484.187437</ele>
        <time>2026-09-25T15:14:03.431Z</time>
      </trkpt>
      <trkpt lat="49.195093" lon="10.566511">
        <ele>484.336039</ele>
        <time>2026-09-25T15:14:05.406Z</time>
      </trkpt>
      <trkpt lat="49.195023" lon="10.566621">
        <ele>484.477085</ele>
        <time>2026-09-25T15:14:07.397Z</time>
      </trkpt>
      <trkpt lat="49.194954" lon="10.566733">
        <ele>484.618485</ele>
        <time>2026-09-25T15:14:09.436Z</time>
      </trkpt>
      <trkpt lat="49.194884" lon="10.566845">
        <ele>484.632235</ele>
        <time>2026-09-25T15:14:11.391Z</time>
      </trkpt>
      <trkpt lat="49.194814" lon="10.566956">
        <ele>484.456647</ele>
        <time>2026-09-25T15:14:13.394Z</time>
      </trkpt>
      <trkpt lat="49.194741" lon="10.567071">
        <ele>484.274153</ele>
        <time>2026-09-25T15:14:15.392Z</time>
      </trkpt>
      <trkpt lat="49.194669" lon="10.567188">
        <ele>484.091217</ele>
        <time>2026-09-25T15:14:17.383Z</time>
      </trkpt>
      <trkpt lat="49.194598" lon="10.567303">
        <ele>483.911132</ele>
        <time>2026-09-25T15:14:19.399Z</time>
      </trkpt>
      <trkpt lat="49.194529" lon="10.567414">
        <ele>483.736749</ele>
        <time>2026-09-25T15:14:21.452Z</time>
      </trkpt>
      <trkpt lat="49.194458" lon="10.567528">
        <ele>483.557490</ele>
        <time>2026-09-25T15:14:23.402Z</time>
      </trkpt>
      <trkpt lat="49.194390" lon="10.567633">
        <ele>483.389220</ele>
        <time>2026-09-25T15:14:25.401Z</time>
      </trkpt>
      <trkpt lat="49.194321" lon="10.567744">
        <ele>483.214836</ele>
        <time>2026-09-25T15:14:27.486Z</time>
      </trkpt>
      <trkpt lat="49.194254" lon="10.567850">
        <ele>483.046971</ele>
        <time>2026-09-25T15:14:29.380Z</time>
      </trkpt>
      <trkpt lat="49.194156" lon="10.567992">
        <ele>482.811883</ele>
        <time>2026-09-25T15:14:32.374Z</time>
      </trkpt>
      <trkpt lat="49.194061" lon="10.568104">
        <ele>482.602990</ele>
        <time>2026-09-25T15:14:35.384Z</time>
      </trkpt>
      <trkpt lat="49.193954" lon="10.568208">
        <ele>482.382192</ele>
        <time>2026-09-25T15:14:38.393Z</time>
      </trkpt>
      <trkpt lat="49.193848" lon="10.568304">
        <ele>482.167640</ele>
        <time>2026-09-25T15:14:41.392Z</time>
      </trkpt>
      <trkpt lat="49.193754" lon="10.568377">
        <ele>481.984026</ele>
        <time>2026-09-25T15:14:44.395Z</time>
      </trkpt>
      <trkpt lat="49.193664" lon="10.568403">
        <ele>481.824490</ele>
        <time>2026-09-25T15:14:47.386Z</time>
      </trkpt>
      <trkpt lat="49.193575" lon="10.568377">
        <ele>481.666665</ele>
        <time>2026-09-25T15:14:50.387Z</time>
      </trkpt>
      <trkpt lat="49.193485" lon="10.568448">
        <ele>481.575663</ele>
        <time>2026-09-25T15:14:53.383Z</time>
      </trkpt>
      <trkpt lat="49.193383" lon="10.568533">
        <ele>481.588875</ele>
        <time>2026-09-25T15:14:56.409Z</time>
      </trkpt>
      <trkpt lat="49.193283" lon="10.568632">
        <ele>481.602423</ele>
        <time>2026-09-25T15:14:59.383Z</time>
      </trkpt>
      <trkpt lat="49.193209" lon="10.568724">
        <ele>481.613270</ele>
        <time>2026-09-25T15:15:01.400Z</time>
      </trkpt>
      <trkpt lat="49.193140" lon="10.568817">
        <ele>481.623729</ele>
        <time>2026-09-25T15:15:03.400Z</time>
      </trkpt>
      <trkpt lat="49.193056" lon="10.568927">
        <ele>481.636306</ele>
        <time>2026-09-25T15:15:05.424Z</time>
      </trkpt>
      <trkpt lat="49.192976" lon="10.569052">
        <ele>481.649313</ele>
        <time>2026-09-25T15:15:07.419Z</time>
      </trkpt>
      <trkpt lat="49.192904" lon="10.569172">
        <ele>481.661423</ele>
        <time>2026-09-25T15:15:09.395Z</time>
      </trkpt>
      <trkpt lat="49.192807" lon="10.569312">
        <ele>481.676592</ele>
        <time>2026-09-25T15:15:12.428Z</time>
      </trkpt>
      <trkpt lat="49.192738" lon="10.569442">
        <ele>481.689042</ele>
        <time>2026-09-25T15:15:14.389Z</time>
      </trkpt>
      <trkpt lat="49.192667" lon="10.569564">
        <ele>481.701187</ele>
        <time>2026-09-25T15:15:16.423Z</time>
      </trkpt>
      <trkpt lat="49.192592" lon="10.569697">
        <ele>481.714246</ele>
        <time>2026-09-25T15:15:18.410Z</time>
      </trkpt>
      <trkpt lat="49.192520" lon="10.569830">
        <ele>481.727085</ele>
        <time>2026-09-25T15:15:20.401Z</time>
      </trkpt>
      <trkpt lat="49.192445" lon="10.569950">
        <ele>481.739429</ele>
        <time>2026-09-25T15:15:22.421Z</time>
      </trkpt>
      <trkpt lat="49.192370" lon="10.570071">
        <ele>481.751827</ele>
        <time>2026-09-25T15:15:24.437Z</time>
      </trkpt>
      <trkpt lat="49.192305" lon="10.570176">
        <ele>481.762579</ele>
        <time>2026-09-25T15:15:26.399Z</time>
      </trkpt>
      <trkpt lat="49.192238" lon="10.570283">
        <ele>481.773596</ele>
        <time>2026-09-25T15:15:28.383Z</time>
      </trkpt>
      <trkpt lat="49.192170" lon="10.570390">
        <ele>481.901066</ele>
        <time>2026-09-25T15:15:30.421Z</time>
      </trkpt>
      <trkpt lat="49.192106" lon="10.570497">
        <ele>482.041807</ele>
        <time>2026-09-25T15:15:32.402Z</time>
      </trkpt>
      <trkpt lat="49.192039" lon="10.570604">
        <ele>482.185594</ele>
        <time>2026-09-25T15:15:34.402Z</time>
      </trkpt>
      <trkpt lat="49.191965" lon="10.570709">
        <ele>482.335431</ele>
        <time>2026-09-25T15:15:36.400Z</time>
      </trkpt>
      <trkpt lat="49.191895" lon="10.570819">
        <ele>482.484406</ele>
        <time>2026-09-25T15:15:38.416Z</time>
      </trkpt>
      <trkpt lat="49.191831" lon="10.570932">
        <ele>482.629496</ele>
        <time>2026-09-25T15:15:40.393Z</time>
      </trkpt>
      <trkpt lat="49.191766" lon="10.571036">
        <ele>482.769126</ele>
        <time>2026-09-25T15:15:42.442Z</time>
      </trkpt>
      <trkpt lat="49.191695" lon="10.571128">
        <ele>482.907261</ele>
        <time>2026-09-25T15:15:44.395Z</time>
      </trkpt>
      <trkpt lat="49.191619" lon="10.571224">
        <ele>483.053580</ele>
        <time>2026-09-25T15:15:46.400Z</time>
      </trkpt>
      <trkpt lat="49.191536" lon="10.571294">
        <ele>483.194291</ele>
        <time>2026-09-25T15:15:48.387Z</time>
      </trkpt>
      <trkpt lat="49.191456" lon="10.571359">
        <ele>483.328775</ele>
        <time>2026-09-25T15:15:50.394Z</time>
      </trkpt>
      <trkpt lat="49.191371" lon="10.571418">
        <ele>483.467354</ele>
        <time>2026-09-25T15:15:52.402Z</time>
      </trkpt>
      <trkpt lat="49.191247" lon="10.571493">
        <ele>483.665320</ele>
        <time>2026-09-25T15:15:55.405Z</time>
      </trkpt>
      <trkpt lat="49.191155" lon="10.571542">
        <ele>483.809952</ele>
        <time>2026-09-25T15:15:57.407Z</time>
      </trkpt>
      <trkpt lat="49.191064" lon="10.571571">
        <ele>483.947961</ele>
        <time>2026-09-25T15:15:59.389Z</time>
      </trkpt>
      <trkpt lat="49.190970" lon="10.571593">
        <ele>484.089148</ele>
        <time>2026-09-25T15:16:01.399Z</time>
      </trkpt>
      <trkpt lat="49.190879" lon="10.571599">
        <ele>484.224382</ele>
        <time>2026-09-25T15:16:03.399Z</time>
      </trkpt>
      <trkpt lat="49.190789" lon="10.571592">
        <ele>484.358179</ele>
        <time>2026-09-25T15:16:05.402Z</time>
      </trkpt>
      <trkpt lat="49.190662" lon="10.571582">
        <ele>484.545210</ele>
        <time>2026-09-25T15:16:08.406Z</time>
      </trkpt>
      <trkpt lat="49.190535" lon="10.571570">
        <ele>484.730817</ele>
        <time>2026-09-25T15:16:11.406Z</time>
      </trkpt>
      <trkpt lat="49.190417" lon="10.571558">
        <ele>484.903323</ele>
        <time>2026-09-25T15:16:14.408Z</time>
      </trkpt>
      <trkpt lat="49.190301" lon="10.571547">
        <ele>485.072856</ele>
        <time>2026-09-25T15:16:17.400Z</time>
      </trkpt>
      <trkpt lat="49.190193" lon="10.571532">
        <ele>485.231043</ele>
        <time>2026-09-25T15:16:20.407Z</time>
      </trkpt>
      <trkpt lat="49.190080" lon="10.571525">
        <ele>485.396010</ele>
        <time>2026-09-25T15:16:23.404Z</time>
      </trkpt>
      <trkpt lat="49.189977" lon="10.571513">
        <ele>485.546691</ele>
        <time>2026-09-25T15:16:26.396Z</time>
      </trkpt>
      <trkpt lat="49.189879" lon="10.571506">
        <ele>485.689799</ele>
        <time>2026-09-25T15:16:29.408Z</time>
      </trkpt>
      <trkpt lat="49.189771" lon="10.571501">
        <ele>485.847410</ele>
        <time>2026-09-25T15:16:32.409Z</time>
      </trkpt>
      <trkpt lat="49.189668" lon="10.571490">
        <ele>485.998021</ele>
        <time>2026-09-25T15:16:35.403Z</time>
      </trkpt>
      <trkpt lat="49.189564" lon="10.571478">
        <ele>486.150156</ele>
        <time>2026-09-25T15:16:38.403Z</time>
      </trkpt>
      <trkpt lat="49.189459" lon="10.571473">
        <ele>486.303393</ele>
        <time>2026-09-25T15:16:41.414Z</time>
      </trkpt>
      <trkpt lat="49.189353" lon="10.571464">
        <ele>486.458253</ele>
        <time>2026-09-25T15:16:44.393Z</time>
      </trkpt>
      <trkpt lat="49.189249" lon="10.571452">
        <ele>486.610388</ele>
        <time>2026-09-25T15:16:47.406Z</time>
      </trkpt>
      <trkpt lat="49.189140" lon="10.571439">
        <ele>486.769868</ele>
        <time>2026-09-25T15:16:50.389Z</time>
      </trkpt>
      <trkpt lat="49.189027" lon="10.571434">
        <ele>486.934770</ele>
        <time>2026-09-25T15:16:53.425Z</time>
      </trkpt>
      <trkpt lat="49.188924" lon="10.571447">
        <ele>487.072665</ele>
        <time>2026-09-25T15:16:56.428Z</time>
      </trkpt>
      <trkpt lat="49.188799" lon="10.571492">
        <ele>487.112544</ele>
        <time>2026-09-25T15:16:59.390Z</time>
      </trkpt>
      <trkpt lat="49.188684" lon="10.571605">
        <ele>487.154988</ele>
        <time>2026-09-25T15:17:02.386Z</time>
      </trkpt>
      <trkpt lat="49.188614" lon="10.571695">
        <ele>487.183383</ele>
        <time>2026-09-25T15:17:04.376Z</time>
      </trkpt>
      <trkpt lat="49.188542" lon="10.571838">
        <ele>487.220021</ele>
        <time>2026-09-25T15:17:07.387Z</time>
      </trkpt>
      <trkpt lat="49.188493" lon="10.571965">
        <ele>487.249955</ele>
        <time>2026-09-25T15:17:09.410Z</time>
      </trkpt>
      <trkpt lat="49.188451" lon="10.572158">
        <ele>487.291242</ele>
        <time>2026-09-25T15:17:12.390Z</time>
      </trkpt>
      <trkpt lat="49.188442" lon="10.572346">
        <ele>487.329503</ele>
        <time>2026-09-25T15:17:15.403Z</time>
      </trkpt>
      <trkpt lat="49.188461" lon="10.572540">
        <ele>487.369318</ele>
        <time>2026-09-25T15:17:18.390Z</time>
      </trkpt>
      <trkpt lat="49.188499" lon="10.572733">
        <ele>487.410230</ele>
        <time>2026-09-25T15:17:21.406Z</time>
      </trkpt>
      <trkpt lat="49.188550" lon="10.572913">
        <ele>487.450050</ele>
        <time>2026-09-25T15:17:24.438Z</time>
      </trkpt>
      <trkpt lat="49.188582" lon="10.573043">
        <ele>487.478245</ele>
        <time>2026-09-25T15:17:26.390Z</time>
      </trkpt>
      <trkpt lat="49.188611" lon="10.573179">
        <ele>487.507281</ele>
        <time>2026-09-25T15:17:28.391Z</time>
      </trkpt>
      <trkpt lat="49.188634" lon="10.573325">
        <ele>487.537763</ele>
        <time>2026-09-25T15:17:30.397Z</time>
      </trkpt>
      <trkpt lat="49.188654" lon="10.573472">
        <ele>487.568239</ele>
        <time>2026-09-25T15:17:32.377Z</time>
      </trkpt>
      <trkpt lat="49.188659" lon="10.573627">
        <ele>487.599737</ele>
        <time>2026-09-25T15:17:34.402Z</time>
      </trkpt>
      <trkpt lat="49.188656" lon="10.573843">
        <ele>487.535248</ele>
        <time>2026-09-25T15:17:37.400Z</time>
      </trkpt>
      <trkpt lat="49.188649" lon="10.574007">
        <ele>487.340280</ele>
        <time>2026-09-25T15:17:39.415Z</time>
      </trkpt>
      <trkpt lat="49.188640" lon="10.574174">
        <ele>487.141495</ele>
        <time>2026-09-25T15:17:41.392Z</time>
      </trkpt>
      <trkpt lat="49.188619" lon="10.574343">
        <ele>486.937418</ele>
        <time>2026-09-25T15:17:43.396Z</time>
      </trkpt>
      <trkpt lat="49.188593" lon="10.574508">
        <ele>486.736069</ele>
        <time>2026-09-25T15:17:45.438Z</time>
      </trkpt>
      <trkpt lat="49.188563" lon="10.574677">
        <ele>486.528320</ele>
        <time>2026-09-25T15:17:47.421Z</time>
      </trkpt>
      <trkpt lat="49.188530" lon="10.574840">
        <ele>486.325887</ele>
        <time>2026-09-25T15:17:49.407Z</time>
      </trkpt>
      <trkpt lat="49.188498" lon="10.575006">
        <ele>486.120573</ele>
        <time>2026-09-25T15:17:51.452Z</time>
      </trkpt>
      <trkpt lat="49.188463" lon="10.575164">
        <ele>485.922663</ele>
        <time>2026-09-25T15:17:53.413Z</time>
      </trkpt>
      <trkpt lat="49.188428" lon="10.575334">
        <ele>485.711221</ele>
        <time>2026-09-25T15:17:55.416Z</time>
      </trkpt>
      <trkpt lat="49.188398" lon="10.575486">
        <ele>485.522859</ele>
        <time>2026-09-25T15:17:57.390Z</time>
      </trkpt>
      <trkpt lat="49.188364" lon="10.575656">
        <ele>485.311955</ele>
        <time>2026-09-25T15:17:59.410Z</time>
      </trkpt>
      <trkpt lat="49.188337" lon="10.575817">
        <ele>485.114772</ele>
        <time>2026-09-25T15:18:01.396Z</time>
      </trkpt>
      <trkpt lat="49.188310" lon="10.575981">
        <ele>484.914139</ele>
        <time>2026-09-25T15:18:03.434Z</time>
      </trkpt>
      <trkpt lat="49.188286" lon="10.576143">
        <ele>484.717081</ele>
        <time>2026-09-25T15:18:05.416Z</time>
      </trkpt>
      <trkpt lat="49.188266" lon="10.576309">
        <ele>484.516835</ele>
        <time>2026-09-25T15:18:07.399Z</time>
      </trkpt>
      <trkpt lat="49.188249" lon="10.576479">
        <ele>484.311989</ele>
        <time>2026-09-25T15:18:09.439Z</time>
      </trkpt>
      <trkpt lat="49.188223" lon="10.576657">
        <ele>484.092060</ele>
        <time>2026-09-25T15:18:11.402Z</time>
      </trkpt>
      <trkpt lat="49.188203" lon="10.576798">
        <ele>483.918082</ele>
        <time>2026-09-25T15:18:13.418Z</time>
      </trkpt>
      <trkpt lat="49.188168" lon="10.576986">
        <ele>483.682372</ele>
        <time>2026-09-25T15:18:15.457Z</time>
      </trkpt>
      <trkpt lat="49.188147" lon="10.577131">
        <ele>483.503288</ele>
        <time>2026-09-25T15:18:17.389Z</time>
      </trkpt>
      <trkpt lat="49.188129" lon="10.577305">
        <ele>483.290864</ele>
        <time>2026-09-25T15:18:19.384Z</time>
      </trkpt>
      <trkpt lat="49.188095" lon="10.577471">
        <ele>483.081100</ele>
        <time>2026-09-25T15:18:21.383Z</time>
      </trkpt>
      <trkpt lat="49.188054" lon="10.577633">
        <ele>482.871624</ele>
        <time>2026-09-25T15:18:23.400Z</time>
      </trkpt>
      <trkpt lat="49.188015" lon="10.577798">
        <ele>482.660053</ele>
        <time>2026-09-25T15:18:25.423Z</time>
      </trkpt>
      <trkpt lat="49.187980" lon="10.577958">
        <ele>482.456602</ele>
        <time>2026-09-25T15:18:27.382Z</time>
      </trkpt>
      <trkpt lat="49.187947" lon="10.578116">
        <ele>482.256592</ele>
        <time>2026-09-25T15:18:29.406Z</time>
      </trkpt>
      <trkpt lat="49.187917" lon="10.578264">
        <ele>482.069744</ele>
        <time>2026-09-25T15:18:31.400Z</time>
      </trkpt>
      <trkpt lat="49.187889" lon="10.578417">
        <ele>481.878158</ele>
        <time>2026-09-25T15:18:33.408Z</time>
      </trkpt>
      <trkpt lat="49.187868" lon="10.578552">
        <ele>481.710825</ele>
        <time>2026-09-25T15:18:35.390Z</time>
      </trkpt>
      <trkpt lat="49.187850" lon="10.578690">
        <ele>481.541140</ele>
        <time>2026-09-25T15:18:37.417Z</time>
      </trkpt>
      <trkpt lat="49.187824" lon="10.578842">
        <ele>481.351682</ele>
        <time>2026-09-25T15:18:39.415Z</time>
      </trkpt>
      <trkpt lat="49.187803" lon="10.579015">
        <ele>481.139508</ele>
        <time>2026-09-25T15:18:42.387Z</time>
      </trkpt>
      <trkpt lat="49.187787" lon="10.579187">
        <ele>481.129797</ele>
        <time>2026-09-25T15:18:45.404Z</time>
      </trkpt>
      <trkpt lat="49.187775" lon="10.579359">
        <ele>481.284813</ele>
        <time>2026-09-25T15:18:48.397Z</time>
      </trkpt>
      <trkpt lat="49.187757" lon="10.579513">
        <ele>481.425012</ele>
        <time>2026-09-25T15:18:51.407Z</time>
      </trkpt>
      <trkpt lat="49.187742" lon="10.579701">
        <ele>481.594742</ele>
        <time>2026-09-25T15:18:54.393Z</time>
      </trkpt>
      <trkpt lat="49.187721" lon="10.579894">
        <ele>481.770082</ele>
        <time>2026-09-25T15:18:57.385Z</time>
      </trkpt>
      <trkpt lat="49.187687" lon="10.580052">
        <ele>481.919153</ele>
        <time>2026-09-25T15:18:59.377Z</time>
      </trkpt>
      <trkpt lat="49.187602" lon="10.580118">
        <ele>482.049851</ele>
        <time>2026-09-25T15:19:04.397Z</time>
      </trkpt>
      <trkpt lat="49.187503" lon="10.580163">
        <ele>482.191459</ele>
        <time>2026-09-25T15:19:09.384Z</time>
      </trkpt>
      <trkpt lat="49.187503" lon="10.580328">
        <ele>482.339327</ele>
        <time>2026-09-25T15:19:12.389Z</time>
      </trkpt>
      <trkpt lat="49.187502" lon="10.580523">
        <ele>482.514085</ele>
        <time>2026-09-25T15:19:16.423Z</time>
      </trkpt>
      <trkpt lat="49.187488" lon="10.580731">
        <ele>482.701474</ele>
        <time>2026-09-25T15:19:20.382Z</time>
      </trkpt>
      <trkpt lat="49.187449" lon="10.580899">
        <ele>482.861245</ele>
        <time>2026-09-25T15:19:23.425Z</time>
      </trkpt>
      <trkpt lat="49.187412" lon="10.581071">
        <ele>483.023520</ele>
        <time>2026-09-25T15:19:26.421Z</time>
      </trkpt>
      <trkpt lat="49.187386" lon="10.581244">
        <ele>483.182604</ele>
        <time>2026-09-25T15:19:29.405Z</time>
      </trkpt>
      <trkpt lat="49.187354" lon="10.581389">
        <ele>483.319756</ele>
        <time>2026-09-25T15:19:32.392Z</time>
      </trkpt>
      <trkpt lat="49.187339" lon="10.581555">
        <ele>483.469936</ele>
        <time>2026-09-25T15:19:35.394Z</time>
      </trkpt>
      <trkpt lat="49.187345" lon="10.581737">
        <ele>483.501917</ele>
        <time>2026-09-25T15:19:38.410Z</time>
      </trkpt>
      <trkpt lat="49.187307" lon="10.581909">
        <ele>483.490050</ele>
        <time>2026-09-25T15:19:41.396Z</time>
      </trkpt>
      <trkpt lat="49.187248" lon="10.582069">
        <ele>483.478043</ele>
        <time>2026-09-25T15:19:44.405Z</time>
      </trkpt>
      <trkpt lat="49.187191" lon="10.582256">
        <ele>483.464556</ele>
        <time>2026-09-25T15:19:47.393Z</time>
      </trkpt>
      <trkpt lat="49.187147" lon="10.582379">
        <ele>483.455391</ele>
        <time>2026-09-25T15:19:49.449Z</time>
      </trkpt>
      <trkpt lat="49.187102" lon="10.582519">
        <ele>483.445194</ele>
        <time>2026-09-25T15:19:51.391Z</time>
      </trkpt>
      <trkpt lat="49.187058" lon="10.582648">
        <ele>483.435683</ele>
        <time>2026-09-25T15:19:53.381Z</time>
      </trkpt>
      <trkpt lat="49.187014" lon="10.582776">
        <ele>483.426231</ele>
        <time>2026-09-25T15:19:55.385Z</time>
      </trkpt>
      <trkpt lat="49.186965" lon="10.582899">
        <ele>483.416815</ele>
        <time>2026-09-25T15:19:57.386Z</time>
      </trkpt>
      <trkpt lat="49.186888" lon="10.583079">
        <ele>483.402755</ele>
        <time>2026-09-25T15:20:00.395Z</time>
      </trkpt>
      <trkpt lat="49.186834" lon="10.583206">
        <ele>483.392852</ele>
        <time>2026-09-25T15:20:02.403Z</time>
      </trkpt>
      <trkpt lat="49.186780" lon="10.583334">
        <ele>483.382894</ele>
        <time>2026-09-25T15:20:04.434Z</time>
      </trkpt>
      <trkpt lat="49.186726" lon="10.583457">
        <ele>483.373209</ele>
        <time>2026-09-25T15:20:06.396Z</time>
      </trkpt>
      <trkpt lat="49.186655" lon="10.583644">
        <ele>483.359074</ele>
        <time>2026-09-25T15:20:09.391Z</time>
      </trkpt>
      <trkpt lat="49.186598" lon="10.583782">
        <ele>483.348404</ele>
        <time>2026-09-25T15:20:11.407Z</time>
      </trkpt>
      <trkpt lat="49.186544" lon="10.583929">
        <ele>483.337382</ele>
        <time>2026-09-25T15:20:13.407Z</time>
      </trkpt>
      <trkpt lat="49.186494" lon="10.584074">
        <ele>483.270390</ele>
        <time>2026-09-25T15:20:15.412Z</time>
      </trkpt>
      <trkpt lat="49.186438" lon="10.584209">
        <ele>483.123403</ele>
        <time>2026-09-25T15:20:17.434Z</time>
      </trkpt>
      <trkpt lat="49.186367" lon="10.584352">
        <ele>482.958318</ele>
        <time>2026-09-25T15:20:20.419Z</time>
      </trkpt>
      <trkpt lat="49.186369" lon="10.584531">
        <ele>482.793743</ele>
        <time>2026-09-25T15:20:24.406Z</time>
      </trkpt>
      <trkpt lat="49.186377" lon="10.584695">
        <ele>482.642562</ele>
        <time>2026-09-25T15:20:27.491Z</time>
      </trkpt>
      <trkpt lat="49.186302" lon="10.584861">
        <ele>482.457051</ele>
        <time>2026-09-25T15:20:30.383Z</time>
      </trkpt>
      <trkpt lat="49.186238" lon="10.585028">
        <ele>482.279087</ele>
        <time>2026-09-25T15:20:33.401Z</time>
      </trkpt>
      <trkpt lat="49.186190" lon="10.585157">
        <ele>482.142630</ele>
        <time>2026-09-25T15:20:36.379Z</time>
      </trkpt>
      <trkpt lat="49.186128" lon="10.585295">
        <ele>481.988688</ele>
        <time>2026-09-25T15:20:39.405Z</time>
      </trkpt>
      <trkpt lat="49.186065" lon="10.585448">
        <ele>481.822453</ele>
        <time>2026-09-25T15:20:42.412Z</time>
      </trkpt>
      <trkpt lat="49.185993" lon="10.585610">
        <ele>481.642360</ele>
        <time>2026-09-25T15:20:45.402Z</time>
      </trkpt>
      <trkpt lat="49.185927" lon="10.585779">
        <ele>481.461381</ele>
        <time>2026-09-25T15:20:48.422Z</time>
      </trkpt>
      <trkpt lat="49.185857" lon="10.585951">
        <ele>481.275116</ele>
        <time>2026-09-25T15:20:51.391Z</time>
      </trkpt>
      <trkpt lat="49.185786" lon="10.586123">
        <ele>481.088105</ele>
        <time>2026-09-25T15:20:54.415Z</time>
      </trkpt>
      <trkpt lat="49.185739" lon="10.586249">
        <ele>480.954738</ele>
        <time>2026-09-25T15:20:56.392Z</time>
      </trkpt>
      <trkpt lat="49.185694" lon="10.586376">
        <ele>480.821936</ele>
        <time>2026-09-25T15:20:58.404Z</time>
      </trkpt>
      <trkpt lat="49.185651" lon="10.586499">
        <ele>480.721512</ele>
        <time>2026-09-25T15:21:00.392Z</time>
      </trkpt>
      <trkpt lat="49.185604" lon="10.586634">
        <ele>480.617272</ele>
        <time>2026-09-25T15:21:02.409Z</time>
      </trkpt>
      <trkpt lat="49.185557" lon="10.586782">
        <ele>480.505134</ele>
        <time>2026-09-25T15:21:04.393Z</time>
      </trkpt>
      <trkpt lat="49.185513" lon="10.586940">
        <ele>480.388089</ele>
        <time>2026-09-25T15:21:06.398Z</time>
      </trkpt>
      <trkpt lat="49.185471" lon="10.587104">
        <ele>480.268049</ele>
        <time>2026-09-25T15:21:08.397Z</time>
      </trkpt>
      <trkpt lat="49.185433" lon="10.587278">
        <ele>480.143022</ele>
        <time>2026-09-25T15:21:10.416Z</time>
      </trkpt>
      <trkpt lat="49.185402" lon="10.587430">
        <ele>480.034507</ele>
        <time>2026-09-25T15:21:12.408Z</time>
      </trkpt>
      <trkpt lat="49.185362" lon="10.587573">
        <ele>479.928502</ele>
        <time>2026-09-25T15:21:14.425Z</time>
      </trkpt>
      <trkpt lat="49.185324" lon="10.587716">
        <ele>479.823300</ele>
        <time>2026-09-25T15:21:16.383Z</time>
      </trkpt>
      <trkpt lat="49.185297" lon="10.587858">
        <ele>479.722513</ele>
        <time>2026-09-25T15:21:18.401Z</time>
      </trkpt>
      <trkpt lat="49.185282" lon="10.588008">
        <ele>479.619097</ele>
        <time>2026-09-25T15:21:20.452Z</time>
      </trkpt>
      <trkpt lat="49.185270" lon="10.588218">
        <ele>479.475434</ele>
        <time>2026-09-25T15:21:23.421Z</time>
      </trkpt>
      <trkpt lat="49.185260" lon="10.588420">
        <ele>479.337375</ele>
        <time>2026-09-25T15:21:26.402Z</time>
      </trkpt>
      <trkpt lat="49.185246" lon="10.588610">
        <ele>479.207068</ele>
        <time>2026-09-25T15:21:29.405Z</time>
      </trkpt>
      <trkpt lat="49.185231" lon="10.588797">
        <ele>479.078669</ele>
        <time>2026-09-25T15:21:32.462Z</time>
      </trkpt>
      <trkpt lat="49.185221" lon="10.588973">
        <ele>478.958271</ele>
        <time>2026-09-25T15:21:35.412Z</time>
      </trkpt>
      <trkpt lat="49.185217" lon="10.589118">
        <ele>478.855733</ele>
        <time>2026-09-25T15:21:37.423Z</time>
      </trkpt>
      <trkpt lat="49.185213" lon="10.589330">
        <ele>478.703294</ele>
        <time>2026-09-25T15:21:40.398Z</time>
      </trkpt>
      <trkpt lat="49.185209" lon="10.589487">
        <ele>478.590365</ele>
        <time>2026-09-25T15:21:42.391Z</time>
      </trkpt>
      <trkpt lat="49.185210" lon="10.589654">
        <ele>478.470328</ele>
        <time>2026-09-25T15:21:44.389Z</time>
      </trkpt>
      <trkpt lat="49.185218" lon="10.589817">
        <ele>478.352842</ele>
        <time>2026-09-25T15:21:46.395Z</time>
      </trkpt>
      <trkpt lat="49.185229" lon="10.589980">
        <ele>478.235063</ele>
        <time>2026-09-25T15:21:48.406Z</time>
      </trkpt>
      <trkpt lat="49.185243" lon="10.590149">
        <ele>478.112622</ele>
        <time>2026-09-25T15:21:50.392Z</time>
      </trkpt>
      <trkpt lat="49.185261" lon="10.590321">
        <ele>477.987422</ele>
        <time>2026-09-25T15:21:52.410Z</time>
      </trkpt>
      <trkpt lat="49.185274" lon="10.590495">
        <ele>477.861545</ele>
        <time>2026-09-25T15:21:54.433Z</time>
      </trkpt>
      <trkpt lat="49.185295" lon="10.590653">
        <ele>477.745659</ele>
        <time>2026-09-25T15:21:56.406Z</time>
      </trkpt>
      <trkpt lat="49.185318" lon="10.590806">
        <ele>477.632819</ele>
        <time>2026-09-25T15:21:58.415Z</time>
      </trkpt>
      <trkpt lat="49.185342" lon="10.590966">
        <ele>477.514829</ele>
        <time>2026-09-25T15:22:00.451Z</time>
      </trkpt>
      <trkpt lat="49.185366" lon="10.591123">
        <ele>477.398941</ele>
        <time>2026-09-25T15:22:02.390Z</time>
      </trkpt>
      <trkpt lat="49.185388" lon="10.591273">
        <ele>477.288447</ele>
        <time>2026-09-25T15:22:04.412Z</time>
      </trkpt>
      <trkpt lat="49.185407" lon="10.591419">
        <ele>477.181450</ele>
        <time>2026-09-25T15:22:06.394Z</time>
      </trkpt>
      <trkpt lat="49.185432" lon="10.591557">
        <ele>477.078524</ele>
        <time>2026-09-25T15:22:08.418Z</time>
      </trkpt>
      <trkpt lat="49.185455" lon="10.591700">
        <ele>476.972676</ele>
        <time>2026-09-25T15:22:10.394Z</time>
      </trkpt>
      <trkpt lat="49.185473" lon="10.591843">
        <ele>476.996716</ele>
        <time>2026-09-25T15:22:12.384Z</time>
      </trkpt>
      <trkpt lat="49.185488" lon="10.591981">
        <ele>477.058119</ele>
        <time>2026-09-25T15:22:14.385Z</time>
      </trkpt>
      <trkpt lat="49.185507" lon="10.592126">
        <ele>477.123030</ele>
        <time>2026-09-25T15:22:16.412Z</time>
      </trkpt>
      <trkpt lat="49.185521" lon="10.592269">
        <ele>477.186496</ele>
        <time>2026-09-25T15:22:18.415Z</time>
      </trkpt>
      <trkpt lat="49.185532" lon="10.592421">
        <ele>477.253620</ele>
        <time>2026-09-25T15:22:20.417Z</time>
      </trkpt>
      <trkpt lat="49.185541" lon="10.592562">
        <ele>477.315802</ele>
        <time>2026-09-25T15:22:22.401Z</time>
      </trkpt>
      <trkpt lat="49.185552" lon="10.592763">
        <ele>477.404334</ele>
        <time>2026-09-25T15:22:25.420Z</time>
      </trkpt>
      <trkpt lat="49.185556" lon="10.592952">
        <ele>477.487334</ele>
        <time>2026-09-25T15:22:28.414Z</time>
      </trkpt>
      <trkpt lat="49.185544" lon="10.593160">
        <ele>477.578985</ele>
        <time>2026-09-25T15:22:31.429Z</time>
      </trkpt>
      <trkpt lat="49.185533" lon="10.593309">
        <ele>477.644800</ele>
        <time>2026-09-25T15:22:33.433Z</time>
      </trkpt>
      <trkpt lat="49.185519" lon="10.593455">
        <ele>477.709569</ele>
        <time>2026-09-25T15:22:35.447Z</time>
      </trkpt>
      <trkpt lat="49.185505" lon="10.593602">
        <ele>477.774772</ele>
        <time>2026-09-25T15:22:37.421Z</time>
      </trkpt>
      <trkpt lat="49.185487" lon="10.593749">
        <ele>477.840416</ele>
        <time>2026-09-25T15:22:39.385Z</time>
      </trkpt>
      <trkpt lat="49.185467" lon="10.593892">
        <ele>477.904603</ele>
        <time>2026-09-25T15:22:41.464Z</time>
      </trkpt>
      <trkpt lat="49.185441" lon="10.594028">
        <ele>477.966798</ele>
        <time>2026-09-25T15:22:43.386Z</time>
      </trkpt>
      <trkpt lat="49.185401" lon="10.594220">
        <ele>478.055248</ele>
        <time>2026-09-25T15:22:46.416Z</time>
      </trkpt>
      <trkpt lat="49.185358" lon="10.594409">
        <ele>478.143087</ele>
        <time>2026-09-25T15:22:49.430Z</time>
      </trkpt>
      <trkpt lat="49.185300" lon="10.594586">
        <ele>477.925776</ele>
        <time>2026-09-25T15:22:52.410Z</time>
      </trkpt>
      <trkpt lat="49.185250" lon="10.594742">
        <ele>477.689476</ele>
        <time>2026-09-25T15:22:55.414Z</time>
      </trkpt>
      <trkpt lat="49.185194" lon="10.594905">
        <ele>477.439034</ele>
        <time>2026-09-25T15:22:58.470Z</time>
      </trkpt>
      <trkpt lat="49.185128" lon="10.595065">
        <ele>477.181718</ele>
        <time>2026-09-25T15:23:01.401Z</time>
      </trkpt>
      <trkpt lat="49.185073" lon="10.595187">
        <ele>476.980155</ele>
        <time>2026-09-25T15:23:03.433Z</time>
      </trkpt>
      <trkpt lat="49.185003" lon="10.595346">
        <ele>476.719432</ele>
        <time>2026-09-25T15:23:06.398Z</time>
      </trkpt>
      <trkpt lat="49.184929" lon="10.595513">
        <ele>476.445033</ele>
        <time>2026-09-25T15:23:09.402Z</time>
      </trkpt>
      <trkpt lat="49.184856" lon="10.595665">
        <ele>476.188503</ele>
        <time>2026-09-25T15:23:12.398Z</time>
      </trkpt>
      <trkpt lat="49.184778" lon="10.595819">
        <ele>475.923533</ele>
        <time>2026-09-25T15:23:15.475Z</time>
      </trkpt>
      <trkpt lat="49.184676" lon="10.595964">
        <ele>475.633817</ele>
        <time>2026-09-25T15:23:18.481Z</time>
      </trkpt>
      <trkpt lat="49.184605" lon="10.596062">
        <ele>475.434845</ele>
        <time>2026-09-25T15:23:20.389Z</time>
      </trkpt>
      <trkpt lat="49.184537" lon="10.596155">
        <ele>475.245060</ele>
        <time>2026-09-25T15:23:22.414Z</time>
      </trkpt>
      <trkpt lat="49.184441" lon="10.596285">
        <ele>474.978298</ele>
        <time>2026-09-25T15:23:25.383Z</time>
      </trkpt>
      <trkpt lat="49.184369" lon="10.596371">
        <ele>474.788231</ele>
        <time>2026-09-25T15:23:27.405Z</time>
      </trkpt>
      <trkpt lat="49.184262" lon="10.596490">
        <ele>474.512979</ele>
        <time>2026-09-25T15:23:30.386Z</time>
      </trkpt>
      <trkpt lat="49.184151" lon="10.596595">
        <ele>474.415819</ele>
        <time>2026-09-25T15:23:33.392Z</time>
      </trkpt>
      <trkpt lat="49.184056" lon="10.596683">
        <ele>474.419337</ele>
        <time>2026-09-25T15:23:36.422Z</time>
      </trkpt>
      <trkpt lat="49.183966" lon="10.596762">
        <ele>474.422624</ele>
        <time>2026-09-25T15:23:39.402Z</time>
      </trkpt>
      <trkpt lat="49.183861" lon="10.596868">
        <ele>474.426610</ele>
        <time>2026-09-25T15:23:43.411Z</time>
      </trkpt>
      <trkpt lat="49.183792" lon="10.596962">
        <ele>474.429537</ele>
        <time>2026-09-25T15:23:46.419Z</time>
      </trkpt>
      <trkpt lat="49.183719" lon="10.597057">
        <ele>474.432573</ele>
        <time>2026-09-25T15:23:49.400Z</time>
      </trkpt>
      <trkpt lat="49.183630" lon="10.597142">
        <ele>474.435897</ele>
        <time>2026-09-25T15:23:53.383Z</time>
      </trkpt>
      <trkpt lat="49.183565" lon="10.597238">
        <ele>474.438759</ele>
        <time>2026-09-25T15:23:58.368Z</time>
      </trkpt>
      <trkpt lat="49.183475" lon="10.597280">
        <ele>474.441740</ele>
        <time>2026-09-25T15:24:01.391Z</time>
      </trkpt>
      <trkpt lat="49.183370" lon="10.597336">
        <ele>474.445262</ele>
        <time>2026-09-25T15:24:04.394Z</time>
      </trkpt>
      <trkpt lat="49.183268" lon="10.597390">
        <ele>474.448682</ele>
        <time>2026-09-25T15:24:07.405Z</time>
      </trkpt>
      <trkpt lat="49.183182" lon="10.597454">
        <ele>474.451711</ele>
        <time>2026-09-25T15:24:10.389Z</time>
      </trkpt>
      <trkpt lat="49.183079" lon="10.597545">
        <ele>474.455479</ele>
        <time>2026-09-25T15:24:13.393Z</time>
      </trkpt>
      <trkpt lat="49.182969" lon="10.597630">
        <ele>474.459384</ele>
        <time>2026-09-25T15:24:16.386Z</time>
      </trkpt>
      <trkpt lat="49.182858" lon="10.597731">
        <ele>474.463475</ele>
        <time>2026-09-25T15:24:19.382Z</time>
      </trkpt>
      <trkpt lat="49.182756" lon="10.597824">
        <ele>474.467237</ele>
        <time>2026-09-25T15:24:22.393Z</time>
      </trkpt>
      <trkpt lat="49.182674" lon="10.597906">
        <ele>474.487702</ele>
        <time>2026-09-25T15:24:25.408Z</time>
      </trkpt>
      <trkpt lat="49.182597" lon="10.597987">
        <ele>474.821177</ele>
        <time>2026-09-25T15:24:27.413Z</time>
      </trkpt>
      <trkpt lat="49.182510" lon="10.598134">
        <ele>475.283746</ele>
        <time>2026-09-25T15:24:30.400Z</time>
      </trkpt>
      <trkpt lat="49.182440" lon="10.598265">
        <ele>475.678434</ele>
        <time>2026-09-25T15:24:33.471Z</time>
      </trkpt>
      <trkpt lat="49.182363" lon="10.598407">
        <ele>476.108809</ele>
        <time>2026-09-25T15:24:36.384Z</time>
      </trkpt>
      <trkpt lat="49.182291" lon="10.598522">
        <ele>476.480264</ele>
        <time>2026-09-25T15:24:39.402Z</time>
      </trkpt>
      <trkpt lat="49.182218" lon="10.598649">
        <ele>476.874760</ele>
        <time>2026-09-25T15:24:42.425Z</time>
      </trkpt>
      <trkpt lat="49.182160" lon="10.598795">
        <ele>477.273291</ele>
        <time>2026-09-25T15:24:45.437Z</time>
      </trkpt>
      <trkpt lat="49.182113" lon="10.598930">
        <ele>477.630080</ele>
        <time>2026-09-25T15:24:48.396Z</time>
      </trkpt>
      <trkpt lat="49.182072" lon="10.599056">
        <ele>477.958399</ele>
        <time>2026-09-25T15:24:51.408Z</time>
      </trkpt>
      <trkpt lat="49.182021" lon="10.599189">
        <ele>478.318087</ele>
        <time>2026-09-25T15:24:54.420Z</time>
      </trkpt>
      <trkpt lat="49.181967" lon="10.599312">
        <ele>478.663712</ele>
        <time>2026-09-25T15:24:57.398Z</time>
      </trkpt>
      <trkpt lat="49.181912" lon="10.599475">
        <ele>479.091607</ele>
        <time>2026-09-25T15:25:00.426Z</time>
      </trkpt>
      <trkpt lat="49.181847" lon="10.599612">
        <ele>479.486492</ele>
        <time>2026-09-25T15:25:03.416Z</time>
      </trkpt>
      <trkpt lat="49.181770" lon="10.599777">
        <ele>479.959405</ele>
        <time>2026-09-25T15:25:06.408Z</time>
      </trkpt>
      <trkpt lat="49.181726" lon="10.599925">
        <ele>480.338671</ele>
        <time>2026-09-25T15:25:09.397Z</time>
      </trkpt>
      <trkpt lat="49.181645" lon="10.600057">
        <ele>480.761004</ele>
        <time>2026-09-25T15:25:12.424Z</time>
      </trkpt>
      <trkpt lat="49.181572" lon="10.600198">
        <ele>481.178880</ele>
        <time>2026-09-25T15:25:15.413Z</time>
      </trkpt>
      <trkpt lat="49.181497" lon="10.600326">
        <ele>481.577524</ele>
        <time>2026-09-25T15:25:18.412Z</time>
      </trkpt>
      <trkpt lat="49.181424" lon="10.600456">
        <ele>481.974974</ele>
        <time>2026-09-25T15:25:21.418Z</time>
      </trkpt>
      <trkpt lat="49.181351" lon="10.600620">
        <ele>482.435112</ele>
        <time>2026-09-25T15:25:24.412Z</time>
      </trkpt>
      <trkpt lat="49.181297" lon="10.600730">
        <ele>482.754141</ele>
        <time>2026-09-25T15:25:26.422Z</time>
      </trkpt>
      <trkpt lat="49.181245" lon="10.600843">
        <ele>483.074624</ele>
        <time>2026-09-25T15:25:28.403Z</time>
      </trkpt>
      <trkpt lat="49.181161" lon="10.601000">
        <ele>483.545135</ele>
        <time>2026-09-25T15:25:31.448Z</time>
      </trkpt>
      <trkpt lat="49.181081" lon="10.601133">
        <ele>483.964291</ele>
        <time>2026-09-25T15:25:34.392Z</time>
      </trkpt>
      <trkpt lat="49.180993" lon="10.601293">
        <ele>484.449220</ele>
        <time>2026-09-25T15:25:37.411Z</time>
      </trkpt>
      <trkpt lat="49.180933" lon="10.601411">
        <ele>484.795918</ele>
        <time>2026-09-25T15:25:39.389Z</time>
      </trkpt>
      <trkpt lat="49.180848" lon="10.601578">
        <ele>485.286770</ele>
        <time>2026-09-25T15:25:42.403Z</time>
      </trkpt>
      <trkpt lat="49.180779" lon="10.601708">
        <ele>485.675125</ele>
        <time>2026-09-25T15:25:45.431Z</time>
      </trkpt>
      <trkpt lat="49.180703" lon="10.601864">
        <ele>486.126332</ele>
        <time>2026-09-25T15:25:48.385Z</time>
      </trkpt>
      <trkpt lat="49.180654" lon="10.601980">
        <ele>486.446632</ele>
        <time>2026-09-25T15:25:50.421Z</time>
      </trkpt>
      <trkpt lat="49.180584" lon="10.602138">
        <ele>486.889284</ele>
        <time>2026-09-25T15:25:52.391Z</time>
      </trkpt>
      <trkpt lat="49.180507" lon="10.602323">
        <ele>487.178251</ele>
        <time>2026-09-25T15:25:55.422Z</time>
      </trkpt>
      <trkpt lat="49.180459" lon="10.602466">
        <ele>486.910293</ele>
        <time>2026-09-25T15:25:57.417Z</time>
      </trkpt>
      <trkpt lat="49.180417" lon="10.602588">
        <ele>486.680452</ele>
        <time>2026-09-25T15:25:59.395Z</time>
      </trkpt>
      <trkpt lat="49.180374" lon="10.602782">
        <ele>486.338987</ele>
        <time>2026-09-25T15:26:02.411Z</time>
      </trkpt>
      <trkpt lat="49.180345" lon="10.602912">
        <ele>486.110017</ele>
        <time>2026-09-25T15:26:04.427Z</time>
      </trkpt>
      <trkpt lat="49.180320" lon="10.603068">
        <ele>485.842278</ele>
        <time>2026-09-25T15:26:06.420Z</time>
      </trkpt>
      <trkpt lat="49.180313" lon="10.603234">
        <ele>485.564996</ele>
        <time>2026-09-25T15:26:08.411Z</time>
      </trkpt>
      <trkpt lat="49.180292" lon="10.603387">
        <ele>485.304397</ele>
        <time>2026-09-25T15:26:10.392Z</time>
      </trkpt>
      <trkpt lat="49.180255" lon="10.603521">
        <ele>485.061921</ele>
        <time>2026-09-25T15:26:12.400Z</time>
      </trkpt>
      <trkpt lat="49.180221" lon="10.603674">
        <ele>484.792548</ele>
        <time>2026-09-25T15:26:14.470Z</time>
      </trkpt>
      <trkpt lat="49.180178" lon="10.603845">
        <ele>484.487142</ele>
        <time>2026-09-25T15:26:17.383Z</time>
      </trkpt>
      <trkpt lat="49.180096" lon="10.604015">
        <ele>484.134969</ele>
        <time>2026-09-25T15:26:20.373Z</time>
      </trkpt>
      <trkpt lat="49.180043" lon="10.604130">
        <ele>483.900419</ele>
        <time>2026-09-25T15:26:22.396Z</time>
      </trkpt>
      <trkpt lat="49.180001" lon="10.604255">
        <ele>483.666140</ele>
        <time>2026-09-25T15:26:24.383Z</time>
      </trkpt>
      <trkpt lat="49.179969" lon="10.604404">
        <ele>483.404707</ele>
        <time>2026-09-25T15:26:26.422Z</time>
      </trkpt>
      <trkpt lat="49.179940" lon="10.604543">
        <ele>483.161489</ele>
        <time>2026-09-25T15:26:28.404Z</time>
      </trkpt>
      <trkpt lat="49.179911" lon="10.604730">
        <ele>482.841122</ele>
        <time>2026-09-25T15:26:31.383Z</time>
      </trkpt>
      <trkpt lat="49.179913" lon="10.604870">
        <ele>482.651974</ele>
        <time>2026-09-25T15:26:33.389Z</time>
      </trkpt>
      <trkpt lat="49.179906" lon="10.605023">
        <ele>482.545651</ele>
        <time>2026-09-25T15:26:35.407Z</time>
      </trkpt>
      <trkpt lat="49.179872" lon="10.605165">
        <ele>482.440817</ele>
        <time>2026-09-25T15:26:37.401Z</time>
      </trkpt>
      <trkpt lat="49.179838" lon="10.605312">
        <ele>482.332722</ele>
        <time>2026-09-25T15:26:39.423Z</time>
      </trkpt>
      <trkpt lat="49.179804" lon="10.605461">
        <ele>482.223319</ele>
        <time>2026-09-25T15:26:41.395Z</time>
      </trkpt>
      <trkpt lat="49.179772" lon="10.605611">
        <ele>482.113937</ele>
        <time>2026-09-25T15:26:43.378Z</time>
      </trkpt>
      <trkpt lat="49.179738" lon="10.605766">
        <ele>482.000598</ele>
        <time>2026-09-25T15:26:45.404Z</time>
      </trkpt>
      <trkpt lat="49.179705" lon="10.605918">
        <ele>481.889568</ele>
        <time>2026-09-25T15:26:47.395Z</time>
      </trkpt>
      <trkpt lat="49.179672" lon="10.606070">
        <ele>481.778538</ele>
        <time>2026-09-25T15:26:49.424Z</time>
      </trkpt>
      <trkpt lat="49.179639" lon="10.606221">
        <ele>481.668165</ele>
        <time>2026-09-25T15:26:51.420Z</time>
      </trkpt>
      <trkpt lat="49.179607" lon="10.606380">
        <ele>481.552835</ele>
        <time>2026-09-25T15:26:53.412Z</time>
      </trkpt>
      <trkpt lat="49.179571" lon="10.606524">
        <ele>481.445959</ele>
        <time>2026-09-25T15:26:55.400Z</time>
      </trkpt>
      <trkpt lat="49.179536" lon="10.606670">
        <ele>481.338156</ele>
        <time>2026-09-25T15:26:57.415Z</time>
      </trkpt>
      <trkpt lat="49.179500" lon="10.606820">
        <ele>481.227384</ele>
        <time>2026-09-25T15:26:59.423Z</time>
      </trkpt>
      <trkpt lat="49.179461" lon="10.606969">
        <ele>481.116120</ele>
        <time>2026-09-25T15:27:01.427Z</time>
      </trkpt>
      <trkpt lat="49.179428" lon="10.607126">
        <ele>481.001794</ele>
        <time>2026-09-25T15:27:03.433Z</time>
      </trkpt>
      <trkpt lat="49.179384" lon="10.607265">
        <ele>480.894732</ele>
        <time>2026-09-25T15:27:05.421Z</time>
      </trkpt>
      <trkpt lat="49.179338" lon="10.607412">
        <ele>480.781752</ele>
        <time>2026-09-25T15:27:07.412Z</time>
      </trkpt>
      <trkpt lat="49.179295" lon="10.607558">
        <ele>480.644001</ele>
        <time>2026-09-25T15:27:09.412Z</time>
      </trkpt>
      <trkpt lat="49.179249" lon="10.607705">
        <ele>480.502335</ele>
        <time>2026-09-25T15:27:11.430Z</time>
      </trkpt>
      <trkpt lat="49.179205" lon="10.607838">
        <ele>480.372762</ele>
        <time>2026-09-25T15:27:13.412Z</time>
      </trkpt>
      <trkpt lat="49.179160" lon="10.607966">
        <ele>480.246428</ele>
        <time>2026-09-25T15:27:15.392Z</time>
      </trkpt>
      <trkpt lat="49.179118" lon="10.608106">
        <ele>480.112529</ele>
        <time>2026-09-25T15:27:17.412Z</time>
      </trkpt>
      <trkpt lat="49.179077" lon="10.608232">
        <ele>479.990184</ele>
        <time>2026-09-25T15:27:19.409Z</time>
      </trkpt>
      <trkpt lat="49.179013" lon="10.608418">
        <ele>479.807473</ele>
        <time>2026-09-25T15:27:22.420Z</time>
      </trkpt>
      <trkpt lat="49.178971" lon="10.608551">
        <ele>479.679078</ele>
        <time>2026-09-25T15:27:24.416Z</time>
      </trkpt>
      <trkpt lat="49.178931" lon="10.608689">
        <ele>479.547858</ele>
        <time>2026-09-25T15:27:26.406Z</time>
      </trkpt>
      <trkpt lat="49.178891" lon="10.608816">
        <ele>479.425316</ele>
        <time>2026-09-25T15:27:28.398Z</time>
      </trkpt>
      <trkpt lat="49.178830" lon="10.608937">
        <ele>479.292492</ele>
        <time>2026-09-25T15:27:30.404Z</time>
      </trkpt>
      <trkpt lat="49.178751" lon="10.609022">
        <ele>479.164059</ele>
        <time>2026-09-25T15:27:32.423Z</time>
      </trkpt>
      <trkpt lat="49.178710" lon="10.609147">
        <ele>479.042491</ele>
        <time>2026-09-25T15:27:34.383Z</time>
      </trkpt>
      <trkpt lat="49.178674" lon="10.609280">
        <ele>478.917361</ele>
        <time>2026-09-25T15:27:36.405Z</time>
      </trkpt>
      <trkpt lat="49.178644" lon="10.609419">
        <ele>478.790118</ele>
        <time>2026-09-25T15:27:38.392Z</time>
      </trkpt>
      <trkpt lat="49.178617" lon="10.609557">
        <ele>478.664903</ele>
        <time>2026-09-25T15:27:40.390Z</time>
      </trkpt>
      <trkpt lat="49.178595" lon="10.609697">
        <ele>478.539739</ele>
        <time>2026-09-25T15:27:42.382Z</time>
      </trkpt>
      <trkpt lat="49.178568" lon="10.609843">
        <ele>478.407846</ele>
        <time>2026-09-25T15:27:44.392Z</time>
      </trkpt>
      <trkpt lat="49.178540" lon="10.609985">
        <ele>478.216147</ele>
        <time>2026-09-25T15:27:46.394Z</time>
      </trkpt>
      <trkpt lat="49.178510" lon="10.610135">
        <ele>477.998582</ele>
        <time>2026-09-25T15:27:48.417Z</time>
      </trkpt>
      <trkpt lat="49.178480" lon="10.610280">
        <ele>477.787638</ele>
        <time>2026-09-25T15:27:50.402Z</time>
      </trkpt>
      <trkpt lat="49.178449" lon="10.610454">
        <ele>477.537503</ele>
        <time>2026-09-25T15:27:52.410Z</time>
      </trkpt>
      <trkpt lat="49.178423" lon="10.610588">
        <ele>477.343634</ele>
        <time>2026-09-25T15:27:54.411Z</time>
      </trkpt>
      <trkpt lat="49.178385" lon="10.610737">
        <ele>477.121804</ele>
        <time>2026-09-25T15:27:56.414Z</time>
      </trkpt>
      <trkpt lat="49.178359" lon="10.610871">
        <ele>476.927935</ele>
        <time>2026-09-25T15:27:58.438Z</time>
      </trkpt>
      <trkpt lat="49.178328" lon="10.611020">
        <ele>476.711061</ele>
        <time>2026-09-25T15:28:00.426Z</time>
      </trkpt>
      <trkpt lat="49.178305" lon="10.611157">
        <ele>476.514879</ele>
        <time>2026-09-25T15:28:02.392Z</time>
      </trkpt>
      <trkpt lat="49.178264" lon="10.611380">
        <ele>476.193582</ele>
        <time>2026-09-25T15:28:05.417Z</time>
      </trkpt>
      <trkpt lat="49.178232" lon="10.611567">
        <ele>475.925478</ele>
        <time>2026-09-25T15:28:08.462Z</time>
      </trkpt>
      <trkpt lat="49.178210" lon="10.611701">
        <ele>475.733850</ele>
        <time>2026-09-25T15:28:10.413Z</time>
      </trkpt>
      <trkpt lat="49.178197" lon="10.611912">
        <ele>475.439900</ele>
        <time>2026-09-25T15:28:13.412Z</time>
      </trkpt>
      <trkpt lat="49.178215" lon="10.612047">
        <ele>475.248803</ele>
        <time>2026-09-25T15:28:15.418Z</time>
      </trkpt>
      <trkpt lat="49.178234" lon="10.612184">
        <ele>475.054557</ele>
        <time>2026-09-25T15:28:17.409Z</time>
      </trkpt>
      <trkpt lat="49.178260" lon="10.612322">
        <ele>474.855363</ele>
        <time>2026-09-25T15:28:19.388Z</time>
      </trkpt>
      <trkpt lat="49.178280" lon="10.612473">
        <ele>474.641673</ele>
        <time>2026-09-25T15:28:21.428Z</time>
      </trkpt>
      <trkpt lat="49.178283" lon="10.612684">
        <ele>474.683822</ele>
        <time>2026-09-25T15:28:24.414Z</time>
      </trkpt>
      <trkpt lat="49.178283" lon="10.612826">
        <ele>474.787810</ele>
        <time>2026-09-25T15:28:26.402Z</time>
      </trkpt>
      <trkpt lat="49.178279" lon="10.613022">
        <ele>474.931413</ele>
        <time>2026-09-25T15:28:29.433Z</time>
      </trkpt>
      <trkpt lat="49.178275" lon="10.613209">
        <ele>475.068428</ele>
        <time>2026-09-25T15:28:32.396Z</time>
      </trkpt>
      <trkpt lat="49.178265" lon="10.613387">
        <ele>475.199259</ele>
        <time>2026-09-25T15:28:35.421Z</time>
      </trkpt>
      <trkpt lat="49.178259" lon="10.613569">
        <ele>475.332709</ele>
        <time>2026-09-25T15:28:38.390Z</time>
      </trkpt>
      <trkpt lat="49.178243" lon="10.613757">
        <ele>475.471545</ele>
        <time>2026-09-25T15:28:41.387Z</time>
      </trkpt>
      <trkpt lat="49.178207" lon="10.613922">
        <ele>475.598929</ele>
        <time>2026-09-25T15:28:44.395Z</time>
      </trkpt>
      <trkpt lat="49.178172" lon="10.614101">
        <ele>475.735750</ele>
        <time>2026-09-25T15:28:47.392Z</time>
      </trkpt>
      <trkpt lat="49.178234" lon="10.614255">
        <ele>475.868198</ele>
        <time>2026-09-25T15:28:50.400Z</time>
      </trkpt>
      <trkpt lat="49.178366" lon="10.614280">
        <ele>476.017198</ele>
        <time>2026-09-25T15:28:53.387Z</time>
      </trkpt>
      <trkpt lat="49.178491" lon="10.614241">
        <ele>476.160111</ele>
        <time>2026-09-25T15:28:56.388Z</time>
      </trkpt>
      <trkpt lat="49.178599" lon="10.614205">
        <ele>476.283936</ele>
        <time>2026-09-25T15:28:59.422Z</time>
      </trkpt>
      <trkpt lat="49.178697" lon="10.614169">
        <ele>476.396840</ele>
        <time>2026-09-25T15:29:02.403Z</time>
      </trkpt>
      <trkpt lat="49.178787" lon="10.614123">
        <ele>476.503141</ele>
        <time>2026-09-25T15:29:05.419Z</time>
      </trkpt>
      <trkpt lat="49.178880" lon="10.614062">
        <ele>476.583678</ele>
        <time>2026-09-25T15:29:08.403Z</time>
      </trkpt>
      <trkpt lat="49.178973" lon="10.614012">
        <ele>476.585845</ele>
        <time>2026-09-25T15:29:11.400Z</time>
      </trkpt>
      <trkpt lat="49.179076" lon="10.613963">
        <ele>476.588217</ele>
        <time>2026-09-25T15:29:14.417Z</time>
      </trkpt>
      <trkpt lat="49.179175" lon="10.613930">
        <ele>476.590445</ele>
        <time>2026-09-25T15:29:17.408Z</time>
      </trkpt>
      <trkpt lat="49.179274" lon="10.613908">
        <ele>476.592645</ele>
        <time>2026-09-25T15:29:20.415Z</time>
      </trkpt>
      <trkpt lat="49.179372" lon="10.613898">
        <ele>476.594805</ele>
        <time>2026-09-25T15:29:23.421Z</time>
      </trkpt>
      <trkpt lat="49.179481" lon="10.613898">
        <ele>476.597202</ele>
        <time>2026-09-25T15:29:26.411Z</time>
      </trkpt>
      <trkpt lat="49.179605" lon="10.613904">
        <ele>476.599930</ele>
        <time>2026-09-25T15:29:29.423Z</time>
      </trkpt>
      <trkpt lat="49.179732" lon="10.613927">
        <ele>476.602742</ele>
        <time>2026-09-25T15:29:32.394Z</time>
      </trkpt>
      <trkpt lat="49.179862" lon="10.613961">
        <ele>476.605642</ele>
        <time>2026-09-25T15:29:35.454Z</time>
      </trkpt>
      <trkpt lat="49.179990" lon="10.613994">
        <ele>476.608496</ele>
        <time>2026-09-25T15:29:38.382Z</time>
      </trkpt>
      <trkpt lat="49.180123" lon="10.614030">
        <ele>476.611466</ele>
        <time>2026-09-25T15:29:41.392Z</time>
      </trkpt>
      <trkpt lat="49.180216" lon="10.614055">
        <ele>476.613543</ele>
        <time>2026-09-25T15:29:43.402Z</time>
      </trkpt>
      <trkpt lat="49.180311" lon="10.614081">
        <ele>476.615665</ele>
        <time>2026-09-25T15:29:45.420Z</time>
      </trkpt>
      <trkpt lat="49.180408" lon="10.614104">
        <ele>476.617823</ele>
        <time>2026-09-25T15:29:47.403Z</time>
      </trkpt>
      <trkpt lat="49.180506" lon="10.614133">
        <ele>476.620018</ele>
        <time>2026-09-25T15:29:49.426Z</time>
      </trkpt>
      <trkpt lat="49.180603" lon="10.614158">
        <ele>476.622181</ele>
        <time>2026-09-25T15:29:51.412Z</time>
      </trkpt>
      <trkpt lat="49.180701" lon="10.614187">
        <ele>476.616126</ele>
        <time>2026-09-25T15:29:53.417Z</time>
      </trkpt>
      <trkpt lat="49.180798" lon="10.614214">
        <ele>476.608381</ele>
        <time>2026-09-25T15:29:55.408Z</time>
      </trkpt>
      <trkpt lat="49.180894" lon="10.614239">
        <ele>476.600731</ele>
        <time>2026-09-25T15:29:57.429Z</time>
      </trkpt>
      <trkpt lat="49.180992" lon="10.614263">
        <ele>476.592935</ele>
        <time>2026-09-25T15:29:59.393Z</time>
      </trkpt>
      <trkpt lat="49.181090" lon="10.614288">
        <ele>476.585130</ele>
        <time>2026-09-25T15:30:01.471Z</time>
      </trkpt>
      <trkpt lat="49.181180" lon="10.614315">
        <ele>476.577926</ele>
        <time>2026-09-25T15:30:03.408Z</time>
      </trkpt>
      <trkpt lat="49.181276" lon="10.614338">
        <ele>476.570293</ele>
        <time>2026-09-25T15:30:05.419Z</time>
      </trkpt>
      <trkpt lat="49.181370" lon="10.614365">
        <ele>476.562779</ele>
        <time>2026-09-25T15:30:07.442Z</time>
      </trkpt>
      <trkpt lat="49.181461" lon="10.614394">
        <ele>476.555478</ele>
        <time>2026-09-25T15:30:09.423Z</time>
      </trkpt>
      <trkpt lat="49.181591" lon="10.614433">
        <ele>476.545071</ele>
        <time>2026-09-25T15:30:12.395Z</time>
      </trkpt>
      <trkpt lat="49.181715" lon="10.614492">
        <ele>476.534870</ele>
        <time>2026-09-25T15:30:15.393Z</time>
      </trkpt>
      <trkpt lat="49.181832" lon="10.614552">
        <ele>476.525177</ele>
        <time>2026-09-25T15:30:18.420Z</time>
      </trkpt>
      <trkpt lat="49.181951" lon="10.614620">
        <ele>476.515198</ele>
        <time>2026-09-25T15:30:21.430Z</time>
      </trkpt>
      <trkpt lat="49.182052" lon="10.614700">
        <ele>476.506264</ele>
        <time>2026-09-25T15:30:24.397Z</time>
      </trkpt>
      <trkpt lat="49.182148" lon="10.614787">
        <ele>476.497498</ele>
        <time>2026-09-25T15:30:27.431Z</time>
      </trkpt>
      <trkpt lat="49.182259" lon="10.614879">
        <ele>476.487582</ele>
        <time>2026-09-25T15:30:30.398Z</time>
      </trkpt>
      <trkpt lat="49.182359" lon="10.614977">
        <ele>476.448984</ele>
        <time>2026-09-25T15:30:33.431Z</time>
      </trkpt>
      <trkpt lat="49.182460" lon="10.615094">
        <ele>476.342843</ele>
        <time>2026-09-25T15:30:36.403Z</time>
      </trkpt>
      <trkpt lat="49.182563" lon="10.615220">
        <ele>476.232352</ele>
        <time>2026-09-25T15:30:39.402Z</time>
      </trkpt>
      <trkpt lat="49.182633" lon="10.615316">
        <ele>476.153590</ele>
        <time>2026-09-25T15:30:41.459Z</time>
      </trkpt>
      <trkpt lat="49.182684" lon="10.615431">
        <ele>476.077485</ele>
        <time>2026-09-25T15:30:43.413Z</time>
      </trkpt>
      <trkpt lat="49.182740" lon="10.615546">
        <ele>475.998951</ele>
        <time>2026-09-25T15:30:45.419Z</time>
      </trkpt>
      <trkpt lat="49.182819" lon="10.615712">
        <ele>475.886501</ele>
        <time>2026-09-25T15:30:48.545Z</time>
      </trkpt>
      <trkpt lat="49.182872" lon="10.615851">
        <ele>475.798375</ele>
        <time>2026-09-25T15:30:50.386Z</time>
      </trkpt>
      <trkpt lat="49.182916" lon="10.615988">
        <ele>475.714781</ele>
        <time>2026-09-25T15:30:52.403Z</time>
      </trkpt>
      <trkpt lat="49.182954" lon="10.616133">
        <ele>475.629229</ele>
        <time>2026-09-25T15:30:54.386Z</time>
      </trkpt>
      <trkpt lat="49.182993" lon="10.616274">
        <ele>475.545384</ele>
        <time>2026-09-25T15:30:56.393Z</time>
      </trkpt>
      <trkpt lat="49.183028" lon="10.616408">
        <ele>475.466359</ele>
        <time>2026-09-25T15:30:58.397Z</time>
      </trkpt>
      <trkpt lat="49.183057" lon="10.616544">
        <ele>475.388018</ele>
        <time>2026-09-25T15:31:00.424Z</time>
      </trkpt>
      <trkpt lat="49.183086" lon="10.616675">
        <ele>475.312275</ele>
        <time>2026-09-25T15:31:02.429Z</time>
      </trkpt>
      <trkpt lat="49.183115" lon="10.616811">
        <ele>475.233934</ele>
        <time>2026-09-25T15:31:04.396Z</time>
      </trkpt>
      <trkpt lat="49.183144" lon="10.616945">
        <ele>475.156633</ele>
        <time>2026-09-25T15:31:06.424Z</time>
      </trkpt>
      <trkpt lat="49.183172" lon="10.617077">
        <ele>475.080634</ele>
        <time>2026-09-25T15:31:08.415Z</time>
      </trkpt>
      <trkpt lat="49.183218" lon="10.617272">
        <ele>474.969469</ele>
        <time>2026-09-25T15:31:11.433Z</time>
      </trkpt>
      <trkpt lat="49.183248" lon="10.617405">
        <ele>474.917578</ele>
        <time>2026-09-25T15:31:13.414Z</time>
      </trkpt>
      <trkpt lat="49.183278" lon="10.617539">
        <ele>474.865338</ele>
        <time>2026-09-25T15:31:15.436Z</time>
      </trkpt>
      <trkpt lat="49.183307" lon="10.617670">
        <ele>474.814328</ele>
        <time>2026-09-25T15:31:17.403Z</time>
      </trkpt>
      <trkpt lat="49.183343" lon="10.617812">
        <ele>474.758154</ele>
        <time>2026-09-25T15:31:19.412Z</time>
      </trkpt>
      <trkpt lat="49.183370" lon="10.617957">
        <ele>474.702549</ele>
        <time>2026-09-25T15:31:21.401Z</time>
      </trkpt>
      <trkpt lat="49.183408" lon="10.618101">
        <ele>474.645274</ele>
        <time>2026-09-25T15:31:24.401Z</time>
      </trkpt>
      <trkpt lat="49.183456" lon="10.618273">
        <ele>474.576298</ele>
        <time>2026-09-25T15:31:27.390Z</time>
      </trkpt>
      <trkpt lat="49.183484" lon="10.618451">
        <ele>474.508775</ele>
        <time>2026-09-25T15:31:30.395Z</time>
      </trkpt>
      <trkpt lat="49.183410" lon="10.618624">
        <ele>474.432522</ele>
        <time>2026-09-25T15:31:33.390Z</time>
      </trkpt>
      <trkpt lat="49.183336" lon="10.618777">
        <ele>474.362325</ele>
        <time>2026-09-25T15:31:36.406Z</time>
      </trkpt>
      <trkpt lat="49.183266" lon="10.618919">
        <ele>474.296729</ele>
        <time>2026-09-25T15:31:38.423Z</time>
      </trkpt>
      <trkpt lat="49.183225" lon="10.619113">
        <ele>474.221532</ele>
        <time>2026-09-25T15:31:42.435Z</time>
      </trkpt>
      <trkpt lat="49.183197" lon="10.619299">
        <ele>474.151136</ele>
        <time>2026-09-25T15:31:45.460Z</time>
      </trkpt>
      <trkpt lat="49.183170" lon="10.619440">
        <ele>474.096947</ele>
        <time>2026-09-25T15:31:47.416Z</time>
      </trkpt>
      <trkpt lat="49.183145" lon="10.619576">
        <ele>474.044843</ele>
        <time>2026-09-25T15:31:49.416Z</time>
      </trkpt>
      <trkpt lat="49.183122" lon="10.619713">
        <ele>473.992675</ele>
        <time>2026-09-25T15:31:51.413Z</time>
      </trkpt>
      <trkpt lat="49.183099" lon="10.619851">
        <ele>473.963001</ele>
        <time>2026-09-25T15:31:53.414Z</time>
      </trkpt>
      <trkpt lat="49.183075" lon="10.619990">
        <ele>473.972704</ele>
        <time>2026-09-25T15:31:55.387Z</time>
      </trkpt>
      <trkpt lat="49.183050" lon="10.620127">
        <ele>473.982303</ele>
        <time>2026-09-25T15:31:57.401Z</time>
      </trkpt>
      <trkpt lat="49.183026" lon="10.620264">
        <ele>473.991876</ele>
        <time>2026-09-25T15:31:59.419Z</time>
      </trkpt>
      <trkpt lat="49.183002" lon="10.620404">
        <ele>474.001644</ele>
        <time>2026-09-25T15:32:01.411Z</time>
      </trkpt>
      <trkpt lat="49.182977" lon="10.620541">
        <ele>474.011243</ele>
        <time>2026-09-25T15:32:03.443Z</time>
      </trkpt>
      <trkpt lat="49.182928" lon="10.620729">
        <ele>474.024903</ele>
        <time>2026-09-25T15:32:06.443Z</time>
      </trkpt>
      <trkpt lat="49.182873" lon="10.620920">
        <ele>474.038988</ele>
        <time>2026-09-25T15:32:09.422Z</time>
      </trkpt>
      <trkpt lat="49.182831" lon="10.621045">
        <ele>474.048474</ele>
        <time>2026-09-25T15:32:11.394Z</time>
      </trkpt>
      <trkpt lat="49.182787" lon="10.621170">
        <ele>474.058056</ele>
        <time>2026-09-25T15:32:13.413Z</time>
      </trkpt>
      <trkpt lat="49.182740" lon="10.621294">
        <ele>474.067729</ele>
        <time>2026-09-25T15:32:15.393Z</time>
      </trkpt>
      <trkpt lat="49.182688" lon="10.621435">
        <ele>474.078656</ele>
        <time>2026-09-25T15:32:17.421Z</time>
      </trkpt>
      <trkpt lat="49.182645" lon="10.621566">
        <ele>474.088549</ele>
        <time>2026-09-25T15:32:19.391Z</time>
      </trkpt>
      <trkpt lat="49.182589" lon="10.621723">
        <ele>474.100620</ele>
        <time>2026-09-25T15:32:21.416Z</time>
      </trkpt>
      <trkpt lat="49.182546" lon="10.621878">
        <ele>474.111984</ele>
        <time>2026-09-25T15:32:23.417Z</time>
      </trkpt>
      <trkpt lat="49.182514" lon="10.622049">
        <ele>474.123988</ele>
        <time>2026-09-25T15:32:26.412Z</time>
      </trkpt>
      <trkpt lat="49.182489" lon="10.622208">
        <ele>474.135025</ele>
        <time>2026-09-25T15:32:28.425Z</time>
      </trkpt>
      <trkpt lat="49.182478" lon="10.622349">
        <ele>474.144609</ele>
        <time>2026-09-25T15:32:30.426Z</time>
      </trkpt>
      <trkpt lat="49.182463" lon="10.622490">
        <ele>474.199740</ele>
        <time>2026-09-25T15:32:32.407Z</time>
      </trkpt>
      <trkpt lat="49.182457" lon="10.622636">
        <ele>474.259112</ele>
        <time>2026-09-25T15:32:34.393Z</time>
      </trkpt>
      <trkpt lat="49.182454" lon="10.622780">
        <ele>474.317585</ele>
        <time>2026-09-25T15:32:36.428Z</time>
      </trkpt>
      <trkpt lat="49.182454" lon="10.622934">
        <ele>474.380087</ele>
        <time>2026-09-25T15:32:38.450Z</time>
      </trkpt>
      <trkpt lat="49.182456" lon="10.623078">
        <ele>474.438544</ele>
        <time>2026-09-25T15:32:40.414Z</time>
      </trkpt>
      <trkpt lat="49.182459" lon="10.623223">
        <ele>474.497423</ele>
        <time>2026-09-25T15:32:42.419Z</time>
      </trkpt>
      <trkpt lat="49.182461" lon="10.623364">
        <ele>474.554662</ele>
        <time>2026-09-25T15:32:44.448Z</time>
      </trkpt>
      <trkpt lat="49.182467" lon="10.623509">
        <ele>474.613630</ele>
        <time>2026-09-25T15:32:46.414Z</time>
      </trkpt>
      <trkpt lat="49.182472" lon="10.623651">
        <ele>474.671345</ele>
        <time>2026-09-25T15:32:48.393Z</time>
      </trkpt>
      <trkpt lat="49.182473" lon="10.623799">
        <ele>474.731415</ele>
        <time>2026-09-25T15:32:50.470Z</time>
      </trkpt>
      <trkpt lat="49.182477" lon="10.623941">
        <ele>474.789101</ele>
        <time>2026-09-25T15:32:52.419Z</time>
      </trkpt>
      <trkpt lat="49.182478" lon="10.624080">
        <ele>474.845518</ele>
        <time>2026-09-25T15:32:54.401Z</time>
      </trkpt>
      <trkpt lat="49.182479" lon="10.624222">
        <ele>474.903153</ele>
        <time>2026-09-25T15:32:56.483Z</time>
      </trkpt>
      <trkpt lat="49.182482" lon="10.624363">
        <ele>474.960410</ele>
        <time>2026-09-25T15:32:58.395Z</time>
      </trkpt>
      <trkpt lat="49.182482" lon="10.624509">
        <ele>475.019665</ele>
        <time>2026-09-25T15:33:00.392Z</time>
      </trkpt>
      <trkpt lat="49.182485" lon="10.624649">
        <ele>475.076516</ele>
        <time>2026-09-25T15:33:02.402Z</time>
      </trkpt>
      <trkpt lat="49.182486" lon="10.624790">
        <ele>475.133745</ele>
        <time>2026-09-25T15:33:04.381Z</time>
      </trkpt>
      <trkpt lat="49.182488" lon="10.624994">
        <ele>475.216549</ele>
        <time>2026-09-25T15:33:07.419Z</time>
      </trkpt>
      <trkpt lat="49.182491" lon="10.625134">
        <ele>475.236862</ele>
        <time>2026-09-25T15:33:09.396Z</time>
      </trkpt>
      <trkpt lat="49.182493" lon="10.625336">
        <ele>475.056768</ele>
        <time>2026-09-25T15:33:12.400Z</time>
      </trkpt>
      <trkpt lat="49.182495" lon="10.625476">
        <ele>474.931935</ele>
        <time>2026-09-25T15:33:14.419Z</time>
      </trkpt>
      <trkpt lat="49.182498" lon="10.625616">
        <ele>474.807065</ele>
        <time>2026-09-25T15:33:16.420Z</time>
      </trkpt>
      <trkpt lat="49.182498" lon="10.625754">
        <ele>474.684044</ele>
        <time>2026-09-25T15:33:18.392Z</time>
      </trkpt>
      <trkpt lat="49.182501" lon="10.625895">
        <ele>474.558283</ele>
        <time>2026-09-25T15:33:20.400Z</time>
      </trkpt>
      <trkpt lat="49.182504" lon="10.626036">
        <ele>474.432522</ele>
        <time>2026-09-25T15:33:22.416Z</time>
      </trkpt>
      <trkpt lat="49.182506" lon="10.626183">
        <ele>474.301450</ele>
        <time>2026-09-25T15:33:24.414Z</time>
      </trkpt>
      <trkpt lat="49.182508" lon="10.626324">
        <ele>474.175726</ele>
        <time>2026-09-25T15:33:26.442Z</time>
      </trkpt>
      <trkpt lat="49.182510" lon="10.626528">
        <ele>473.993849</ele>
        <time>2026-09-25T15:33:29.440Z</time>
      </trkpt>
      <trkpt lat="49.182512" lon="10.626672">
        <ele>473.865452</ele>
        <time>2026-09-25T15:33:31.400Z</time>
      </trkpt>
      <trkpt lat="49.182512" lon="10.626813">
        <ele>473.739757</ele>
        <time>2026-09-25T15:33:33.403Z</time>
      </trkpt>
      <trkpt lat="49.182513" lon="10.626952">
        <ele>473.615838</ele>
        <time>2026-09-25T15:33:35.416Z</time>
      </trkpt>
      <trkpt lat="49.182513" lon="10.627099">
        <ele>473.484794</ele>
        <time>2026-09-25T15:33:37.415Z</time>
      </trkpt>
      <trkpt lat="49.182515" lon="10.627303">
        <ele>473.302918</ele>
        <time>2026-09-25T15:33:40.421Z</time>
      </trkpt>
      <trkpt lat="49.182516" lon="10.627504">
        <ele>473.123731</ele>
        <time>2026-09-25T15:33:43.421Z</time>
      </trkpt>
      <trkpt lat="49.182517" lon="10.627643">
        <ele>472.999812</ele>
        <time>2026-09-25T15:33:45.398Z</time>
      </trkpt>
      <trkpt lat="49.182520" lon="10.627854">
        <ele>472.811671</ele>
        <time>2026-09-25T15:33:48.413Z</time>
      </trkpt>
      <trkpt lat="49.182524" lon="10.628060">
        <ele>472.732552</ele>
        <time>2026-09-25T15:33:51.411Z</time>
      </trkpt>
      <trkpt lat="49.182528" lon="10.628204">
        <ele>472.678309</ele>
        <time>2026-09-25T15:33:53.399Z</time>
      </trkpt>
      <trkpt lat="49.182529" lon="10.628347">
        <ele>472.624488</ele>
        <time>2026-09-25T15:33:55.400Z</time>
      </trkpt>
      <trkpt lat="49.182531" lon="10.628487">
        <ele>472.571787</ele>
        <time>2026-09-25T15:33:57.439Z</time>
      </trkpt>
      <trkpt lat="49.182535" lon="10.628629">
        <ele>472.518296</ele>
        <time>2026-09-25T15:33:59.409Z</time>
      </trkpt>
      <trkpt lat="49.182535" lon="10.628768">
        <ele>472.465984</ele>
        <time>2026-09-25T15:34:01.414Z</time>
      </trkpt>
      <trkpt lat="49.182537" lon="10.628911">
        <ele>472.412154</ele>
        <time>2026-09-25T15:34:03.423Z</time>
      </trkpt>
      <trkpt lat="49.182537" lon="10.629052">
        <ele>472.359089</ele>
        <time>2026-09-25T15:34:05.412Z</time>
      </trkpt>
      <trkpt lat="49.182539" lon="10.629195">
        <ele>472.305258</ele>
        <time>2026-09-25T15:34:07.431Z</time>
      </trkpt>
      <trkpt lat="49.182541" lon="10.629335">
        <ele>472.252557</ele>
        <time>2026-09-25T15:34:09.404Z</time>
      </trkpt>
      <trkpt lat="49.182541" lon="10.629477">
        <ele>472.199116</ele>
        <time>2026-09-25T15:34:11.387Z</time>
      </trkpt>
      <trkpt lat="49.182542" lon="10.629620">
        <ele>472.145295</ele>
        <time>2026-09-25T15:34:13.413Z</time>
      </trkpt>
      <trkpt lat="49.182545" lon="10.629765">
        <ele>472.090697</ele>
        <time>2026-09-25T15:34:15.395Z</time>
      </trkpt>
      <trkpt lat="49.182549" lon="10.629910">
        <ele>472.036078</ele>
        <time>2026-09-25T15:34:17.410Z</time>
      </trkpt>
      <trkpt lat="49.182552" lon="10.630051">
        <ele>471.982985</ele>
        <time>2026-09-25T15:34:19.402Z</time>
      </trkpt>
      <trkpt lat="49.182553" lon="10.630191">
        <ele>471.930293</ele>
        <time>2026-09-25T15:34:21.403Z</time>
      </trkpt>
      <trkpt lat="49.182555" lon="10.630399">
        <ele>471.852004</ele>
        <time>2026-09-25T15:34:24.417Z</time>
      </trkpt>
      <trkpt lat="49.182556" lon="10.630538">
        <ele>471.799689</ele>
        <time>2026-09-25T15:34:26.405Z</time>
      </trkpt>
      <trkpt lat="49.182559" lon="10.630680">
        <ele>471.892408</ele>
        <time>2026-09-25T15:34:28.402Z</time>
      </trkpt>
      <trkpt lat="49.182561" lon="10.630822">
        <ele>472.126609</ele>
        <time>2026-09-25T15:34:30.407Z</time>
      </trkpt>
      <trkpt lat="49.182562" lon="10.630968">
        <ele>472.367364</ele>
        <time>2026-09-25T15:34:32.394Z</time>
      </trkpt>
      <trkpt lat="49.182563" lon="10.631110">
        <ele>472.601524</ele>
        <time>2026-09-25T15:34:34.382Z</time>
      </trkpt>
      <trkpt lat="49.182561" lon="10.631316">
        <ele>472.941240</ele>
        <time>2026-09-25T15:34:37.383Z</time>
      </trkpt>
      <trkpt lat="49.182560" lon="10.631456">
        <ele>473.172102</ele>
        <time>2026-09-25T15:34:39.382Z</time>
      </trkpt>
      <trkpt lat="49.182557" lon="10.631595">
        <ele>473.401427</ele>
        <time>2026-09-25T15:34:41.416Z</time>
      </trkpt>
      <trkpt lat="49.182555" lon="10.631733">
        <ele>473.629034</ele>
        <time>2026-09-25T15:34:43.397Z</time>
      </trkpt>
      <trkpt lat="49.182546" lon="10.631940">
        <ele>473.971115</ele>
        <time>2026-09-25T15:34:46.393Z</time>
      </trkpt>
      <trkpt lat="49.182538" lon="10.632077">
        <ele>474.197917</ele>
        <time>2026-09-25T15:34:48.416Z</time>
      </trkpt>
      <trkpt lat="49.182531" lon="10.632281">
        <ele>474.534760</ele>
        <time>2026-09-25T15:34:51.406Z</time>
      </trkpt>
      <trkpt lat="49.182523" lon="10.632485">
        <ele>474.871745</ele>
        <time>2026-09-25T15:34:54.400Z</time>
      </trkpt>
      <trkpt lat="49.182517" lon="10.632630">
        <ele>475.111317</ele>
        <time>2026-09-25T15:34:56.428Z</time>
      </trkpt>
      <trkpt lat="49.182513" lon="10.632772">
        <ele>475.345681</ele>
        <time>2026-09-25T15:34:58.403Z</time>
      </trkpt>
      <trkpt lat="49.182506" lon="10.632910">
        <ele>475.573917</ele>
        <time>2026-09-25T15:35:00.418Z</time>
      </trkpt>
      <trkpt lat="49.182498" lon="10.633053">
        <ele>475.810575</ele>
        <time>2026-09-25T15:35:02.404Z</time>
      </trkpt>
      <trkpt lat="49.182492" lon="10.633264">
        <ele>476.158826</ele>
        <time>2026-09-25T15:35:05.394Z</time>
      </trkpt>
      <trkpt lat="49.182487" lon="10.633405">
        <ele>476.339048</ele>
        <time>2026-09-25T15:35:07.417Z</time>
      </trkpt>
      <trkpt lat="49.182481" lon="10.633547">
        <ele>476.421202</ele>
        <time>2026-09-25T15:35:09.400Z</time>
      </trkpt>
      <trkpt lat="49.182474" lon="10.633686">
        <ele>476.501690</ele>
        <time>2026-09-25T15:35:11.428Z</time>
      </trkpt>
      <trkpt lat="49.182469" lon="10.633829">
        <ele>476.584368</ele>
        <time>2026-09-25T15:35:13.415Z</time>
      </trkpt>
      <trkpt lat="49.182461" lon="10.633970">
        <ele>476.666079</ele>
        <time>2026-09-25T15:35:15.400Z</time>
      </trkpt>
      <trkpt lat="49.182455" lon="10.634108">
        <ele>476.745928</ele>
        <time>2026-09-25T15:35:17.437Z</time>
      </trkpt>
      <trkpt lat="49.182448" lon="10.634307">
        <ele>476.860986</ele>
        <time>2026-09-25T15:35:20.452Z</time>
      </trkpt>
      <trkpt lat="49.182443" lon="10.634503">
        <ele>476.974231</ele>
        <time>2026-09-25T15:35:23.424Z</time>
      </trkpt>
      <trkpt lat="49.182435" lon="10.634698">
        <ele>477.087034</ele>
        <time>2026-09-25T15:35:26.416Z</time>
      </trkpt>
      <trkpt lat="49.182429" lon="10.634890">
        <ele>477.198010</ele>
        <time>2026-09-25T15:35:29.394Z</time>
      </trkpt>
      <trkpt lat="49.182420" lon="10.635091">
        <ele>477.314328</ele>
        <time>2026-09-25T15:35:32.395Z</time>
      </trkpt>
      <trkpt lat="49.182414" lon="10.635291">
        <ele>477.429918</ele>
        <time>2026-09-25T15:35:35.410Z</time>
      </trkpt>
      <trkpt lat="49.182404" lon="10.635432">
        <ele>477.511801</ele>
        <time>2026-09-25T15:35:37.393Z</time>
      </trkpt>
      <trkpt lat="49.182399" lon="10.635571">
        <ele>477.592173</ele>
        <time>2026-09-25T15:35:39.418Z</time>
      </trkpt>
      <trkpt lat="49.182394" lon="10.635712">
        <ele>477.673698</ele>
        <time>2026-09-25T15:35:41.420Z</time>
      </trkpt>
      <trkpt lat="49.182389" lon="10.635857">
        <ele>477.757529</ele>
        <time>2026-09-25T15:35:43.401Z</time>
      </trkpt>
      <trkpt lat="49.182381" lon="10.636069">
        <ele>477.880129</ele>
        <time>2026-09-25T15:35:46.398Z</time>
      </trkpt>
      <trkpt lat="49.182375" lon="10.636207">
        <ele>477.868174</ele>
        <time>2026-09-25T15:35:48.416Z</time>
      </trkpt>
      <trkpt lat="49.182367" lon="10.636355">
        <ele>477.824068</ele>
        <time>2026-09-25T15:35:50.396Z</time>
      </trkpt>
      <trkpt lat="49.182362" lon="10.636500">
        <ele>477.780942</ele>
        <time>2026-09-25T15:35:52.414Z</time>
      </trkpt>
      <trkpt lat="49.182356" lon="10.636646">
        <ele>477.737494</ele>
        <time>2026-09-25T15:35:54.413Z</time>
      </trkpt>
      <trkpt lat="49.182349" lon="10.636790">
        <ele>477.694607</ele>
        <time>2026-09-25T15:35:56.383Z</time>
      </trkpt>
      <trkpt lat="49.182342" lon="10.636935">
        <ele>477.651424</ele>
        <time>2026-09-25T15:35:58.426Z</time>
      </trkpt>
      <trkpt lat="49.182337" lon="10.637079">
        <ele>477.608595</ele>
        <time>2026-09-25T15:36:00.403Z</time>
      </trkpt>
      <trkpt lat="49.182332" lon="10.637221">
        <ele>477.566359</ele>
        <time>2026-09-25T15:36:02.407Z</time>
      </trkpt>
      <trkpt lat="49.182327" lon="10.637362">
        <ele>477.524420</ele>
        <time>2026-09-25T15:36:04.400Z</time>
      </trkpt>
      <trkpt lat="49.182323" lon="10.637504">
        <ele>477.482206</ele>
        <time>2026-09-25T15:36:06.391Z</time>
      </trkpt>
      <trkpt lat="49.182318" lon="10.637647">
        <ele>477.439674</ele>
        <time>2026-09-25T15:36:08.391Z</time>
      </trkpt>
      <trkpt lat="49.182310" lon="10.637791">
        <ele>477.396751</ele>
        <time>2026-09-25T15:36:10.397Z</time>
      </trkpt>
      <trkpt lat="49.182303" lon="10.637937">
        <ele>477.353272</ele>
        <time>2026-09-25T15:36:12.392Z</time>
      </trkpt>
      <trkpt lat="49.182297" lon="10.638086">
        <ele>477.308934</ele>
        <time>2026-09-25T15:36:14.422Z</time>
      </trkpt>
      <trkpt lat="49.182291" lon="10.638241">
        <ele>477.262817</ele>
        <time>2026-09-25T15:36:16.423Z</time>
      </trkpt>
      <trkpt lat="49.182286" lon="10.638398">
        <ele>477.216132</ele>
        <time>2026-09-25T15:36:18.407Z</time>
      </trkpt>
      <trkpt lat="49.182279" lon="10.638554">
        <ele>477.169691</ele>
        <time>2026-09-25T15:36:20.417Z</time>
      </trkpt>
      <trkpt lat="49.182274" lon="10.638710">
        <ele>477.123302</ele>
        <time>2026-09-25T15:36:22.403Z</time>
      </trkpt>
      <trkpt lat="49.182268" lon="10.638866">
        <ele>477.080112</ele>
        <time>2026-09-25T15:36:24.422Z</time>
      </trkpt>
      <trkpt lat="49.182261" lon="10.639020">
        <ele>477.062625</ele>
        <time>2026-09-25T15:36:26.402Z</time>
      </trkpt>
      <trkpt lat="49.182255" lon="10.639172">
        <ele>477.045377</ele>
        <time>2026-09-25T15:36:28.453Z</time>
      </trkpt>
      <trkpt lat="49.182250" lon="10.639310">
        <ele>477.029721</ele>
        <time>2026-09-25T15:36:30.427Z</time>
      </trkpt>
      <trkpt lat="49.182241" lon="10.639507">
        <ele>477.007352</ele>
        <time>2026-09-25T15:36:33.400Z</time>
      </trkpt>
      <trkpt lat="49.182231" lon="10.639703">
        <ele>476.985083</ele>
        <time>2026-09-25T15:36:36.408Z</time>
      </trkpt>
      <trkpt lat="49.182225" lon="10.639898">
        <ele>476.962970</ele>
        <time>2026-09-25T15:36:39.434Z</time>
      </trkpt>
      <trkpt lat="49.182217" lon="10.640094">
        <ele>476.940725</ele>
        <time>2026-09-25T15:36:42.407Z</time>
      </trkpt>
      <trkpt lat="49.182209" lon="10.640295">
        <ele>476.917915</ele>
        <time>2026-09-25T15:36:45.444Z</time>
      </trkpt>
      <trkpt lat="49.182203" lon="10.640506">
        <ele>476.893992</ele>
        <time>2026-09-25T15:36:48.399Z</time>
      </trkpt>
      <trkpt lat="49.182198" lon="10.640715">
        <ele>476.870302</ele>
        <time>2026-09-25T15:36:51.397Z</time>
      </trkpt>
      <trkpt lat="49.182192" lon="10.640858">
        <ele>476.854071</ele>
        <time>2026-09-25T15:36:53.382Z</time>
      </trkpt>
      <trkpt lat="49.182185" lon="10.640999">
        <ele>476.838053</ele>
        <time>2026-09-25T15:36:55.412Z</time>
      </trkpt>
      <trkpt lat="49.182175" lon="10.641143">
        <ele>476.821650</ele>
        <time>2026-09-25T15:36:57.390Z</time>
      </trkpt>
      <trkpt lat="49.182145" lon="10.641285">
        <ele>476.804746</ele>
        <time>2026-09-25T15:36:59.392Z</time>
      </trkpt>
      <trkpt lat="49.182080" lon="10.641396">
        <ele>476.787865</ele>
        <time>2026-09-25T15:37:01.421Z</time>
      </trkpt>
      <trkpt lat="49.181994" lon="10.641472">
        <ele>476.770655</ele>
        <time>2026-09-25T15:37:03.403Z</time>
      </trkpt>
      <trkpt lat="49.181889" lon="10.641509">
        <ele>476.654099</ele>
        <time>2026-09-25T15:37:05.394Z</time>
      </trkpt>
      <trkpt lat="49.181787" lon="10.641515">
        <ele>476.542445</ele>
        <time>2026-09-25T15:37:07.424Z</time>
      </trkpt>
      <trkpt lat="49.181683" lon="10.641507">
        <ele>476.428542</ele>
        <time>2026-09-25T15:37:09.398Z</time>
      </trkpt>
      <trkpt lat="49.181576" lon="10.641523">
        <ele>476.310943</ele>
        <time>2026-09-25T15:37:11.400Z</time>
      </trkpt>
      <trkpt lat="49.181447" lon="10.641541">
        <ele>476.169252</ele>
        <time>2026-09-25T15:37:13.405Z</time>
      </trkpt>
      <trkpt lat="49.181351" lon="10.641537">
        <ele>476.064205</ele>
        <time>2026-09-25T15:37:15.422Z</time>
      </trkpt>
      <trkpt lat="49.181240" lon="10.641539">
        <ele>475.942780</ele>
        <time>2026-09-25T15:37:17.408Z</time>
      </trkpt>
      <trkpt lat="49.181130" lon="10.641545">
        <ele>475.822381</ele>
        <time>2026-09-25T15:37:19.415Z</time>
      </trkpt>
      <trkpt lat="49.181023" lon="10.641546">
        <ele>475.705338</ele>
        <time>2026-09-25T15:37:21.403Z</time>
      </trkpt>
      <trkpt lat="49.180907" lon="10.641520">
        <ele>475.577098</ele>
        <time>2026-09-25T15:37:24.396Z</time>
      </trkpt>
      <trkpt lat="49.180815" lon="10.641523">
        <ele>475.476442</ele>
        <time>2026-09-25T15:37:26.397Z</time>
      </trkpt>
      <trkpt lat="49.180723" lon="10.641539">
        <ele>475.375161</ele>
        <time>2026-09-25T15:37:28.388Z</time>
      </trkpt>
      <trkpt lat="49.180627" lon="10.641563">
        <ele>475.268759</ele>
        <time>2026-09-25T15:37:30.402Z</time>
      </trkpt>
      <trkpt lat="49.180528" lon="10.641585">
        <ele>475.159332</ele>
        <time>2026-09-25T15:37:32.403Z</time>
      </trkpt>
      <trkpt lat="49.180435" lon="10.641628">
        <ele>475.053061</ele>
        <time>2026-09-25T15:37:34.409Z</time>
      </trkpt>
      <trkpt lat="49.180336" lon="10.641682">
        <ele>474.938093</ele>
        <time>2026-09-25T15:37:36.387Z</time>
      </trkpt>
      <trkpt lat="49.180241" lon="10.641744">
        <ele>474.825117</ele>
        <time>2026-09-25T15:37:38.448Z</time>
      </trkpt>
      <trkpt lat="49.180148" lon="10.641818">
        <ele>474.806994</ele>
        <time>2026-09-25T15:37:40.410Z</time>
      </trkpt>
      <trkpt lat="49.180064" lon="10.641891">
        <ele>474.811576</ele>
        <time>2026-09-25T15:37:42.400Z</time>
      </trkpt>
      <trkpt lat="49.179974" lon="10.641985">
        <ele>474.816745</ele>
        <time>2026-09-25T15:37:44.415Z</time>
      </trkpt>
      <trkpt lat="49.179891" lon="10.642073">
        <ele>474.821536</ele>
        <time>2026-09-25T15:37:46.451Z</time>
      </trkpt>
      <trkpt lat="49.179815" lon="10.642182">
        <ele>474.826477</ele>
        <time>2026-09-25T15:37:49.405Z</time>
      </trkpt>
      <trkpt lat="49.179732" lon="10.642330">
        <ele>474.832523</ele>
        <time>2026-09-25T15:37:52.446Z</time>
      </trkpt>
      <trkpt lat="49.179671" lon="10.642441">
        <ele>474.837020</ele>
        <time>2026-09-25T15:37:54.401Z</time>
      </trkpt>
      <trkpt lat="49.179612" lon="10.642572">
        <ele>474.841953</ele>
        <time>2026-09-25T15:37:56.422Z</time>
      </trkpt>
      <trkpt lat="49.179558" lon="10.642700">
        <ele>474.846676</ele>
        <time>2026-09-25T15:37:58.437Z</time>
      </trkpt>
      <trkpt lat="49.179504" lon="10.642841">
        <ele>474.851743</ele>
        <time>2026-09-25T15:38:00.414Z</time>
      </trkpt>
      <trkpt lat="49.179458" lon="10.642964">
        <ele>474.856137</ele>
        <time>2026-09-25T15:38:02.393Z</time>
      </trkpt>
      <trkpt lat="49.179413" lon="10.643083">
        <ele>474.860400</ele>
        <time>2026-09-25T15:38:04.420Z</time>
      </trkpt>
      <trkpt lat="49.179373" lon="10.643210">
        <ele>474.864771</ele>
        <time>2026-09-25T15:38:06.395Z</time>
      </trkpt>
      <trkpt lat="49.179320" lon="10.643369">
        <ele>474.870305</ele>
        <time>2026-09-25T15:38:09.391Z</time>
      </trkpt>
      <trkpt lat="49.179263" lon="10.643541">
        <ele>474.876285</ele>
        <time>2026-09-25T15:38:12.399Z</time>
      </trkpt>
      <trkpt lat="49.179202" lon="10.643716">
        <ele>474.882434</ele>
        <time>2026-09-25T15:38:15.394Z</time>
      </trkpt>
      <trkpt lat="49.179143" lon="10.643899">
        <ele>474.899493</ele>
        <time>2026-09-25T15:38:18.405Z</time>
      </trkpt>
      <trkpt lat="49.179101" lon="10.644032">
        <ele>475.010158</ele>
        <time>2026-09-25T15:38:20.414Z</time>
      </trkpt>
      <trkpt lat="49.179058" lon="10.644176">
        <ele>475.128771</ele>
        <time>2026-09-25T15:38:22.408Z</time>
      </trkpt>
      <trkpt lat="49.179019" lon="10.644303">
        <ele>475.233899</ele>
        <time>2026-09-25T15:38:24.402Z</time>
      </trkpt>
      <trkpt lat="49.178978" lon="10.644435">
        <ele>475.343393</ele>
        <time>2026-09-25T15:38:26.399Z</time>
      </trkpt>
      <trkpt lat="49.178938" lon="10.644565">
        <ele>475.451043</ele>
        <time>2026-09-25T15:38:28.403Z</time>
      </trkpt>
      <trkpt lat="49.178898" lon="10.644702">
        <ele>475.563460</ele>
        <time>2026-09-25T15:38:30.403Z</time>
      </trkpt>
      <trkpt lat="49.178859" lon="10.644842">
        <ele>475.677480</ele>
        <time>2026-09-25T15:38:32.397Z</time>
      </trkpt>
      <trkpt lat="49.178819" lon="10.645004">
        <ele>475.807225</ele>
        <time>2026-09-25T15:38:34.416Z</time>
      </trkpt>
      <trkpt lat="49.178777" lon="10.645194">
        <ele>475.957497</ele>
        <time>2026-09-25T15:38:37.441Z</time>
      </trkpt>
      <trkpt lat="49.178753" lon="10.645343">
        <ele>476.072472</ele>
        <time>2026-09-25T15:38:39.430Z</time>
      </trkpt>
      <trkpt lat="49.178735" lon="10.645497">
        <ele>476.189683</ele>
        <time>2026-09-25T15:38:41.423Z</time>
      </trkpt>
      <trkpt lat="49.178721" lon="10.645653">
        <ele>476.307660</ele>
        <time>2026-09-25T15:38:43.419Z</time>
      </trkpt>
      <trkpt lat="49.178708" lon="10.645806">
        <ele>476.423256</ele>
        <time>2026-09-25T15:38:45.419Z</time>
      </trkpt>
      <trkpt lat="49.178696" lon="10.645964">
        <ele>476.542431</ele>
        <time>2026-09-25T15:38:47.403Z</time>
      </trkpt>
      <trkpt lat="49.178683" lon="10.646123">
        <ele>476.662487</ele>
        <time>2026-09-25T15:38:49.415Z</time>
      </trkpt>
      <trkpt lat="49.178669" lon="10.646271">
        <ele>476.774529</ele>
        <time>2026-09-25T15:38:51.400Z</time>
      </trkpt>
      <trkpt lat="49.178655" lon="10.646430">
        <ele>476.894733</ele>
        <time>2026-09-25T15:38:53.417Z</time>
      </trkpt>
      <trkpt lat="49.178641" lon="10.646583">
        <ele>476.898076</ele>
        <time>2026-09-25T15:38:55.397Z</time>
      </trkpt>
      <trkpt lat="49.178627" lon="10.646738">
        <ele>476.798187</ele>
        <time>2026-09-25T15:38:57.437Z</time>
      </trkpt>
      <trkpt lat="49.178613" lon="10.646893">
        <ele>476.698298</ele>
        <time>2026-09-25T15:38:59.400Z</time>
      </trkpt>
      <trkpt lat="49.178599" lon="10.647039">
        <ele>476.604096</ele>
        <time>2026-09-25T15:39:01.390Z</time>
      </trkpt>
      <trkpt lat="49.178586" lon="10.647192">
        <ele>476.505602</ele>
        <time>2026-09-25T15:39:03.546Z</time>
      </trkpt>
      <trkpt lat="49.178576" lon="10.647346">
        <ele>476.406807</ele>
        <time>2026-09-25T15:39:05.391Z</time>
      </trkpt>
      <trkpt lat="49.178565" lon="10.647493">
        <ele>476.312352</ele>
        <time>2026-09-25T15:39:07.401Z</time>
      </trkpt>
      <trkpt lat="49.178553" lon="10.647643">
        <ele>476.215880</ele>
        <time>2026-09-25T15:39:09.380Z</time>
      </trkpt>
      <trkpt lat="49.178537" lon="10.647785">
        <ele>476.123893</ele>
        <time>2026-09-25T15:39:11.392Z</time>
      </trkpt>
      <trkpt lat="49.178525" lon="10.647929">
        <ele>476.031222</ele>
        <time>2026-09-25T15:39:13.389Z</time>
      </trkpt>
      <trkpt lat="49.178514" lon="10.648124">
        <ele>475.906275</ele>
        <time>2026-09-25T15:39:16.391Z</time>
      </trkpt>
      <trkpt lat="49.178496" lon="10.648319">
        <ele>475.780555</ele>
        <time>2026-09-25T15:39:19.413Z</time>
      </trkpt>
      <trkpt lat="49.178474" lon="10.648512">
        <ele>475.655488</ele>
        <time>2026-09-25T15:39:22.401Z</time>
      </trkpt>
      <trkpt lat="49.178453" lon="10.648706">
        <ele>475.529955</ele>
        <time>2026-09-25T15:39:25.393Z</time>
      </trkpt>
      <trkpt lat="49.178437" lon="10.648865">
        <ele>475.427256</ele>
        <time>2026-09-25T15:39:28.414Z</time>
      </trkpt>
      <trkpt lat="49.178420" lon="10.649016">
        <ele>475.329441</ele>
        <time>2026-09-25T15:39:32.403Z</time>
      </trkpt>
      <trkpt lat="49.178401" lon="10.649210">
        <ele>475.204212</ele>
        <time>2026-09-25T15:39:37.420Z</time>
      </trkpt>
      <trkpt lat="49.178392" lon="10.649385">
        <ele>475.285699</ele>
        <time>2026-09-25T15:39:40.400Z</time>
      </trkpt>
      <trkpt lat="49.178374" lon="10.649584">
        <ele>475.402850</ele>
        <time>2026-09-25T15:39:43.407Z</time>
      </trkpt>
      <trkpt lat="49.178358" lon="10.649721">
        <ele>475.484005</ele>
        <time>2026-09-25T15:39:45.415Z</time>
      </trkpt>
      <trkpt lat="49.178337" lon="10.649917">
        <ele>475.599826</ele>
        <time>2026-09-25T15:39:48.419Z</time>
      </trkpt>
      <trkpt lat="49.178308" lon="10.650096">
        <ele>475.707366</ele>
        <time>2026-09-25T15:39:51.394Z</time>
      </trkpt>
      <trkpt lat="49.178276" lon="10.650257">
        <ele>475.805495</ele>
        <time>2026-09-25T15:39:54.398Z</time>
      </trkpt>
      <trkpt lat="49.178246" lon="10.650388">
        <ele>475.886439</ele>
        <time>2026-09-25T15:39:57.405Z</time>
      </trkpt>
      <trkpt lat="49.178219" lon="10.650565">
        <ele>475.992428</ele>
        <time>2026-09-25T15:40:00.410Z</time>
      </trkpt>
      <trkpt lat="49.178169" lon="10.650764">
        <ele>476.116750</ele>
        <time>2026-09-25T15:40:04.400Z</time>
      </trkpt>
      <trkpt lat="49.178129" lon="10.650897">
        <ele>476.202122</ele>
        <time>2026-09-25T15:40:07.411Z</time>
      </trkpt>
      <trkpt lat="49.178070" lon="10.651051">
        <ele>476.306212</ele>
        <time>2026-09-25T15:40:10.414Z</time>
      </trkpt>
      <trkpt lat="49.178018" lon="10.651182">
        <ele>476.395585</ele>
        <time>2026-09-25T15:40:13.398Z</time>
      </trkpt>
      <trkpt lat="49.177962" lon="10.651313">
        <ele>476.486860</ele>
        <time>2026-09-25T15:40:16.416Z</time>
      </trkpt>
      <trkpt lat="49.177900" lon="10.651440">
        <ele>476.579293</ele>
        <time>2026-09-25T15:40:19.398Z</time>
      </trkpt>
      <trkpt lat="49.177834" lon="10.651585">
        <ele>476.682327</ele>
        <time>2026-09-25T15:40:22.403Z</time>
      </trkpt>
      <trkpt lat="49.177768" lon="10.651731">
        <ele>476.785840</ele>
        <time>2026-09-25T15:40:25.404Z</time>
      </trkpt>
      <trkpt lat="49.177696" lon="10.651879">
        <ele>476.841138</ele>
        <time>2026-09-25T15:40:28.474Z</time>
      </trkpt>
      <trkpt lat="49.177641" lon="10.651991">
        <ele>476.878167</ele>
        <time>2026-09-25T15:40:30.408Z</time>
      </trkpt>
      <trkpt lat="49.177569" lon="10.652143">
        <ele>476.927787</ele>
        <time>2026-09-25T15:40:33.400Z</time>
      </trkpt>
      <trkpt lat="49.177499" lon="10.652296">
        <ele>476.977153</ele>
        <time>2026-09-25T15:40:36.417Z</time>
      </trkpt>
      <trkpt lat="49.177422" lon="10.652457">
        <ele>477.029886</ele>
        <time>2026-09-25T15:40:39.402Z</time>
      </trkpt>
      <trkpt lat="49.177343" lon="10.652619">
        <ele>477.083312</ele>
        <time>2026-09-25T15:40:42.393Z</time>
      </trkpt>
      <trkpt lat="49.177267" lon="10.652779">
        <ele>477.135594</ele>
        <time>2026-09-25T15:40:45.432Z</time>
      </trkpt>
      <trkpt lat="49.177211" lon="10.652899">
        <ele>477.174568</ele>
        <time>2026-09-25T15:40:47.384Z</time>
      </trkpt>
      <trkpt lat="49.177157" lon="10.653010">
        <ele>477.211144</ele>
        <time>2026-09-25T15:40:49.385Z</time>
      </trkpt>
      <trkpt lat="49.177101" lon="10.653126">
        <ele>477.249263</ele>
        <time>2026-09-25T15:40:51.400Z</time>
      </trkpt>
      <trkpt lat="49.177046" lon="10.653247">
        <ele>477.288221</ele>
        <time>2026-09-25T15:40:53.395Z</time>
      </trkpt>
      <trkpt lat="49.176991" lon="10.653360">
        <ele>477.325463</ele>
        <time>2026-09-25T15:40:55.390Z</time>
      </trkpt>
      <trkpt lat="49.176935" lon="10.653468">
        <ele>477.361902</ele>
        <time>2026-09-25T15:40:57.390Z</time>
      </trkpt>
      <trkpt lat="49.176854" lon="10.653614">
        <ele>477.412522</ele>
        <time>2026-09-25T15:41:00.378Z</time>
      </trkpt>
      <trkpt lat="49.176799" lon="10.653724">
        <ele>477.449131</ele>
        <time>2026-09-25T15:41:02.391Z</time>
      </trkpt>
      <trkpt lat="49.176745" lon="10.653839">
        <ele>477.486560</ele>
        <time>2026-09-25T15:41:04.396Z</time>
      </trkpt>
      <trkpt lat="49.176651" lon="10.653959">
        <ele>477.455690</ele>
        <time>2026-09-25T15:41:07.411Z</time>
      </trkpt>
      <trkpt lat="49.176556" lon="10.653985">
        <ele>477.208678</ele>
        <time>2026-09-25T15:41:09.402Z</time>
      </trkpt>
      <trkpt lat="49.176443" lon="10.654070">
        <ele>476.886379</ele>
        <time>2026-09-25T15:41:12.395Z</time>
      </trkpt>
      <trkpt lat="49.176448" lon="10.654266">
        <ele>476.558179</ele>
        <time>2026-09-25T15:41:15.402Z</time>
      </trkpt>
      <trkpt lat="49.176496" lon="10.654439">
        <ele>476.243720</ele>
        <time>2026-09-25T15:41:18.423Z</time>
      </trkpt>
      <trkpt lat="49.176525" lon="10.654634">
        <ele>475.909107</ele>
        <time>2026-09-25T15:41:21.399Z</time>
      </trkpt>
      <trkpt lat="49.176553" lon="10.654823">
        <ele>475.584851</ele>
        <time>2026-09-25T15:41:23.404Z</time>
      </trkpt>
      <trkpt lat="49.176558" lon="10.655000">
        <ele>475.288416</ele>
        <time>2026-09-25T15:41:25.393Z</time>
      </trkpt>
      <trkpt lat="49.176563" lon="10.655177">
        <ele>474.991981</ele>
        <time>2026-09-25T15:41:27.423Z</time>
      </trkpt>
      <trkpt lat="49.176567" lon="10.655362">
        <ele>474.682267</ele>
        <time>2026-09-25T15:41:29.387Z</time>
      </trkpt>
      <trkpt lat="49.176583" lon="10.655551">
        <ele>474.363389</ele>
        <time>2026-09-25T15:41:31.383Z</time>
      </trkpt>
      <trkpt lat="49.176603" lon="10.655733">
        <ele>474.054592</ele>
        <time>2026-09-25T15:41:33.394Z</time>
      </trkpt>
      <trkpt lat="49.176657" lon="10.655877">
        <ele>473.776823</ele>
        <time>2026-09-25T15:41:35.406Z</time>
      </trkpt>
      <trkpt lat="49.176739" lon="10.655988">
        <ele>473.496568</ele>
        <time>2026-09-25T15:41:37.399Z</time>
      </trkpt>
      <trkpt lat="49.176784" lon="10.656132">
        <ele>473.229512</ele>
        <time>2026-09-25T15:41:39.404Z</time>
      </trkpt>
      <trkpt lat="49.176776" lon="10.656286">
        <ele>472.971026</ele>
        <time>2026-09-25T15:41:41.372Z</time>
      </trkpt>
      <trkpt lat="49.176730" lon="10.656405">
        <ele>473.074514</ele>
        <time>2026-09-25T15:41:43.387Z</time>
      </trkpt>
      <trkpt lat="49.176629" lon="10.656390">
        <ele>473.293123</ele>
        <time>2026-09-25T15:41:46.391Z</time>
      </trkpt>
      <trkpt lat="49.176522" lon="10.656363">
        <ele>473.526750</ele>
        <time>2026-09-25T15:41:52.403Z</time>
      </trkpt>
      <trkpt lat="49.176524" lon="10.656203">
        <ele>473.752126</ele>
        <time>2026-09-25T15:41:55.381Z</time>
      </trkpt>
      <trkpt lat="49.176460" lon="10.656102">
        <ele>473.950224</ele>
        <time>2026-09-25T15:42:00.400Z</time>
      </trkpt>
      <trkpt lat="49.176409" lon="10.655985">
        <ele>474.148271</ele>
        <time>2026-09-25T15:42:04.366Z</time>
      </trkpt>
      <trkpt lat="49.176347" lon="10.655869">
        <ele>474.359291</ele>
        <time>2026-09-25T15:42:09.389Z</time>
      </trkpt>
      <trkpt lat="49.176259" lon="10.655820">
        <ele>474.561040</ele>
        <time>2026-09-25T15:42:12.378Z</time>
      </trkpt>
      <trkpt lat="49.176170" lon="10.655850">
        <ele>474.757374</ele>
        <time>2026-09-25T15:42:18.396Z</time>
      </trkpt>
      <trkpt lat="49.176083" lon="10.655806">
        <ele>474.954778</ele>
        <time>2026-09-25T15:42:21.367Z</time>
      </trkpt>
      <trkpt lat="49.175989" lon="10.655757">
        <ele>475.168720</ele>
        <time>2026-09-25T15:42:27.371Z</time>
      </trkpt>
      <trkpt lat="49.175933" lon="10.655603">
        <ele>475.416902</ele>
        <time>2026-09-25T15:42:39.418Z</time>
      </trkpt>
      <trkpt lat="49.176026" lon="10.655596">
        <ele>475.617496</ele>
        <time>2026-09-25T15:43:31.385Z</time>
      </trkpt>
      <trkpt lat="49.175272" lon="10.655982">
        <ele>476.862006</ele>
        <time>2026-09-25T15:45:08.403Z</time>
      </trkpt>
      <trkpt lat="49.175174" lon="10.656055">
        <ele>476.890877</ele>
        <time>2026-09-25T15:45:13.422Z</time>
      </trkpt>
      <trkpt lat="49.175090" lon="10.656103">
        <ele>476.914627</ele>
        <time>2026-09-25T15:45:17.395Z</time>
      </trkpt>
      <trkpt lat="49.174994" lon="10.656137">
        <ele>476.940727</ele>
        <time>2026-09-25T15:45:22.379Z</time>
      </trkpt>
      <trkpt lat="49.174923" lon="10.656029">
        <ele>476.967247</ele>
        <time>2026-09-25T15:45:30.387Z</time>
      </trkpt>
      <trkpt lat="49.174919" lon="10.655887">
        <ele>476.991858</ele>
        <time>2026-09-25T15:45:34.384Z</time>
      </trkpt>
      <trkpt lat="49.174878" lon="10.655762">
        <ele>477.016074</ele>
        <time>2026-09-25T15:45:40.402Z</time>
      </trkpt>
      <trkpt lat="49.174781" lon="10.655742">
        <ele>477.041998</ele>
        <time>2026-09-25T15:45:45.396Z</time>
      </trkpt>
      <trkpt lat="49.174683" lon="10.655733">
        <ele>477.068001</ele>
        <time>2026-09-25T15:45:49.390Z</time>
      </trkpt>
      <trkpt lat="49.174593" lon="10.655768">
        <ele>477.092597</ele>
        <time>2026-09-25T15:45:52.406Z</time>
      </trkpt>
      <trkpt lat="49.174478" lon="10.655782">
        <ele>477.123152</ele>
        <time>2026-09-25T15:45:56.401Z</time>
      </trkpt>
      <trkpt lat="49.174371" lon="10.655788">
        <ele>477.151512</ele>
        <time>2026-09-25T15:46:00.424Z</time>
      </trkpt>
      <trkpt lat="49.174267" lon="10.655790">
        <ele>477.179060</ele>
        <time>2026-09-25T15:46:03.416Z</time>
      </trkpt>
      <trkpt lat="49.174177" lon="10.655774">
        <ele>477.203058</ele>
        <time>2026-09-25T15:46:06.396Z</time>
      </trkpt>
      <trkpt lat="49.174087" lon="10.655760">
        <ele>477.227018</ele>
        <time>2026-09-25T15:46:11.402Z</time>
      </trkpt>
      <trkpt lat="49.173993" lon="10.655741">
        <ele>477.252132</ele>
        <time>2026-09-25T15:46:17.419Z</time>
      </trkpt>
      <trkpt lat="49.173896" lon="10.655717">
        <ele>477.215218</ele>
        <time>2026-09-25T15:46:23.411Z</time>
      </trkpt>
      <trkpt lat="49.173799" lon="10.655713">
        <ele>476.942364</ele>
        <time>2026-09-25T15:46:38.422Z</time>
      </trkpt>
      <trkpt lat="49.173705" lon="10.655700">
        <ele>476.676967</ele>
        <time>2026-09-25T15:46:43.382Z</time>
      </trkpt>
      <trkpt lat="49.173613" lon="10.655657">
        <ele>476.406463</ele>
        <time>2026-09-25T15:46:49.420Z</time>
      </trkpt>
      <trkpt lat="49.173528" lon="10.655584">
        <ele>476.132354</ele>
        <time>2026-09-25T15:46:55.390Z</time>
      </trkpt>
      <trkpt lat="49.173456" lon="10.655469">
        <ele>475.839637</ele>
        <time>2026-09-25T15:47:00.395Z</time>
      </trkpt>
      <trkpt lat="49.173180" lon="10.655590">
        <ele>475.032303</ele>
        <time>2026-09-25T15:49:05.424Z</time>
      </trkpt>
      <trkpt lat="49.173120" lon="10.655697">
        <ele>474.773156</ele>
        <time>2026-09-25T15:49:08.394Z</time>
      </trkpt>
      <trkpt lat="49.173050" lon="10.655823">
        <ele>474.469187</ele>
        <time>2026-09-25T15:49:11.425Z</time>
      </trkpt>
      <trkpt lat="49.172971" lon="10.655951">
        <ele>474.145586</ele>
        <time>2026-09-25T15:49:14.402Z</time>
      </trkpt>
      <trkpt lat="49.172890" lon="10.656082">
        <ele>473.814114</ele>
        <time>2026-09-25T15:49:17.401Z</time>
      </trkpt>
      <trkpt lat="49.172804" lon="10.656212">
        <ele>473.474123</ele>
        <time>2026-09-25T15:49:20.397Z</time>
      </trkpt>
      <trkpt lat="49.172718" lon="10.656336">
        <ele>473.141793</ele>
        <time>2026-09-25T15:49:23.401Z</time>
      </trkpt>
      <trkpt lat="49.172616" lon="10.656437">
        <ele>472.800123</ele>
        <time>2026-09-25T15:49:26.401Z</time>
      </trkpt>
      <trkpt lat="49.172490" lon="10.656454">
        <ele>472.444447</ele>
        <time>2026-09-25T15:49:29.404Z</time>
      </trkpt>
      <trkpt lat="49.172364" lon="10.656452">
        <ele>472.280643</ele>
        <time>2026-09-25T15:49:32.423Z</time>
      </trkpt>
      <trkpt lat="49.172237" lon="10.656444">
        <ele>472.467996</ele>
        <time>2026-09-25T15:49:35.443Z</time>
      </trkpt>
      <trkpt lat="49.172111" lon="10.656429">
        <ele>472.654278</ele>
        <time>2026-09-25T15:49:38.422Z</time>
      </trkpt>
      <trkpt lat="49.171992" lon="10.656417">
        <ele>472.830061</ele>
        <time>2026-09-25T15:49:41.387Z</time>
      </trkpt>
      <trkpt lat="49.171873" lon="10.656405">
        <ele>473.005845</ele>
        <time>2026-09-25T15:49:44.398Z</time>
      </trkpt>
      <trkpt lat="49.171748" lon="10.656396">
        <ele>473.190295</ele>
        <time>2026-09-25T15:49:47.433Z</time>
      </trkpt>
      <trkpt lat="49.171629" lon="10.656385">
        <ele>473.366018</ele>
        <time>2026-09-25T15:49:50.430Z</time>
      </trkpt>
      <trkpt lat="49.171508" lon="10.656376">
        <ele>473.544579</ele>
        <time>2026-09-25T15:49:53.415Z</time>
      </trkpt>
      <trkpt lat="49.171384" lon="10.656372">
        <ele>473.727393</ele>
        <time>2026-09-25T15:49:56.391Z</time>
      </trkpt>
      <trkpt lat="49.171255" lon="10.656364">
        <ele>473.917691</ele>
        <time>2026-09-25T15:49:59.411Z</time>
      </trkpt>
      <trkpt lat="49.171127" lon="10.656358">
        <ele>474.106448</ele>
        <time>2026-09-25T15:50:02.416Z</time>
      </trkpt>
      <trkpt lat="49.171002" lon="10.656354">
        <ele>474.290735</ele>
        <time>2026-09-25T15:50:05.416Z</time>
      </trkpt>
      <trkpt lat="49.170876" lon="10.656352">
        <ele>474.476465</ele>
        <time>2026-09-25T15:50:08.417Z</time>
      </trkpt>
      <trkpt lat="49.170751" lon="10.656350">
        <ele>474.660722</ele>
        <time>2026-09-25T15:50:11.406Z</time>
      </trkpt>
      <trkpt lat="49.170613" lon="10.656344">
        <ele>474.864212</ele>
        <time>2026-09-25T15:50:14.405Z</time>
      </trkpt>
      <trkpt lat="49.170509" lon="10.656332">
        <ele>475.611954</ele>
        <time>2026-09-25T15:50:16.404Z</time>
      </trkpt>
      <trkpt lat="49.170411" lon="10.656312">
        <ele>476.328433</ele>
        <time>2026-09-25T15:50:18.392Z</time>
      </trkpt>
      <trkpt lat="49.170319" lon="10.656320">
        <ele>476.996215</ele>
        <time>2026-09-25T15:50:23.404Z</time>
      </trkpt>
      <trkpt lat="49.170227" lon="10.656370">
        <ele>477.703758</ele>
        <time>2026-09-25T15:50:29.414Z</time>
      </trkpt>
      <trkpt lat="49.170168" lon="10.656695">
        <ele>479.301881</ele>
        <time>2026-09-25T16:00:22.377Z</time>
      </trkpt>
      <trkpt lat="49.170079" lon="10.657000">
        <ele>480.884385</ele>
        <time>2026-09-25T16:00:24.402Z</time>
      </trkpt>
      <trkpt lat="49.169997" lon="10.657291">
        <ele>482.385766</ele>
        <time>2026-09-25T16:00:29.387Z</time>
      </trkpt>
      <trkpt lat="49.169858" lon="10.657682">
        <ele>484.494497</ele>
        <time>2026-09-25T16:00:32.411Z</time>
      </trkpt>
      <trkpt lat="49.169786" lon="10.657785">
        <ele>485.208926</ele>
        <time>2026-09-25T16:00:34.414Z</time>
      </trkpt>
      <trkpt lat="49.169663" lon="10.657905">
        <ele>486.266180</ele>
        <time>2026-09-25T16:00:37.402Z</time>
      </trkpt>
      <trkpt lat="49.169536" lon="10.657981">
        <ele>487.254461</ele>
        <time>2026-09-25T16:00:40.406Z</time>
      </trkpt>
      <trkpt lat="49.169445" lon="10.658013">
        <ele>487.911937</ele>
        <time>2026-09-25T16:00:42.393Z</time>
      </trkpt>
      <trkpt lat="49.169313" lon="10.658037">
        <ele>488.268590</ele>
        <time>2026-09-25T16:00:45.383Z</time>
      </trkpt>
      <trkpt lat="49.169194" lon="10.658067">
        <ele>488.592178</ele>
        <time>2026-09-25T16:00:48.396Z</time>
      </trkpt>
      <trkpt lat="49.169077" lon="10.658084">
        <ele>488.907505</ele>
        <time>2026-09-25T16:00:51.438Z</time>
      </trkpt>
      <trkpt lat="49.168972" lon="10.658122">
        <ele>489.197002</ele>
        <time>2026-09-25T16:00:54.421Z</time>
      </trkpt>
      <trkpt lat="49.168850" lon="10.658103">
        <ele>489.526024</ele>
        <time>2026-09-25T16:00:57.421Z</time>
      </trkpt>
      <trkpt lat="49.168728" lon="10.658103">
        <ele>489.853353</ele>
        <time>2026-09-25T16:01:00.463Z</time>
      </trkpt>
      <trkpt lat="49.168605" lon="10.658105">
        <ele>490.183383</ele>
        <time>2026-09-25T16:01:04.397Z</time>
      </trkpt>
      <trkpt lat="49.168498" lon="10.658151">
        <ele>490.481593</ele>
        <time>2026-09-25T16:01:07.401Z</time>
      </trkpt>
      <trkpt lat="49.168398" lon="10.658200">
        <ele>490.763329</ele>
        <time>2026-09-25T16:01:11.416Z</time>
      </trkpt>
      <trkpt lat="49.168364" lon="10.658038">
        <ele>491.061801</ele>
        <time>2026-09-25T16:01:15.381Z</time>
      </trkpt>
      <trkpt lat="49.168339" lon="10.657850">
        <ele>491.398355</ele>
        <time>2026-09-25T16:01:18.390Z</time>
      </trkpt>
      <trkpt lat="49.168228" lon="10.657807">
        <ele>491.705576</ele>
        <time>2026-09-25T16:01:21.380Z</time>
      </trkpt>
      <trkpt lat="49.168119" lon="10.657858">
        <ele>492.011404</ele>
        <time>2026-09-25T16:01:24.424Z</time>
      </trkpt>
      <trkpt lat="49.168005" lon="10.657908">
        <ele>492.329598</ele>
        <time>2026-09-25T16:01:27.402Z</time>
      </trkpt>
      <trkpt lat="49.167902" lon="10.657946">
        <ele>492.613876</ele>
        <time>2026-09-25T16:01:30.411Z</time>
      </trkpt>
      <trkpt lat="49.167801" lon="10.657982">
        <ele>492.764510</ele>
        <time>2026-09-25T16:01:33.397Z</time>
      </trkpt>
      <trkpt lat="49.167700" lon="10.658004">
        <ele>492.827378</ele>
        <time>2026-09-25T16:01:36.404Z</time>
      </trkpt>
      <trkpt lat="49.167604" lon="10.658021">
        <ele>492.886932</ele>
        <time>2026-09-25T16:01:40.393Z</time>
      </trkpt>
      <trkpt lat="49.167496" lon="10.658040">
        <ele>492.953925</ele>
        <time>2026-09-25T16:01:44.398Z</time>
      </trkpt>
      <trkpt lat="49.167389" lon="10.658055">
        <ele>493.020139</ele>
        <time>2026-09-25T16:01:48.397Z</time>
      </trkpt>
      <trkpt lat="49.167283" lon="10.658070">
        <ele>493.085739</ele>
        <time>2026-09-25T16:01:52.417Z</time>
      </trkpt>
      <trkpt lat="49.167186" lon="10.658073">
        <ele>493.145526</ele>
        <time>2026-09-25T16:01:55.420Z</time>
      </trkpt>
      <trkpt lat="49.167096" lon="10.658084">
        <ele>493.201164</ele>
        <time>2026-09-25T16:01:58.446Z</time>
      </trkpt>
      <trkpt lat="49.166979" lon="10.658091">
        <ele>493.273319</ele>
        <time>2026-09-25T16:02:01.400Z</time>
      </trkpt>
      <trkpt lat="49.166886" lon="10.658093">
        <ele>493.330635</ele>
        <time>2026-09-25T16:02:04.437Z</time>
      </trkpt>
      <trkpt lat="49.166761" lon="10.658098">
        <ele>493.407691</ele>
        <time>2026-09-25T16:02:07.402Z</time>
      </trkpt>
      <trkpt lat="49.166652" lon="10.658104">
        <ele>493.474905</ele>
        <time>2026-09-25T16:02:10.450Z</time>
      </trkpt>
      <trkpt lat="49.166551" lon="10.658111">
        <ele>493.537209</ele>
        <time>2026-09-25T16:02:13.438Z</time>
      </trkpt>
      <trkpt lat="49.166441" lon="10.658115">
        <ele>493.605014</ele>
        <time>2026-09-25T16:02:16.435Z</time>
      </trkpt>
      <trkpt lat="49.166336" lon="10.658121">
        <ele>493.669764</ele>
        <time>2026-09-25T16:02:19.448Z</time>
      </trkpt>
      <trkpt lat="49.166242" lon="10.658126">
        <ele>493.727726</ele>
        <time>2026-09-25T16:02:22.467Z</time>
      </trkpt>
      <trkpt lat="49.166138" lon="10.658137">
        <ele>493.791968</ele>
        <time>2026-09-25T16:02:25.412Z</time>
      </trkpt>
      <trkpt lat="49.166039" lon="10.658174">
        <ele>493.814921</ele>
        <time>2026-09-25T16:02:28.449Z</time>
      </trkpt>
      <trkpt lat="49.165937" lon="10.658228">
        <ele>493.748357</ele>
        <time>2026-09-25T16:02:31.418Z</time>
      </trkpt>
      <trkpt lat="49.165834" lon="10.658231">
        <ele>493.684828</ele>
        <time>2026-09-25T16:02:34.449Z</time>
      </trkpt>
      <trkpt lat="49.165720" lon="10.658208">
        <ele>493.613917</ele>
        <time>2026-09-25T16:02:37.393Z</time>
      </trkpt>
      <trkpt lat="49.165625" lon="10.658219">
        <ele>493.555164</ele>
        <time>2026-09-25T16:02:39.415Z</time>
      </trkpt>
      <trkpt lat="49.165534" lon="10.658234">
        <ele>493.498721</ele>
        <time>2026-09-25T16:02:41.419Z</time>
      </trkpt>
      <trkpt lat="49.165401" lon="10.658280">
        <ele>493.414631</ele>
        <time>2026-09-25T16:02:44.425Z</time>
      </trkpt>
      <trkpt lat="49.165311" lon="10.658315">
        <ele>493.357363</ele>
        <time>2026-09-25T16:02:46.403Z</time>
      </trkpt>
      <trkpt lat="49.165212" lon="10.658352">
        <ele>493.294515</ele>
        <time>2026-09-25T16:02:48.420Z</time>
      </trkpt>
      <trkpt lat="49.165118" lon="10.658386">
        <ele>493.234948</ele>
        <time>2026-09-25T16:02:50.423Z</time>
      </trkpt>
      <trkpt lat="49.165000" lon="10.658431">
        <ele>493.159951</ele>
        <time>2026-09-25T16:02:53.425Z</time>
      </trkpt>
      <trkpt lat="49.164872" lon="10.658474">
        <ele>493.079133</ele>
        <time>2026-09-25T16:02:56.423Z</time>
      </trkpt>
      <trkpt lat="49.164765" lon="10.658507">
        <ele>493.011820</ele>
        <time>2026-09-25T16:02:59.412Z</time>
      </trkpt>
      <trkpt lat="49.164644" lon="10.658534">
        <ele>492.936411</ele>
        <time>2026-09-25T16:03:02.418Z</time>
      </trkpt>
      <trkpt lat="49.164535" lon="10.658560">
        <ele>492.868380</ele>
        <time>2026-09-25T16:03:05.494Z</time>
      </trkpt>
      <trkpt lat="49.164404" lon="10.658585">
        <ele>492.786968</ele>
        <time>2026-09-25T16:03:08.393Z</time>
      </trkpt>
      <trkpt lat="49.164313" lon="10.658603">
        <ele>492.730382</ele>
        <time>2026-09-25T16:03:10.385Z</time>
      </trkpt>
      <trkpt lat="49.164221" lon="10.658615">
        <ele>492.735359</ele>
        <time>2026-09-25T16:03:12.397Z</time>
      </trkpt>
      <trkpt lat="49.164126" lon="10.658617">
        <ele>492.746241</ele>
        <time>2026-09-25T16:03:14.414Z</time>
      </trkpt>
      <trkpt lat="49.163996" lon="10.658628">
        <ele>492.761153</ele>
        <time>2026-09-25T16:03:17.400Z</time>
      </trkpt>
      <trkpt lat="49.163866" lon="10.658632">
        <ele>492.776045</ele>
        <time>2026-09-25T16:03:20.430Z</time>
      </trkpt>
      <trkpt lat="49.163727" lon="10.658632">
        <ele>492.791965</ele>
        <time>2026-09-25T16:03:23.402Z</time>
      </trkpt>
      <trkpt lat="49.163636" lon="10.658638">
        <ele>492.802397</ele>
        <time>2026-09-25T16:03:25.421Z</time>
      </trkpt>
      <trkpt lat="49.163509" lon="10.658646">
        <ele>492.816955</ele>
        <time>2026-09-25T16:03:28.422Z</time>
      </trkpt>
      <trkpt lat="49.163398" lon="10.658657">
        <ele>492.829695</ele>
        <time>2026-09-25T16:03:31.407Z</time>
      </trkpt>
      <trkpt lat="49.163281" lon="10.658673">
        <ele>492.843148</ele>
        <time>2026-09-25T16:03:34.402Z</time>
      </trkpt>
      <trkpt lat="49.163189" lon="10.658700">
        <ele>492.853878</ele>
        <time>2026-09-25T16:03:37.379Z</time>
      </trkpt>
      <trkpt lat="49.163082" lon="10.658729">
        <ele>492.866324</ele>
        <time>2026-09-25T16:03:41.409Z</time>
      </trkpt>
      <trkpt lat="49.162975" lon="10.658768">
        <ele>492.878922</ele>
        <time>2026-09-25T16:03:45.413Z</time>
      </trkpt>
      <trkpt lat="49.162870" lon="10.658827">
        <ele>492.891734</ele>
        <time>2026-09-25T16:03:48.411Z</time>
      </trkpt>
      <trkpt lat="49.162750" lon="10.658889">
        <ele>492.906241</ele>
        <time>2026-09-25T16:03:52.422Z</time>
      </trkpt>
      <trkpt lat="49.162640" lon="10.658957">
        <ele>492.919830</ele>
        <time>2026-09-25T16:03:55.402Z</time>
      </trkpt>
      <trkpt lat="49.162524" lon="10.659028">
        <ele>492.941218</ele>
        <time>2026-09-25T16:03:58.400Z</time>
      </trkpt>
      <trkpt lat="49.162405" lon="10.659122">
        <ele>493.000393</ele>
        <time>2026-09-25T16:04:01.452Z</time>
      </trkpt>
      <trkpt lat="49.162289" lon="10.659209">
        <ele>493.057474</ele>
        <time>2026-09-25T16:04:04.403Z</time>
      </trkpt>
      <trkpt lat="49.162175" lon="10.659296">
        <ele>493.113764</ele>
        <time>2026-09-25T16:04:07.379Z</time>
      </trkpt>
      <trkpt lat="49.162098" lon="10.659368">
        <ele>493.153639</ele>
        <time>2026-09-25T16:04:09.409Z</time>
      </trkpt>
      <trkpt lat="49.162018" lon="10.659440">
        <ele>493.194650</ele>
        <time>2026-09-25T16:04:11.422Z</time>
      </trkpt>
      <trkpt lat="49.161897" lon="10.659533">
        <ele>493.254481</ele>
        <time>2026-09-25T16:04:14.432Z</time>
      </trkpt>
      <trkpt lat="49.161815" lon="10.659596">
        <ele>493.295025</ele>
        <time>2026-09-25T16:04:16.399Z</time>
      </trkpt>
      <trkpt lat="49.161698" lon="10.659668">
        <ele>493.350745</ele>
        <time>2026-09-25T16:04:19.444Z</time>
      </trkpt>
      <trkpt lat="49.161579" lon="10.659740">
        <ele>493.407286</ele>
        <time>2026-09-25T16:04:22.405Z</time>
      </trkpt>
      <trkpt lat="49.161492" lon="10.659793">
        <ele>493.448661</ele>
        <time>2026-09-25T16:04:24.409Z</time>
      </trkpt>
      <trkpt lat="49.161405" lon="10.659841">
        <ele>493.489523</ele>
        <time>2026-09-25T16:04:26.422Z</time>
      </trkpt>
      <trkpt lat="49.161315" lon="10.659890">
        <ele>493.531731</ele>
        <time>2026-09-25T16:04:28.401Z</time>
      </trkpt>
      <trkpt lat="49.161227" lon="10.659938">
        <ele>493.573009</ele>
        <time>2026-09-25T16:04:30.444Z</time>
      </trkpt>
      <trkpt lat="49.161137" lon="10.659987">
        <ele>493.615217</ele>
        <time>2026-09-25T16:04:32.388Z</time>
      </trkpt>
      <trkpt lat="49.161048" lon="10.660022">
        <ele>493.655818</ele>
        <time>2026-09-25T16:04:34.429Z</time>
      </trkpt>
      <trkpt lat="49.160962" lon="10.660058">
        <ele>493.695211</ele>
        <time>2026-09-25T16:04:36.426Z</time>
      </trkpt>
      <trkpt lat="49.160875" lon="10.660104">
        <ele>493.737068</ele>
        <time>2026-09-25T16:04:38.435Z</time>
      </trkpt>
      <trkpt lat="49.160756" lon="10.660147">
        <ele>493.797797</ele>
        <time>2026-09-25T16:04:41.423Z</time>
      </trkpt>
      <trkpt lat="49.160629" lon="10.660203">
        <ele>493.863441</ele>
        <time>2026-09-25T16:04:44.401Z</time>
      </trkpt>
      <trkpt lat="49.160508" lon="10.660236">
        <ele>493.924484</ele>
        <time>2026-09-25T16:04:47.426Z</time>
      </trkpt>
      <trkpt lat="49.160389" lon="10.660274">
        <ele>493.984860</ele>
        <time>2026-09-25T16:04:50.427Z</time>
      </trkpt>
      <trkpt lat="49.160265" lon="10.660307">
        <ele>494.047370</ele>
        <time>2026-09-25T16:04:53.408Z</time>
      </trkpt>
      <trkpt lat="49.160173" lon="10.660318">
        <ele>494.093201</ele>
        <time>2026-09-25T16:04:55.400Z</time>
      </trkpt>
      <trkpt lat="49.160055" lon="10.660342">
        <ele>494.152321</ele>
        <time>2026-09-25T16:04:58.410Z</time>
      </trkpt>
      <trkpt lat="49.159961" lon="10.660352">
        <ele>494.199119</ele>
        <time>2026-09-25T16:05:00.403Z</time>
      </trkpt>
      <trkpt lat="49.159835" lon="10.660361">
        <ele>494.261765</ele>
        <time>2026-09-25T16:05:03.434Z</time>
      </trkpt>
      <trkpt lat="49.159705" lon="10.660368">
        <ele>494.326369</ele>
        <time>2026-09-25T16:05:06.395Z</time>
      </trkpt>
      <trkpt lat="49.159587" lon="10.660378">
        <ele>494.385064</ele>
        <time>2026-09-25T16:05:09.433Z</time>
      </trkpt>
      <trkpt lat="49.159466" lon="10.660382">
        <ele>494.445172</ele>
        <time>2026-09-25T16:05:12.423Z</time>
      </trkpt>
      <trkpt lat="49.159348" lon="10.660391">
        <ele>494.503849</ele>
        <time>2026-09-25T16:05:15.433Z</time>
      </trkpt>
      <trkpt lat="49.159226" lon="10.660411">
        <ele>494.564788</ele>
        <time>2026-09-25T16:05:18.430Z</time>
      </trkpt>
      <trkpt lat="49.159105" lon="10.660444">
        <ele>494.622300</ele>
        <time>2026-09-25T16:05:21.415Z</time>
      </trkpt>
      <trkpt lat="49.158981" lon="10.660480">
        <ele>494.649393</ele>
        <time>2026-09-25T16:05:24.405Z</time>
      </trkpt>
      <trkpt lat="49.158852" lon="10.660524">
        <ele>494.677763</ele>
        <time>2026-09-25T16:05:27.416Z</time>
      </trkpt>
      <trkpt lat="49.158737" lon="10.660557">
        <ele>494.702879</ele>
        <time>2026-09-25T16:05:30.407Z</time>
      </trkpt>
      <trkpt lat="49.158648" lon="10.660589">
        <ele>494.722504</ele>
        <time>2026-09-25T16:05:32.406Z</time>
      </trkpt>
      <trkpt lat="49.158535" lon="10.660647">
        <ele>494.748090</ele>
        <time>2026-09-25T16:05:35.408Z</time>
      </trkpt>
      <trkpt lat="49.158412" lon="10.660707">
        <ele>494.775803</ele>
        <time>2026-09-25T16:05:38.439Z</time>
      </trkpt>
      <trkpt lat="49.158280" lon="10.660780">
        <ele>494.805934</ele>
        <time>2026-09-25T16:05:41.397Z</time>
      </trkpt>
      <trkpt lat="49.158168" lon="10.660851">
        <ele>494.831959</ele>
        <time>2026-09-25T16:05:44.453Z</time>
      </trkpt>
      <trkpt lat="49.158051" lon="10.660932">
        <ele>494.859527</ele>
        <time>2026-09-25T16:05:47.418Z</time>
      </trkpt>
      <trkpt lat="49.157934" lon="10.661015">
        <ele>494.887213</ele>
        <time>2026-09-25T16:05:50.417Z</time>
      </trkpt>
      <trkpt lat="49.157830" lon="10.661095">
        <ele>494.912202</ele>
        <time>2026-09-25T16:05:53.412Z</time>
      </trkpt>
      <trkpt lat="49.157729" lon="10.661178">
        <ele>494.936815</ele>
        <time>2026-09-25T16:05:56.404Z</time>
      </trkpt>
      <trkpt lat="49.157615" lon="10.661278">
        <ele>494.965026</ele>
        <time>2026-09-25T16:05:59.409Z</time>
      </trkpt>
      <trkpt lat="49.157509" lon="10.661370">
        <ele>494.991189</ele>
        <time>2026-09-25T16:06:02.419Z</time>
      </trkpt>
      <trkpt lat="49.157405" lon="10.661488">
        <ele>494.987827</ele>
        <time>2026-09-25T16:06:05.386Z</time>
      </trkpt>
      <trkpt lat="49.157299" lon="10.661595">
        <ele>494.951169</ele>
        <time>2026-09-25T16:06:08.446Z</time>
      </trkpt>
      <trkpt lat="49.157200" lon="10.661702">
        <ele>494.916179</ele>
        <time>2026-09-25T16:06:11.457Z</time>
      </trkpt>
      <trkpt lat="49.157099" lon="10.661824">
        <ele>494.879031</ele>
        <time>2026-09-25T16:06:14.421Z</time>
      </trkpt>
      <trkpt lat="49.156998" lon="10.661952">
        <ele>494.841170</ele>
        <time>2026-09-25T16:06:17.420Z</time>
      </trkpt>
      <trkpt lat="49.156898" lon="10.662085">
        <ele>494.802919</ele>
        <time>2026-09-25T16:06:20.416Z</time>
      </trkpt>
      <trkpt lat="49.156807" lon="10.662220">
        <ele>494.766325</ele>
        <time>2026-09-25T16:06:23.417Z</time>
      </trkpt>
      <trkpt lat="49.156714" lon="10.662368">
        <ele>494.727585</ele>
        <time>2026-09-25T16:06:26.412Z</time>
      </trkpt>
      <trkpt lat="49.156649" lon="10.662470">
        <ele>494.700704</ele>
        <time>2026-09-25T16:06:28.403Z</time>
      </trkpt>
      <trkpt lat="49.156562" lon="10.662605">
        <ele>494.664930</ele>
        <time>2026-09-25T16:06:31.435Z</time>
      </trkpt>
      <trkpt lat="49.156488" lon="10.662766">
        <ele>494.627786</ele>
        <time>2026-09-25T16:06:34.408Z</time>
      </trkpt>
      <trkpt lat="49.156416" lon="10.662933">
        <ele>494.590032</ele>
        <time>2026-09-25T16:06:37.408Z</time>
      </trkpt>
      <trkpt lat="49.156345" lon="10.663086">
        <ele>494.554621</ele>
        <time>2026-09-25T16:06:40.417Z</time>
      </trkpt>
      <trkpt lat="49.156283" lon="10.663235">
        <ele>494.521287</ele>
        <time>2026-09-25T16:06:43.410Z</time>
      </trkpt>
      <trkpt lat="49.156217" lon="10.663397">
        <ele>494.488899</ele>
        <time>2026-09-25T16:06:46.392Z</time>
      </trkpt>
      <trkpt lat="49.156156" lon="10.663566">
        <ele>494.552670</ele>
        <time>2026-09-25T16:06:49.427Z</time>
      </trkpt>
      <trkpt lat="49.156095" lon="10.663729">
        <ele>494.614713</ele>
        <time>2026-09-25T16:06:52.423Z</time>
      </trkpt>
      <trkpt lat="49.156035" lon="10.663902">
        <ele>494.679406</ele>
        <time>2026-09-25T16:06:55.393Z</time>
      </trkpt>
      <trkpt lat="49.155978" lon="10.664076">
        <ele>494.743698</ele>
        <time>2026-09-25T16:06:58.397Z</time>
      </trkpt>
      <trkpt lat="49.155922" lon="10.664253">
        <ele>494.808656</ele>
        <time>2026-09-25T16:07:01.428Z</time>
      </trkpt>
      <trkpt lat="49.155878" lon="10.664437">
        <ele>494.873380</ele>
        <time>2026-09-25T16:07:04.419Z</time>
      </trkpt>
      <trkpt lat="49.155823" lon="10.664626">
        <ele>494.941722</ele>
        <time>2026-09-25T16:07:07.419Z</time>
      </trkpt>
      <trkpt lat="49.155789" lon="10.664755">
        <ele>494.987670</ele>
        <time>2026-09-25T16:07:09.453Z</time>
      </trkpt>
      <trkpt lat="49.155742" lon="10.664935">
        <ele>495.051701</ele>
        <time>2026-09-25T16:07:12.422Z</time>
      </trkpt>
      <trkpt lat="49.155688" lon="10.665119">
        <ele>495.118329</ele>
        <time>2026-09-25T16:07:15.445Z</time>
      </trkpt>
      <trkpt lat="49.155651" lon="10.665246">
        <ele>495.164261</ele>
        <time>2026-09-25T16:07:17.428Z</time>
      </trkpt>
      <trkpt lat="49.155617" lon="10.665373">
        <ele>495.209597</ele>
        <time>2026-09-25T16:07:19.414Z</time>
      </trkpt>
      <trkpt lat="49.155579" lon="10.665499">
        <ele>495.255436</ele>
        <time>2026-09-25T16:07:21.392Z</time>
      </trkpt>
      <trkpt lat="49.155538" lon="10.665628">
        <ele>495.302820</ele>
        <time>2026-09-25T16:07:23.454Z</time>
      </trkpt>
      <trkpt lat="49.155478" lon="10.665800">
        <ele>495.367222</ele>
        <time>2026-09-25T16:07:26.403Z</time>
      </trkpt>
      <trkpt lat="49.155421" lon="10.665962">
        <ele>495.364150</ele>
        <time>2026-09-25T16:07:29.421Z</time>
      </trkpt>
      <trkpt lat="49.155357" lon="10.666124">
        <ele>495.305080</ele>
        <time>2026-09-25T16:07:32.434Z</time>
      </trkpt>
      <trkpt lat="49.155306" lon="10.666242">
        <ele>495.260935</ele>
        <time>2026-09-25T16:07:34.470Z</time>
      </trkpt>
      <trkpt lat="49.155233" lon="10.666407">
        <ele>495.198760</ele>
        <time>2026-09-25T16:07:37.404Z</time>
      </trkpt>
      <trkpt lat="49.155181" lon="10.666518">
        <ele>495.156145</ele>
        <time>2026-09-25T16:07:39.426Z</time>
      </trkpt>
      <trkpt lat="49.155103" lon="10.666669">
        <ele>495.096088</ele>
        <time>2026-09-25T16:07:42.422Z</time>
      </trkpt>
      <trkpt lat="49.155015" lon="10.666818">
        <ele>495.033428</ele>
        <time>2026-09-25T16:07:45.386Z</time>
      </trkpt>
      <trkpt lat="49.154929" lon="10.666965">
        <ele>494.971869</ele>
        <time>2026-09-25T16:07:48.401Z</time>
      </trkpt>
      <trkpt lat="49.154841" lon="10.667098">
        <ele>494.912820</ele>
        <time>2026-09-25T16:07:51.406Z</time>
      </trkpt>
      <trkpt lat="49.154751" lon="10.667237">
        <ele>494.851772</ele>
        <time>2026-09-25T16:07:54.408Z</time>
      </trkpt>
      <trkpt lat="49.154649" lon="10.667370">
        <ele>494.787798</ele>
        <time>2026-09-25T16:07:57.430Z</time>
      </trkpt>
      <trkpt lat="49.154561" lon="10.667490">
        <ele>494.731527</ele>
        <time>2026-09-25T16:08:00.403Z</time>
      </trkpt>
      <trkpt lat="49.154485" lon="10.667615">
        <ele>494.678257</ele>
        <time>2026-09-25T16:08:03.424Z</time>
      </trkpt>
      <trkpt lat="49.154417" lon="10.667718">
        <ele>494.632578</ele>
        <time>2026-09-25T16:08:05.433Z</time>
      </trkpt>
      <trkpt lat="49.154341" lon="10.667827">
        <ele>494.582850</ele>
        <time>2026-09-25T16:08:07.434Z</time>
      </trkpt>
      <trkpt lat="49.154255" lon="10.667960">
        <ele>494.550704</ele>
        <time>2026-09-25T16:08:10.400Z</time>
      </trkpt>
      <trkpt lat="49.154178" lon="10.668088">
        <ele>494.611892</ele>
        <time>2026-09-25T16:08:13.419Z</time>
      </trkpt>
      <trkpt lat="49.154105" lon="10.668237">
        <ele>494.677392</ele>
        <time>2026-09-25T16:08:16.412Z</time>
      </trkpt>
      <trkpt lat="49.154031" lon="10.668390">
        <ele>494.744342</ele>
        <time>2026-09-25T16:08:19.421Z</time>
      </trkpt>
      <trkpt lat="49.153951" lon="10.668563">
        <ele>494.818887</ele>
        <time>2026-09-25T16:08:22.408Z</time>
      </trkpt>
      <trkpt lat="49.153886" lon="10.668707">
        <ele>494.880446</ele>
        <time>2026-09-25T16:08:25.404Z</time>
      </trkpt>
      <trkpt lat="49.153831" lon="10.668864">
        <ele>494.943108</ele>
        <time>2026-09-25T16:08:28.408Z</time>
      </trkpt>
      <trkpt lat="49.153776" lon="10.669008">
        <ele>495.001779</ele>
        <time>2026-09-25T16:08:31.402Z</time>
      </trkpt>
      <trkpt lat="49.153731" lon="10.669154">
        <ele>495.058565</ele>
        <time>2026-09-25T16:08:34.442Z</time>
      </trkpt>
      <trkpt lat="49.153685" lon="10.669331">
        <ele>495.125576</ele>
        <time>2026-09-25T16:08:37.438Z</time>
      </trkpt>
      <trkpt lat="49.153654" lon="10.669491">
        <ele>495.184288</ele>
        <time>2026-09-25T16:08:40.413Z</time>
      </trkpt>
      <trkpt lat="49.153617" lon="10.669645">
        <ele>495.242010</ele>
        <time>2026-09-25T16:08:43.428Z</time>
      </trkpt>
      <trkpt lat="49.153567" lon="10.669806">
        <ele>495.304717</ele>
        <time>2026-09-25T16:08:46.422Z</time>
      </trkpt>
      <trkpt lat="49.153521" lon="10.669982">
        <ele>495.371402</ele>
        <time>2026-09-25T16:08:49.408Z</time>
      </trkpt>
      <trkpt lat="49.153476" lon="10.670164">
        <ele>495.439859</ele>
        <time>2026-09-25T16:08:52.409Z</time>
      </trkpt>
      <trkpt lat="49.153413" lon="10.670345">
        <ele>495.513931</ele>
        <time>2026-09-25T16:08:55.419Z</time>
      </trkpt>
      <trkpt lat="49.153366" lon="10.670477">
        <ele>495.580227</ele>
        <time>2026-09-25T16:08:57.459Z</time>
      </trkpt>
      <trkpt lat="49.153311" lon="10.670662">
        <ele>495.669869</ele>
        <time>2026-09-25T16:09:00.407Z</time>
      </trkpt>
      <trkpt lat="49.153269" lon="10.670828">
        <ele>495.748382</ele>
        <time>2026-09-25T16:09:03.462Z</time>
      </trkpt>
      <trkpt lat="49.153223" lon="10.671004">
        <ele>495.831988</ele>
        <time>2026-09-25T16:09:06.418Z</time>
      </trkpt>
      <trkpt lat="49.153168" lon="10.671184">
        <ele>495.919626</ele>
        <time>2026-09-25T16:09:09.390Z</time>
      </trkpt>
      <trkpt lat="49.153108" lon="10.671364">
        <ele>496.008745</ele>
        <time>2026-09-25T16:09:12.426Z</time>
      </trkpt>
      <trkpt lat="49.153065" lon="10.671486">
        <ele>496.069878</ele>
        <time>2026-09-25T16:09:14.440Z</time>
      </trkpt>
      <trkpt lat="49.153001" lon="10.671655">
        <ele>496.156022</ele>
        <time>2026-09-25T16:09:17.435Z</time>
      </trkpt>
      <trkpt lat="49.152929" lon="10.671824">
        <ele>496.244992</ele>
        <time>2026-09-25T16:09:20.448Z</time>
      </trkpt>
      <trkpt lat="49.152859" lon="10.671981">
        <ele>496.328809</ele>
        <time>2026-09-25T16:09:23.421Z</time>
      </trkpt>
      <trkpt lat="49.152788" lon="10.672141">
        <ele>496.414099</ele>
        <time>2026-09-25T16:09:26.458Z</time>
      </trkpt>
      <trkpt lat="49.152726" lon="10.672313">
        <ele>496.500732</ele>
        <time>2026-09-25T16:09:29.428Z</time>
      </trkpt>
      <trkpt lat="49.152641" lon="10.672479">
        <ele>496.593729</ele>
        <time>2026-09-25T16:09:32.408Z</time>
      </trkpt>
      <trkpt lat="49.152580" lon="10.672591">
        <ele>496.658022</ele>
        <time>2026-09-25T16:09:34.430Z</time>
      </trkpt>
      <trkpt lat="49.152515" lon="10.672720">
        <ele>496.663899</ele>
        <time>2026-09-25T16:09:36.415Z</time>
      </trkpt>
      <trkpt lat="49.152450" lon="10.672829">
        <ele>496.382364</ele>
        <time>2026-09-25T16:09:38.458Z</time>
      </trkpt>
      <trkpt lat="49.152384" lon="10.672945">
        <ele>496.088911</ele>
        <time>2026-09-25T16:09:40.392Z</time>
      </trkpt>
      <trkpt lat="49.152301" lon="10.673093">
        <ele>495.716807</ele>
        <time>2026-09-25T16:09:43.433Z</time>
      </trkpt>
      <trkpt lat="49.152241" lon="10.673218">
        <ele>495.420871</ele>
        <time>2026-09-25T16:09:46.412Z</time>
      </trkpt>
      <trkpt lat="49.152162" lon="10.673351">
        <ele>495.077959</ele>
        <time>2026-09-25T16:09:49.432Z</time>
      </trkpt>
      <trkpt lat="49.152077" lon="10.673484">
        <ele>494.723039</ele>
        <time>2026-09-25T16:09:52.402Z</time>
      </trkpt>
      <trkpt lat="49.151992" lon="10.673619">
        <ele>494.365378</ele>
        <time>2026-09-25T16:09:55.436Z</time>
      </trkpt>
      <trkpt lat="49.151911" lon="10.673747">
        <ele>494.025437</ele>
        <time>2026-09-25T16:09:58.413Z</time>
      </trkpt>
      <trkpt lat="49.151825" lon="10.673873">
        <ele>493.677845</ele>
        <time>2026-09-25T16:10:01.451Z</time>
      </trkpt>
      <trkpt lat="49.151731" lon="10.674019">
        <ele>493.286818</ele>
        <time>2026-09-25T16:10:04.403Z</time>
      </trkpt>
      <trkpt lat="49.151660" lon="10.674115">
        <ele>493.010227</ele>
        <time>2026-09-25T16:10:06.411Z</time>
      </trkpt>
      <trkpt lat="49.151562" lon="10.674258">
        <ele>492.614899</ele>
        <time>2026-09-25T16:10:09.438Z</time>
      </trkpt>
      <trkpt lat="49.151493" lon="10.674353">
        <ele>492.343932</ele>
        <time>2026-09-25T16:10:11.426Z</time>
      </trkpt>
      <trkpt lat="49.151405" lon="10.674504">
        <ele>491.957910</ele>
        <time>2026-09-25T16:10:14.407Z</time>
      </trkpt>
      <trkpt lat="49.151342" lon="10.674610">
        <ele>491.684536</ele>
        <time>2026-09-25T16:10:16.422Z</time>
      </trkpt>
      <trkpt lat="49.151275" lon="10.674719">
        <ele>491.496001</ele>
        <time>2026-09-25T16:10:18.409Z</time>
      </trkpt>
      <trkpt lat="49.151218" lon="10.674827">
        <ele>491.599992</ele>
        <time>2026-09-25T16:10:20.422Z</time>
      </trkpt>
      <trkpt lat="49.151158" lon="10.674939">
        <ele>491.708477</ele>
        <time>2026-09-25T16:10:22.440Z</time>
      </trkpt>
      <trkpt lat="49.151096" lon="10.675049">
        <ele>491.817289</ele>
        <time>2026-09-25T16:10:24.395Z</time>
      </trkpt>
      <trkpt lat="49.151039" lon="10.675180">
        <ele>491.935191</ele>
        <time>2026-09-25T16:10:26.425Z</time>
      </trkpt>
      <trkpt lat="49.150989" lon="10.675307">
        <ele>492.046269</ele>
        <time>2026-09-25T16:10:28.422Z</time>
      </trkpt>
      <trkpt lat="49.150923" lon="10.675478">
        <ele>492.195055</ele>
        <time>2026-09-25T16:10:31.401Z</time>
      </trkpt>
      <trkpt lat="49.150881" lon="10.675659">
        <ele>492.338970</ele>
        <time>2026-09-25T16:10:34.428Z</time>
      </trkpt>
      <trkpt lat="49.150833" lon="10.675840">
        <ele>492.485327</ele>
        <time>2026-09-25T16:10:37.398Z</time>
      </trkpt>
      <trkpt lat="49.150781" lon="10.676028">
        <ele>492.638285</ele>
        <time>2026-09-25T16:10:40.419Z</time>
      </trkpt>
      <trkpt lat="49.150739" lon="10.676207">
        <ele>492.780789</ele>
        <time>2026-09-25T16:10:43.432Z</time>
      </trkpt>
      <trkpt lat="49.150702" lon="10.676396">
        <ele>492.928625</ele>
        <time>2026-09-25T16:10:46.405Z</time>
      </trkpt>
      <trkpt lat="49.150676" lon="10.676586">
        <ele>493.074085</ele>
        <time>2026-09-25T16:10:49.424Z</time>
      </trkpt>
      <trkpt lat="49.150638" lon="10.676853">
        <ele>493.278845</ele>
        <time>2026-09-25T16:10:53.413Z</time>
      </trkpt>
      <trkpt lat="49.150616" lon="10.676989">
        <ele>493.383828</ele>
        <time>2026-09-25T16:10:55.398Z</time>
      </trkpt>
      <trkpt lat="49.150592" lon="10.677135">
        <ele>493.496636</ele>
        <time>2026-09-25T16:10:57.361Z</time>
      </trkpt>
      <trkpt lat="49.150571" lon="10.677274">
        <ele>493.594270</ele>
        <time>2026-09-25T16:10:59.443Z</time>
      </trkpt>
      <trkpt lat="49.150544" lon="10.677409">
        <ele>493.686842</ele>
        <time>2026-09-25T16:11:01.404Z</time>
      </trkpt>
      <trkpt lat="49.150522" lon="10.677543">
        <ele>493.777439</ele>
        <time>2026-09-25T16:11:03.402Z</time>
      </trkpt>
      <trkpt lat="49.150509" lon="10.677725">
        <ele>493.897496</ele>
        <time>2026-09-25T16:11:06.388Z</time>
      </trkpt>
      <trkpt lat="49.150491" lon="10.677864">
        <ele>493.990415</ele>
        <time>2026-09-25T16:11:08.390Z</time>
      </trkpt>
      <trkpt lat="49.150493" lon="10.678007">
        <ele>494.084209</ele>
        <time>2026-09-25T16:11:10.397Z</time>
      </trkpt>
      <trkpt lat="49.150491" lon="10.678179">
        <ele>494.197017</ele>
        <time>2026-09-25T16:11:13.382Z</time>
      </trkpt>
      <trkpt lat="49.150457" lon="10.678350">
        <ele>494.314217</ele>
        <time>2026-09-25T16:11:16.387Z</time>
      </trkpt>
      <trkpt lat="49.150409" lon="10.678529">
        <ele>494.441079</ele>
        <time>2026-09-25T16:11:19.396Z</time>
      </trkpt>
      <trkpt lat="49.150344" lon="10.678681">
        <ele>494.560167</ele>
        <time>2026-09-25T16:11:22.392Z</time>
      </trkpt>
      <trkpt lat="49.150278" lon="10.678827">
        <ele>494.676548</ele>
        <time>2026-09-25T16:11:25.405Z</time>
      </trkpt>
      <trkpt lat="49.150211" lon="10.678977">
        <ele>494.795659</ele>
        <time>2026-09-25T16:11:28.396Z</time>
      </trkpt>
      <trkpt lat="49.150134" lon="10.679139">
        <ele>494.926979</ele>
        <time>2026-09-25T16:11:31.406Z</time>
      </trkpt>
      <trkpt lat="49.150070" lon="10.679301">
        <ele>495.051086</ele>
        <time>2026-09-25T16:11:34.441Z</time>
      </trkpt>
      <trkpt lat="49.150005" lon="10.679469">
        <ele>495.179084</ele>
        <time>2026-09-25T16:11:37.400Z</time>
      </trkpt>
      <trkpt lat="49.149943" lon="10.679629">
        <ele>495.301037</ele>
        <time>2026-09-25T16:11:40.417Z</time>
      </trkpt>
      <trkpt lat="49.149865" lon="10.679796">
        <ele>495.388634</ele>
        <time>2026-09-25T16:11:43.433Z</time>
      </trkpt>
      <trkpt lat="49.149794" lon="10.679931">
        <ele>495.450435</ele>
        <time>2026-09-25T16:11:46.444Z</time>
      </trkpt>
      <trkpt lat="49.149730" lon="10.680103">
        <ele>495.521033</ele>
        <time>2026-09-25T16:11:50.409Z</time>
      </trkpt>
      <trkpt lat="49.149652" lon="10.680242">
        <ele>495.586371</ele>
        <time>2026-09-25T16:11:53.399Z</time>
      </trkpt>
      <trkpt lat="49.149561" lon="10.680393">
        <ele>495.659623</ele>
        <time>2026-09-25T16:11:56.397Z</time>
      </trkpt>
      <trkpt lat="49.149498" lon="10.680496">
        <ele>495.709933</ele>
        <time>2026-09-25T16:11:58.396Z</time>
      </trkpt>
      <trkpt lat="49.149416" lon="10.680618">
        <ele>495.772342</ele>
        <time>2026-09-25T16:12:01.401Z</time>
      </trkpt>
      <trkpt lat="49.149341" lon="10.680727">
        <ele>495.828784</ele>
        <time>2026-09-25T16:12:04.403Z</time>
      </trkpt>
      <trkpt lat="49.149247" lon="10.680857">
        <ele>495.897920</ele>
        <time>2026-09-25T16:12:07.410Z</time>
      </trkpt>
      <trkpt lat="49.149173" lon="10.680948">
        <ele>495.949719</ele>
        <time>2026-09-25T16:12:09.426Z</time>
      </trkpt>
      <trkpt lat="49.149090" lon="10.681040">
        <ele>496.005637</ele>
        <time>2026-09-25T16:12:12.405Z</time>
      </trkpt>
      <trkpt lat="49.149007" lon="10.681109">
        <ele>496.057168</ele>
        <time>2026-09-25T16:12:15.445Z</time>
      </trkpt>
      <trkpt lat="49.148910" lon="10.681201">
        <ele>496.119430</ele>
        <time>2026-09-25T16:12:18.395Z</time>
      </trkpt>
      <trkpt lat="49.148811" lon="10.681274">
        <ele>496.179381</ele>
        <time>2026-09-25T16:12:21.432Z</time>
      </trkpt>
      <trkpt lat="49.148713" lon="10.681352">
        <ele>496.239644</ele>
        <time>2026-09-25T16:12:24.398Z</time>
      </trkpt>
      <trkpt lat="49.148620" lon="10.681420">
        <ele>496.295873</ele>
        <time>2026-09-25T16:12:27.419Z</time>
      </trkpt>
      <trkpt lat="49.148512" lon="10.681495">
        <ele>496.118006</ele>
        <time>2026-09-25T16:12:30.420Z</time>
      </trkpt>
      <trkpt lat="49.148406" lon="10.681566">
        <ele>495.854888</ele>
        <time>2026-09-25T16:12:33.423Z</time>
      </trkpt>
      <trkpt lat="49.148303" lon="10.681635">
        <ele>495.599211</ele>
        <time>2026-09-25T16:12:36.421Z</time>
      </trkpt>
      <trkpt lat="49.148192" lon="10.681714">
        <ele>495.320833</ele>
        <time>2026-09-25T16:12:40.429Z</time>
      </trkpt>
      <trkpt lat="49.148107" lon="10.681762">
        <ele>495.114814</ele>
        <time>2026-09-25T16:12:42.408Z</time>
      </trkpt>
      <trkpt lat="49.147993" lon="10.681808">
        <ele>494.846747</ele>
        <time>2026-09-25T16:12:45.424Z</time>
      </trkpt>
      <trkpt lat="49.147895" lon="10.681847">
        <ele>494.616508</ele>
        <time>2026-09-25T16:12:48.419Z</time>
      </trkpt>
      <trkpt lat="49.147785" lon="10.681895">
        <ele>494.356423</ele>
        <time>2026-09-25T16:12:51.395Z</time>
      </trkpt>
      <trkpt lat="49.147673" lon="10.681942">
        <ele>494.092360</ele>
        <time>2026-09-25T16:12:54.404Z</time>
      </trkpt>
      <trkpt lat="49.147569" lon="10.681986">
        <ele>493.847017</ele>
        <time>2026-09-25T16:12:58.392Z</time>
      </trkpt>
      <trkpt lat="49.147461" lon="10.682043">
        <ele>493.587247</ele>
        <time>2026-09-25T16:13:01.395Z</time>
      </trkpt>
      <trkpt lat="49.147371" lon="10.682090">
        <ele>493.371013</ele>
        <time>2026-09-25T16:13:04.401Z</time>
      </trkpt>
      <trkpt lat="49.147262" lon="10.682163">
        <ele>493.100453</ele>
        <time>2026-09-25T16:13:07.461Z</time>
      </trkpt>
      <trkpt lat="49.147178" lon="10.682232">
        <ele>492.883647</ele>
        <time>2026-09-25T16:13:09.421Z</time>
      </trkpt>
      <trkpt lat="49.147100" lon="10.682303">
        <ele>492.677250</ele>
        <time>2026-09-25T16:13:11.419Z</time>
      </trkpt>
      <trkpt lat="49.146984" lon="10.682393">
        <ele>492.381491</ele>
        <time>2026-09-25T16:13:14.395Z</time>
      </trkpt>
      <trkpt lat="49.146894" lon="10.682498">
        <ele>492.276832</ele>
        <time>2026-09-25T16:13:17.439Z</time>
      </trkpt>
      <trkpt lat="49.146811" lon="10.682599">
        <ele>492.403521</ele>
        <time>2026-09-25T16:13:20.425Z</time>
      </trkpt>
      <trkpt lat="49.146729" lon="10.682718">
        <ele>492.538544</ele>
        <time>2026-09-25T16:13:23.426Z</time>
      </trkpt>
      <trkpt lat="49.146664" lon="10.682822">
        <ele>492.650910</ele>
        <time>2026-09-25T16:13:26.414Z</time>
      </trkpt>
      <trkpt lat="49.146598" lon="10.682946">
        <ele>492.775792</ele>
        <time>2026-09-25T16:13:29.426Z</time>
      </trkpt>
      <trkpt lat="49.146534" lon="10.683083">
        <ele>492.907303</ele>
        <time>2026-09-25T16:13:32.408Z</time>
      </trkpt>
      <trkpt lat="49.146472" lon="10.683219">
        <ele>493.036800</ele>
        <time>2026-09-25T16:13:35.430Z</time>
      </trkpt>
      <trkpt lat="49.146417" lon="10.683361">
        <ele>493.165715</ele>
        <time>2026-09-25T16:13:38.404Z</time>
      </trkpt>
      <trkpt lat="49.146357" lon="10.683521">
        <ele>493.309786</ele>
        <time>2026-09-25T16:13:41.401Z</time>
      </trkpt>
      <trkpt lat="49.146309" lon="10.683667">
        <ele>493.437434</ele>
        <time>2026-09-25T16:13:44.417Z</time>
      </trkpt>
      <trkpt lat="49.146271" lon="10.683799">
        <ele>493.550094</ele>
        <time>2026-09-25T16:13:46.445Z</time>
      </trkpt>
      <trkpt lat="49.146224" lon="10.683937">
        <ele>493.671635</ele>
        <time>2026-09-25T16:13:48.421Z</time>
      </trkpt>
      <trkpt lat="49.146186" lon="10.684066">
        <ele>493.782154</ele>
        <time>2026-09-25T16:13:50.414Z</time>
      </trkpt>
      <trkpt lat="49.146147" lon="10.684217">
        <ele>493.908975</ele>
        <time>2026-09-25T16:13:53.427Z</time>
      </trkpt>
      <trkpt lat="49.146113" lon="10.684369">
        <ele>494.034466</ele>
        <time>2026-09-25T16:13:56.403Z</time>
      </trkpt>
      <trkpt lat="49.146069" lon="10.684534">
        <ele>494.173661</ele>
        <time>2026-09-25T16:13:59.402Z</time>
      </trkpt>
      <trkpt lat="49.146016" lon="10.684688">
        <ele>494.309598</ele>
        <time>2026-09-25T16:14:02.400Z</time>
      </trkpt>
      <trkpt lat="49.145956" lon="10.684835">
        <ele>494.429104</ele>
        <time>2026-09-25T16:14:05.413Z</time>
      </trkpt>
      <trkpt lat="49.145886" lon="10.684989">
        <ele>494.543672</ele>
        <time>2026-09-25T16:14:08.421Z</time>
      </trkpt>
      <trkpt lat="49.145826" lon="10.685127">
        <ele>494.644905</ele>
        <time>2026-09-25T16:14:11.413Z</time>
      </trkpt>
      <trkpt lat="49.145765" lon="10.685254">
        <ele>494.741164</ele>
        <time>2026-09-25T16:14:14.420Z</time>
      </trkpt>
      <trkpt lat="49.145697" lon="10.685388">
        <ele>494.844775</ele>
        <time>2026-09-25T16:14:17.399Z</time>
      </trkpt>
      <trkpt lat="49.145630" lon="10.685518">
        <ele>494.945886</ele>
        <time>2026-09-25T16:14:20.403Z</time>
      </trkpt>
      <trkpt lat="49.145561" lon="10.685645">
        <ele>495.046747</ele>
        <time>2026-09-25T16:14:23.397Z</time>
      </trkpt>
      <trkpt lat="49.145478" lon="10.685770">
        <ele>495.155563</ele>
        <time>2026-09-25T16:14:26.419Z</time>
      </trkpt>
      <trkpt lat="49.145408" lon="10.685864">
        <ele>495.242581</ele>
        <time>2026-09-25T16:14:30.418Z</time>
      </trkpt>
      <trkpt lat="49.145338" lon="10.685951">
        <ele>495.326838</ele>
        <time>2026-09-25T16:14:33.399Z</time>
      </trkpt>
      <trkpt lat="49.145240" lon="10.686057">
        <ele>495.438959</ele>
        <time>2026-09-25T16:14:36.388Z</time>
      </trkpt>
      <trkpt lat="49.145157" lon="10.686144">
        <ele>495.532949</ele>
        <time>2026-09-25T16:14:39.411Z</time>
      </trkpt>
      <trkpt lat="49.145058" lon="10.686229">
        <ele>495.638996</ele>
        <time>2026-09-25T16:14:43.411Z</time>
      </trkpt>
      <trkpt lat="49.144955" lon="10.686311">
        <ele>495.747456</ele>
        <time>2026-09-25T16:14:46.394Z</time>
      </trkpt>
      <trkpt lat="49.144851" lon="10.686405">
        <ele>495.860295</ele>
        <time>2026-09-25T16:14:49.424Z</time>
      </trkpt>
      <trkpt lat="49.144762" lon="10.686481">
        <ele>495.955506</ele>
        <time>2026-09-25T16:14:52.411Z</time>
      </trkpt>
      <trkpt lat="49.144661" lon="10.686563">
        <ele>496.065376</ele>
        <time>2026-09-25T16:14:55.391Z</time>
      </trkpt>
      <trkpt lat="49.144556" lon="10.686673">
        <ele>496.219838</ele>
        <time>2026-09-25T16:14:58.411Z</time>
      </trkpt>
      <trkpt lat="49.144470" lon="10.686773">
        <ele>496.350955</ele>
        <time>2026-09-25T16:15:01.400Z</time>
      </trkpt>
      <trkpt lat="49.144383" lon="10.686866">
        <ele>496.479777</ele>
        <time>2026-09-25T16:15:04.396Z</time>
      </trkpt>
      <trkpt lat="49.144297" lon="10.686976">
        <ele>496.615846</ele>
        <time>2026-09-25T16:15:07.414Z</time>
      </trkpt>
      <trkpt lat="49.144199" lon="10.687096">
        <ele>496.768213</ele>
        <time>2026-09-25T16:15:10.408Z</time>
      </trkpt>
      <trkpt lat="49.144112" lon="10.687212">
        <ele>496.908299</ele>
        <time>2026-09-25T16:15:13.421Z</time>
      </trkpt>
      <trkpt lat="49.144040" lon="10.687323">
        <ele>497.032384</ele>
        <time>2026-09-25T16:15:16.418Z</time>
      </trkpt>
      <trkpt lat="49.143951" lon="10.687445">
        <ele>497.177444</ele>
        <time>2026-09-25T16:15:19.411Z</time>
      </trkpt>
      <trkpt lat="49.143858" lon="10.687585">
        <ele>497.335830</ele>
        <time>2026-09-25T16:15:22.402Z</time>
      </trkpt>
      <trkpt lat="49.143767" lon="10.687728">
        <ele>497.494194</ele>
        <time>2026-09-25T16:15:25.424Z</time>
      </trkpt>
      <trkpt lat="49.143689" lon="10.687860">
        <ele>497.635395</ele>
        <time>2026-09-25T16:15:28.467Z</time>
      </trkpt>
      <trkpt lat="49.143615" lon="10.688002">
        <ele>497.779511</ele>
        <time>2026-09-25T16:15:31.401Z</time>
      </trkpt>
      <trkpt lat="49.143537" lon="10.688154">
        <ele>497.932864</ele>
        <time>2026-09-25T16:15:34.405Z</time>
      </trkpt>
      <trkpt lat="49.143472" lon="10.688300">
        <ele>498.073054</ele>
        <time>2026-09-25T16:15:37.375Z</time>
      </trkpt>
      <trkpt lat="49.143414" lon="10.688437">
        <ele>498.202593</ele>
        <time>2026-09-25T16:15:40.419Z</time>
      </trkpt>
      <trkpt lat="49.143360" lon="10.688579">
        <ele>498.131746</ele>
        <time>2026-09-25T16:15:43.398Z</time>
      </trkpt>
      <trkpt lat="49.143312" lon="10.688721">
        <ele>497.998905</ele>
        <time>2026-09-25T16:15:46.412Z</time>
      </trkpt>
      <trkpt lat="49.143253" lon="10.688870">
        <ele>497.854153</ele>
        <time>2026-09-25T16:15:49.408Z</time>
      </trkpt>
      <trkpt lat="49.143191" lon="10.689024">
        <ele>497.703867</ele>
        <time>2026-09-25T16:15:52.403Z</time>
      </trkpt>
      <trkpt lat="49.143148" lon="10.689163">
        <ele>497.576078</ele>
        <time>2026-09-25T16:15:55.383Z</time>
      </trkpt>
      <trkpt lat="49.143112" lon="10.689307">
        <ele>497.447958</ele>
        <time>2026-09-25T16:15:58.409Z</time>
      </trkpt>
      <trkpt lat="49.143062" lon="10.689461">
        <ele>497.305071</ele>
        <time>2026-09-25T16:16:01.427Z</time>
      </trkpt>
      <trkpt lat="49.143032" lon="10.689596">
        <ele>497.186575</ele>
        <time>2026-09-25T16:16:04.416Z</time>
      </trkpt>
      <trkpt lat="49.142985" lon="10.689765">
        <ele>497.033953</ele>
        <time>2026-09-25T16:16:07.403Z</time>
      </trkpt>
      <trkpt lat="49.142954" lon="10.689927">
        <ele>496.893672</ele>
        <time>2026-09-25T16:16:10.393Z</time>
      </trkpt>
      <trkpt lat="49.142946" lon="10.690086">
        <ele>496.761137</ele>
        <time>2026-09-25T16:16:14.401Z</time>
      </trkpt>
      <trkpt lat="49.142896" lon="10.690203">
        <ele>496.644987</ele>
        <time>2026-09-25T16:16:18.402Z</time>
      </trkpt>
      <trkpt lat="49.142798" lon="10.690175">
        <ele>496.518326</ele>
        <time>2026-09-25T16:16:24.403Z</time>
      </trkpt>
      <trkpt lat="49.142696" lon="10.690118">
        <ele>496.380351</ele>
        <time>2026-09-25T16:16:28.388Z</time>
      </trkpt>
      <trkpt lat="49.142601" lon="10.690070">
        <ele>496.253235</ele>
        <time>2026-09-25T16:16:32.375Z</time>
      </trkpt>
      <trkpt lat="49.142504" lon="10.690018">
        <ele>496.122641</ele>
        <time>2026-09-25T16:16:37.419Z</time>
      </trkpt>
      <trkpt lat="49.142405" lon="10.689960">
        <ele>495.987944</ele>
        <time>2026-09-25T16:16:42.425Z</time>
      </trkpt>
      <trkpt lat="49.142315" lon="10.689925">
        <ele>495.763045</ele>
        <time>2026-09-25T16:16:46.421Z</time>
      </trkpt>
      <trkpt lat="49.142234" lon="10.690039">
        <ele>495.435276</ele>
        <time>2026-09-25T16:16:51.411Z</time>
      </trkpt>
      <trkpt lat="49.142218" lon="10.690220">
        <ele>495.079583</ele>
        <time>2026-09-25T16:16:54.421Z</time>
      </trkpt>
      <trkpt lat="49.142220" lon="10.690405">
        <ele>494.719255</ele>
        <time>2026-09-25T16:16:57.409Z</time>
      </trkpt>
      <trkpt lat="49.142194" lon="10.690560">
        <ele>494.407634</ele>
        <time>2026-09-25T16:17:00.407Z</time>
      </trkpt>
      <trkpt lat="49.142133" lon="10.690697">
        <ele>494.084897</ele>
        <time>2026-09-25T16:17:03.451Z</time>
      </trkpt>
      <trkpt lat="49.142058" lon="10.690824">
        <ele>493.751701</ele>
        <time>2026-09-25T16:17:06.430Z</time>
      </trkpt>
      <trkpt lat="49.141972" lon="10.690953">
        <ele>493.393013</ele>
        <time>2026-09-25T16:17:09.423Z</time>
      </trkpt>
      <trkpt lat="49.141882" lon="10.691075">
        <ele>493.034918</ele>
        <time>2026-09-25T16:17:12.404Z</time>
      </trkpt>
      <trkpt lat="49.141799" lon="10.691218">
        <ele>492.662619</ele>
        <time>2026-09-25T16:17:15.413Z</time>
      </trkpt>
      <trkpt lat="49.141734" lon="10.691362">
        <ele>492.321904</ele>
        <time>2026-09-25T16:17:18.430Z</time>
      </trkpt>
      <trkpt lat="49.141657" lon="10.691512">
        <ele>491.950585</ele>
        <time>2026-09-25T16:17:21.403Z</time>
      </trkpt>
      <trkpt lat="49.141597" lon="10.691679">
        <ele>491.579536</ele>
        <time>2026-09-25T16:17:24.413Z</time>
      </trkpt>
      <trkpt lat="49.141549" lon="10.691842">
        <ele>491.231418</ele>
        <time>2026-09-25T16:17:27.401Z</time>
      </trkpt>
      <trkpt lat="49.141508" lon="10.692018">
        <ele>490.867578</ele>
        <time>2026-09-25T16:17:30.428Z</time>
      </trkpt>
      <trkpt lat="49.141470" lon="10.692198">
        <ele>490.617324</ele>
        <time>2026-09-25T16:17:33.434Z</time>
      </trkpt>
      <trkpt lat="49.141445" lon="10.692388">
        <ele>490.704641</ele>
        <time>2026-09-25T16:17:36.443Z</time>
      </trkpt>
      <trkpt lat="49.141429" lon="10.692566">
        <ele>490.785591</ele>
        <time>2026-09-25T16:17:39.428Z</time>
      </trkpt>
      <trkpt lat="49.141382" lon="10.692727">
        <ele>490.865023</ele>
        <time>2026-09-25T16:17:42.426Z</time>
      </trkpt>
      <trkpt lat="49.141335" lon="10.692872">
        <ele>490.937931</ele>
        <time>2026-09-25T16:17:45.425Z</time>
      </trkpt>
      <trkpt lat="49.141261" lon="10.693030">
        <ele>491.025480</ele>
        <time>2026-09-25T16:17:48.411Z</time>
      </trkpt>
      <trkpt lat="49.141185" lon="10.693158">
        <ele>491.103361</ele>
        <time>2026-09-25T16:17:51.410Z</time>
      </trkpt>
      <trkpt lat="49.141099" lon="10.693280">
        <ele>491.184165</ele>
        <time>2026-09-25T16:17:54.413Z</time>
      </trkpt>
      <trkpt lat="49.141018" lon="10.693379">
        <ele>491.255589</ele>
        <time>2026-09-25T16:17:57.423Z</time>
      </trkpt>
      <trkpt lat="49.140950" lon="10.693472">
        <ele>491.318429</ele>
        <time>2026-09-25T16:18:00.448Z</time>
      </trkpt>
      <trkpt lat="49.140859" lon="10.693578">
        <ele>491.397224</ele>
        <time>2026-09-25T16:18:03.408Z</time>
      </trkpt>
      <trkpt lat="49.140757" lon="10.693668">
        <ele>491.478335</ele>
        <time>2026-09-25T16:18:06.452Z</time>
      </trkpt>
      <trkpt lat="49.140656" lon="10.693739">
        <ele>491.554896</ele>
        <time>2026-09-25T16:18:09.430Z</time>
      </trkpt>
      <trkpt lat="49.140567" lon="10.693788">
        <ele>491.620045</ele>
        <time>2026-09-25T16:18:12.420Z</time>
      </trkpt>
      <trkpt lat="49.140473" lon="10.693846">
        <ele>491.689858</ele>
        <time>2026-09-25T16:18:15.423Z</time>
      </trkpt>
      <trkpt lat="49.140386" lon="10.693914">
        <ele>491.757154</ele>
        <time>2026-09-25T16:18:18.531Z</time>
      </trkpt>
      <trkpt lat="49.140291" lon="10.693988">
        <ele>491.830586</ele>
        <time>2026-09-25T16:18:22.384Z</time>
      </trkpt>
      <trkpt lat="49.140213" lon="10.694087">
        <ele>491.769524</ele>
        <time>2026-09-25T16:18:26.432Z</time>
      </trkpt>
      <trkpt lat="49.140140" lon="10.694185">
        <ele>491.704835</ele>
        <time>2026-09-25T16:18:29.429Z</time>
      </trkpt>
      <trkpt lat="49.140067" lon="10.694304">
        <ele>491.633777</ele>
        <time>2026-09-25T16:18:33.398Z</time>
      </trkpt>
      <trkpt lat="49.140005" lon="10.694453">
        <ele>491.556858</ele>
        <time>2026-09-25T16:18:37.427Z</time>
      </trkpt>
      <trkpt lat="49.139965" lon="10.694607">
        <ele>491.484684</ele>
        <time>2026-09-25T16:18:40.402Z</time>
      </trkpt>
      <trkpt lat="49.139933" lon="10.694752">
        <ele>491.418026</ele>
        <time>2026-09-25T16:18:43.427Z</time>
      </trkpt>
      <trkpt lat="49.139898" lon="10.694904">
        <ele>491.347835</ele>
        <time>2026-09-25T16:18:46.421Z</time>
      </trkpt>
      <trkpt lat="49.139870" lon="10.695072">
        <ele>491.272319</ele>
        <time>2026-09-25T16:18:50.406Z</time>
      </trkpt>
      <trkpt lat="49.139845" lon="10.695239">
        <ele>491.197695</ele>
        <time>2026-09-25T16:18:53.413Z</time>
      </trkpt>
      <trkpt lat="49.139807" lon="10.695424">
        <ele>491.113233</ele>
        <time>2026-09-25T16:18:56.405Z</time>
      </trkpt>
      <trkpt lat="49.139790" lon="10.695601">
        <ele>491.035307</ele>
        <time>2026-09-25T16:18:59.405Z</time>
      </trkpt>
      <trkpt lat="49.139772" lon="10.695767">
        <ele>490.962012</ele>
        <time>2026-09-25T16:19:02.388Z</time>
      </trkpt>
      <trkpt lat="49.139772" lon="10.695945">
        <ele>490.884477</ele>
        <time>2026-09-25T16:19:05.406Z</time>
      </trkpt>
      <trkpt lat="49.139759" lon="10.696098">
        <ele>490.817272</ele>
        <time>2026-09-25T16:19:08.420Z</time>
      </trkpt>
      <trkpt lat="49.139697" lon="10.696239">
        <ele>490.743270</ele>
        <time>2026-09-25T16:19:11.430Z</time>
      </trkpt>
      <trkpt lat="49.139598" lon="10.696290">
        <ele>490.673711</ele>
        <time>2026-09-25T16:19:14.428Z</time>
      </trkpt>
      <trkpt lat="49.139479" lon="10.696260">
        <ele>490.586229</ele>
        <time>2026-09-25T16:19:17.433Z</time>
      </trkpt>
      <trkpt lat="49.139370" lon="10.696246">
        <ele>490.501205</ele>
        <time>2026-09-25T16:19:20.419Z</time>
      </trkpt>
      <trkpt lat="49.139248" lon="10.696275">
        <ele>490.405236</ele>
        <time>2026-09-25T16:19:24.441Z</time>
      </trkpt>
      <trkpt lat="49.139149" lon="10.696319">
        <ele>490.325097</ele>
        <time>2026-09-25T16:19:27.471Z</time>
      </trkpt>
      <trkpt lat="49.139049" lon="10.696391">
        <ele>490.239176</ele>
        <time>2026-09-25T16:19:30.420Z</time>
      </trkpt>
      <trkpt lat="49.138946" lon="10.696478">
        <ele>490.147704</ele>
        <time>2026-09-25T16:19:33.467Z</time>
      </trkpt>
      <trkpt lat="49.138847" lon="10.696576">
        <ele>490.056024</ele>
        <time>2026-09-25T16:19:36.421Z</time>
      </trkpt>
      <trkpt lat="49.138749" lon="10.696686">
        <ele>489.961517</ele>
        <time>2026-09-25T16:19:39.445Z</time>
      </trkpt>
      <trkpt lat="49.138670" lon="10.696788">
        <ele>489.881135</ele>
        <time>2026-09-25T16:19:42.415Z</time>
      </trkpt>
      <trkpt lat="49.138585" lon="10.696926">
        <ele>489.784751</ele>
        <time>2026-09-25T16:19:45.443Z</time>
      </trkpt>
      <trkpt lat="49.138510" lon="10.697046">
        <ele>489.700356</ele>
        <time>2026-09-25T16:19:48.421Z</time>
      </trkpt>
      <trkpt lat="49.138432" lon="10.697185">
        <ele>489.607231</ele>
        <time>2026-09-25T16:19:51.507Z</time>
      </trkpt>
      <trkpt lat="49.138348" lon="10.697329">
        <ele>489.509121</ele>
        <time>2026-09-25T16:19:54.403Z</time>
      </trkpt>
      <trkpt lat="49.138266" lon="10.697469">
        <ele>489.413564</ele>
        <time>2026-09-25T16:19:57.395Z</time>
      </trkpt>
      <trkpt lat="49.138184" lon="10.697608">
        <ele>489.318385</ele>
        <time>2026-09-25T16:20:00.422Z</time>
      </trkpt>
      <trkpt lat="49.138104" lon="10.697746">
        <ele>489.296804</ele>
        <time>2026-09-25T16:20:03.406Z</time>
      </trkpt>
      <trkpt lat="49.138019" lon="10.697902">
        <ele>489.741744</ele>
        <time>2026-09-25T16:20:06.428Z</time>
      </trkpt>
      <trkpt lat="49.137947" lon="10.698052">
        <ele>490.149480</ele>
        <time>2026-09-25T16:20:09.412Z</time>
      </trkpt>
      <trkpt lat="49.137882" lon="10.698211">
        <ele>490.560389</ele>
        <time>2026-09-25T16:20:12.425Z</time>
      </trkpt>
      <trkpt lat="49.137830" lon="10.698379">
        <ele>490.967714</ele>
        <time>2026-09-25T16:20:15.403Z</time>
      </trkpt>
      <trkpt lat="49.137778" lon="10.698551">
        <ele>491.382981</ele>
        <time>2026-09-25T16:20:18.408Z</time>
      </trkpt>
      <trkpt lat="49.137728" lon="10.698710">
        <ele>491.769619</ele>
        <time>2026-09-25T16:20:21.398Z</time>
      </trkpt>
      <trkpt lat="49.137732" lon="10.698866">
        <ele>492.111780</ele>
        <time>2026-09-25T16:20:24.414Z</time>
      </trkpt>
      <trkpt lat="49.137751" lon="10.699023">
        <ele>492.461708</ele>
        <time>2026-09-25T16:20:27.416Z</time>
      </trkpt>
      <trkpt lat="49.137770" lon="10.699180">
        <ele>492.811635</ele>
        <time>2026-09-25T16:20:30.396Z</time>
      </trkpt>
      <trkpt lat="49.137796" lon="10.699335">
        <ele>493.162330</ele>
        <time>2026-09-25T16:20:33.432Z</time>
      </trkpt>
      <trkpt lat="49.137813" lon="10.699505">
        <ele>493.539238</ele>
        <time>2026-09-25T16:20:36.437Z</time>
      </trkpt>
      <trkpt lat="49.137848" lon="10.699708">
        <ele>493.999334</ele>
        <time>2026-09-25T16:20:39.402Z</time>
      </trkpt>
      <trkpt lat="49.137860" lon="10.699895">
        <ele>494.411140</ele>
        <time>2026-09-25T16:20:42.411Z</time>
      </trkpt>
      <trkpt lat="49.137864" lon="10.700064">
        <ele>494.781772</ele>
        <time>2026-09-25T16:20:45.385Z</time>
      </trkpt>
      <trkpt lat="49.137864" lon="10.700261">
        <ele>495.213527</ele>
        <time>2026-09-25T16:20:48.410Z</time>
      </trkpt>
      <trkpt lat="49.137865" lon="10.700476">
        <ele>495.204020</ele>
        <time>2026-09-25T16:20:51.431Z</time>
      </trkpt>
      <trkpt lat="49.137863" lon="10.700636">
        <ele>495.154477</ele>
        <time>2026-09-25T16:20:54.420Z</time>
      </trkpt>
      <trkpt lat="49.137850" lon="10.700822">
        <ele>495.096567</ele>
        <time>2026-09-25T16:20:57.424Z</time>
      </trkpt>
      <trkpt lat="49.137848" lon="10.701023">
        <ele>495.034334</ele>
        <time>2026-09-25T16:21:00.438Z</time>
      </trkpt>
      <trkpt lat="49.137843" lon="10.701200">
        <ele>494.979487</ele>
        <time>2026-09-25T16:21:03.448Z</time>
      </trkpt>
      <trkpt lat="49.137862" lon="10.701360">
        <ele>494.929144</ele>
        <time>2026-09-25T16:21:06.444Z</time>
      </trkpt>
      <trkpt lat="49.137839" lon="10.701539">
        <ele>494.872670</ele>
        <time>2026-09-25T16:21:09.422Z</time>
      </trkpt>
      <trkpt lat="49.137825" lon="10.701708">
        <ele>494.819933</ele>
        <time>2026-09-25T16:21:12.398Z</time>
      </trkpt>
      <trkpt lat="49.137794" lon="10.701890">
        <ele>494.761710</ele>
        <time>2026-09-25T16:21:15.407Z</time>
      </trkpt>
      <trkpt lat="49.137756" lon="10.702074">
        <ele>494.701976</ele>
        <time>2026-09-25T16:21:18.416Z</time>
      </trkpt>
      <trkpt lat="49.137725" lon="10.702258">
        <ele>494.643155</ele>
        <time>2026-09-25T16:21:21.408Z</time>
      </trkpt>
      <trkpt lat="49.137682" lon="10.702431">
        <ele>494.585862</ele>
        <time>2026-09-25T16:21:24.404Z</time>
      </trkpt>
      <trkpt lat="49.137639" lon="10.702598">
        <ele>494.530301</ele>
        <time>2026-09-25T16:21:27.443Z</time>
      </trkpt>
      <trkpt lat="49.137591" lon="10.702757">
        <ele>494.476090</ele>
        <time>2026-09-25T16:21:30.407Z</time>
      </trkpt>
      <trkpt lat="49.137544" lon="10.702879">
        <ele>494.432259</ele>
        <time>2026-09-25T16:21:32.423Z</time>
      </trkpt>
      <trkpt lat="49.137486" lon="10.703053">
        <ele>494.286234</ele>
        <time>2026-09-25T16:21:35.404Z</time>
      </trkpt>
      <trkpt lat="49.137433" lon="10.703209">
        <ele>494.117151</ele>
        <time>2026-09-25T16:21:38.462Z</time>
      </trkpt>
      <trkpt lat="49.137391" lon="10.703354">
        <ele>493.964618</ele>
        <time>2026-09-25T16:21:41.409Z</time>
      </trkpt>
      <trkpt lat="49.137335" lon="10.703498">
        <ele>493.803481</ele>
        <time>2026-09-25T16:21:44.404Z</time>
      </trkpt>
      <trkpt lat="49.137269" lon="10.703650">
        <ele>493.628002</ele>
        <time>2026-09-25T16:21:47.409Z</time>
      </trkpt>
      <trkpt lat="49.137191" lon="10.703796">
        <ele>493.446690</ele>
        <time>2026-09-25T16:21:50.433Z</time>
      </trkpt>
      <trkpt lat="49.137111" lon="10.703949">
        <ele>493.258292</ele>
        <time>2026-09-25T16:21:53.439Z</time>
      </trkpt>
      <trkpt lat="49.137036" lon="10.704101">
        <ele>493.075163</ele>
        <time>2026-09-25T16:21:56.504Z</time>
      </trkpt>
      <trkpt lat="49.136951" lon="10.704243">
        <ele>492.890028</ele>
        <time>2026-09-25T16:21:59.409Z</time>
      </trkpt>
      <trkpt lat="49.136874" lon="10.704386">
        <ele>492.711880</ele>
        <time>2026-09-25T16:22:02.422Z</time>
      </trkpt>
      <trkpt lat="49.136787" lon="10.704521">
        <ele>492.529604</ele>
        <time>2026-09-25T16:22:05.439Z</time>
      </trkpt>
      <trkpt lat="49.136700" lon="10.704664">
        <ele>492.341769</ele>
        <time>2026-09-25T16:22:08.417Z</time>
      </trkpt>
      <trkpt lat="49.136617" lon="10.704808">
        <ele>492.157167</ele>
        <time>2026-09-25T16:22:11.413Z</time>
      </trkpt>
      <trkpt lat="49.136534" lon="10.704946">
        <ele>491.976855</ele>
        <time>2026-09-25T16:22:14.412Z</time>
      </trkpt>
      <trkpt lat="49.136462" lon="10.705093">
        <ele>491.800219</ele>
        <time>2026-09-25T16:22:17.413Z</time>
      </trkpt>
      <trkpt lat="49.136389" lon="10.705244">
        <ele>491.881877</ele>
        <time>2026-09-25T16:22:20.425Z</time>
      </trkpt>
      <trkpt lat="49.136309" lon="10.705420">
        <ele>492.040144</ele>
        <time>2026-09-25T16:22:23.419Z</time>
      </trkpt>
      <trkpt lat="49.136246" lon="10.705586">
        <ele>492.181869</ele>
        <time>2026-09-25T16:22:26.424Z</time>
      </trkpt>
      <trkpt lat="49.136188" lon="10.705746">
        <ele>492.316956</ele>
        <time>2026-09-25T16:22:29.413Z</time>
      </trkpt>
      <trkpt lat="49.136126" lon="10.705915">
        <ele>492.460046</ele>
        <time>2026-09-25T16:22:32.429Z</time>
      </trkpt>
      <trkpt lat="49.136061" lon="10.706077">
        <ele>492.600391</ele>
        <time>2026-09-25T16:22:35.415Z</time>
      </trkpt>
      <trkpt lat="49.136000" lon="10.706255">
        <ele>492.748788</ele>
        <time>2026-09-25T16:22:38.422Z</time>
      </trkpt>
      <trkpt lat="49.135944" lon="10.706429">
        <ele>492.891995</ele>
        <time>2026-09-25T16:22:41.444Z</time>
      </trkpt>
      <trkpt lat="49.135885" lon="10.706608">
        <ele>493.040017</ele>
        <time>2026-09-25T16:22:44.404Z</time>
      </trkpt>
      <trkpt lat="49.135833" lon="10.706771">
        <ele>493.173943</ele>
        <time>2026-09-25T16:22:47.422Z</time>
      </trkpt>
      <trkpt lat="49.135776" lon="10.706954">
        <ele>493.323625</ele>
        <time>2026-09-25T16:22:50.422Z</time>
      </trkpt>
      <trkpt lat="49.135738" lon="10.707079">
        <ele>493.425418</ele>
        <time>2026-09-25T16:22:52.407Z</time>
      </trkpt>
      <trkpt lat="49.135683" lon="10.707258">
        <ele>493.571465</ele>
        <time>2026-09-25T16:22:55.432Z</time>
      </trkpt>
      <trkpt lat="49.135625" lon="10.707438">
        <ele>493.719646</ele>
        <time>2026-09-25T16:22:58.432Z</time>
      </trkpt>
      <trkpt lat="49.135562" lon="10.707617">
        <ele>493.906025</ele>
        <time>2026-09-25T16:23:01.433Z</time>
      </trkpt>
      <trkpt lat="49.135505" lon="10.707791">
        <ele>494.122611</ele>
        <time>2026-09-25T16:23:04.436Z</time>
      </trkpt>
      <trkpt lat="49.135449" lon="10.707975">
        <ele>494.348482</ele>
        <time>2026-09-25T16:23:07.427Z</time>
      </trkpt>
      <trkpt lat="49.135397" lon="10.708154">
        <ele>494.566470</ele>
        <time>2026-09-25T16:23:10.425Z</time>
      </trkpt>
      <trkpt lat="49.135350" lon="10.708327">
        <ele>494.774965</ele>
        <time>2026-09-25T16:23:13.408Z</time>
      </trkpt>
      <trkpt lat="49.135309" lon="10.708493">
        <ele>494.972455</ele>
        <time>2026-09-25T16:23:16.415Z</time>
      </trkpt>
      <trkpt lat="49.135273" lon="10.708651">
        <ele>495.158672</ele>
        <time>2026-09-25T16:23:19.420Z</time>
      </trkpt>
      <trkpt lat="49.135230" lon="10.708825">
        <ele>495.365695</ele>
        <time>2026-09-25T16:23:22.425Z</time>
      </trkpt>
      <trkpt lat="49.135179" lon="10.709013">
        <ele>495.592219</ele>
        <time>2026-09-25T16:23:25.435Z</time>
      </trkpt>
      <trkpt lat="49.135124" lon="10.709198">
        <ele>495.818391</ele>
        <time>2026-09-25T16:23:28.422Z</time>
      </trkpt>
      <trkpt lat="49.135076" lon="10.709337">
        <ele>495.993330</ele>
        <time>2026-09-25T16:23:30.429Z</time>
      </trkpt>
      <trkpt lat="49.135021" lon="10.709513">
        <ele>496.210422</ele>
        <time>2026-09-25T16:23:33.427Z</time>
      </trkpt>
      <trkpt lat="49.134960" lon="10.709699">
        <ele>496.441999</ele>
        <time>2026-09-25T16:23:36.405Z</time>
      </trkpt>
      <trkpt lat="49.134917" lon="10.709827">
        <ele>496.602151</ele>
        <time>2026-09-25T16:23:38.413Z</time>
      </trkpt>
      <trkpt lat="49.134860" lon="10.710008">
        <ele>496.825733</ele>
        <time>2026-09-25T16:23:41.404Z</time>
      </trkpt>
      <trkpt lat="49.134800" lon="10.710192">
        <ele>496.905279</ele>
        <time>2026-09-25T16:23:44.456Z</time>
      </trkpt>
      <trkpt lat="49.134756" lon="10.710313">
        <ele>496.942326</ele>
        <time>2026-09-25T16:23:46.423Z</time>
      </trkpt>
      <trkpt lat="49.134713" lon="10.710440">
        <ele>496.980594</ele>
        <time>2026-09-25T16:23:48.424Z</time>
      </trkpt>
      <trkpt lat="49.134664" lon="10.710565">
        <ele>497.019591</ele>
        <time>2026-09-25T16:23:50.384Z</time>
      </trkpt>
      <trkpt lat="49.134619" lon="10.710686">
        <ele>497.056838</ele>
        <time>2026-09-25T16:23:52.406Z</time>
      </trkpt>
      <trkpt lat="49.134571" lon="10.710805">
        <ele>497.094249</ele>
        <time>2026-09-25T16:23:54.418Z</time>
      </trkpt>
      <trkpt lat="49.134501" lon="10.710979">
        <ele>497.148913</ele>
        <time>2026-09-25T16:23:57.431Z</time>
      </trkpt>
      <trkpt lat="49.134449" lon="10.711098">
        <ele>497.187209</ele>
        <time>2026-09-25T16:23:59.423Z</time>
      </trkpt>
      <trkpt lat="49.134397" lon="10.711217">
        <ele>497.225504</ele>
        <time>2026-09-25T16:24:01.432Z</time>
      </trkpt>
      <trkpt lat="49.134344" lon="10.711329">
        <ele>497.262495</ele>
        <time>2026-09-25T16:24:03.399Z</time>
      </trkpt>
      <trkpt lat="49.134271" lon="10.711497">
        <ele>497.316467</ele>
        <time>2026-09-25T16:24:06.422Z</time>
      </trkpt>
      <trkpt lat="49.134198" lon="10.711653">
        <ele>497.367794</ele>
        <time>2026-09-25T16:24:09.415Z</time>
      </trkpt>
      <trkpt lat="49.134124" lon="10.711818">
        <ele>497.421329</ele>
        <time>2026-09-25T16:24:12.416Z</time>
      </trkpt>
      <trkpt lat="49.134042" lon="10.711983">
        <ele>497.476779</ele>
        <time>2026-09-25T16:24:15.424Z</time>
      </trkpt>
      <trkpt lat="49.133988" lon="10.712125">
        <ele>497.520734</ele>
        <time>2026-09-25T16:24:18.422Z</time>
      </trkpt>
      <trkpt lat="49.133915" lon="10.712238">
        <ele>497.563231</ele>
        <time>2026-09-25T16:24:20.427Z</time>
      </trkpt>
      <trkpt lat="49.133828" lon="10.712395">
        <ele>497.550978</ele>
        <time>2026-09-25T16:24:23.409Z</time>
      </trkpt>
      <trkpt lat="49.133763" lon="10.712501">
        <ele>497.483395</ele>
        <time>2026-09-25T16:24:25.422Z</time>
      </trkpt>
      <trkpt lat="49.133701" lon="10.712613">
        <ele>497.415147</ele>
        <time>2026-09-25T16:24:27.424Z</time>
      </trkpt>
      <trkpt lat="49.133637" lon="10.712721">
        <ele>497.347362</ele>
        <time>2026-09-25T16:24:29.414Z</time>
      </trkpt>
      <trkpt lat="49.133563" lon="10.712848">
        <ele>497.268250</ele>
        <time>2026-09-25T16:24:31.427Z</time>
      </trkpt>
      <trkpt lat="49.133483" lon="10.712984">
        <ele>497.183173</ele>
        <time>2026-09-25T16:24:34.415Z</time>
      </trkpt>
      <trkpt lat="49.133394" lon="10.713135">
        <ele>497.088628</ele>
        <time>2026-09-25T16:24:37.420Z</time>
      </trkpt>
      <trkpt lat="49.133321" lon="10.713281">
        <ele>497.003148</ele>
        <time>2026-09-25T16:24:40.424Z</time>
      </trkpt>
      <trkpt lat="49.133231" lon="10.713423">
        <ele>496.911178</ele>
        <time>2026-09-25T16:24:43.428Z</time>
      </trkpt>
      <trkpt lat="49.133129" lon="10.713567">
        <ele>496.812451</ele>
        <time>2026-09-25T16:24:46.388Z</time>
      </trkpt>
      <trkpt lat="49.133054" lon="10.713684">
        <ele>496.736254</ele>
        <time>2026-09-25T16:24:48.417Z</time>
      </trkpt>
      <trkpt lat="49.132967" lon="10.713804">
        <ele>496.652931</ele>
        <time>2026-09-25T16:24:51.410Z</time>
      </trkpt>
      <trkpt lat="49.132892" lon="10.713912">
        <ele>496.579666</ele>
        <time>2026-09-25T16:24:54.434Z</time>
      </trkpt>
      <trkpt lat="49.132798" lon="10.714035">
        <ele>496.491683</ele>
        <time>2026-09-25T16:24:57.408Z</time>
      </trkpt>
      <trkpt lat="49.132731" lon="10.714130">
        <ele>496.426703</ele>
        <time>2026-09-25T16:24:59.420Z</time>
      </trkpt>
      <trkpt lat="49.132643" lon="10.714270">
        <ele>496.336389</ele>
        <time>2026-09-25T16:25:02.409Z</time>
      </trkpt>
      <trkpt lat="49.132573" lon="10.714361">
        <ele>496.234363</ele>
        <time>2026-09-25T16:25:04.437Z</time>
      </trkpt>
      <trkpt lat="49.132485" lon="10.714477">
        <ele>496.082583</ele>
        <time>2026-09-25T16:25:07.420Z</time>
      </trkpt>
      <trkpt lat="49.132411" lon="10.714560">
        <ele>495.962699</ele>
        <time>2026-09-25T16:25:10.419Z</time>
      </trkpt>
      <trkpt lat="49.132307" lon="10.714604">
        <ele>495.821758</ele>
        <time>2026-09-25T16:25:13.409Z</time>
      </trkpt>
      <trkpt lat="49.132185" lon="10.714649">
        <ele>495.657842</ele>
        <time>2026-09-25T16:25:16.423Z</time>
      </trkpt>
      <trkpt lat="49.132067" lon="10.714698">
        <ele>495.498137</ele>
        <time>2026-09-25T16:25:19.411Z</time>
      </trkpt>
      <trkpt lat="49.131939" lon="10.714758">
        <ele>495.323273</ele>
        <time>2026-09-25T16:25:22.443Z</time>
      </trkpt>
      <trkpt lat="49.131860" lon="10.714838">
        <ele>495.199498</ele>
        <time>2026-09-25T16:25:25.415Z</time>
      </trkpt>
      <trkpt lat="49.131782" lon="10.714975">
        <ele>495.044301</ele>
        <time>2026-09-25T16:25:28.382Z</time>
      </trkpt>
      <trkpt lat="49.131720" lon="10.715080">
        <ele>494.923433</ele>
        <time>2026-09-25T16:25:30.422Z</time>
      </trkpt>
      <trkpt lat="49.131645" lon="10.715227">
        <ele>494.764131</ele>
        <time>2026-09-25T16:25:33.416Z</time>
      </trkpt>
      <trkpt lat="49.131580" lon="10.715355">
        <ele>494.625665</ele>
        <time>2026-09-25T16:25:36.412Z</time>
      </trkpt>
      <trkpt lat="49.131507" lon="10.715475">
        <ele>494.485639</ele>
        <time>2026-09-25T16:25:39.413Z</time>
      </trkpt>
      <trkpt lat="49.131425" lon="10.715565">
        <ele>494.353783</ele>
        <time>2026-09-25T16:25:42.438Z</time>
      </trkpt>
      <trkpt lat="49.131344" lon="10.715626">
        <ele>494.235845</ele>
        <time>2026-09-25T16:25:45.401Z</time>
      </trkpt>
      <trkpt lat="49.131247" lon="10.715712">
        <ele>494.089380</ele>
        <time>2026-09-25T16:25:48.407Z</time>
      </trkpt>
      <trkpt lat="49.131140" lon="10.715813">
        <ele>493.933711</ele>
        <time>2026-09-25T16:25:52.439Z</time>
      </trkpt>
      <trkpt lat="49.131030" lon="10.715920">
        <ele>493.799436</ele>
        <time>2026-09-25T16:25:55.432Z</time>
      </trkpt>
      <trkpt lat="49.130915" lon="10.716022">
        <ele>493.662512</ele>
        <time>2026-09-25T16:25:58.430Z</time>
      </trkpt>
      <trkpt lat="49.130802" lon="10.716111">
        <ele>493.531603</ele>
        <time>2026-09-25T16:26:01.419Z</time>
      </trkpt>
      <trkpt lat="49.130679" lon="10.716201">
        <ele>493.391171</ele>
        <time>2026-09-25T16:26:04.463Z</time>
      </trkpt>
      <trkpt lat="49.130561" lon="10.716292">
        <ele>493.255062</ele>
        <time>2026-09-25T16:26:07.424Z</time>
      </trkpt>
      <trkpt lat="49.130441" lon="10.716373">
        <ele>493.119972</ele>
        <time>2026-09-25T16:26:10.419Z</time>
      </trkpt>
      <trkpt lat="49.130352" lon="10.716434">
        <ele>493.019526</ele>
        <time>2026-09-25T16:26:12.445Z</time>
      </trkpt>
      <trkpt lat="49.130269" lon="10.716502">
        <ele>492.922547</ele>
        <time>2026-09-25T16:26:14.463Z</time>
      </trkpt>
      <trkpt lat="49.130189" lon="10.716572">
        <ele>492.827617</ele>
        <time>2026-09-25T16:26:16.423Z</time>
      </trkpt>
      <trkpt lat="49.130106" lon="10.716639">
        <ele>492.730955</ele>
        <time>2026-09-25T16:26:18.443Z</time>
      </trkpt>
      <trkpt lat="49.130020" lon="10.716704">
        <ele>492.632155</ele>
        <time>2026-09-25T16:26:20.431Z</time>
      </trkpt>
      <trkpt lat="49.129938" lon="10.716767">
        <ele>492.537643</ele>
        <time>2026-09-25T16:26:22.424Z</time>
      </trkpt>
      <trkpt lat="49.129856" lon="10.716830">
        <ele>492.443130</ele>
        <time>2026-09-25T16:26:24.442Z</time>
      </trkpt>
      <trkpt lat="49.129762" lon="10.716901">
        <ele>492.335153</ele>
        <time>2026-09-25T16:26:26.423Z</time>
      </trkpt>
      <trkpt lat="49.129645" lon="10.716978">
        <ele>492.203972</ele>
        <time>2026-09-25T16:26:29.448Z</time>
      </trkpt>
      <trkpt lat="49.129561" lon="10.717036">
        <ele>492.109188</ele>
        <time>2026-09-25T16:26:31.485Z</time>
      </trkpt>
      <trkpt lat="49.129438" lon="10.717115">
        <ele>491.975998</ele>
        <time>2026-09-25T16:26:34.433Z</time>
      </trkpt>
      <trkpt lat="49.129351" lon="10.717173">
        <ele>491.881245</ele>
        <time>2026-09-25T16:26:36.428Z</time>
      </trkpt>
      <trkpt lat="49.129261" lon="10.717233">
        <ele>491.783224</ele>
        <time>2026-09-25T16:26:38.436Z</time>
      </trkpt>
      <trkpt lat="49.129179" lon="10.717290">
        <ele>491.693296</ele>
        <time>2026-09-25T16:26:40.433Z</time>
      </trkpt>
      <trkpt lat="49.129097" lon="10.717350">
        <ele>491.602539</ele>
        <time>2026-09-25T16:26:42.442Z</time>
      </trkpt>
      <trkpt lat="49.129014" lon="10.717409">
        <ele>491.511158</ele>
        <time>2026-09-25T16:26:44.432Z</time>
      </trkpt>
      <trkpt lat="49.128895" lon="10.717492">
        <ele>491.380577</ele>
        <time>2026-09-25T16:26:47.435Z</time>
      </trkpt>
      <trkpt lat="49.128809" lon="10.717549">
        <ele>491.287000</ele>
        <time>2026-09-25T16:26:49.421Z</time>
      </trkpt>
      <trkpt lat="49.128697" lon="10.717631">
        <ele>491.163025</ele>
        <time>2026-09-25T16:26:52.453Z</time>
      </trkpt>
      <trkpt lat="49.128575" lon="10.717714">
        <ele>491.029713</ele>
        <time>2026-09-25T16:26:55.422Z</time>
      </trkpt>
      <trkpt lat="49.128457" lon="10.717800">
        <ele>490.899208</ele>
        <time>2026-09-25T16:26:58.427Z</time>
      </trkpt>
      <trkpt lat="49.128375" lon="10.717863">
        <ele>490.807587</ele>
        <time>2026-09-25T16:27:00.449Z</time>
      </trkpt>
      <trkpt lat="49.128294" lon="10.717925">
        <ele>490.717152</ele>
        <time>2026-09-25T16:27:02.409Z</time>
      </trkpt>
      <trkpt lat="49.128211" lon="10.717980">
        <ele>490.626842</ele>
        <time>2026-09-25T16:27:04.442Z</time>
      </trkpt>
      <trkpt lat="49.128095" lon="10.718057">
        <ele>490.500591</ele>
        <time>2026-09-25T16:27:07.445Z</time>
      </trkpt>
      <trkpt lat="49.127975" lon="10.718147">
        <ele>490.367150</ele>
        <time>2026-09-25T16:27:10.397Z</time>
      </trkpt>
      <trkpt lat="49.127893" lon="10.718210">
        <ele>490.360410</ele>
        <time>2026-09-25T16:27:12.435Z</time>
      </trkpt>
      <trkpt lat="49.127780" lon="10.718301">
        <ele>490.487820</ele>
        <time>2026-09-25T16:27:15.439Z</time>
      </trkpt>
      <trkpt lat="49.127681" lon="10.718405">
        <ele>490.607655</ele>
        <time>2026-09-25T16:27:18.421Z</time>
      </trkpt>
      <trkpt lat="49.127625" lon="10.718520">
        <ele>490.701223</ele>
        <time>2026-09-25T16:27:21.431Z</time>
      </trkpt>
      <trkpt lat="49.127580" lon="10.718653">
        <ele>490.798955</ele>
        <time>2026-09-25T16:27:24.398Z</time>
      </trkpt>
      <trkpt lat="49.127537" lon="10.718786">
        <ele>490.895787</ele>
        <time>2026-09-25T16:27:27.422Z</time>
      </trkpt>
      <trkpt lat="49.127506" lon="10.718939">
        <ele>491.000334</ele>
        <time>2026-09-25T16:27:30.415Z</time>
      </trkpt>
      <trkpt lat="49.127466" lon="10.719107">
        <ele>491.117027</ele>
        <time>2026-09-25T16:27:34.418Z</time>
      </trkpt>
      <trkpt lat="49.127369" lon="10.719220">
        <ele>491.238692</ele>
        <time>2026-09-25T16:27:38.433Z</time>
      </trkpt>
      <trkpt lat="49.127264" lon="10.719285">
        <ele>491.351697</ele>
        <time>2026-09-25T16:27:42.415Z</time>
      </trkpt>
      <trkpt lat="49.127162" lon="10.719295">
        <ele>491.453650</ele>
        <time>2026-09-25T16:27:45.439Z</time>
      </trkpt>
      <trkpt lat="49.127047" lon="10.719301">
        <ele>491.568429</ele>
        <time>2026-09-25T16:27:48.406Z</time>
      </trkpt>
      <trkpt lat="49.126933" lon="10.719293">
        <ele>491.682264</ele>
        <time>2026-09-25T16:27:51.407Z</time>
      </trkpt>
      <trkpt lat="49.126823" lon="10.719307">
        <ele>491.792368</ele>
        <time>2026-09-25T16:27:54.415Z</time>
      </trkpt>
      <trkpt lat="49.126727" lon="10.719340">
        <ele>491.890520</ele>
        <time>2026-09-25T16:27:57.426Z</time>
      </trkpt>
      <trkpt lat="49.126622" lon="10.719382">
        <ele>491.998786</ele>
        <time>2026-09-25T16:28:00.414Z</time>
      </trkpt>
      <trkpt lat="49.126513" lon="10.719441">
        <ele>492.099811</ele>
        <time>2026-09-25T16:28:04.432Z</time>
      </trkpt>
      <trkpt lat="49.126411" lon="10.719501">
        <ele>491.431341</ele>
        <time>2026-09-25T16:28:08.413Z</time>
      </trkpt>
      <trkpt lat="49.126325" lon="10.719580">
        <ele>490.817632</ele>
        <time>2026-09-25T16:28:13.439Z</time>
      </trkpt>
      <trkpt lat="49.126126" lon="10.719828">
        <ele>489.247091</ele>
        <time>2026-09-25T16:29:13.413Z</time>
      </trkpt>
      <trkpt lat="49.126053" lon="10.719915">
        <ele>488.680883</ele>
        <time>2026-09-25T16:29:16.434Z</time>
      </trkpt>
      <trkpt lat="49.125972" lon="10.720008">
        <ele>488.061223</ele>
        <time>2026-09-25T16:29:19.431Z</time>
      </trkpt>
      <trkpt lat="49.125882" lon="10.720087">
        <ele>487.426420</ele>
        <time>2026-09-25T16:29:23.438Z</time>
      </trkpt>
      <trkpt lat="49.125818" lon="10.720188">
        <ele>486.863719</ele>
        <time>2026-09-25T16:29:27.440Z</time>
      </trkpt>
      <trkpt lat="49.125730" lon="10.720241">
        <ele>486.285203</ele>
        <time>2026-09-25T16:29:33.429Z</time>
      </trkpt>
      <trkpt lat="49.125640" lon="10.720268">
        <ele>485.724243</ele>
        <time>2026-09-25T16:29:39.415Z</time>
      </trkpt>
      <trkpt lat="49.125527" lon="10.720192">
        <ele>484.969139</ele>
        <time>2026-09-25T16:30:01.420Z</time>
      </trkpt>
      <trkpt lat="49.125552" lon="10.720009">
        <ele>484.220904</ele>
        <time>2026-09-25T16:30:05.426Z</time>
      </trkpt>
      <trkpt lat="49.125597" lon="10.719873">
        <ele>483.610949</ele>
        <time>2026-09-25T16:30:08.418Z</time>
      </trkpt>
      <trkpt lat="49.125646" lon="10.719726">
        <ele>482.950663</ele>
        <time>2026-09-25T16:30:12.437Z</time>
      </trkpt>
      <trkpt lat="49.125614" lon="10.719873">
        <ele>482.330608</ele>
        <time>2026-09-25T16:30:25.421Z</time>
      </trkpt>
      <trkpt lat="49.125573" lon="10.720032">
        <ele>481.646599</ele>
        <time>2026-09-25T16:30:28.408Z</time>
      </trkpt>
      <trkpt lat="49.125544" lon="10.720201">
        <ele>481.039494</ele>
        <time>2026-09-25T16:30:31.421Z</time>
      </trkpt>
      <trkpt lat="49.125516" lon="10.720349">
        <ele>480.769359</ele>
        <time>2026-09-25T16:30:34.410Z</time>
      </trkpt>
      <trkpt lat="49.125435" lon="10.720483">
        <ele>480.449501</ele>
        <time>2026-09-25T16:30:37.437Z</time>
      </trkpt>
      <trkpt lat="49.125367" lon="10.720578">
        <ele>480.202632</ele>
        <time>2026-09-25T16:30:40.426Z</time>
      </trkpt>
      <trkpt lat="49.125280" lon="10.720672">
        <ele>479.917138</ele>
        <time>2026-09-25T16:30:44.436Z</time>
      </trkpt>
      <trkpt lat="49.125198" lon="10.720731">
        <ele>479.674288</ele>
        <time>2026-09-25T16:30:48.445Z</time>
      </trkpt>
      <trkpt lat="49.125101" lon="10.720777">
        <ele>479.402156</ele>
        <time>2026-09-25T16:30:55.414Z</time>
      </trkpt>
      <trkpt lat="49.125009" lon="10.720842">
        <ele>479.130576</ele>
        <time>2026-09-25T16:30:59.416Z</time>
      </trkpt>
      <trkpt lat="49.124918" lon="10.720907">
        <ele>478.861425</ele>
        <time>2026-09-25T16:31:02.433Z</time>
      </trkpt>
      <trkpt lat="49.124809" lon="10.720957">
        <ele>478.556493</ele>
        <time>2026-09-25T16:31:05.410Z</time>
      </trkpt>
      <trkpt lat="49.124705" lon="10.721033">
        <ele>478.247607</ele>
        <time>2026-09-25T16:31:08.449Z</time>
      </trkpt>
      <trkpt lat="49.124610" lon="10.721098">
        <ele>477.968710</ele>
        <time>2026-09-25T16:31:11.422Z</time>
      </trkpt>
      <trkpt lat="49.124508" lon="10.721143">
        <ele>477.684246</ele>
        <time>2026-09-25T16:31:14.417Z</time>
      </trkpt>
      <trkpt lat="49.124395" lon="10.721206">
        <ele>477.361949</ele>
        <time>2026-09-25T16:31:17.415Z</time>
      </trkpt>
      <trkpt lat="49.124275" lon="10.721262">
        <ele>477.025758</ele>
        <time>2026-09-25T16:31:20.422Z</time>
      </trkpt>
      <trkpt lat="49.124152" lon="10.721305">
        <ele>476.687674</ele>
        <time>2026-09-25T16:31:23.432Z</time>
      </trkpt>
      <trkpt lat="49.124060" lon="10.721336">
        <ele>476.435245</ele>
        <time>2026-09-25T16:31:25.428Z</time>
      </trkpt>
      <trkpt lat="49.123972" lon="10.721368">
        <ele>476.211758</ele>
        <time>2026-09-25T16:31:27.419Z</time>
      </trkpt>
      <trkpt lat="49.123833" lon="10.721429">
        <ele>475.898071</ele>
        <time>2026-09-25T16:31:30.443Z</time>
      </trkpt>
      <trkpt lat="49.123747" lon="10.721500">
        <ele>475.686047</ele>
        <time>2026-09-25T16:31:33.434Z</time>
      </trkpt>
      <trkpt lat="49.123660" lon="10.721594">
        <ele>475.454930</ele>
        <time>2026-09-25T16:31:36.458Z</time>
      </trkpt>
      <trkpt lat="49.123547" lon="10.721643">
        <ele>475.200148</ele>
        <time>2026-09-25T16:31:40.471Z</time>
      </trkpt>
      <trkpt lat="49.123450" lon="10.721565">
        <ele>474.962394</ele>
        <time>2026-09-25T16:31:42.418Z</time>
      </trkpt>
      <trkpt lat="49.123364" lon="10.721472">
        <ele>474.733867</ele>
        <time>2026-09-25T16:31:44.428Z</time>
      </trkpt>
      <trkpt lat="49.123297" lon="10.721374">
        <ele>474.532691</ele>
        <time>2026-09-25T16:31:46.490Z</time>
      </trkpt>
      <trkpt lat="49.123231" lon="10.721269">
        <ele>474.326028</ele>
        <time>2026-09-25T16:31:48.436Z</time>
      </trkpt>
      <trkpt lat="49.123158" lon="10.721114">
        <ele>474.054951</ele>
        <time>2026-09-25T16:31:51.443Z</time>
      </trkpt>
      <trkpt lat="49.123087" lon="10.721002">
        <ele>473.833607</ele>
        <time>2026-09-25T16:31:54.412Z</time>
      </trkpt>
      <trkpt lat="49.122999" lon="10.720900">
        <ele>473.594027</ele>
        <time>2026-09-25T16:31:58.428Z</time>
      </trkpt>
      <trkpt lat="49.122895" lon="10.720945">
        <ele>473.359575</ele>
        <time>2026-09-25T16:32:26.435Z</time>
      </trkpt>
      <trkpt lat="49.122819" lon="10.721022">
        <ele>473.161781</ele>
        <time>2026-09-25T16:32:33.422Z</time>
      </trkpt>
      <trkpt lat="49.122903" lon="10.720935">
        <ele>472.941670</ele>
        <time>2026-09-25T16:35:26.415Z</time>
      </trkpt>
      <trkpt lat="49.122976" lon="10.720836">
        <ele>472.729960</ele>
        <time>2026-09-25T16:35:31.605Z</time>
      </trkpt>
      <trkpt lat="49.123051" lon="10.720724">
        <ele>472.502493</ele>
        <time>2026-09-25T16:35:35.430Z</time>
      </trkpt>
      <trkpt lat="49.123126" lon="10.720598">
        <ele>472.399245</ele>
        <time>2026-09-25T16:35:39.416Z</time>
      </trkpt>
      <trkpt lat="49.123204" lon="10.720520">
        <ele>472.412602</ele>
        <time>2026-09-25T16:35:42.452Z</time>
      </trkpt>
      <trkpt lat="49.123302" lon="10.720429">
        <ele>472.429032</ele>
        <time>2026-09-25T16:35:45.406Z</time>
      </trkpt>
      <trkpt lat="49.123396" lon="10.720366">
        <ele>472.443739</ele>
        <time>2026-09-25T16:35:48.402Z</time>
      </trkpt>
      <trkpt lat="49.123499" lon="10.720289">
        <ele>472.460169</ele>
        <time>2026-09-25T16:35:51.446Z</time>
      </trkpt>
      <trkpt lat="49.123605" lon="10.720201">
        <ele>472.477453</ele>
        <time>2026-09-25T16:35:54.435Z</time>
      </trkpt>
      <trkpt lat="49.123680" lon="10.720124">
        <ele>472.490399</ele>
        <time>2026-09-25T16:35:56.456Z</time>
      </trkpt>
      <trkpt lat="49.123753" lon="10.720042">
        <ele>472.503381</ele>
        <time>2026-09-25T16:35:58.433Z</time>
      </trkpt>
      <trkpt lat="49.123851" lon="10.719937">
        <ele>472.520530</ele>
        <time>2026-09-25T16:36:01.412Z</time>
      </trkpt>
      <trkpt lat="49.123944" lon="10.719835">
        <ele>472.536932</ele>
        <time>2026-09-25T16:36:04.436Z</time>
      </trkpt>
      <trkpt lat="49.124043" lon="10.719770">
        <ele>472.552370</ele>
        <time>2026-09-25T16:36:07.464Z</time>
      </trkpt>
      <trkpt lat="49.124164" lon="10.719715">
        <ele>472.570458</ele>
        <time>2026-09-25T16:36:10.390Z</time>
      </trkpt>
      <trkpt lat="49.124288" lon="10.719655">
        <ele>472.589094</ele>
        <time>2026-09-25T16:36:13.416Z</time>
      </trkpt>
      <trkpt lat="49.124405" lon="10.719606">
        <ele>472.606476</ele>
        <time>2026-09-25T16:36:16.423Z</time>
      </trkpt>
      <trkpt lat="49.124515" lon="10.719559">
        <ele>472.622841</ele>
        <time>2026-09-25T16:36:19.410Z</time>
      </trkpt>
      <trkpt lat="49.124608" lon="10.719523">
        <ele>472.636587</ele>
        <time>2026-09-25T16:36:22.431Z</time>
      </trkpt>
      <trkpt lat="49.124727" lon="10.719485">
        <ele>472.646026</ele>
        <time>2026-09-25T16:36:25.435Z</time>
      </trkpt>
      <trkpt lat="49.124851" lon="10.719438">
        <ele>472.638408</ele>
        <time>2026-09-25T16:36:28.428Z</time>
      </trkpt>
      <trkpt lat="49.124981" lon="10.719391">
        <ele>472.630443</ele>
        <time>2026-09-25T16:36:31.451Z</time>
      </trkpt>
      <trkpt lat="49.125110" lon="10.719345">
        <ele>472.622545</ele>
        <time>2026-09-25T16:36:34.405Z</time>
      </trkpt>
      <trkpt lat="49.125220" lon="10.719268">
        <ele>472.615331</ele>
        <time>2026-09-25T16:36:37.444Z</time>
      </trkpt>
      <trkpt lat="49.125286" lon="10.719126">
        <ele>472.608535</ele>
        <time>2026-09-25T16:36:40.392Z</time>
      </trkpt>
      <trkpt lat="49.125343" lon="10.718967">
        <ele>472.601461</ele>
        <time>2026-09-25T16:36:43.421Z</time>
      </trkpt>
      <trkpt lat="49.125402" lon="10.718800">
        <ele>472.594056</ele>
        <time>2026-09-25T16:36:46.441Z</time>
      </trkpt>
      <trkpt lat="49.125457" lon="10.718629">
        <ele>472.586621</ele>
        <time>2026-09-25T16:36:49.443Z</time>
      </trkpt>
      <trkpt lat="49.125522" lon="10.718460">
        <ele>472.578973</ele>
        <time>2026-09-25T16:36:52.411Z</time>
      </trkpt>
      <trkpt lat="49.125574" lon="10.718323">
        <ele>472.572793</ele>
        <time>2026-09-25T16:36:55.434Z</time>
      </trkpt>
      <trkpt lat="49.125621" lon="10.718195">
        <ele>472.567066</ele>
        <time>2026-09-25T16:36:59.403Z</time>
      </trkpt>
      <trkpt lat="49.125682" lon="10.718069">
        <ele>472.560951</ele>
        <time>2026-09-25T16:37:05.430Z</time>
      </trkpt>
      <trkpt lat="49.125698" lon="10.717924">
        <ele>472.555213</ele>
        <time>2026-09-25T16:37:09.416Z</time>
      </trkpt>
      <trkpt lat="49.125667" lon="10.717786">
        <ele>472.549520</ele>
        <time>2026-09-25T16:37:12.433Z</time>
      </trkpt>
      <trkpt lat="49.125645" lon="10.717643">
        <ele>472.543789</ele>
        <time>2026-09-25T16:37:15.434Z</time>
      </trkpt>
      <trkpt lat="49.125631" lon="10.717497">
        <ele>472.617854</ele>
        <time>2026-09-25T16:37:19.423Z</time>
      </trkpt>
      <trkpt lat="49.125649" lon="10.717353">
        <ele>472.759588</ele>
        <time>2026-09-25T16:37:23.415Z</time>
      </trkpt>
      <trkpt lat="49.125654" lon="10.717215">
        <ele>472.893208</ele>
        <time>2026-09-25T16:37:27.450Z</time>
      </trkpt>
      <trkpt lat="49.125647" lon="10.717048">
        <ele>473.054992</ele>
        <time>2026-09-25T16:37:31.396Z</time>
      </trkpt>
      <trkpt lat="49.125652" lon="10.716875">
        <ele>473.222408</ele>
        <time>2026-09-25T16:37:35.452Z</time>
      </trkpt>
      <trkpt lat="49.125599" lon="10.716743">
        <ele>473.372130</ele>
        <time>2026-09-25T16:37:40.408Z</time>
      </trkpt>
      <trkpt lat="49.125480" lon="10.716810">
        <ele>473.559488</ele>
        <time>2026-09-25T16:37:45.430Z</time>
      </trkpt>
      <trkpt lat="49.125388" lon="10.716828">
        <ele>473.696514</ele>
        <time>2026-09-25T16:37:56.430Z</time>
      </trkpt>
      <trkpt lat="49.125296" lon="10.716850">
        <ele>473.834085</ele>
        <time>2026-09-25T16:38:03.423Z</time>
      </trkpt>
      <trkpt lat="49.125214" lon="10.716915">
        <ele>473.970557</ele>
        <time>2026-09-25T16:38:07.426Z</time>
      </trkpt>
      <trkpt lat="49.125127" lon="10.716874">
        <ele>474.105060</ele>
        <time>2026-09-25T16:38:17.434Z</time>
      </trkpt>
      <trkpt lat="49.125218" lon="10.716935">
        <ele>474.251866</ele>
        <time>2026-09-25T16:38:30.406Z</time>
      </trkpt>
      <trkpt lat="49.125339" lon="10.716858">
        <ele>474.445507</ele>
        <time>2026-09-25T16:39:37.426Z</time>
      </trkpt>
      <trkpt lat="49.125456" lon="10.716729">
        <ele>474.658653</ele>
        <time>2026-09-25T16:41:14.409Z</time>
      </trkpt>
      <trkpt lat="49.125279" lon="10.716695">
        <ele>474.922202</ele>
        <time>2026-09-25T16:44:43.452Z</time>
      </trkpt>
      <trkpt lat="49.125321" lon="10.716830">
        <ele>475.066717</ele>
        <time>2026-09-25T16:46:43.446Z</time>
      </trkpt>
      <trkpt lat="49.125219" lon="10.716836">
        <ele>475.198359</ele>
        <time>2026-09-25T16:46:55.431Z</time>
      </trkpt>
      <trkpt lat="49.125103" lon="10.716904">
        <ele>475.198359</ele>
        <time>2026-09-25T16:47:00.438Z</time>
      </trkpt>
      <trkpt lat="49.125013" lon="10.716978">
        <ele>475.198359</ele>
        <time>2026-09-25T16:47:03.440Z</time>
      </trkpt>
      <trkpt lat="49.124914" lon="10.717039">
        <ele>475.198359</ele>
        <time>2026-09-25T16:47:07.412Z</time>
      </trkpt>
      <trkpt lat="49.124814" lon="10.717090">
        <ele>475.198359</ele>
        <time>2026-09-25T16:47:12.442Z</time>
      </trkpt>
      <trkpt lat="49.124728" lon="10.717163">
        <ele>475.198359</ele>
        <time>2026-09-25T16:47:16.395Z</time>
      </trkpt>
      <trkpt lat="49.124641" lon="10.717254">
        <ele>475.198359</ele>
        <time>2026-09-25T16:47:21.429Z</time>
      </trkpt>
      <trkpt lat="49.124564" lon="10.717358">
        <ele>475.198359</ele>
        <time>2026-09-25T16:47:26.410Z</time>
      </trkpt>
      <trkpt lat="49.124476" lon="10.717436">
        <ele>475.198359</ele>
        <time>2026-09-25T16:47:30.427Z</time>
      </trkpt>
      <trkpt lat="49.124384" lon="10.717497">
        <ele>475.198359</ele>
        <time>2026-09-25T16:47:40.429Z</time>
      </trkpt>
      <trkpt lat="49.124363" lon="10.717636">
        <ele>475.198359</ele>
        <time>2026-09-25T16:47:48.444Z</time>
      </trkpt>
      <trkpt lat="49.124375" lon="10.717778">
        <ele>475.198359</ele>
        <time>2026-09-25T16:47:57.406Z</time>
      </trkpt>
      <trkpt lat="49.124406" lon="10.717925">
        <ele>475.198359</ele>
        <time>2026-09-25T16:48:02.476Z</time>
      </trkpt>
      <trkpt lat="49.124551" lon="10.717998">
        <ele>475.198359</ele>
        <time>2026-09-25T16:49:43.422Z</time>
      </trkpt>
      <trkpt lat="49.124484" lon="10.718097">
        <ele>475.198359</ele>
        <time>2026-09-25T16:50:12.442Z</time>
      </trkpt>
      <trkpt lat="49.124571" lon="10.718027">
        <ele>475.198359</ele>
        <time>2026-09-25T16:50:23.412Z</time>
      </trkpt>
      <trkpt lat="49.124661" lon="10.718018">
        <ele>475.198359</ele>
        <time>2026-09-25T16:53:27.429Z</time>
      </trkpt>
      <trkpt lat="49.124722" lon="10.717910">
        <ele>475.198359</ele>
        <time>2026-09-25T16:56:22.444Z</time>
      </trkpt>
    </trkseg>
  </trk>
</gpx>